<DATE>	<TIME>	<OPEN>	<HIGH>	<LOW>	<CLOSE>	<TICKVOL>	<VOL>	<SPREAD>
2025.06.22	22:00:00	5919.99	5952.01	5912.84	5949.13	6080	0	59
2025.06.22	22:30:00	5949.26	5961.48	5949.26	5955.30	2144	0	58
2025.06.22	23:00:00	5955.12	5956.00	5947.27	5953.24	1823	0	58
2025.06.22	23:30:00	5953.26	5956.12	5950.03	5953.21	1331	0	57
2025.06.23	00:00:00	5953.06	5953.38	5943.31	5945.27	2516	0	55
2025.06.23	00:30:00	5945.11	5949.69	5943.31	5947.51	1267	0	56
2025.06.23	01:00:00	5947.52	5952.23	5944.77	5945.33	1407	0	55
2025.06.23	01:30:00	5945.08	5950.52	5944.30	5950.31	739	0	55
2025.06.23	02:00:00	5950.47	5953.76	5949.80	5953.02	758	0	55
2025.06.23	02:30:00	5953.01	5956.27	5952.27	5954.23	677	0	55
2025.06.23	03:00:00	5954.07	5955.76	5953.31	5954.27	442	0	54
2025.06.23	03:30:00	5954.27	5957.22	5954.27	5955.95	413	0	55
2025.06.23	04:00:00	5956.02	5957.71	5954.56	5956.08	424	0	55
2025.06.23	04:30:00	5956.23	5956.66	5954.56	5955.56	297	0	55
2025.06.23	05:00:00	5955.73	5965.98	5955.52	5961.56	971	0	55
2025.06.23	05:30:00	5961.72	5963.18	5959.28	5963.01	765	0	56
2025.06.23	06:00:00	5963.01	5966.71	5960.08	5962.51	1189	0	56
2025.06.23	06:30:00	5962.52	5969.45	5961.11	5964.97	1059	0	55
2025.06.23	07:00:00	5965.19	5978.70	5965.05	5975.17	2248	0	56
2025.06.23	07:30:00	5974.98	5983.84	5973.95	5982.23	1730	0	55
2025.06.23	08:00:00	5982.16	5993.33	5979.98	5986.45	2010	0	56
2025.06.23	08:30:00	5986.28	5988.71	5984.68	5987.09	1298	0	56
2025.06.23	09:00:00	5987.04	5992.11	5980.95	5985.35	1507	0	55
2025.06.23	09:30:00	5985.19	5987.21	5983.49	5983.49	716	0	54
2025.06.23	10:00:00	5983.51	5991.79	5978.67	5979.08	2103	0	54
2025.06.23	10:30:00	5979.03	5981.38	5974.67	5975.74	1273	0	56
2025.06.23	11:00:00	5975.93	5977.35	5961.23	5964.86	1775	0	55
2025.06.23	11:30:00	5965.06	5967.35	5956.69	5966.92	2109	0	56
2025.06.23	12:00:00	5966.98	5972.56	5965.19	5969.19	1584	0	56
2025.06.23	12:30:00	5969.32	5981.47	5968.67	5980.85	1290	0	55
2025.06.23	13:00:00	5980.70	5982.34	5973.18	5979.05	2389	0	55
2025.06.23	13:30:00	5979.39	5995.80	5964.69	5995.43	8448	0	54
2025.06.23	14:00:00	5995.59	6012.09	5995.59	6004.81	5193	0	55
2025.06.23	14:30:00	6005.04	6007.08	5993.42	5993.82	3824	0	57
2025.06.23	15:00:00	5994.07	6005.84	5992.70	5993.17	3104	0	57
2025.06.23	15:30:00	5992.96	5996.60	5986.45	5987.66	4327	0	56
2025.06.23	16:00:00	5987.83	5990.09	5970.47	5972.17	4589	0	56
2025.06.23	16:30:00	5971.91	5983.53	5947.41	5964.80	16684	0	54
2025.06.23	17:00:00	5965.04	6009.74	5960.88	6007.07	11490	0	54
2025.06.23	17:30:00	6007.24	6021.78	6007.24	6014.85	7287	0	55
2025.06.23	18:00:00	6015.06	6020.97	6012.96	6013.20	4058	0	56
2025.06.23	18:30:00	6013.34	6017.81	6009.42	6014.67	3272	0	56
2025.06.23	19:00:00	6014.46	6023.85	6013.68	6021.72	3216	0	56
2025.06.23	19:30:00	6021.49	6033.94	6018.12	6028.89	4164	0	57
2025.06.23	20:00:00	6029.01	6029.88	6024.71	6028.74	1220	0	58
2025.06.23	20:30:00	6028.60	6031.35	6028.02	6029.73	367	0	59
2025.06.23	22:00:00	6029.73	6058.33	6028.42	6053.52	3342	0	58
2025.06.23	22:30:00	6053.44	6055.85	6046.47	6054.36	1566	0	58
2025.06.23	23:00:00	6054.41	6065.64	6053.71	6062.23	1896	0	58
2025.06.23	23:30:00	6062.18	6065.11	6058.45	6061.65	1213	0	58
2025.06.24	00:00:00	6061.80	6063.32	6056.66	6060.16	1181	0	57
2025.06.24	00:30:00	6060.16	6064.11	6052.69	6060.16	1799	0	57
2025.06.24	01:00:00	6059.99	6065.64	6056.71	6062.62	1293	0	56
2025.06.24	01:30:00	6062.48	6068.49	6061.87	6067.54	797	0	56
2025.06.24	02:00:00	6067.40	6067.83	6056.93	6061.77	1319	0	58
2025.06.24	02:30:00	6061.70	6062.08	6057.17	6060.38	712	0	56
2025.06.24	03:00:00	6060.22	6063.61	6059.72	6063.11	376	0	56
2025.06.24	03:30:00	6063.35	6065.85	6062.46	6064.81	404	0	56
2025.06.24	04:00:00	6064.71	6065.42	6058.94	6063.33	653	0	57
2025.06.24	04:30:00	6063.20	6065.35	6062.72	6064.62	373	0	57
2025.06.24	05:00:00	6064.45	6066.91	6064.16	6066.66	461	0	56
2025.06.24	05:30:00	6066.52	6077.94	6066.18	6076.02	1013	0	56
2025.06.24	06:00:00	6076.19	6091.68	6076.02	6091.27	1797	0	58
2025.06.24	06:30:00	6091.39	6092.24	6085.00	6090.16	1471	0	57
2025.06.24	07:00:00	6090.02	6096.12	6081.64	6081.65	3007	0	56
2025.06.24	07:30:00	6081.78	6082.78	6066.38	6078.17	3917	0	58
2025.06.24	08:00:00	6077.97	6083.35	6071.96	6082.84	2986	0	57
2025.06.24	08:30:00	6082.79	6082.85	6074.97	6077.60	1252	0	57
2025.06.24	09:00:00	6077.54	6085.08	6077.17	6084.67	1068	0	56
2025.06.24	09:30:00	6084.73	6088.05	6078.70	6079.70	921	0	55
2025.06.24	10:00:00	6079.50	6082.09	6074.46	6075.93	1173	0	55
2025.06.24	10:30:00	6076.09	6078.55	6072.94	6074.77	1342	0	56
2025.06.24	11:00:00	6074.73	6078.29	6067.37	6077.36	1805	0	56
2025.06.24	11:30:00	6077.17	6079.78	6072.14	6076.37	1715	0	57
2025.06.24	12:00:00	6076.51	6078.55	6068.93	6071.64	1470	0	55
2025.06.24	12:30:00	6071.52	6075.26	6065.12	6070.89	2003	0	56
2025.06.24	13:00:00	6070.68	6077.50	6069.62	6070.07	1761	0	57
2025.06.24	13:30:00	6069.84	6081.80	6065.69	6068.21	6599	0	54
2025.06.24	14:00:00	6068.09	6077.32	6061.85	6073.82	4895	0	55
2025.06.24	14:30:00	6074.06	6081.59	6073.18	6077.55	2337	0	57
2025.06.24	15:00:00	6077.40	6086.60	6077.40	6085.84	2216	0	57
2025.06.24	15:30:00	6086.07	6090.08	6084.93	6086.10	1744	0	56
2025.06.24	16:00:00	6086.33	6094.59	6085.18	6093.59	1399	0	57
2025.06.24	16:30:00	6093.73	6100.60	6092.18	6095.18	1587	0	56
2025.06.24	17:00:00	6095.24	6098.36	6091.71	6092.18	1982	0	55
2025.06.24	17:30:00	6092.34	6102.86	6092.18	6100.88	1376	0	56
2025.06.24	18:00:00	6101.12	6103.65	6098.20	6098.84	1191	0	56
2025.06.24	18:30:00	6099.07	6102.10	6097.42	6101.85	1103	0	56
2025.06.24	19:00:00	6101.69	6105.60	6101.69	6103.95	1402	0	55
2025.06.24	19:30:00	6103.72	6107.10	6096.19	6096.34	2674	0	55
2025.06.24	20:00:00	6096.56	6097.59	6094.43	6095.59	778	0	60
2025.06.24	20:30:00	6095.43	6098.08	6095.41	6095.48	281	0	59
2025.06.24	22:00:00	6095.50	6095.50	6091.27	6094.91	826	0	58
2025.06.24	22:30:00	6094.94	6095.19	6091.96	6093.50	414	0	57
2025.06.24	23:00:00	6093.67	6096.88	6091.35	6093.92	394	0	57
2025.06.24	23:30:00	6093.75	6100.14	6093.00	6098.81	511	0	57
2025.06.25	00:00:00	6098.91	6101.43	6097.21	6100.92	976	0	56
2025.06.25	00:30:00	6100.75	6101.22	6096.80	6100.47	568	0	56
2025.06.25	01:00:00	6100.31	6100.31	6094.48	6094.48	532	0	56
2025.06.25	01:30:00	6094.27	6096.67	6093.46	6094.46	589	0	56
2025.06.25	02:00:00	6094.64	6094.94	6093.26	6094.27	350	0	55
2025.06.25	02:30:00	6094.43	6095.86	6094.22	6095.01	235	0	55
2025.06.25	03:00:00	6095.18	6098.94	6095.18	6098.27	319	0	55
2025.06.25	03:30:00	6098.42	6099.18	6095.76	6096.19	280	0	55
2025.06.25	04:00:00	6096.01	6098.98	6095.97	6098.98	221	0	54
2025.06.25	04:30:00	6098.97	6100.47	6098.54	6100.47	116	0	54
2025.06.25	05:00:00	6100.48	6102.47	6099.28	6101.77	303	0	55
2025.06.25	05:30:00	6101.74	6102.22	6100.74	6101.22	266	0	55
2025.06.25	06:00:00	6101.11	6102.22	6097.92	6099.71	539	0	56
2025.06.25	06:30:00	6099.88	6099.92	6097.46	6097.46	435	0	56
2025.06.25	07:00:00	6097.60	6100.49	6096.82	6100.25	906	0	55
2025.06.25	07:30:00	6100.47	6101.00	6095.05	6098.38	812	0	57
2025.06.25	08:00:00	6098.49	6100.25	6094.92	6096.36	967	0	56
2025.06.25	08:30:00	6096.11	6099.99	6093.42	6099.99	508	0	56
2025.06.25	09:00:00	6100.12	6103.74	6098.56	6099.33	579	0	57
2025.06.25	09:30:00	6099.10	6099.95	6096.08	6096.58	252	0	58
2025.06.25	10:00:00	6096.64	6097.50	6093.56	6096.68	389	0	58
2025.06.25	10:30:00	6096.56	6101.25	6095.82	6099.36	615	0	57
2025.06.25	11:00:00	6099.38	6100.01	6097.59	6099.59	483	0	56
2025.06.25	11:30:00	6099.74	6108.50	6099.58	6107.70	768	0	56
2025.06.25	12:00:00	6107.76	6108.74	6105.12	6107.49	643	0	56
2025.06.25	12:30:00	6107.35	6109.00	6104.58	6108.82	707	0	56
2025.06.25	13:00:00	6108.97	6109.49	6105.83	6106.85	708	0	56
2025.06.25	13:30:00	6106.51	6111.98	6101.60	6108.83	3989	0	56
2025.06.25	14:00:00	6109.10	6110.99	6100.32	6104.23	3563	0	56
2025.06.25	14:30:00	6104.46	6111.24	6102.57	6104.96	2830	0	56
2025.06.25	15:00:00	6104.92	6105.25	6096.11	6099.10	2733	0	56
2025.06.25	15:30:00	6099.24	6099.24	6092.09	6096.24	2416	0	56
2025.06.25	16:00:00	6096.01	6099.64	6094.98	6096.65	1631	0	57
2025.06.25	16:30:00	6096.87	6098.11	6091.47	6094.23	1517	0	57
2025.06.25	17:00:00	6094.37	6099.54	6090.62	6098.29	1642	0	56
2025.06.25	17:30:00	6098.13	6098.79	6083.14	6090.62	2987	0	57
2025.06.25	18:00:00	6090.77	6093.54	6088.04	6091.78	1801	0	58
2025.06.25	18:30:00	6092.02	6093.06	6088.65	6092.29	1316	0	57
2025.06.25	19:00:00	6092.13	6101.80	6092.12	6098.12	1673	0	57
2025.06.25	19:30:00	6097.91	6101.06	6091.87	6099.92	3182	0	56
2025.06.25	20:00:00	6100.08	6100.33	6096.16	6096.44	747	0	59
2025.06.25	20:30:00	6096.58	6098.38	6096.18	6098.38	297	0	57
2025.06.25	22:00:00	6097.62	6103.71	6096.27	6098.46	758	0	56
2025.06.25	22:30:00	6098.58	6100.68	6097.75	6099.92	390	0	56
2025.06.25	23:00:00	6099.75	6100.16	6094.49	6096.18	905	0	57
2025.06.25	23:30:00	6096.19	6100.89	6094.45	6099.75	708	0	57
2025.06.26	00:00:00	6099.92	6101.96	6097.97	6101.67	699	0	56
2025.06.26	00:30:00	6101.70	6102.72	6100.71	6101.97	407	0	56
2025.06.26	01:00:00	6101.77	6102.20	6098.54	6099.47	512	0	55
2025.06.26	01:30:00	6099.30	6100.22	6098.01	6099.51	365	0	56
2025.06.26	02:00:00	6099.68	6103.68	6099.47	6102.16	379	0	55
2025.06.26	02:30:00	6102.20	6102.91	6100.72	6102.47	275	0	56
2025.06.26	03:00:00	6102.47	6106.41	6102.47	6105.98	403	0	55
2025.06.26	03:30:00	6105.98	6108.16	6105.02	6105.81	297	0	55
2025.06.26	04:00:00	6105.92	6106.46	6104.31	6105.71	352	0	56
2025.06.26	04:30:00	6105.71	6108.65	6105.71	6107.95	226	0	56
2025.06.26	05:00:00	6107.96	6107.96	6106.06	6107.11	282	0	56
2025.06.26	05:30:00	6107.21	6109.92	6106.46	6109.44	418	0	56
2025.06.26	06:00:00	6109.30	6111.71	6108.83	6110.98	570	0	56
2025.06.26	06:30:00	6110.78	6116.43	6109.71	6113.76	647	0	55
2025.06.26	07:00:00	6113.92	6119.53	6112.90	6113.52	900	0	56
2025.06.26	07:30:00	6113.67	6115.31	6112.63	6113.41	591	0	56
2025.06.26	08:00:00	6113.55	6124.13	6113.12	6121.34	850	0	57
2025.06.26	08:30:00	6121.48	6122.68	6119.08	6119.25	505	0	57
2025.06.26	09:00:00	6119.09	6119.96	6117.07	6117.58	527	0	57
2025.06.26	09:30:00	6117.74	6117.76	6114.83	6115.89	650	0	56
2025.06.26	10:00:00	6115.98	6123.49	6114.36	6121.93	563	0	56
2025.06.26	10:30:00	6122.19	6123.23	6117.38	6117.63	593	0	56
2025.06.26	11:00:00	6117.80	6123.30	6117.38	6121.43	715	0	56
2025.06.26	11:30:00	6121.16	6123.05	6118.67	6122.80	496	0	56
2025.06.26	12:00:00	6123.02	6124.01	6119.63	6121.14	535	0	57
2025.06.26	12:30:00	6121.39	6122.60	6110.81	6119.22	2065	0	56
2025.06.26	13:00:00	6119.01	6121.34	6114.62	6118.67	1368	0	56
2025.06.26	13:30:00	6118.83	6123.10	6112.81	6120.44	5045	0	56
2025.06.26	14:00:00	6120.92	6129.33	6120.18	6128.85	3112	0	56
2025.06.26	14:30:00	6128.69	6135.32	6128.68	6133.32	2371	0	56
2025.06.26	15:00:00	6133.19	6138.35	6130.20	6130.44	1718	0	57
2025.06.26	15:30:00	6130.21	6136.32	6127.62	6134.93	1932	0	57
2025.06.26	16:00:00	6134.69	6141.09	6134.17	6138.59	1428	0	57
2025.06.26	16:30:00	6138.83	6140.97	6136.43	6138.07	1070	0	56
2025.06.26	17:00:00	6138.32	6142.57	6135.97	6141.61	1451	0	56
2025.06.26	17:30:00	6141.82	6145.86	6141.82	6142.60	1146	0	55
2025.06.26	18:00:00	6142.83	6151.35	6141.46	6147.20	1861	0	55
2025.06.26	18:30:00	6147.36	6149.10	6140.93	6144.48	1300	0	56
2025.06.26	19:00:00	6144.58	6147.75	6142.41	6146.09	1316	0	56
2025.06.26	19:30:00	6145.92	6153.34	6142.18	6149.56	2853	0	57
2025.06.26	20:00:00	6149.80	6150.06	6142.93	6146.83	1137	0	58
2025.06.26	20:30:00	6146.77	6149.85	6146.41	6149.34	300	0	57
2025.06.26	22:00:00	6151.17	6158.98	6149.10	6157.04	1130	0	59
2025.06.26	22:30:00	6157.04	6157.30	6154.80	6154.83	406	0	58
2025.06.26	23:00:00	6154.81	6156.27	6150.88	6152.82	580	0	57
2025.06.26	23:30:00	6152.81	6152.81	6149.10	6150.32	480	0	57
2025.06.27	00:00:00	6150.49	6153.57	6148.88	6153.31	1040	0	56
2025.06.27	00:30:00	6153.31	6153.52	6149.32	6149.37	562	0	56
2025.06.27	01:00:00	6149.33	6151.00	6148.64	6150.55	509	0	56
2025.06.27	01:30:00	6150.57	6153.77	6147.86	6151.97	585	0	56
2025.06.27	02:00:00	6151.88	6155.04	6150.86	6154.81	372	0	56
2025.06.27	02:30:00	6154.82	6155.97	6153.07	6155.61	286	0	56
2025.06.27	03:00:00	6155.77	6157.77	6155.61	6156.88	341	0	56
2025.06.27	03:30:00	6156.84	6158.03	6154.76	6155.48	316	0	56
2025.06.27	04:00:00	6155.50	6155.76	6153.76	6154.03	255	0	56
2025.06.27	04:30:00	6153.80	6155.43	6153.29	6153.29	120	0	56
2025.06.27	05:00:00	6153.04	6155.69	6153.04	6154.69	156	0	58
2025.06.27	05:30:00	6154.92	6159.53	6154.79	6158.13	365	0	58
2025.06.27	06:00:00	6158.27	6162.55	6157.30	6161.62	554	0	57
2025.06.27	06:30:00	6161.77	6167.56	6161.77	6164.85	852	0	57
2025.06.27	07:00:00	6164.62	6168.39	6162.47	6166.98	888	0	56
2025.06.27	07:30:00	6166.75	6166.90	6162.51	6164.01	715	0	57
2025.06.27	08:00:00	6164.14	6166.39	6161.99	6162.65	796	0	57
2025.06.27	08:30:00	6162.50	6166.14	6162.36	6165.59	403	0	58
2025.06.27	09:00:00	6165.76	6166.26	6161.77	6163.73	422	0	57
2025.06.27	09:30:00	6163.79	6164.36	6161.22	6164.15	349	0	58
2025.06.27	10:00:00	6164.26	6164.64	6161.01	6162.15	493	0	58
2025.06.27	10:30:00	6162.35	6163.65	6161.96	6163.49	304	0	58
2025.06.27	11:00:00	6163.26	6168.64	6163.00	6167.39	507	0	58
2025.06.27	11:30:00	6167.23	6172.60	6167.23	6172.12	441	0	58
2025.06.27	12:00:00	6172.26	6174.39	6166.76	6169.64	939	0	57
2025.06.27	12:30:00	6169.76	6169.99	6162.22	6163.27	1853	0	57
2025.06.27	13:00:00	6163.39	6163.85	6157.98	6157.99	1314	0	56
2025.06.27	13:30:00	6158.05	6175.11	6155.97	6172.16	3786	0	56
2025.06.27	14:00:00	6172.27	6183.64	6172.27	6177.34	3065	0	57
2025.06.27	14:30:00	6177.17	6183.82	6174.17	6176.42	2912	0	58
2025.06.27	15:00:00	6176.57	6182.11	6174.19	6181.60	1791	0	57
2025.06.27	15:30:00	6181.82	6189.64	6181.44	6187.73	1640	0	57
2025.06.27	16:00:00	6187.49	6192.39	6185.73	6191.89	1414	0	57
2025.06.27	16:30:00	6191.73	6192.65	6185.23	6188.40	1347	0	57
2025.06.27	17:00:00	6188.24	6188.39	6181.47	6182.64	1546	0	57
2025.06.27	17:30:00	6182.87	6184.61	6160.99	6170.24	5753	0	57
2025.06.27	18:00:00	6170.38	6172.40	6151.38	6151.63	4793	0	57
2025.06.27	18:30:00	6151.50	6154.03	6136.62	6140.39	7578	0	57
2025.06.27	19:00:00	6140.53	6155.99	6138.62	6152.74	3888	0	57
2025.06.27	19:30:00	6152.97	6179.70	6152.97	6176.28	5609	0	56
2025.06.27	20:00:00	6176.42	6176.42	6170.32	6171.33	1775	0	58
2025.06.27	20:30:00	6171.49	6174.96	6171.32	6174.06	483	0	58
2025.06.29	22:00:00	6180.33	6191.93	6180.00	6191.93	1385	0	58
2025.06.29	22:30:00	6191.74	6199.46	6191.26	6195.21	817	0	59
2025.06.29	23:00:00	6195.04	6200.71	6194.76	6198.46	756	0	58
2025.06.29	23:30:00	6198.69	6198.75	6193.30	6194.01	771	0	57
2025.06.30	00:00:00	6194.01	6195.74	6191.83	6195.03	1052	0	57
2025.06.30	00:30:00	6194.83	6197.97	6194.76	6196.34	577	0	57
2025.06.30	01:00:00	6196.11	6196.11	6193.26	6194.31	602	0	56
2025.06.30	01:30:00	6194.28	6197.00	6192.55	6194.75	686	0	56
2025.06.30	02:00:00	6194.57	6200.76	6194.01	6198.05	530	0	57
2025.06.30	02:30:00	6198.02	6204.51	6197.82	6202.01	508	0	57
2025.06.30	03:00:00	6202.02	6203.51	6200.85	6202.47	319	0	57
2025.06.30	03:30:00	6202.50	6204.93	6202.50	6203.65	271	0	56
2025.06.30	04:00:00	6203.51	6206.00	6203.47	6203.97	230	0	56
2025.06.30	04:30:00	6204.14	6205.47	6202.97	6203.46	186	0	56
2025.06.30	05:00:00	6203.32	6205.18	6202.46	6203.50	301	0	56
2025.06.30	05:30:00	6203.27	6207.45	6202.47	6206.46	413	0	56
2025.06.30	06:00:00	6206.47	6210.46	6206.26	6209.75	742	0	56
2025.06.30	06:30:00	6209.92	6210.17	6204.23	6205.96	464	0	57
2025.06.30	07:00:00	6206.13	6206.13	6199.32	6201.72	1080	0	59
2025.06.30	07:30:00	6201.96	6204.48	6200.08	6201.81	462	0	61
2025.06.30	08:00:00	6201.98	6206.23	6199.81	6202.81	731	0	60
2025.06.30	08:30:00	6202.58	6203.48	6200.82	6202.08	402	0	60
2025.06.30	09:00:00	6202.23	6206.48	6200.56	6206.48	365	0	60
2025.06.30	09:30:00	6206.31	6208.73	6201.56	6202.33	366	0	59
2025.06.30	10:00:00	6202.48	6206.98	6202.09	6206.57	351	0	59
2025.06.30	10:30:00	6206.73	6207.49	6204.82	6205.74	329	0	59
2025.06.30	11:00:00	6205.57	6208.73	6204.09	6208.06	359	0	59
2025.06.30	11:30:00	6207.83	6208.74	6204.58	6205.56	446	0	59
2025.06.30	12:00:00	6205.33	6205.73	6200.91	6202.08	578	0	60
2025.06.30	12:30:00	6201.92	6202.08	6196.65	6199.54	621	0	59
2025.06.30	13:00:00	6199.39	6205.07	6199.15	6202.58	693	0	60
2025.06.30	13:30:00	6202.42	6203.06	6189.42	6193.07	5291	0	58
2025.06.30	14:00:00	6192.91	6197.32	6188.15	6196.07	3879	0	58
2025.06.30	14:30:00	6196.31	6196.83	6185.93	6189.09	2932	0	57
2025.06.30	15:00:00	6189.33	6195.08	6186.19	6191.09	2341	0	58
2025.06.30	15:30:00	6191.32	6198.35	6190.19	6193.68	2141	0	57
2025.06.30	16:00:00	6193.85	6198.09	6189.95	6191.43	1982	0	57
2025.06.30	16:30:00	6191.19	6200.34	6190.92	6195.33	1634	0	57
2025.06.30	17:00:00	6195.58	6197.07	6190.92	6193.84	1761	0	57
2025.06.30	17:30:00	6193.68	6194.33	6178.90	6187.16	2931	0	57
2025.06.30	18:00:00	6186.92	6192.84	6184.94	6189.18	2778	0	57
2025.06.30	18:30:00	6188.95	6197.84	6181.67	6197.82	3353	0	57
2025.06.30	19:00:00	6198.07	6210.29	6197.44	6206.88	2882	0	56
2025.06.30	19:30:00	6206.64	6219.52	6201.37	6205.50	5638	0	57
2025.06.30	20:00:00	6205.75	6208.74	6198.37	6201.53	1473	0	60
2025.06.30	20:30:00	6201.36	6203.28	6199.31	6199.59	416	0	59
2025.06.30	22:00:00	6200.05	6204.35	6198.15	6203.14	616	0	59
2025.06.30	22:30:00	6203.32	6203.84	6197.88	6198.81	354	0	58
2025.06.30	23:00:00	6198.84	6200.83	6198.39	6198.57	402	0	59
2025.06.30	23:30:00	6198.39	6205.51	6196.89	6204.66	735	0	57
2025.07.01	00:00:00	6204.79	6210.07	6204.79	6208.90	837	0	57
2025.07.01	00:30:00	6208.87	6211.06	6207.86	6210.07	511	0	57
2025.07.01	01:00:00	6210.29	6211.54	6207.15	6207.85	593	0	57
2025.07.01	01:30:00	6207.86	6212.29	6207.86	6211.83	606	0	56
2025.07.01	02:00:00	6211.86	6211.86	6209.63	6209.86	393	0	56
2025.07.01	02:30:00	6209.87	6209.87	6203.11	6203.20	426	0	56
2025.07.01	03:00:00	6203.31	6205.07	6201.91	6202.87	365	0	56
2025.07.01	03:30:00	6202.72	6203.30	6201.38	6201.66	347	0	56
2025.07.01	04:00:00	6201.82	6203.11	6200.61	6201.32	387	0	56
2025.07.01	04:30:00	6201.15	6202.08	6198.18	6199.11	397	0	57
2025.07.01	05:00:00	6198.93	6199.82	6197.41	6198.57	477	0	57
2025.07.01	05:30:00	6198.40	6200.82	6196.40	6197.90	598	0	57
2025.07.01	06:00:00	6198.08	6199.29	6194.97	6197.07	783	0	57
2025.07.01	06:30:00	6196.91	6199.07	6194.94	6198.32	647	0	57
2025.07.01	07:00:00	6198.16	6204.69	6196.31	6196.95	1100	0	57
2025.07.01	07:30:00	6197.15	6199.81	6192.77	6198.17	875	0	58
2025.07.01	08:00:00	6198.34	6199.44	6193.06	6199.41	1267	0	58
2025.07.01	08:30:00	6199.37	6201.69	6195.03	6198.52	854	0	58
2025.07.01	09:00:00	6198.34	6199.19	6193.30	6195.01	550	0	59
2025.07.01	09:30:00	6194.81	6196.14	6191.02	6195.78	591	0	58
2025.07.01	10:00:00	6195.93	6197.67	6194.56	6194.56	358	0	59
2025.07.01	10:30:00	6194.68	6196.37	6193.04	6196.04	326	0	59
2025.07.01	11:00:00	6196.18	6197.94	6194.57	6196.62	428	0	59
2025.07.01	11:30:00	6196.89	6197.94	6192.25	6195.37	600	0	60
2025.07.01	12:00:00	6195.28	6196.80	6181.76	6185.42	1148	0	59
2025.07.01	12:30:00	6185.37	6191.19	6184.78	6188.77	1068	0	59
2025.07.01	13:00:00	6188.56	6192.94	6186.56	6189.75	1086	0	58
2025.07.01	13:30:00	6189.92	6203.94	6188.75	6199.16	4748	0	56
2025.07.01	14:00:00	6197.62	6207.65	6194.51	6198.02	4576	0	58
2025.07.01	14:30:00	6197.79	6202.94	6188.02	6191.62	4811	0	57
2025.07.01	15:00:00	6191.47	6201.89	6181.96	6199.72	6124	0	56
2025.07.01	15:30:00	6199.49	6201.88	6187.50	6196.37	4283	0	57
2025.07.01	16:00:00	6196.21	6207.91	6193.98	6200.23	4020	0	57
2025.07.01	16:30:00	6200.00	6208.36	6197.47	6197.73	3106	0	57
2025.07.01	17:00:00	6197.89	6209.64	6196.75	6207.97	2913	0	57
2025.07.01	17:30:00	6208.13	6215.85	6204.72	6213.13	2579	0	57
2025.07.01	18:00:00	6213.36	6214.41	6207.01	6207.94	2023	0	56
2025.07.01	18:30:00	6207.78	6212.92	6207.27	6207.53	1770	0	57
2025.07.01	19:00:00	6207.30	6211.44	6194.52	6211.25	5677	0	57
2025.07.01	19:30:00	6211.19	6215.22	6201.81	6203.07	4629	0	56
2025.07.01	20:00:00	6203.23	6204.22	6198.56	6201.48	962	0	60
2025.07.01	20:30:00	6201.70	6203.21	6201.00	6203.13	355	0	60
2025.07.01	22:00:00	6201.21	6206.70	6200.96	6203.97	687	0	59
2025.07.01	22:30:00	6203.96	6209.15	6203.96	6208.88	487	0	58
2025.07.01	23:00:00	6209.13	6210.16	6206.00	6207.25	411	0	58
2025.07.01	23:30:00	6207.22	6208.16	6205.75	6207.02	457	0	57
2025.07.02	00:00:00	6207.17	6209.96	6206.76	6208.47	693	0	57
2025.07.02	00:30:00	6208.46	6209.42	6207.46	6208.22	297	0	56
2025.07.02	01:00:00	6208.21	6208.95	6206.01	6206.95	457	0	56
2025.07.02	01:30:00	6206.97	6207.70	6202.53	6202.92	429	0	56
2025.07.02	02:00:00	6202.97	6207.71	6200.22	6207.69	555	0	56
2025.07.02	02:30:00	6207.71	6213.96	6207.22	6213.96	562	0	57
2025.07.02	03:00:00	6214.13	6216.19	6213.52	6214.00	385	0	57
2025.07.02	03:30:00	6213.97	6215.46	6213.28	6214.50	313	0	57
2025.07.02	04:00:00	6214.48	6221.67	6214.21	6220.96	432	0	57
2025.07.02	04:30:00	6220.96	6222.67	6220.21	6220.53	529	0	57
2025.07.02	05:00:00	6220.67	6220.67	6215.96	6216.01	459	0	56
2025.07.02	05:30:00	6216.17	6219.71	6215.48	6219.56	535	0	56
2025.07.02	06:00:00	6219.67	6222.90	6218.96	6220.90	853	0	56
2025.07.02	06:30:00	6220.97	6224.97	6220.71	6224.78	756	0	56
2025.07.02	07:00:00	6224.92	6225.41	6216.89	6217.15	1195	0	56
2025.07.02	07:30:00	6216.92	6219.74	6210.66	6212.54	905	0	57
2025.07.02	08:00:00	6212.72	6215.53	6208.86	6210.89	1253	0	56
2025.07.02	08:30:00	6210.67	6212.04	6207.53	6210.16	903	0	57
2025.07.02	09:00:00	6210.02	6212.06	6208.37	6211.80	682	0	56
2025.07.02	09:30:00	6211.74	6212.56	6208.87	6212.02	421	0	56
2025.07.02	10:00:00	6211.88	6212.51	6209.63	6209.90	361	0	57
2025.07.02	10:30:00	6209.76	6211.80	6207.25	6210.13	856	0	57
2025.07.02	11:00:00	6209.93	6212.54	6208.63	6212.30	482	0	58
2025.07.02	11:30:00	6212.14	6213.78	6201.30	6205.18	883	0	58
2025.07.02	12:00:00	6205.25	6208.46	6197.58	6202.07	2917	0	57
2025.07.02	12:30:00	6201.87	6202.84	6191.06	6195.20	2140	0	57
2025.07.02	13:00:00	6195.45	6201.60	6193.05	6200.43	1869	0	58
2025.07.02	13:30:00	6200.26	6203.93	6193.50	6200.70	4943	0	57
2025.07.02	14:00:00	6200.53	6214.91	6200.51	6213.68	2451	0	56
2025.07.02	14:30:00	6213.51	6219.41	6209.75	6215.19	3170	0	57
2025.07.02	15:00:00	6215.42	6219.04	6213.26	6215.86	2654	0	57
2025.07.02	15:30:00	6215.99	6222.49	6215.34	6220.43	1783	0	57
2025.07.02	16:00:00	6220.28	6220.94	6216.26	6219.02	1699	0	57
2025.07.02	16:30:00	6218.78	6223.70	6217.51	6223.44	1179	0	57
2025.07.02	17:00:00	6223.28	6224.41	6218.78	6222.27	1394	0	57
2025.07.02	17:30:00	6222.14	6224.69	6220.27	6221.78	1334	0	57
2025.07.02	18:00:00	6221.95	6224.46	6219.78	6223.53	1320	0	56
2025.07.02	18:30:00	6223.70	6227.18	6223.53	6226.03	1172	0	56
2025.07.02	19:00:00	6226.19	6229.45	6224.78	6225.30	1110	0	56
2025.07.02	19:30:00	6225.07	6231.93	6223.78	6230.77	2280	0	56
2025.07.02	20:00:00	6230.93	6231.20	6226.76	6228.02	709	0	58
2025.07.02	20:30:00	6227.81	6234.88	6227.81	6232.71	306	0	59
2025.07.02	22:00:00	6231.50	6234.10	6228.65	6229.16	544	0	58
2025.07.02	22:30:00	6229.16	6232.60	6228.95	6232.16	230	0	58
2025.07.02	23:00:00	6232.16	6233.14	6231.47	6232.42	237	0	57
2025.07.02	23:30:00	6232.61	6233.34	6231.97	6233.10	252	0	57
2025.07.03	00:00:00	6232.96	6235.12	6230.97	6231.91	544	0	56
2025.07.03	00:30:00	6231.91	6233.87	6231.22	6232.71	324	0	57
2025.07.03	01:00:00	6232.68	6235.16	6230.41	6233.90	450	0	56
2025.07.03	01:30:00	6233.91	6233.91	6231.67	6231.85	368	0	56
2025.07.03	02:00:00	6231.90	6231.92	6227.92	6228.17	359	0	55
2025.07.03	02:30:00	6228.00	6231.13	6226.04	6230.68	423	0	55
2025.07.03	03:00:00	6230.47	6237.71	6230.21	6236.45	524	0	56
2025.07.03	03:30:00	6236.62	6238.91	6234.41	6234.41	482	0	57
2025.07.03	04:00:00	6234.41	6237.61	6234.16	6237.61	332	0	56
2025.07.03	04:30:00	6237.46	6237.66	6234.41	6235.62	263	0	57
2025.07.03	05:00:00	6235.67	6236.40	6234.41	6235.63	309	0	56
2025.07.03	05:30:00	6235.65	6236.17	6232.47	6236.17	349	0	56
2025.07.03	06:00:00	6236.16	6237.37	6234.23	6235.92	598	0	57
2025.07.03	06:30:00	6236.07	6239.16	6235.47	6236.93	496	0	57
2025.07.03	07:00:00	6236.73	6240.22	6235.32	6238.63	634	0	57
2025.07.03	07:30:00	6238.75	6240.24	6235.59	6236.23	417	0	57
2025.07.03	08:00:00	6235.85	6237.48	6235.09	6236.25	499	0	58
2025.07.03	08:30:00	6236.45	6237.49	6230.07	6230.09	494	0	58
2025.07.03	09:00:00	6229.86	6235.74	6229.57	6235.25	607	0	58
2025.07.03	09:30:00	6235.10	6235.46	6230.82	6231.34	709	0	57
2025.07.03	10:00:00	6231.46	6232.26	6227.87	6229.55	498	0	57
2025.07.03	10:30:00	6229.72	6233.25	6229.56	6233.08	398	0	58
2025.07.03	11:00:00	6232.88	6235.69	6232.06	6235.32	509	0	58
2025.07.03	11:30:00	6235.38	6236.22	6232.46	6236.10	651	0	58
2025.07.03	12:00:00	6235.96	6240.26	6234.06	6236.20	816	0	58
2025.07.03	12:30:00	6236.33	6250.97	6236.07	6240.83	3663	0	58
2025.07.03	13:00:00	6240.68	6250.24	6240.44	6248.22	1060	0	59
2025.07.03	13:30:00	6248.35	6270.16	6248.33	6265.37	4640	0	57
2025.07.03	14:00:00	6265.47	6276.25	6265.35	6274.99	2726	0	57
2025.07.03	14:30:00	6275.22	6280.20	6272.85	6278.57	1809	0	57
2025.07.03	15:00:00	6278.72	6283.49	6277.34	6279.84	1615	0	57
2025.07.03	15:30:00	6279.61	6286.80	6279.32	6285.12	1267	0	57
2025.07.03	16:00:00	6284.90	6286.52	6281.37	6283.04	1127	0	56
2025.07.03	16:30:00	6282.88	6288.80	6274.63	6278.86	3120	0	57
2025.07.03	17:00:00	6278.64	6282.77	6275.89	6278.71	1176	0	59
2025.07.03	22:00:00	6276.61	6277.43	6269.79	6275.69	1261	0	60
2025.07.03	22:30:00	6275.56	6277.96	6274.34	6274.62	431	0	60
2025.07.03	23:00:00	6274.36	6275.55	6272.29	6273.25	337	0	60
2025.07.03	23:30:00	6273.09	6274.17	6271.05	6271.55	257	0	60
2025.07.04	00:00:00	6271.55	6271.55	6268.01	6268.94	593	0	58
2025.07.04	00:30:00	6269.35	6269.86	6267.96	6268.21	408	0	58
2025.07.04	01:00:00	6268.20	6274.75	6268.20	6273.30	397	0	58
2025.07.04	01:30:00	6273.27	6274.76	6271.02	6271.26	391	0	57
2025.07.04	02:00:00	6271.26	6271.72	6264.05	6267.76	549	0	57
2025.07.04	02:30:00	6267.76	6268.25	6266.03	6267.47	331	0	57
2025.07.04	03:00:00	6267.30	6268.02	6264.80	6267.00	307	0	57
2025.07.04	03:30:00	6267.01	6267.02	6264.52	6264.97	312	0	57
2025.07.04	04:00:00	6264.80	6266.00	6261.80	6262.51	397	0	57
2025.07.04	04:30:00	6262.51	6263.76	6260.81	6263.01	415	0	58
2025.07.04	05:00:00	6263.01	6263.97	6261.56	6263.03	416	0	57
2025.07.04	05:30:00	6263.19	6265.26	6260.34	6264.80	388	0	57
2025.07.04	06:00:00	6264.97	6265.01	6259.78	6262.06	855	0	57
2025.07.04	06:30:00	6262.21	6263.50	6258.76	6259.02	521	0	58
2025.07.04	07:00:00	6259.01	6261.84	6248.28	6252.00	1302	0	57
2025.07.04	07:30:00	6252.06	6254.53	6246.68	6247.27	868	0	58
2025.07.04	08:00:00	6247.05	6251.79	6242.03	6251.15	1080	0	59
2025.07.04	08:30:00	6251.05	6251.31	6242.16	6243.09	1119	0	56
2025.07.04	09:00:00	6242.94	6246.33	6240.66	6242.81	1123	0	56
2025.07.04	09:30:00	6242.67	6246.83	6240.17	6245.78	1068	0	58
2025.07.04	10:00:00	6245.69	6247.34	6242.68	6243.30	640	0	58
2025.07.04	10:30:00	6243.17	6246.54	6233.12	6238.17	1278	0	58
2025.07.04	11:00:00	6238.02	6244.53	6236.66	6241.32	1139	0	59
2025.07.04	11:30:00	6241.47	6242.74	6238.67	6241.69	712	0	58
2025.07.04	12:00:00	6241.74	6243.83	6238.28	6240.93	801	0	58
2025.07.04	12:30:00	6240.88	6242.44	6239.08	6240.86	575	0	58
2025.07.04	13:00:00	6240.92	6241.87	6238.77	6240.75	694	0	57
2025.07.04	13:30:00	6240.32	6244.41	6235.51	6243.47	1639	0	61
2025.07.04	14:00:00	6243.24	6245.17	6240.49	6245.17	816	0	62
2025.07.04	14:30:00	6245.40	6248.44	6245.25	6246.27	540	0	59
2025.07.04	15:00:00	6246.44	6247.92	6241.27	6243.43	696	0	58
2025.07.04	15:30:00	6243.27	6246.17	6243.27	6245.44	451	0	59
2025.07.04	16:00:00	6245.27	6245.93	6241.79	6245.50	369	0	59
2025.07.04	16:30:00	6245.27	6245.67	6239.00	6240.54	744	0	60
2025.07.06	22:00:00	6261.63	6273.15	6254.24	6261.49	2470	0	60
2025.07.06	22:30:00	6261.65	6263.14	6259.47	6260.00	769	0	59
2025.07.06	23:00:00	6259.78	6264.95	6257.75	6262.44	755	0	58
2025.07.06	23:30:00	6262.46	6263.96	6258.77	6260.49	807	0	58
2025.07.07	00:00:00	6260.63	6264.93	6258.99	6261.53	721	0	57
2025.07.07	00:30:00	6261.48	6263.42	6258.95	6260.71	575	0	57
2025.07.07	01:00:00	6260.71	6260.71	6250.52	6258.96	1298	0	57
2025.07.07	01:30:00	6258.93	6260.12	6254.66	6256.20	737	0	58
2025.07.07	02:00:00	6256.53	6260.41	6255.97	6259.86	666	0	58
2025.07.07	02:30:00	6260.09	6260.15	6255.47	6256.97	716	0	58
2025.07.07	03:00:00	6256.92	6257.15	6253.15	6256.14	594	0	58
2025.07.07	03:30:00	6256.34	6261.36	6255.48	6260.66	381	0	58
2025.07.07	04:00:00	6260.66	6264.85	6259.65	6260.14	398	0	58
2025.07.07	04:30:00	6259.97	6260.34	6255.70	6256.40	452	0	58
2025.07.07	05:00:00	6256.41	6257.30	6253.66	6254.37	467	0	58
2025.07.07	05:30:00	6254.21	6257.12	6254.00	6255.86	463	0	58
2025.07.07	06:00:00	6255.70	6256.15	6249.91	6252.11	802	0	58
2025.07.07	06:30:00	6252.14	6254.61	6250.46	6252.85	795	0	59
2025.07.07	07:00:00	6253.00	6255.40	6251.21	6251.39	1231	0	58
2025.07.07	07:30:00	6251.23	6255.90	6250.22	6255.87	777	0	58
2025.07.07	08:00:00	6255.73	6256.64	6250.47	6253.97	1315	0	57
2025.07.07	08:30:00	6253.76	6256.40	6251.72	6252.22	753	0	58
2025.07.07	09:00:00	6252.37	6254.38	6251.20	6253.47	568	0	58
2025.07.07	09:30:00	6253.54	6264.87	6253.22	6264.87	685	0	58
2025.07.07	10:00:00	6264.70	6269.35	6263.46	6266.64	879	0	58
2025.07.07	10:30:00	6266.48	6267.87	6263.25	6263.39	527	0	58
2025.07.07	11:00:00	6263.60	6266.85	6262.96	6266.71	545	0	58
2025.07.07	11:30:00	6266.77	6269.59	6263.70	6268.99	514	0	59
2025.07.07	12:00:00	6268.55	6273.13	6266.24	6269.35	752	0	60
2025.07.07	12:30:00	6269.22	6271.32	6259.51	6260.65	762	0	61
2025.07.07	13:00:00	6260.71	6262.07	6257.15	6259.58	1468	0	58
2025.07.07	13:30:00	6259.71	6266.72	6255.41	6263.17	5687	0	56
2025.07.07	14:00:00	6262.94	6264.60	6251.68	6256.92	3715	0	57
2025.07.07	14:30:00	6257.08	6257.56	6245.94	6247.93	3063	0	57
2025.07.07	15:00:00	6247.70	6250.33	6241.93	6246.92	2889	0	58
2025.07.07	15:30:00	6247.08	6248.59	6237.94	6243.68	2362	0	57
2025.07.07	16:00:00	6243.84	6249.10	6218.43	6231.92	7956	0	57
2025.07.07	16:30:00	6231.91	6238.59	6220.67	6224.07	6118	0	58
2025.07.07	17:00:00	6223.92	6236.34	6221.90	6227.84	3538	0	57
2025.07.07	17:30:00	6227.67	6240.24	6221.46	6226.28	5209	0	58
2025.07.07	18:00:00	6226.19	6229.59	6204.50	6205.19	6085	0	57
2025.07.07	18:30:00	6205.32	6228.40	6204.42	6227.97	3341	0	57
2025.07.07	19:00:00	6227.75	6230.13	6220.00	6220.89	2956	0	58
2025.07.07	19:30:00	6221.12	6236.11	6219.97	6234.22	4063	0	58
2025.07.07	20:00:00	6233.98	6234.37	6225.23	6226.25	950	0	60
2025.07.07	20:30:00	6226.00	6226.38	6216.71	6221.52	724	0	59
2025.07.07	22:00:00	6222.76	6225.42	6213.60	6215.57	1002	0	59
2025.07.07	22:30:00	6215.71	6223.44	6215.30	6221.33	790	0	59
2025.07.07	23:00:00	6221.08	6226.71	6220.05	6225.35	661	0	59
2025.07.07	23:30:00	6225.29	6228.17	6224.80	6227.25	588	0	58
2025.07.08	00:00:00	6227.41	6228.18	6222.57	6227.99	930	0	57
2025.07.08	00:30:00	6228.19	6234.72	6227.00	6232.78	797	0	57
2025.07.08	01:00:00	6232.58	6235.97	6230.55	6235.30	852	0	57
2025.07.08	01:30:00	6235.47	6236.26	6229.51	6231.03	686	0	56
2025.07.08	02:00:00	6231.20	6235.92	6229.49	6235.92	319	0	57
2025.07.08	02:30:00	6235.76	6238.71	6234.51	6238.31	264	0	61
2025.07.08	03:00:00	6238.47	6238.71	6234.33	6237.21	246	0	61
2025.07.08	03:30:00	6237.05	6237.47	6233.82	6234.97	235	0	61
2025.07.08	04:00:00	6234.80	6237.45	6234.32	6236.23	214	0	62
2025.07.08	04:30:00	6236.46	6238.46	6234.80	6235.07	274	0	62
2025.07.08	05:00:00	6235.22	6237.96	6234.07	6237.55	273	0	62
2025.07.08	05:30:00	6237.72	6240.73	6234.80	6240.49	394	0	61
2025.07.08	06:00:00	6240.49	6242.76	6237.09	6239.47	729	0	58
2025.07.08	06:30:00	6239.69	6243.21	6239.26	6242.22	580	0	58
2025.07.08	07:00:00	6242.06	6242.70	6236.69	6241.85	1070	0	58
2025.07.08	07:30:00	6241.69	6248.09	6239.42	6245.92	799	0	57
2025.07.08	08:00:00	6245.98	6246.09	6240.66	6242.41	914	0	57
2025.07.08	08:30:00	6242.48	6243.35	6238.68	6242.05	564	0	58
2025.07.08	09:00:00	6241.95	6243.83	6238.46	6241.50	596	0	59
2025.07.08	09:30:00	6241.25	6242.07	6235.80	6237.04	604	0	58
2025.07.08	10:00:00	6237.11	6238.34	6232.74	6236.91	694	0	58
2025.07.08	10:30:00	6236.62	6244.83	6235.68	6242.16	674	0	58
2025.07.08	11:00:00	6242.23	6244.59	6240.16	6244.03	421	0	59
2025.07.08	11:30:00	6243.89	6245.57	6240.92	6241.34	487	0	58
2025.07.08	12:00:00	6241.17	6243.09	6237.16	6241.34	743	0	58
2025.07.08	12:30:00	6241.57	6241.57	6235.93	6241.26	793	0	58
2025.07.08	13:00:00	6241.31	6243.31	6238.93	6239.67	726	0	59
2025.07.08	13:30:00	6239.83	6243.08	6231.92	6233.04	4250	0	58
2025.07.08	14:00:00	6233.03	6235.83	6222.96	6226.28	4494	0	58
2025.07.08	14:30:00	6226.12	6241.59	6221.41	6230.84	5380	0	57
2025.07.08	15:00:00	6230.68	6237.59	6223.66	6226.17	3790	0	57
2025.07.08	15:30:00	6226.33	6238.81	6226.17	6237.17	2534	0	58
2025.07.08	16:00:00	6237.23	6247.81	6231.67	6245.34	2481	0	58
2025.07.08	16:30:00	6245.47	6246.77	6230.62	6234.43	4659	0	58
2025.07.08	17:00:00	6234.57	6235.82	6224.66	6234.59	3979	0	58
2025.07.08	17:30:00	6234.83	6240.18	6228.70	6238.77	2258	0	58
2025.07.08	18:00:00	6238.54	6240.19	6233.27	6233.76	2016	0	58
2025.07.08	18:30:00	6233.93	6236.45	6230.26	6232.43	1928	0	57
2025.07.08	19:00:00	6232.27	6233.69	6228.03	6232.19	1962	0	58
2025.07.08	19:30:00	6232.12	6234.99	6227.27	6230.26	2664	0	57
2025.07.08	20:00:00	6230.03	6233.69	6228.76	6232.54	633	0	60
2025.07.08	20:30:00	6232.30	6232.93	6231.26	6231.46	171	0	60
2025.07.08	22:00:00	6233.41	6236.04	6232.43	6233.07	412	0	59
2025.07.08	22:30:00	6233.05	6233.74	6231.31	6233.54	302	0	58
2025.07.08	23:00:00	6233.74	6236.74	6230.84	6232.52	419	0	58
2025.07.08	23:30:00	6232.54	6233.01	6229.35	6230.50	507	0	58
2025.07.09	00:00:00	6230.55	6230.55	6223.59	6224.56	655	0	58
2025.07.09	00:30:00	6224.56	6227.03	6222.66	6225.29	495	0	57
2025.07.09	01:00:00	6225.12	6229.05	6224.56	6224.80	596	0	57
2025.07.09	01:30:00	6225.00	6229.31	6220.13	6228.77	756	0	57
2025.07.09	02:00:00	6228.80	6231.05	6227.81	6228.57	473	0	57
2025.07.09	02:30:00	6228.41	6228.75	6226.85	6227.32	360	0	57
2025.07.09	03:00:00	6227.31	6228.53	6224.61	6227.82	428	0	56
2025.07.09	03:30:00	6227.69	6227.69	6224.63	6225.36	367	0	57
2025.07.09	04:00:00	6225.33	6226.05	6224.57	6225.30	302	0	56
2025.07.09	04:30:00	6225.12	6230.06	6224.88	6228.73	342	0	56
2025.07.09	05:00:00	6228.60	6229.29	6223.86	6224.29	408	0	57
2025.07.09	05:30:00	6224.49	6227.81	6224.14	6226.07	472	0	57
2025.07.09	06:00:00	6226.06	6226.27	6220.81	6225.81	857	0	57
2025.07.09	06:30:00	6225.81	6232.01	6224.10	6231.30	693	0	57
2025.07.09	07:00:00	6231.13	6232.75	6226.50	6229.73	935	0	56
2025.07.09	07:30:00	6229.78	6234.39	6228.46	6232.23	609	0	58
2025.07.09	08:00:00	6232.03	6234.36	6229.72	6232.79	835	0	58
2025.07.09	08:30:00	6233.11	6234.60	6231.26	6232.14	365	0	58
2025.07.09	09:00:00	6232.26	6243.10	6232.22	6242.59	811	0	58
2025.07.09	09:30:00	6242.59	6243.90	6240.21	6240.65	653	0	57
2025.07.09	10:00:00	6240.85	6242.14	6237.21	6240.39	556	0	57
2025.07.09	10:30:00	6240.50	6242.64	6238.97	6240.72	662	0	58
2025.07.09	11:00:00	6240.78	6244.84	6239.72	6243.87	503	0	58
2025.07.09	11:30:00	6244.10	6246.88	6242.96	6244.72	623	0	59
2025.07.09	12:00:00	6244.49	6248.63	6242.84	6247.33	560	0	59
2025.07.09	12:30:00	6247.22	6250.61	6245.43	6247.10	849	0	59
2025.07.09	13:00:00	6246.98	6256.14	6245.48	6255.46	771	0	59
2025.07.09	13:30:00	6255.63	6275.70	6254.23	6270.78	4430	0	57
2025.07.09	14:00:00	6270.54	6273.45	6259.52	6261.69	3323	0	57
2025.07.09	14:30:00	6261.92	6261.92	6237.21	6241.71	7379	0	58
2025.07.09	15:00:00	6241.49	6250.33	6236.46	6248.22	4087	0	57
2025.07.09	15:30:00	6248.38	6252.86	6240.46	6246.72	2971	0	58
2025.07.09	16:00:00	6246.49	6251.61	6242.73	6245.38	2527	0	58
2025.07.09	16:30:00	6245.23	6251.14	6244.72	6247.74	1537	0	58
2025.07.09	17:00:00	6247.61	6254.36	6243.81	6250.72	2159	0	58
2025.07.09	17:30:00	6250.79	6255.42	6248.20	6251.99	2562	0	57
2025.07.09	18:00:00	6251.78	6260.89	6251.49	6256.32	2322	0	57
2025.07.09	18:30:00	6256.38	6263.39	6255.71	6261.73	1525	0	58
2025.07.09	19:00:00	6261.78	6265.39	6258.72	6263.47	1485	0	57
2025.07.09	19:30:00	6263.26	6269.63	6261.51	6267.48	2415	0	57
2025.07.09	20:00:00	6267.23	6270.33	6263.29	6265.00	796	0	60
2025.07.09	20:30:00	6264.79	6267.40	6264.26	6266.95	224	0	60
2025.07.09	22:00:00	6265.38	6272.47	6264.00	6270.08	606	0	59
2025.07.09	22:30:00	6270.03	6271.98	6269.76	6270.28	392	0	57
2025.07.09	23:00:00	6270.08	6270.71	6266.55	6266.77	332	0	57
2025.07.09	23:30:00	6266.76	6266.97	6263.51	6264.33	450	0	57
2025.07.10	00:00:00	6264.13	6264.27	6258.36	6258.85	733	0	57
2025.07.10	00:30:00	6258.63	6261.04	6256.86	6257.37	730	0	57
2025.07.10	01:00:00	6257.51	6258.81	6255.05	6255.56	752	0	57
2025.07.10	01:30:00	6255.56	6257.56	6253.07	6253.49	684	0	57
2025.07.10	02:00:00	6253.36	6259.51	6253.36	6258.87	499	0	56
2025.07.10	02:30:00	6259.03	6260.26	6258.58	6259.03	309	0	56
2025.07.10	03:00:00	6258.67	6258.67	6252.99	6253.45	422	0	56
2025.07.10	03:30:00	6253.46	6253.97	6251.96	6253.01	388	0	56
2025.07.10	04:00:00	6252.98	6253.44	6251.06	6251.98	377	0	55
2025.07.10	04:30:00	6251.82	6253.52	6251.52	6252.51	319	0	56
2025.07.10	05:00:00	6252.51	6254.70	6252.51	6253.27	309	0	56
2025.07.10	05:30:00	6253.45	6253.76	6250.55	6253.76	531	0	57
2025.07.10	06:00:00	6253.76	6254.70	6249.01	6249.76	607	0	57
2025.07.10	06:30:00	6249.95	6252.22	6249.79	6251.05	629	0	57
2025.07.10	07:00:00	6251.02	6254.08	6248.17	6252.80	1075	0	57
2025.07.10	07:30:00	6252.67	6255.85	6251.96	6254.42	661	0	58
2025.07.10	08:00:00	6254.57	6261.34	6253.55	6260.04	655	0	58
2025.07.10	08:30:00	6260.20	6261.85	6258.92	6260.84	440	0	57
2025.07.10	09:00:00	6260.97	6262.07	6255.70	6257.06	502	0	57
2025.07.10	09:30:00	6256.92	6260.85	6255.17	6258.69	484	0	58
2025.07.10	10:00:00	6258.47	6261.81	6257.66	6259.34	443	0	58
2025.07.10	10:30:00	6259.28	6263.85	6259.28	6262.58	394	0	58
2025.07.10	11:00:00	6262.43	6266.84	6261.41	6266.35	609	0	57
2025.07.10	11:30:00	6266.19	6271.59	6265.92	6269.57	605	0	57
2025.07.10	12:00:00	6269.43	6269.82	6262.58	6264.61	729	0	58
2025.07.10	12:30:00	6264.75	6267.79	6260.41	6262.92	990	0	60
2025.07.10	13:00:00	6262.71	6269.02	6260.40	6268.34	981	0	58
2025.07.10	13:30:00	6268.17	6270.33	6257.45	6260.42	4203	0	58
2025.07.10	14:00:00	6260.58	6269.06	6256.67	6263.67	4140	0	58
2025.07.10	14:30:00	6263.82	6278.12	6263.67	6275.72	2587	0	57
2025.07.10	15:00:00	6275.51	6283.13	6275.46	6282.38	2119	0	57
2025.07.10	15:30:00	6282.22	6285.13	6280.94	6284.39	1344	0	58
2025.07.10	16:00:00	6284.22	6285.11	6277.48	6282.89	1533	0	57
2025.07.10	16:30:00	6282.72	6285.15	6279.73	6282.64	1247	0	57
2025.07.10	17:00:00	6282.87	6289.40	6282.72	6288.23	1424	0	57
2025.07.10	17:30:00	6288.39	6295.15	6288.39	6293.37	986	0	58
2025.07.10	18:00:00	6293.61	6296.39	6292.22	6293.64	809	0	58
2025.07.10	18:30:00	6293.58	6294.14	6288.47	6289.97	1007	0	58
2025.07.10	19:00:00	6289.98	6292.88	6288.48	6289.25	976	0	58
2025.07.10	19:30:00	6289.39	6293.89	6279.21	6285.70	2559	0	57
2025.07.10	20:00:00	6285.47	6285.84	6280.20	6282.34	572	0	62
2025.07.10	20:30:00	6282.22	6285.87	6281.96	6282.20	217	0	60
2025.07.10	22:00:00	6283.00	6288.98	6282.88	6287.94	574	0	59
2025.07.10	22:30:00	6287.79	6289.99	6286.30	6289.73	275	0	59
2025.07.10	23:00:00	6289.75	6291.01	6288.30	6288.94	262	0	58
2025.07.10	23:30:00	6288.98	6291.95	6288.51	6291.23	351	0	57
2025.07.11	00:00:00	6291.25	6291.25	6245.77	6253.92	4244	0	57
2025.07.11	00:30:00	6253.97	6263.71	6245.05	6254.25	4221	0	59
2025.07.11	01:00:00	6254.08	6263.76	6249.61	6262.70	1944	0	58
2025.07.11	01:30:00	6262.95	6263.69	6258.55	6260.72	904	0	58
2025.07.11	02:00:00	6260.55	6262.01	6259.58	6261.96	694	0	58
2025.07.11	02:30:00	6261.99	6265.24	6261.05	6264.75	536	0	57
2025.07.11	03:00:00	6264.75	6270.51	6264.59	6270.47	392	0	58
2025.07.11	03:30:00	6270.51	6270.77	6268.77	6270.56	361	0	56
2025.07.11	04:00:00	6270.72	6273.01	6268.81	6272.53	365	0	57
2025.07.11	04:30:00	6272.32	6272.48	6270.01	6270.98	423	0	56
2025.07.11	05:00:00	6270.80	6271.97	6269.35	6270.57	485	0	57
2025.07.11	05:30:00	6270.53	6271.95	6263.55	6263.55	634	0	57
2025.07.11	06:00:00	6263.72	6270.75	6263.72	6269.55	964	0	57
2025.07.11	06:30:00	6269.51	6269.72	6264.26	6267.55	866	0	58
2025.07.11	07:00:00	6267.72	6270.09	6255.44	6262.31	1752	0	57
2025.07.11	07:30:00	6262.52	6263.08	6251.67	6252.30	1439	0	59
2025.07.11	08:00:00	6252.18	6255.32	6246.41	6252.19	1828	0	59
2025.07.11	08:30:00	6251.96	6254.58	6248.03	6252.33	902	0	58
2025.07.11	09:00:00	6252.56	6254.84	6247.91	6248.58	798	0	60
2025.07.11	09:30:00	6248.44	6251.73	6240.39	6241.61	1127	0	58
2025.07.11	10:00:00	6241.49	6247.28	6237.87	6243.50	1292	0	60
2025.07.11	10:30:00	6243.64	6244.76	6238.62	6241.11	1054	0	59
2025.07.11	11:00:00	6241.26	6250.04	6240.87	6249.89	1056	0	58
2025.07.11	11:30:00	6250.03	6256.33	6249.64	6252.09	905	0	57
2025.07.11	12:00:00	6252.03	6254.58	6246.91	6247.60	972	0	59
2025.07.11	12:30:00	6247.54	6252.81	6245.94	6250.83	1161	0	59
2025.07.11	13:00:00	6250.66	6252.85	6246.65	6252.18	1726	0	58
2025.07.11	13:30:00	6252.05	6260.09	6240.16	6257.33	6255	0	57
2025.07.11	14:00:00	6257.18	6267.57	6254.70	6265.09	3307	0	57
2025.07.11	14:30:00	6264.93	6268.84	6257.43	6263.67	2735	0	57
2025.07.11	15:00:00	6263.43	6263.83	6251.91	6259.09	3256	0	59
2025.07.11	15:30:00	6258.95	6270.06	6257.27	6260.52	2659	0	58
2025.07.11	16:00:00	6260.68	6263.43	6254.01	6262.18	2720	0	59
2025.07.11	16:30:00	6262.02	6267.20	6258.27	6266.44	1751	0	58
2025.07.11	17:00:00	6266.67	6268.95	6264.04	6267.77	1458	0	58
2025.07.11	17:30:00	6267.54	6268.94	6260.80	6268.19	1885	0	58
2025.07.11	18:00:00	6268.04	6270.19	6264.20	6266.00	1521	0	57
2025.07.11	18:30:00	6266.17	6271.90	6264.99	6266.78	1456	0	58
2025.07.11	19:00:00	6266.55	6270.45	6254.26	6267.69	3326	0	59
2025.07.11	19:30:00	6267.52	6268.94	6257.51	6258.43	3184	0	58
2025.07.11	20:00:00	6258.26	6258.93	6252.51	6253.79	830	0	60
2025.07.11	20:30:00	6253.63	6256.67	6253.24	6255.17	299	0	61
2025.07.13	22:00:00	6237.68	6237.83	6224.55	6233.66	2367	0	60
2025.07.13	22:30:00	6233.65	6241.57	6233.65	6239.97	1003	0	58
2025.07.13	23:00:00	6239.91	6240.63	6229.68	6231.94	1264	0	58
2025.07.13	23:30:00	6231.90	6236.66	6230.89	6236.65	880	0	57
2025.07.14	00:00:00	6236.81	6239.38	6234.75	6236.69	1223	0	57
2025.07.14	00:30:00	6236.66	6237.86	6231.97	6232.34	808	0	57
2025.07.14	01:00:00	6232.20	6234.64	6229.90	6230.96	779	0	57
2025.07.14	01:30:00	6230.92	6234.41	6230.92	6233.16	558	0	57
2025.07.14	02:00:00	6233.16	6235.91	6233.16	6234.71	425	0	56
2025.07.14	02:30:00	6234.88	6235.38	6231.75	6232.16	421	0	56
2025.07.14	03:00:00	6232.01	6234.17	6230.66	6233.60	400	0	57
2025.07.14	03:30:00	6233.64	6235.16	6231.92	6234.66	349	0	57
2025.07.14	04:00:00	6234.66	6235.40	6232.46	6233.42	259	0	56
2025.07.14	04:30:00	6233.54	6234.63	6232.21	6232.38	291	0	56
2025.07.14	05:00:00	6232.41	6234.16	6232.17	6233.91	308	0	56
2025.07.14	05:30:00	6234.07	6234.92	6225.21	6226.25	718	0	56
2025.07.14	06:00:00	6225.99	6228.16	6222.66	6227.98	1169	0	57
2025.07.14	06:30:00	6228.12	6229.64	6225.80	6227.70	751	0	57
2025.07.14	07:00:00	6227.86	6229.21	6221.08	6222.93	1848	0	57
2025.07.14	07:30:00	6222.94	6239.10	6222.84	6238.18	957	0	58
2025.07.14	08:00:00	6238.09	6238.24	6234.56	6234.88	891	0	57
2025.07.14	08:30:00	6234.65	6242.97	6234.57	6240.48	648	0	57
2025.07.14	09:00:00	6240.59	6244.74	6238.86	6243.73	453	0	59
2025.07.14	09:30:00	6243.57	6244.99	6242.57	6244.44	317	0	58
2025.07.14	10:00:00	6244.56	6244.91	6240.53	6241.59	377	0	59
2025.07.14	10:30:00	6241.66	6242.70	6239.57	6240.95	593	0	58
2025.07.14	11:00:00	6241.06	6243.92	6238.03	6239.44	951	0	58
2025.07.14	11:30:00	6239.66	6246.68	6238.78	6242.78	841	0	59
2025.07.14	12:00:00	6242.66	6246.68	6241.26	6246.68	569	0	59
2025.07.14	12:30:00	6246.52	6246.70	6241.82	6243.76	795	0	58
2025.07.14	13:00:00	6243.54	6255.68	6240.80	6255.67	1150	0	57
2025.07.14	13:30:00	6255.28	6258.42	6241.55	6250.19	7222	0	57
2025.07.14	14:00:00	6250.42	6260.69	6246.02	6250.43	4542	0	58
2025.07.14	14:30:00	6250.27	6258.94	6247.27	6258.42	3497	0	57
2025.07.14	15:00:00	6258.27	6265.41	6256.78	6265.05	2724	0	58
2025.07.14	15:30:00	6265.40	6267.91	6261.82	6263.56	2025	0	57
2025.07.14	16:00:00	6263.33	6266.95	6261.78	6262.68	1412	0	59
2025.07.14	16:30:00	6262.52	6268.67	6260.02	6266.77	1220	0	59
2025.07.14	17:00:00	6266.92	6273.92	6266.77	6271.19	1129	0	57
2025.07.14	17:30:00	6271.43	6274.21	6268.53	6271.03	1014	0	57
2025.07.14	18:00:00	6270.90	6274.44	6270.27	6273.94	842	0	58
2025.07.14	18:30:00	6273.78	6275.94	6273.53	6273.95	959	0	57
2025.07.14	19:00:00	6274.17	6275.43	6269.53	6271.26	1039	0	57
2025.07.14	19:30:00	6271.26	6274.44	6267.26	6271.50	1789	0	59
2025.07.14	20:00:00	6271.67	6273.17	6268.26	6268.43	451	0	60
2025.07.14	20:30:00	6268.37	6270.95	6268.27	6270.68	175	0	59
2025.07.14	22:00:00	6269.96	6269.96	6263.63	6264.11	683	0	59
2025.07.14	22:30:00	6264.28	6266.56	6263.04	6263.24	356	0	60
2025.07.14	23:00:00	6263.08	6264.26	6262.11	6263.51	303	0	59
2025.07.14	23:30:00	6263.34	6266.52	6263.06	6265.31	408	0	58
2025.07.15	00:00:00	6265.31	6267.57	6262.57	6265.61	682	0	57
2025.07.15	00:30:00	6265.76	6265.81	6263.56	6264.10	448	0	57
2025.07.15	01:00:00	6264.07	6264.56	6262.37	6263.77	308	0	56
2025.07.15	01:30:00	6263.61	6296.15	6263.07	6287.74	2690	0	56
2025.07.15	02:00:00	6287.91	6291.39	6274.39	6276.31	2421	0	58
2025.07.15	02:30:00	6276.31	6276.47	6269.64	6272.85	1497	0	57
2025.07.15	03:00:00	6272.63	6279.03	6270.10	6278.37	796	0	58
2025.07.15	03:30:00	6278.33	6280.07	6277.13	6278.31	543	0	57
2025.07.15	04:00:00	6278.46	6280.54	6277.34	6280.03	408	0	57
2025.07.15	04:30:00	6280.06	6285.01	6280.06	6284.55	556	0	57
2025.07.15	05:00:00	6284.36	6293.81	6283.86	6293.77	975	0	58
2025.07.15	05:30:00	6293.60	6294.56	6290.60	6291.59	764	0	57
2025.07.15	06:00:00	6291.76	6293.31	6289.85	6292.10	746	0	58
2025.07.15	06:30:00	6292.23	6292.54	6288.06	6291.06	693	0	58
2025.07.15	07:00:00	6291.23	6292.10	6286.97	6288.73	1046	0	57
2025.07.15	07:30:00	6288.86	6292.64	6288.23	6290.76	963	0	58
2025.07.15	08:00:00	6290.89	6293.58	6287.25	6292.48	1230	0	57
2025.07.15	08:30:00	6292.62	6293.39	6289.23	6290.11	680	0	58
2025.07.15	09:00:00	6290.05	6294.12	6288.94	6293.70	468	0	60
2025.07.15	09:30:00	6293.50	6296.63	6293.22	6296.02	364	0	60
2025.07.15	10:00:00	6295.77	6299.09	6294.00	6298.73	335	0	59
2025.07.15	10:30:00	6298.88	6302.59	6293.71	6296.22	805	0	59
2025.07.15	11:00:00	6296.09	6301.87	6294.52	6296.47	852	0	60
2025.07.15	11:30:00	6296.48	6297.64	6291.71	6294.97	664	0	59
2025.07.15	12:00:00	6295.11	6295.64	6286.48	6290.14	1307	0	57
2025.07.15	12:30:00	6290.15	6304.10	6289.61	6296.72	3335	0	58
2025.07.15	13:00:00	6296.88	6303.38	6294.24	6299.50	1285	0	59
2025.07.15	13:30:00	6299.26	6302.88	6279.46	6280.22	6688	0	59
2025.07.15	14:00:00	6280.38	6287.64	6276.24	6278.48	4554	0	59
2025.07.15	14:30:00	6278.62	6279.59	6261.57	6262.23	5099	0	59
2025.07.15	15:00:00	6262.47	6275.73	6262.32	6274.73	3606	0	59
2025.07.15	15:30:00	6274.97	6277.45	6268.56	6272.32	3023	0	59
2025.07.15	16:00:00	6272.48	6273.96	6264.06	6266.73	2699	0	58
2025.07.15	16:30:00	6266.57	6269.74	6253.80	6255.66	3140	0	59
2025.07.15	17:00:00	6255.53	6262.96	6253.34	6262.56	2865	0	59
2025.07.15	17:30:00	6262.73	6270.49	6262.54	6270.23	1754	0	59
2025.07.15	18:00:00	6270.26	6273.00	6267.30	6270.32	1454	0	57
2025.07.15	18:30:00	6270.38	6272.49	6256.81	6256.98	2511	0	59
2025.07.15	19:00:00	6256.82	6261.96	6254.37	6256.82	2727	0	59
2025.07.15	19:30:00	6256.98	6261.75	6244.07	6244.83	3455	0	58
2025.07.15	20:00:00	6244.58	6246.48	6235.12	6237.03	1763	0	59
2025.07.15	20:30:00	6236.96	6237.52	6234.14	6235.61	700	0	59
2025.07.15	22:00:00	6237.98	6239.67	6232.81	6234.54	791	0	59
2025.07.15	22:30:00	6234.51	6234.96	6226.77	6233.05	1075	0	58
2025.07.15	23:00:00	6233.22	6234.36	6227.74	6230.38	751	0	57
2025.07.15	23:30:00	6230.28	6236.24	6230.28	6234.97	672	0	59
2025.07.16	00:00:00	6234.79	6235.93	6228.59	6230.01	1187	0	58
2025.07.16	00:30:00	6230.19	6236.01	6230.00	6235.04	729	0	57
2025.07.16	01:00:00	6234.84	6240.23	6234.51	6238.89	706	0	57
2025.07.16	01:30:00	6238.72	6241.25	6237.18	6240.26	431	0	59
2025.07.16	02:00:00	6240.50	6240.77	6237.61	6239.23	289	0	61
2025.07.16	02:30:00	6239.46	6239.47	6235.31	6236.73	276	0	61
2025.07.16	03:00:00	6236.56	6239.46	6236.56	6237.98	202	0	61
2025.07.16	03:30:00	6237.81	6238.68	6235.60	6235.60	313	0	60
2025.07.16	04:00:00	6235.72	6240.00	6235.72	6238.43	308	0	58
2025.07.16	04:30:00	6238.30	6239.16	6235.56	6237.00	292	0	57
2025.07.16	05:00:00	6237.34	6241.75	6232.30	6233.97	1200	0	59
2025.07.16	05:30:00	6233.79	6236.74	6231.30	6234.33	780	0	58
2025.07.16	06:00:00	6234.28	6234.76	6230.77	6231.96	991	0	57
2025.07.16	06:30:00	6231.78	6231.91	6226.40	6227.56	966	0	58
2025.07.16	07:00:00	6227.40	6233.42	6219.63	6231.04	1956	0	57
2025.07.16	07:30:00	6231.01	6233.94	6230.65	6233.78	838	0	57
2025.07.16	08:00:00	6233.84	6238.16	6232.27	6237.18	1066	0	57
2025.07.16	08:30:00	6237.05	6243.09	6237.01	6241.09	576	0	58
2025.07.16	09:00:00	6241.03	6241.67	6236.93	6238.08	767	0	58
2025.07.16	09:30:00	6237.95	6240.85	6235.67	6240.85	615	0	58
2025.07.16	10:00:00	6241.04	6242.06	6239.18	6240.67	541	0	58
2025.07.16	10:30:00	6240.46	6244.05	6239.14	6242.29	732	0	58
2025.07.16	11:00:00	6242.22	6244.96	6239.90	6243.62	790	0	59
2025.07.16	11:30:00	6243.50	6244.97	6238.88	6244.73	620	0	59
2025.07.16	12:00:00	6244.93	6248.74	6242.57	6247.24	764	0	58
2025.07.16	12:30:00	6247.36	6261.73	6247.36	6258.81	2668	0	58
2025.07.16	13:00:00	6258.88	6260.47	6255.65	6259.84	1286	0	59
2025.07.16	13:30:00	6259.59	6263.22	6242.34	6243.74	7604	0	58
2025.07.16	14:00:00	6243.89	6251.63	6239.72	6248.51	5128	0	58
2025.07.16	14:30:00	6248.29	6257.37	6238.79	6245.41	6308	0	59
2025.07.16	15:00:00	6245.27	6256.52	6217.10	6235.85	12882	0	60
2025.07.16	15:30:00	6236.02	6248.85	6203.51	6243.20	14786	0	58
2025.07.16	16:00:00	6242.99	6245.85	6233.49	6240.13	6960	0	58
2025.07.16	16:30:00	6239.97	6254.89	6234.72	6254.53	3171	0	58
2025.07.16	17:00:00	6254.84	6261.05	6252.72	6254.12	2205	0	58
2025.07.16	17:30:00	6254.27	6257.64	6252.39	6254.74	2119	0	58
2025.07.16	18:00:00	6254.89	6258.39	6250.97	6257.38	2120	0	58
2025.07.16	18:30:00	6257.22	6267.61	6257.22	6267.38	1719	0	58
2025.07.16	19:00:00	6267.22	6269.15	6261.85	6264.82	1651	0	59
2025.07.16	19:30:00	6264.58	6270.50	6262.06	6265.27	2543	0	58
2025.07.16	20:00:00	6265.03	6265.42	6259.52	6259.98	724	0	61
2025.07.16	20:30:00	6260.14	6262.18	6260.01	6261.28	150	0	61
2025.07.16	22:00:00	6262.64	6263.00	6256.09	6257.12	776	0	59
2025.07.16	22:30:00	6256.87	6257.74	6254.32	6255.26	621	0	58
2025.07.16	23:00:00	6255.50	6257.24	6254.31	6255.73	358	0	58
2025.07.16	23:30:00	6255.60	6257.23	6254.12	6255.94	413	0	58
2025.07.17	00:00:00	6255.85	6259.54	6253.06	6259.54	806	0	57
2025.07.17	00:30:00	6259.55	6259.78	6256.81	6259.51	590	0	56
2025.07.17	01:00:00	6259.35	6260.54	6258.36	6258.58	497	0	56
2025.07.17	01:30:00	6258.38	6258.57	6251.75	6254.22	793	0	56
2025.07.17	02:00:00	6254.07	6254.25	6252.02	6253.72	468	0	56
2025.07.17	02:30:00	6253.56	6253.72	6251.60	6252.51	358	0	56
2025.07.17	03:00:00	6252.69	6254.71	6250.81	6254.53	356	0	56
2025.07.17	03:30:00	6254.33	6256.12	6252.57	6255.65	314	0	55
2025.07.17	04:00:00	6255.82	6256.31	6254.81	6254.85	192	0	57
2025.07.17	04:30:00	6254.82	6256.30	6253.56	6256.06	239	0	57
2025.07.17	05:00:00	6256.06	6258.72	6255.65	6258.31	278	0	57
2025.07.17	05:30:00	6258.31	6267.75	6258.31	6263.86	890	0	57
2025.07.17	06:00:00	6264.02	6273.49	6263.84	6273.32	1287	0	57
2025.07.17	06:30:00	6273.09	6273.98	6270.07	6270.73	639	0	59
2025.07.17	07:00:00	6270.96	6271.73	6264.91	6266.82	1329	0	60
2025.07.17	07:30:00	6267.06	6271.82	6266.42	6266.67	921	0	61
2025.07.17	08:00:00	6266.42	6269.56	6264.40	6266.91	991	0	61
2025.07.17	08:30:00	6267.07	6270.07	6265.17	6268.33	677	0	61
2025.07.17	09:00:00	6268.56	6273.55	6268.41	6271.67	532	0	61
2025.07.17	09:30:00	6271.83	6273.32	6269.16	6269.58	318	0	61
2025.07.17	10:00:00	6269.41	6270.83	6267.16	6269.41	416	0	61
2025.07.17	10:30:00	6269.57	6270.32	6264.92	6265.43	512	0	61
2025.07.17	11:00:00	6265.58	6265.82	6261.66	6264.83	746	0	61
2025.07.17	11:30:00	6265.06	6265.07	6259.71	6261.66	704	0	61
2025.07.17	12:00:00	6261.43	6265.56	6259.94	6264.14	918	0	59
2025.07.17	12:30:00	6263.91	6277.33	6261.63	6276.67	1776	0	60
2025.07.17	13:00:00	6276.43	6279.07	6267.18	6267.18	1291	0	59
2025.07.17	13:30:00	6267.33	6285.31	6264.66	6281.08	4982	0	58
2025.07.17	14:00:00	6281.31	6285.58	6271.41	6277.57	3638	0	59
2025.07.17	14:30:00	6277.80	6282.34	6273.18	6281.34	2322	0	59
2025.07.17	15:00:00	6281.57	6290.39	6280.94	6289.89	1868	0	57
2025.07.17	15:30:00	6289.72	6296.04	6288.97	6295.37	1525	0	58
2025.07.17	16:00:00	6295.54	6298.44	6291.23	6291.98	1314	0	58
2025.07.17	16:30:00	6291.82	6292.74	6288.59	6291.74	1269	0	58
2025.07.17	17:00:00	6291.57	6294.24	6290.06	6293.73	1196	0	58
2025.07.17	17:30:00	6293.96	6297.99	6293.31	6297.83	898	0	58
2025.07.17	18:00:00	6297.99	6302.24	6294.82	6301.99	1123	0	58
2025.07.17	18:30:00	6302.22	6304.99	6299.83	6303.25	930	0	57
2025.07.17	19:00:00	6303.48	6307.75	6303.07	6303.33	1087	0	57
2025.07.17	19:30:00	6303.49	6307.24	6300.07	6303.97	2928	0	58
2025.07.17	20:00:00	6304.21	6306.78	6301.09	6305.98	1354	0	58
2025.07.17	20:30:00	6305.59	6307.45	6303.60	6304.28	219	0	60
2025.07.17	22:00:00	6303.25	6306.09	6301.28	6305.67	563	0	59
2025.07.17	22:30:00	6305.81	6306.05	6303.64	6305.06	342	0	59
2025.07.17	23:00:00	6305.09	6311.39	6304.86	6308.45	699	0	57
2025.07.17	23:30:00	6308.62	6314.31	6307.73	6313.67	526	0	57
2025.07.18	00:00:00	6313.43	6314.08	6310.91	6311.08	490	0	60
2025.07.18	00:30:00	6310.91	6311.31	6308.92	6309.58	276	0	59
2025.07.18	01:00:00	6309.42	6310.83	6308.67	6308.84	254	0	59
2025.07.18	01:30:00	6309.07	6309.82	6307.64	6308.54	240	0	59
2025.07.18	02:00:00	6308.77	6309.77	6307.12	6309.04	171	0	59
2025.07.18	02:30:00	6308.87	6313.77	6308.87	6312.54	242	0	59
2025.07.18	03:00:00	6312.77	6313.79	6312.12	6313.78	181	0	59
2025.07.18	03:30:00	6313.62	6314.78	6311.38	6312.29	247	0	59
2025.07.18	04:00:00	6312.12	6314.08	6311.37	6313.87	222	0	58
2025.07.18	04:30:00	6313.67	6314.09	6312.36	6313.62	169	0	57
2025.07.18	05:00:00	6313.61	6317.12	6313.43	6316.56	361	0	56
2025.07.18	05:30:00	6316.57	6318.54	6316.49	6318.28	290	0	57
2025.07.18	06:00:00	6318.10	6319.27	6316.32	6316.32	402	0	56
2025.07.18	06:30:00	6316.51	6317.77	6315.31	6316.35	508	0	56
2025.07.18	07:00:00	6316.51	6317.06	6310.47	6311.14	746	0	57
2025.07.18	07:30:00	6311.35	6311.89	6307.25	6308.48	800	0	58
2025.07.18	08:00:00	6308.35	6312.64	6308.22	6311.40	635	0	57
2025.07.18	08:30:00	6311.25	6312.62	6309.24	6310.86	513	0	57
2025.07.18	09:00:00	6311.11	6312.41	6310.47	6311.70	327	0	57
2025.07.18	09:30:00	6311.87	6312.39	6309.97	6310.64	311	0	57
2025.07.18	10:00:00	6310.59	6311.11	6303.22	6304.74	527	0	57
2025.07.18	10:30:00	6304.88	6306.13	6303.72	6305.12	465	0	58
2025.07.18	11:00:00	6305.35	6307.14	6301.74	6303.95	695	0	58
2025.07.18	11:30:00	6303.97	6307.14	6303.47	6305.47	525	0	58
2025.07.18	12:00:00	6305.62	6309.47	6304.98	6308.22	796	0	59
2025.07.18	12:30:00	6308.27	6310.89	6306.22	6310.12	807	0	59
2025.07.18	13:00:00	6310.35	6314.89	6307.06	6313.22	2078	0	58
2025.07.18	13:30:00	6313.06	6313.48	6305.13	6307.17	4637	0	58
2025.07.18	14:00:00	6307.03	6314.88	6294.26	6295.51	4620	0	57
2025.07.18	14:30:00	6295.67	6300.90	6292.80	6293.01	2919	0	58
2025.07.18	15:00:00	6293.18	6298.68	6290.77	6297.69	2578	0	59
2025.07.18	15:30:00	6297.91	6303.02	6297.31	6302.53	1556	0	58
2025.07.18	16:00:00	6302.77	6303.03	6286.83	6291.11	2697	0	59
2025.07.18	16:30:00	6291.28	6294.88	6286.02	6287.88	2419	0	59
2025.07.18	17:00:00	6287.88	6293.00	6285.46	6290.98	2017	0	60
2025.07.18	17:30:00	6291.21	6296.68	6289.22	6291.99	1527	0	59
2025.07.18	18:00:00	6292.14	6295.13	6287.98	6292.13	1185	0	59
2025.07.18	18:30:00	6291.97	6295.13	6291.71	6293.36	1080	0	59
2025.07.18	19:00:00	6293.61	6297.39	6291.46	6295.14	1104	0	59
2025.07.18	19:30:00	6294.97	6299.13	6291.72	6297.13	1721	0	59
2025.07.18	20:00:00	6297.36	6298.11	6295.71	6296.61	331	0	60
2025.07.18	20:30:00	6296.46	6298.12	6295.96	6296.63	75	0	61
2025.07.20	22:00:00	6299.09	6301.95	6294.34	6301.77	831	0	59
2025.07.20	22:30:00	6301.75	6303.51	6300.52	6302.52	464	0	58
2025.07.20	23:00:00	6302.51	6304.22	6301.26	6301.71	347	0	57
2025.07.20	23:30:00	6301.95	6307.26	6301.51	6307.22	383	0	57
2025.07.21	00:00:00	6307.26	6308.01	6305.72	6306.47	278	0	58
2025.07.21	00:30:00	6306.24	6306.62	6305.24	6305.72	161	0	59
2025.07.21	01:00:00	6305.89	6308.88	6305.47	6307.22	280	0	59
2025.07.21	01:30:00	6306.98	6307.36	6305.21	6305.61	205	0	59
2025.07.21	02:00:00	6305.46	6306.86	6304.73	6306.63	135	0	60
2025.07.21	02:30:00	6306.47	6306.88	6303.97	6304.64	158	0	59
2025.07.21	03:00:00	6304.47	6305.64	6303.97	6304.47	133	0	59
2025.07.21	03:30:00	6304.24	6304.24	6302.49	6303.39	142	0	58
2025.07.21	04:00:00	6303.62	6306.64	6303.22	6306.62	156	0	58
2025.07.21	04:30:00	6306.24	6307.12	6306.22	6306.89	110	0	58
2025.07.21	05:00:00	6306.73	6307.68	6304.68	6306.17	179	0	57
2025.07.21	05:30:00	6306.34	6307.67	6306.07	6306.24	180	0	58
2025.07.21	06:00:00	6306.07	6313.23	6305.57	6313.07	313	0	58
2025.07.21	06:30:00	6313.23	6313.99	6309.57	6310.48	317	0	58
2025.07.21	07:00:00	6310.72	6315.83	6310.56	6314.54	495	0	59
2025.07.21	07:30:00	6314.41	6315.80	6313.06	6313.61	364	0	59
2025.07.21	08:00:00	6313.44	6318.83	6313.44	6317.54	593	0	59
2025.07.21	08:30:00	6317.42	6317.84	6314.66	6316.45	348	0	58
2025.07.21	09:00:00	6316.59	6317.84	6316.46	6317.33	199	0	58
2025.07.21	09:30:00	6317.56	6317.57	6315.16	6315.92	257	0	59
2025.07.21	10:00:00	6316.08	6318.33	6314.67	6316.34	323	0	59
2025.07.21	10:30:00	6316.56	6316.84	6312.42	6315.11	318	0	59
2025.07.21	11:00:00	6315.32	6315.60	6312.66	6314.58	283	0	59
2025.07.21	11:30:00	6314.42	6315.57	6312.90	6313.46	257	0	60
2025.07.21	12:00:00	6313.60	6314.33	6311.91	6312.83	287	0	60
2025.07.21	12:30:00	6312.67	6314.33	6306.42	6306.92	568	0	59
2025.07.21	13:00:00	6306.69	6310.08	6304.19	6310.08	886	0	58
2025.07.21	13:30:00	6309.91	6330.06	6309.16	6328.84	2942	0	58
2025.07.21	14:00:00	6329.07	6336.33	6326.92	6335.67	2230	0	59
2025.07.21	14:30:00	6335.83	6337.07	6329.42	6333.09	1793	0	58
2025.07.21	15:00:00	6333.32	6336.34	6331.70	6335.59	1294	0	57
2025.07.21	15:30:00	6335.83	6338.59	6334.18	6334.92	1203	0	57
2025.07.21	16:00:00	6334.69	6334.85	6328.17	6330.57	1229	0	57
2025.07.21	16:30:00	6330.41	6336.08	6330.17	6335.42	812	0	59
2025.07.21	17:00:00	6335.59	6337.83	6335.17	6336.92	649	0	58
2025.07.21	17:30:00	6337.09	6338.09	6334.17	6334.43	620	0	57
2025.07.21	18:00:00	6334.19	6335.34	6333.18	6334.58	702	0	57
2025.07.21	18:30:00	6334.43	6334.60	6325.67	6326.07	1310	0	57
2025.07.21	19:00:00	6326.34	6326.34	6313.38	6316.84	2746	0	58
2025.07.21	19:30:00	6317.07	6319.08	6305.66	6309.93	3102	0	59
2025.07.21	20:00:00	6309.69	6313.07	6308.42	6310.82	495	0	60
2025.07.21	20:30:00	6311.05	6313.07	6311.05	6313.07	165	0	61
2025.07.21	22:00:00	6312.44	6314.76	6311.59	6314.59	435	0	60
2025.07.21	22:30:00	6314.56	6314.56	6312.38	6312.84	216	0	59
2025.07.21	23:00:00	6313.00	6313.81	6312.35	6313.81	181	0	58
2025.07.21	23:30:00	6313.81	6314.25	6311.36	6313.57	336	0	57
2025.07.22	00:00:00	6313.46	6316.57	6313.37	6316.38	494	0	56
2025.07.22	00:30:00	6316.34	6316.49	6312.62	6313.11	450	0	56
2025.07.22	01:00:00	6313.08	6313.95	6311.28	6313.92	402	0	56
2025.07.22	01:30:00	6313.76	6317.01	6313.46	6317.01	305	0	57
2025.07.22	02:00:00	6317.05	6317.28	6313.61	6313.63	250	0	56
2025.07.22	02:30:00	6313.59	6314.53	6312.11	6312.82	168	0	56
2025.07.22	03:00:00	6312.82	6313.78	6311.57	6311.57	201	0	56
2025.07.22	03:30:00	6311.39	6312.07	6309.35	6310.36	452	0	56
2025.07.22	04:00:00	6310.33	6310.78	6305.85	6306.61	576	0	56
2025.07.22	04:30:00	6306.78	6307.81	6305.84	6306.82	267	0	56
2025.07.22	05:00:00	6306.64	6307.25	6305.36	6305.81	286	0	57
2025.07.22	05:30:00	6305.81	6307.82	6305.06	6306.86	332	0	57
2025.07.22	06:00:00	6307.02	6307.82	6305.31	6306.64	358	0	57
2025.07.22	06:30:00	6306.73	6309.54	6306.15	6308.11	359	0	57
2025.07.22	07:00:00	6307.96	6313.24	6307.66	6312.82	840	0	57
2025.07.22	07:30:00	6312.98	6312.98	6303.33	6305.88	828	0	58
2025.07.22	08:00:00	6305.96	6310.47	6302.99	6303.99	1028	0	58
2025.07.22	08:30:00	6303.82	6305.73	6301.31	6303.22	681	0	59
2025.07.22	09:00:00	6303.45	6304.73	6301.82	6303.07	591	0	60
2025.07.22	09:30:00	6302.83	6303.98	6301.58	6303.57	387	0	59
2025.07.22	10:00:00	6303.73	6306.73	6303.52	6304.43	371	0	59
2025.07.22	10:30:00	6304.66	6305.93	6302.56	6305.69	514	0	58
2025.07.22	11:00:00	6305.54	6309.25	6303.79	6305.69	703	0	57
2025.07.22	11:30:00	6305.67	6312.28	6303.33	6312.11	947	0	57
2025.07.22	12:00:00	6311.88	6314.43	6309.78	6314.01	696	0	58
2025.07.22	12:30:00	6314.08	6314.90	6311.77	6313.68	388	0	59
2025.07.22	13:00:00	6313.51	6314.94	6311.75	6313.17	751	0	59
2025.07.22	13:30:00	6313.40	6314.68	6284.50	6291.51	8350	0	57
2025.07.22	14:00:00	6291.68	6297.43	6285.02	6294.18	7517	0	58
2025.07.22	14:30:00	6294.12	6303.93	6293.02	6302.93	3590	0	58
2025.07.22	15:00:00	6303.16	6304.42	6296.53	6299.79	2706	0	58
2025.07.22	15:30:00	6299.93	6303.69	6297.53	6299.77	2293	0	58
2025.07.22	16:00:00	6299.91	6304.43	6293.52	6295.52	2421	0	58
2025.07.22	16:30:00	6295.31	6302.95	6293.77	6301.94	2021	0	58
2025.07.22	17:00:00	6301.79	6315.68	6301.02	6313.86	1622	0	58
2025.07.22	17:30:00	6314.13	6315.18	6306.29	6307.04	1444	0	59
2025.07.22	18:00:00	6306.79	6311.19	6298.53	6307.76	2347	0	58
2025.07.22	18:30:00	6307.53	6318.68	6307.26	6317.02	1615	0	58
2025.07.22	19:00:00	6316.79	6317.94	6313.26	6315.52	1172	0	59
2025.07.22	19:30:00	6315.29	6319.91	6310.49	6311.21	1959	0	59
2025.07.22	20:00:00	6311.38	6312.14	6308.72	6311.39	1001	0	59
2025.07.22	20:30:00	6311.23	6313.13	6310.97	6313.09	268	0	59
2025.07.22	22:00:00	6312.84	6316.60	6311.55	6311.79	647	0	58
2025.07.22	22:30:00	6311.97	6312.26	6309.30	6311.26	375	0	58
2025.07.22	23:00:00	6311.25	6328.66	6311.05	6323.76	1731	0	58
2025.07.22	23:30:00	6323.57	6330.21	6321.50	6328.70	1413	0	58
2025.07.23	00:00:00	6328.55	6329.68	6317.01	6317.72	1608	0	57
2025.07.23	00:30:00	6317.75	6320.26	6316.51	6317.24	942	0	57
2025.07.23	01:00:00	6317.06	6324.02	6315.51	6322.97	901	0	56
2025.07.23	01:30:00	6322.82	6327.26	6321.60	6327.26	783	0	56
2025.07.23	02:00:00	6327.26	6327.27	6323.03	6325.01	712	0	56
2025.07.23	02:30:00	6324.81	6327.26	6323.80	6326.80	410	0	57
2025.07.23	03:00:00	6326.97	6329.51	6325.51	6328.81	283	0	57
2025.07.23	03:30:00	6328.97	6328.97	6324.51	6325.49	621	0	56
2025.07.23	04:00:00	6325.51	6326.26	6324.26	6325.96	312	0	57
2025.07.23	04:30:00	6326.00	6329.25	6325.55	6328.80	384	0	57
2025.07.23	05:00:00	6328.77	6329.76	6328.08	6329.55	381	0	57
2025.07.23	05:30:00	6329.68	6331.92	6328.26	6329.81	540	0	58
2025.07.23	06:00:00	6329.84	6330.34	6326.87	6329.10	496	0	57
2025.07.23	06:30:00	6328.87	6332.31	6327.14	6331.82	637	0	57
2025.07.23	07:00:00	6331.98	6334.14	6329.97	6331.23	1267	0	56
2025.07.23	07:30:00	6331.28	6332.11	6327.25	6328.33	857	0	57
2025.07.23	08:00:00	6328.25	6336.58	6327.96	6335.23	869	0	57
2025.07.23	08:30:00	6335.36	6338.38	6333.26	6337.90	502	0	58
2025.07.23	09:00:00	6337.73	6339.90	6334.80	6334.80	493	0	58
2025.07.23	09:30:00	6334.56	6339.47	6334.56	6338.72	316	0	58
2025.07.23	10:00:00	6338.95	6340.99	6337.06	6338.95	344	0	59
2025.07.23	10:30:00	6339.19	6340.99	6336.87	6337.07	534	0	58
2025.07.23	11:00:00	6337.22	6337.49	6330.82	6334.20	1120	0	58
2025.07.23	11:30:00	6334.08	6337.51	6333.10	6336.72	531	0	58
2025.07.23	12:00:00	6336.58	6339.48	6335.59	6337.81	535	0	58
2025.07.23	12:30:00	6337.15	6337.72	6333.07	6336.19	798	0	59
2025.07.23	13:00:00	6336.06	6342.46	6335.07	6339.72	1095	0	59
2025.07.23	13:30:00	6339.57	6340.21	6321.51	6323.31	6327	0	57
2025.07.23	14:00:00	6323.38	6330.75	6320.57	6330.64	3845	0	56
2025.07.23	14:30:00	6330.58	6331.21	6324.09	6330.34	2589	0	56
2025.07.23	15:00:00	6330.50	6332.71	6326.58	6331.74	2062	0	56
2025.07.23	15:30:00	6331.58	6351.72	6328.10	6344.48	4570	0	56
2025.07.23	16:00:00	6344.13	6349.98	6337.36	6341.39	5511	0	57
2025.07.23	16:30:00	6341.22	6344.12	6337.06	6341.63	2265	0	57
2025.07.23	17:00:00	6341.48	6344.89	6338.23	6344.14	2190	0	57
2025.07.23	17:30:00	6343.98	6352.13	6340.70	6348.39	3137	0	56
2025.07.23	18:00:00	6348.62	6359.87	6348.62	6355.72	2019	0	57
2025.07.23	18:30:00	6355.88	6358.13	6354.47	6355.93	1483	0	58
2025.07.23	19:00:00	6356.13	6357.15	6353.23	6356.99	1318	0	56
2025.07.23	19:30:00	6356.75	6365.38	6352.75	6365.38	2309	0	56
2025.07.23	20:00:00	6365.61	6372.08	6358.47	6363.23	5374	0	60
2025.07.23	20:30:00	6363.39	6373.37	6362.72	6372.26	1340	0	59
2025.07.23	22:00:00	6370.37	6371.69	6368.17	6370.54	874	0	59
2025.07.23	22:30:00	6370.71	6371.46	6367.75	6368.18	490	0	58
2025.07.23	23:00:00	6368.23	6370.18	6367.27	6368.01	213	0	59
2025.07.23	23:30:00	6368.18	6371.46	6368.01	6370.51	224	0	61
2025.07.24	00:00:00	6370.28	6370.43	6367.26	6369.93	465	0	61
2025.07.24	00:30:00	6370.16	6370.93	6368.26	6368.51	304	0	61
2025.07.24	01:00:00	6368.28	6373.41	6368.03	6371.27	395	0	60
2025.07.24	01:30:00	6371.03	6371.93	6370.52	6371.43	280	0	60
2025.07.24	02:00:00	6371.66	6373.16	6371.02	6372.28	212	0	60
2025.07.24	02:30:00	6372.04	6372.68	6371.26	6371.69	182	0	59
2025.07.24	03:00:00	6371.52	6371.52	6369.77	6370.27	158	0	59
2025.07.24	03:30:00	6370.04	6370.42	6366.52	6367.02	357	0	58
2025.07.24	04:00:00	6366.79	6368.42	6366.29	6366.52	245	0	58
2025.07.24	04:30:00	6366.69	6368.17	6365.77	6367.54	205	0	58
2025.07.24	05:00:00	6367.69	6368.44	6366.77	6367.02	200	0	58
2025.07.24	05:30:00	6366.79	6367.17	6365.52	6366.30	247	0	58
2025.07.24	06:00:00	6366.26	6370.00	6366.05	6368.46	520	0	57
2025.07.24	06:30:00	6368.50	6368.50	6363.27	6363.40	610	0	57
2025.07.24	07:00:00	6363.31	6364.84	6361.43	6362.17	946	0	57
2025.07.24	07:30:00	6362.24	6363.59	6360.66	6362.82	518	0	58
2025.07.24	08:00:00	6362.68	6367.60	6360.94	6367.42	722	0	58
2025.07.24	08:30:00	6367.56	6368.84	6366.22	6367.62	397	0	58
2025.07.24	09:00:00	6367.39	6370.18	6365.69	6369.69	413	0	58
2025.07.24	09:30:00	6369.53	6371.69	6369.27	6370.80	395	0	58
2025.07.24	10:00:00	6371.13	6371.82	6365.02	6365.03	561	0	58
2025.07.24	10:30:00	6364.80	6366.44	6363.30	6366.18	499	0	58
2025.07.24	11:00:00	6366.41	6371.17	6365.55	6370.25	401	0	58
2025.07.24	11:30:00	6370.32	6374.17	6369.79	6371.53	485	0	58
2025.07.24	12:00:00	6371.33	6371.94	6366.01	6369.92	778	0	57
2025.07.24	12:30:00	6369.57	6370.19	6359.27	6365.68	1643	0	58
2025.07.24	13:00:00	6365.53	6370.19	6361.73	6369.43	1461	0	58
2025.07.24	13:30:00	6369.64	6377.48	6363.82	6374.01	5524	0	57
2025.07.24	14:00:00	6374.19	6377.01	6364.11	6371.76	4895	0	56
2025.07.24	14:30:00	6371.60	6379.99	6370.83	6379.01	2097	0	56
2025.07.24	15:00:00	6379.41	6382.75	6377.85	6379.23	1699	0	57
2025.07.24	15:30:00	6379.46	6381.00	6376.59	6379.24	1460	0	56
2025.07.24	16:00:00	6378.85	6379.50	6366.32	6369.24	2414	0	57
2025.07.24	16:30:00	6369.07	6374.00	6368.07	6372.84	1703	0	58
2025.07.24	17:00:00	6372.61	6383.96	6371.33	6377.99	1617	0	57
2025.07.24	17:30:00	6377.83	6379.99	6375.33	6376.58	1036	0	57
2025.07.24	18:00:00	6376.35	6385.46	6376.34	6381.99	1680	0	57
2025.07.24	18:30:00	6382.22	6383.50	6371.06	6376.34	1842	0	57
2025.07.24	19:00:00	6376.09	6381.43	6375.56	6378.77	1200	0	58
2025.07.24	19:30:00	6378.54	6379.69	6366.77	6368.79	2800	0	58
2025.07.24	20:00:00	6368.93	6371.68	6366.53	6371.56	696	0	60
2025.07.24	20:30:00	6371.65	6374.68	6371.25	6373.42	391	0	60
2025.07.24	22:00:00	6374.50	6380.42	6372.50	6379.54	539	0	59
2025.07.24	22:30:00	6379.31	6379.46	6377.50	6377.51	236	0	59
2025.07.24	23:00:00	6377.37	6378.26	6375.26	6375.55	350	0	58
2025.07.24	23:30:00	6375.71	6379.46	6375.08	6378.72	395	0	58
2025.07.25	00:00:00	6378.94	6382.21	6377.83	6381.43	569	0	58
2025.07.25	00:30:00	6381.49	6381.51	6379.26	6381.43	250	0	57
2025.07.25	01:00:00	6381.49	6383.22	6380.58	6382.27	291	0	56
2025.07.25	01:30:00	6382.41	6385.27	6382.01	6384.19	287	0	56
2025.07.25	02:00:00	6384.24	6386.15	6384.02	6385.48	219	0	56
2025.07.25	02:30:00	6385.50	6386.20	6383.76	6384.21	182	0	57
2025.07.25	03:00:00	6384.25	6388.71	6384.04	6387.50	244	0	56
2025.07.25	03:30:00	6387.51	6387.73	6385.83	6386.28	220	0	56
2025.07.25	04:00:00	6386.07	6386.51	6384.55	6384.77	165	0	56
2025.07.25	04:30:00	6384.57	6384.57	6378.26	6379.00	288	0	57
2025.07.25	05:00:00	6379.01	6381.01	6378.80	6380.72	236	0	56
2025.07.25	05:30:00	6380.56	6380.56	6379.34	6380.26	234	0	57
2025.07.25	06:00:00	6380.09	6381.95	6380.01	6380.81	285	0	57
2025.07.25	06:30:00	6380.97	6381.72	6376.01	6376.53	333	0	57
2025.07.25	07:00:00	6376.51	6377.35	6371.90	6371.96	1100	0	57
2025.07.25	07:30:00	6371.73	6374.59	6370.17	6372.40	866	0	58
2025.07.25	08:00:00	6372.33	6374.38	6368.84	6373.09	967	0	57
2025.07.25	08:30:00	6372.96	6375.35	6372.81	6373.84	399	0	57
2025.07.25	09:00:00	6373.79	6374.09	6371.18	6373.82	399	0	57
2025.07.25	09:30:00	6373.94	6375.83	6373.43	6375.03	312	0	58
2025.07.25	10:00:00	6375.10	6375.10	6373.17	6373.91	372	0	58
2025.07.25	10:30:00	6373.72	6377.35	6373.72	6376.66	322	0	58
2025.07.25	11:00:00	6376.73	6376.84	6374.16	6375.33	393	0	57
2025.07.25	11:30:00	6375.18	6375.18	6371.66	6373.04	335	0	59
2025.07.25	12:00:00	6372.95	6376.85	6372.17	6375.60	583	0	58
2025.07.25	12:30:00	6375.54	6377.61	6374.19	6374.46	525	0	57
2025.07.25	13:00:00	6374.59	6375.59	6369.43	6372.43	1740	0	58
2025.07.25	13:30:00	6372.76	6377.82	6370.18	6374.08	4086	0	57
2025.07.25	14:00:00	6374.31	6378.07	6370.43	6376.68	2539	0	58
2025.07.25	14:30:00	6376.84	6383.33	6374.67	6380.08	1817	0	57
2025.07.25	15:00:00	6380.31	6382.84	6378.91	6382.34	1279	0	58
2025.07.25	15:30:00	6382.18	6382.57	6378.21	6381.09	1014	0	58
2025.07.25	16:00:00	6380.93	6391.56	6379.90	6389.93	1449	0	57
2025.07.25	16:30:00	6389.70	6392.06	6388.42	6390.94	727	0	58
2025.07.25	17:00:00	6390.69	6393.83	6389.17	6393.07	724	0	59
2025.07.25	17:30:00	6393.49	6396.30	6393.09	6393.24	730	0	58
2025.07.25	18:00:00	6393.47	6397.23	6391.82	6394.97	919	0	57
2025.07.25	18:30:00	6395.21	6397.46	6394.06	6394.06	684	0	58
2025.07.25	19:00:00	6393.95	6397.75	6393.83	6395.48	513	0	58
2025.07.25	19:30:00	6395.33	6396.98	6388.30	6392.46	1468	0	58
2025.07.25	20:00:00	6392.69	6392.69	6388.83	6392.06	614	0	62
2025.07.25	20:30:00	6391.77	6395.42	6391.77	6393.52	193	0	62
2025.07.27	22:00:00	6414.05	6423.43	6412.39	6412.81	1933	0	64
2025.07.27	22:30:00	6412.65	6415.06	6411.40	6413.41	329	0	64
2025.07.27	23:00:00	6413.56	6420.11	6412.64	6418.40	605	0	60
2025.07.27	23:30:00	6418.65	6421.15	6416.76	6416.76	478	0	59
2025.07.28	00:00:00	6416.86	6419.16	6414.73	6417.67	802	0	57
2025.07.28	00:30:00	6417.49	6419.91	6416.51	6419.79	313	0	57
2025.07.28	01:00:00	6419.87	6419.90	6417.01	6418.18	373	0	57
2025.07.28	01:30:00	6418.17	6419.13	6416.91	6418.71	310	0	56
2025.07.28	02:00:00	6418.68	6420.09	6417.66	6420.09	200	0	56
2025.07.28	02:30:00	6420.15	6422.54	6419.91	6420.71	294	0	56
2025.07.28	03:00:00	6420.68	6420.88	6419.41	6419.41	171	0	56
2025.07.28	03:30:00	6419.42	6420.42	6418.92	6420.21	133	0	55
2025.07.28	04:00:00	6420.38	6421.17	6419.93	6420.68	138	0	56
2025.07.28	04:30:00	6420.86	6423.17	6420.48	6422.93	173	0	56
2025.07.28	05:00:00	6422.72	6424.61	6422.41	6423.60	227	0	56
2025.07.28	05:30:00	6423.65	6425.21	6422.91	6424.67	383	0	57
2025.07.28	06:00:00	6424.50	6426.64	6424.01	6424.01	371	0	57
2025.07.28	06:30:00	6424.15	6424.64	6420.18	6420.21	471	0	57
2025.07.28	07:00:00	6420.37	6421.25	6416.32	6416.33	780	0	57
2025.07.28	07:30:00	6416.10	6416.72	6413.32	6415.86	559	0	59
2025.07.28	08:00:00	6415.61	6415.99	6413.30	6414.23	588	0	59
2025.07.28	08:30:00	6414.44	6415.49	6412.81	6413.34	304	0	60
2025.07.28	09:00:00	6413.38	6414.48	6409.85	6411.75	392	0	59
2025.07.28	09:30:00	6411.60	6412.74	6409.07	6409.82	240	0	59
2025.07.28	10:00:00	6409.97	6410.95	6407.07	6407.97	329	0	59
2025.07.28	10:30:00	6408.20	6408.23	6402.56	6403.94	680	0	59
2025.07.28	11:00:00	6403.83	6406.48	6403.07	6403.58	513	0	59
2025.07.28	11:30:00	6403.34	6405.70	6403.05	6404.81	380	0	61
2025.07.28	12:00:00	6404.58	6406.49	6402.31	6405.57	737	0	59
2025.07.28	12:30:00	6405.45	6409.23	6403.30	6408.21	564	0	59
2025.07.28	13:00:00	6408.46	6408.49	6397.32	6397.57	1474	0	59
2025.07.28	13:30:00	6397.74	6400.98	6393.07	6396.99	4958	0	57
2025.07.28	14:00:00	6396.83	6402.98	6395.32	6399.99	2884	0	57
2025.07.28	14:30:00	6399.84	6401.50	6394.83	6396.83	2073	0	57
2025.07.28	15:00:00	6396.59	6397.73	6385.56	6393.07	2622	0	58
2025.07.28	15:30:00	6393.23	6397.99	6392.07	6396.32	1230	0	58
2025.07.28	16:00:00	6396.10	6398.98	6392.86	6396.49	1300	0	58
2025.07.28	16:30:00	6396.33	6396.75	6390.06	6391.34	1386	0	58
2025.07.28	17:00:00	6391.49	6393.99	6384.11	6385.58	2131	0	57
2025.07.28	17:30:00	6385.35	6389.99	6382.77	6383.28	1303	0	57
2025.07.28	18:00:00	6383.05	6385.01	6377.97	6383.54	2144	0	57
2025.07.28	18:30:00	6383.77	6386.05	6381.63	6384.04	1078	0	58
2025.07.28	19:00:00	6383.88	6384.55	6380.37	6383.92	1103	0	58
2025.07.28	19:30:00	6384.29	6394.38	6382.17	6393.11	1707	0	58
2025.07.28	20:00:00	6393.35	6395.62	6392.21	6394.45	410	0	61
2025.07.28	20:30:00	6394.62	6395.77	6393.96	6394.42	108	0	62
2025.07.28	22:00:00	6395.38	6399.78	6395.22	6398.87	383	0	59
2025.07.28	22:30:00	6399.01	6399.77	6397.62	6399.02	253	0	58
2025.07.28	23:00:00	6399.24	6399.77	6397.06	6398.06	293	0	57
2025.07.28	23:30:00	6398.25	6399.27	6397.81	6399.05	182	0	57
2025.07.29	00:00:00	6399.06	6399.06	6394.85	6398.11	574	0	57
2025.07.29	00:30:00	6398.26	6399.26	6397.58	6398.07	220	0	57
2025.07.29	01:00:00	6398.07	6400.57	6397.56	6400.26	235	0	56
2025.07.29	01:30:00	6400.11	6401.06	6398.08	6398.52	262	0	56
2025.07.29	02:00:00	6398.36	6400.55	6397.31	6398.81	410	0	56
2025.07.29	02:30:00	6398.99	6400.72	6398.06	6400.72	264	0	56
2025.07.29	03:00:00	6400.79	6402.31	6400.79	6401.10	184	0	57
2025.07.29	03:30:00	6401.07	6402.06	6399.61	6402.02	194	0	57
2025.07.29	04:00:00	6402.05	6404.27	6402.05	6402.81	167	0	57
2025.07.29	04:30:00	6402.96	6403.52	6401.31	6402.56	164	0	57
2025.07.29	05:00:00	6402.56	6403.80	6402.07	6403.23	143	0	57
2025.07.29	05:30:00	6403.11	6405.14	6402.71	6403.86	182	0	57
2025.07.29	06:00:00	6403.81	6405.31	6403.62	6403.62	292	0	57
2025.07.29	06:30:00	6403.57	6404.27	6399.65	6400.23	414	0	56
2025.07.29	07:00:00	6400.28	6404.15	6400.28	6403.49	626	0	58
2025.07.29	07:30:00	6403.36	6410.14	6402.87	6408.64	719	0	58
2025.07.29	08:00:00	6408.59	6410.13	6406.53	6409.34	515	0	58
2025.07.29	08:30:00	6409.33	6409.65	6406.46	6407.65	327	0	58
2025.07.29	09:00:00	6407.86	6410.84	6407.22	6408.12	250	0	58
2025.07.29	09:30:00	6408.33	6411.56	6407.20	6410.89	671	0	59
2025.07.29	10:00:00	6411.10	6411.88	6409.47	6410.88	543	0	57
2025.07.29	10:30:00	6411.10	6412.14	6410.21	6411.15	364	0	58
2025.07.29	11:00:00	6410.99	6413.15	6408.51	6409.14	454	0	58
2025.07.29	11:30:00	6408.75	6410.14	6406.23	6409.24	538	0	58
2025.07.29	12:00:00	6409.39	6411.01	6406.26	6406.87	461	0	58
2025.07.29	12:30:00	6406.76	6408.61	6403.49	6404.96	486	0	58
2025.07.29	13:00:00	6405.03	6408.15	6403.73	6407.61	838	0	58
2025.07.29	13:30:00	6407.76	6410.64	6396.37	6403.74	4793	0	58
2025.07.29	14:00:00	6403.41	6404.52	6397.64	6401.54	3700	0	57
2025.07.29	14:30:00	6401.37	6402.05	6389.12	6391.12	2976	0	58
2025.07.29	15:00:00	6390.89	6394.04	6375.64	6376.90	3842	0	57
2025.07.29	15:30:00	6376.75	6386.04	6370.86	6382.89	4372	0	58
2025.07.29	16:00:00	6382.64	6384.28	6378.41	6381.07	3174	0	57
2025.07.29	16:30:00	6380.92	6386.35	6375.17	6386.17	2016	0	58
2025.07.29	17:00:00	6385.94	6389.84	6384.67	6386.07	1817	0	57
2025.07.29	17:30:00	6385.91	6388.07	6373.42	6380.17	2889	0	58
2025.07.29	18:00:00	6379.94	6381.59	6375.41	6377.09	1739	0	58
2025.07.29	18:30:00	6376.92	6382.59	6376.38	6377.63	1431	0	57
2025.07.29	19:00:00	6377.40	6380.28	6374.83	6375.25	1512	0	57
2025.07.29	19:30:00	6375.48	6379.13	6367.82	6377.46	3175	0	57
2025.07.29	20:00:00	6377.23	6378.56	6373.17	6374.42	835	0	59
2025.07.29	20:30:00	6374.19	6375.07	6373.17	6374.34	242	0	59
2025.07.29	22:00:00	6375.40	6379.54	6375.30	6377.49	534	0	61
2025.07.29	22:30:00	6377.54	6380.05	6376.84	6379.31	292	0	59
2025.07.29	23:00:00	6379.48	6380.04	6378.34	6379.76	258	0	59
2025.07.29	23:30:00	6379.79	6381.30	6377.81	6379.60	325	0	57
2025.07.30	00:00:00	6379.36	6383.01	6378.86	6382.37	495	0	57
2025.07.30	00:30:00	6382.52	6384.77	6382.32	6384.06	311	0	57
2025.07.30	01:00:00	6383.94	6384.74	6381.56	6381.57	359	0	57
2025.07.30	01:30:00	6381.44	6385.77	6379.63	6384.06	604	0	57
2025.07.30	02:00:00	6384.06	6385.75	6383.81	6383.82	271	0	57
2025.07.30	02:30:00	6383.68	6385.32	6382.56	6384.46	222	0	56
2025.07.30	03:00:00	6384.53	6386.00	6384.53	6384.97	172	0	56
2025.07.30	03:30:00	6384.86	6387.21	6384.65	6385.52	184	0	56
2025.07.30	04:00:00	6385.76	6387.78	6385.60	6387.52	144	0	57
2025.07.30	04:30:00	6387.55	6387.78	6386.59	6387.32	129	0	57
2025.07.30	05:00:00	6387.32	6387.36	6384.56	6387.36	299	0	57
2025.07.30	05:30:00	6387.36	6388.61	6386.95	6386.95	234	0	57
2025.07.30	06:00:00	6387.07	6388.82	6386.16	6388.61	339	0	57
2025.07.30	06:30:00	6388.45	6388.57	6384.91	6385.45	296	0	57
2025.07.30	07:00:00	6385.36	6385.69	6378.77	6382.94	965	0	57
2025.07.30	07:30:00	6383.05	6386.44	6382.55	6385.68	578	0	58
2025.07.30	08:00:00	6385.63	6387.94	6380.53	6380.68	625	0	58
2025.07.30	08:30:00	6380.52	6382.70	6377.26	6382.07	634	0	59
2025.07.30	09:00:00	6381.89	6385.18	6381.05	6382.54	419	0	60
2025.07.30	09:30:00	6382.31	6384.69	6380.51	6384.42	447	0	58
2025.07.30	10:00:00	6384.65	6386.15	6383.32	6384.65	420	0	58
2025.07.30	10:30:00	6384.51	6386.20	6383.81	6386.16	290	0	59
2025.07.30	11:00:00	6386.30	6387.67	6385.01	6386.66	379	0	59
2025.07.30	11:30:00	6386.89	6389.44	6385.02	6386.78	549	0	60
2025.07.30	12:00:00	6386.91	6386.91	6378.76	6382.52	1516	0	59
2025.07.30	12:30:00	6382.28	6387.79	6379.50	6383.19	1737	0	59
2025.07.30	13:00:00	6382.81	6385.43	6379.76	6384.03	919	0	58
2025.07.30	13:30:00	6384.17	6386.68	6377.28	6381.79	5198	0	56
2025.07.30	14:00:00	6381.55	6391.42	6378.27	6387.95	2880	0	58
2025.07.30	14:30:00	6388.16	6392.93	6386.53	6387.03	2172	0	57
2025.07.30	15:00:00	6387.19	6388.41	6374.27	6377.44	3151	0	57
2025.07.30	15:30:00	6377.28	6386.19	6375.06	6385.94	1955	0	57
2025.07.30	16:00:00	6386.17	6391.69	6384.28	6390.42	1387	0	57
2025.07.30	16:30:00	6390.27	6390.94	6386.82	6388.99	1250	0	57
2025.07.30	17:00:00	6389.22	6391.01	6385.84	6386.49	1089	0	57
2025.07.30	17:30:00	6386.33	6393.96	6385.61	6390.96	1314	0	57
2025.07.30	18:00:00	6391.12	6395.28	6384.56	6392.42	3551	0	59
2025.07.30	18:30:00	6392.27	6401.65	6349.84	6352.04	12274	0	59
2025.07.30	19:00:00	6352.20	6364.30	6339.10	6345.36	17764	0	59
2025.07.30	19:30:00	6345.20	6371.82	6340.83	6370.54	9392	0	61
2025.07.30	20:00:00	6370.39	6407.27	6366.39	6399.05	9434	0	56
2025.07.30	20:30:00	6398.88	6400.24	6396.38	6398.05	1614	0	57
2025.07.30	22:00:00	6407.62	6411.15	6403.36	6408.21	1694	0	58
2025.07.30	22:30:00	6408.38	6415.91	6408.38	6415.16	1013	0	58
2025.07.30	23:00:00	6414.99	6418.95	6414.46	6415.99	650	0	58
2025.07.30	23:30:00	6415.97	6416.96	6414.46	6414.52	542	0	58
2025.07.31	00:00:00	6414.48	6418.46	6411.47	6416.00	838	0	57
2025.07.31	00:30:00	6416.16	6420.41	6414.47	6419.69	621	0	58
2025.07.31	01:00:00	6419.71	6423.02	6417.95	6422.63	505	0	57
2025.07.31	01:30:00	6422.78	6424.35	6421.70	6422.19	437	0	58
2025.07.31	02:00:00	6422.20	6423.71	6421.71	6423.69	311	0	58
2025.07.31	02:30:00	6423.89	6426.97	6423.75	6425.96	312	0	57
2025.07.31	03:00:00	6426.08	6426.16	6423.75	6424.37	254	0	57
2025.07.31	03:30:00	6424.20	6427.87	6424.16	6427.42	328	0	56
2025.07.31	04:00:00	6427.41	6429.66	6426.43	6426.44	331	0	57
2025.07.31	04:30:00	6426.42	6431.09	6425.70	6429.70	443	0	57
2025.07.31	05:00:00	6429.87	6429.90	6426.22	6426.48	559	0	57
2025.07.31	05:30:00	6426.41	6430.39	6425.21	6429.27	442	0	57
2025.07.31	06:00:00	6429.09	6430.80	6426.05	6426.35	770	0	58
2025.07.31	06:30:00	6426.48	6427.54	6424.05	6426.48	625	0	58
2025.07.31	07:00:00	6426.34	6432.42	6423.24	6431.92	1097	0	59
2025.07.31	07:30:00	6432.15	6439.41	6431.00	6437.23	935	0	61
2025.07.31	08:00:00	6437.23	6437.23	6432.58	6435.33	918	0	59
2025.07.31	08:30:00	6435.22	6438.74	6432.56	6433.47	818	0	59
2025.07.31	09:00:00	6433.70	6434.46	6430.81	6431.56	492	0	58
2025.07.31	09:30:00	6431.73	6431.73	6427.81	6428.71	465	0	60
2025.07.31	10:00:00	6428.54	6432.19	6427.80	6431.05	463	0	63
2025.07.31	10:30:00	6431.21	6433.22	6423.31	6423.56	596	0	61
2025.07.31	11:00:00	6423.33	6427.96	6420.55	6422.95	1206	0	59
2025.07.31	11:30:00	6422.82	6426.23	6421.33	6422.73	1086	0	59
2025.07.31	12:00:00	6422.95	6428.24	6422.30	6425.87	1267	0	56
2025.07.31	12:30:00	6426.10	6429.93	6422.10	6427.82	1982	0	57
2025.07.31	13:00:00	6427.61	6427.99	6418.06	6418.60	1402	0	59
2025.07.31	13:30:00	6418.71	6422.52	6399.71	6417.33	10372	0	57
2025.07.31	14:00:00	6417.49	6421.74	6408.83	6411.83	7241	0	57
2025.07.31	14:30:00	6411.99	6415.23	6388.81	6389.56	7018	0	57
2025.07.31	15:00:00	6389.74	6397.19	6374.07	6385.36	7866	0	57
2025.07.31	15:30:00	6385.49	6399.21	6384.58	6399.21	3861	0	58
2025.07.31	16:00:00	6399.06	6405.98	6395.81	6404.74	2417	0	58
2025.07.31	16:30:00	6404.58	6406.99	6398.82	6401.74	2702	0	58
2025.07.31	17:00:00	6401.58	6401.74	6367.55	6372.07	5707	0	58
2025.07.31	17:30:00	6372.24	6380.23	6354.31	6358.32	8984	0	58
2025.07.31	18:00:00	6358.46	6366.45	6337.57	6365.82	9823	0	58
2025.07.31	18:30:00	6365.59	6374.95	6364.32	6364.82	6267	0	57
2025.07.31	19:00:00	6365.11	6371.95	6349.59	6351.08	6369	0	58
2025.07.31	19:30:00	6351.45	6359.98	6330.30	6342.43	11800	0	57
2025.07.31	20:00:00	6342.68	6365.70	6330.56	6337.67	7979	0	57
2025.07.31	20:30:00	6337.60	6352.21	6337.60	6340.72	4134	0	57
2025.07.31	22:00:00	6340.77	6345.47	6334.37	6335.47	1880	0	60
2025.07.31	22:30:00	6335.53	6336.72	6322.60	6331.25	2274	0	58
2025.07.31	23:00:00	6331.29	6335.98	6327.34	6330.51	2100	0	59
2025.07.31	23:30:00	6330.35	6335.99	6329.09	6335.10	1240	0	58
2025.08.01	00:00:00	6334.87	6335.78	6318.60	6323.34	2293	0	58
2025.08.01	00:30:00	6323.10	6331.97	6323.08	6329.09	1862	0	58
2025.08.01	01:00:00	6328.87	6337.37	6327.60	6336.40	1735	0	58
2025.08.01	01:30:00	6336.52	6339.01	6335.37	6337.31	1132	0	58
2025.08.01	02:00:00	6337.31	6340.25	6335.13	6339.00	918	0	57
2025.08.01	02:30:00	6338.85	6341.56	6336.13	6340.37	650	0	57
2025.08.01	03:00:00	6340.49	6343.25	6339.86	6343.06	477	0	58
2025.08.01	03:30:00	6343.21	6344.53	6334.35	6334.51	672	0	57
2025.08.01	04:00:00	6334.56	6337.75	6332.88	6336.10	708	0	58
2025.08.01	04:30:00	6336.26	6337.06	6333.59	6336.56	498	0	58
2025.08.01	05:00:00	6336.43	6337.56	6333.14	6333.76	626	0	58
2025.08.01	05:30:00	6333.60	6335.79	6329.55	6329.87	883	0	58
2025.08.01	06:00:00	6329.82	6330.51	6322.63	6322.84	1135	0	59
2025.08.01	06:30:00	6322.65	6327.40	6321.00	6324.54	1363	0	59
2025.08.01	07:00:00	6324.29	6326.03	6301.99	6302.11	3565	0	58
2025.08.01	07:30:00	6301.91	6305.52	6284.89	6295.48	4116	0	59
2025.08.01	08:00:00	6295.54	6298.98	6280.88	6283.36	3530	0	57
2025.08.01	08:30:00	6283.25	6289.53	6277.37	6287.87	3028	0	58
2025.08.01	09:00:00	6287.64	6292.77	6282.90	6283.17	2146	0	58
2025.08.01	09:30:00	6283.27	6289.78	6281.63	6287.48	1904	0	58
2025.08.01	10:00:00	6287.48	6287.51	6280.39	6284.85	1936	0	58
2025.08.01	10:30:00	6284.64	6284.79	6267.87	6273.26	2619	0	58
2025.08.01	11:00:00	6273.37	6285.02	6271.62	6283.01	2182	0	59
2025.08.01	11:30:00	6283.24	6289.55	6282.36	6288.89	1818	0	57
2025.08.01	12:00:00	6288.66	6292.30	6286.00	6290.24	2041	0	57
2025.08.01	12:30:00	6289.69	6303.03	6275.11	6279.66	7276	0	59
2025.08.01	13:00:00	6279.43	6287.29	6273.56	6283.70	4065	0	58
2025.08.01	13:30:00	6283.83	6284.24	6231.18	6235.45	17758	0	57
2025.08.01	14:00:00	6234.56	6255.59	6216.67	6254.09	15456	0	58
2025.08.01	14:30:00	6253.93	6261.05	6238.17	6239.92	13268	0	57
2025.08.01	15:00:00	6240.07	6250.09	6233.97	6235.17	9389	0	58
2025.08.01	15:30:00	6234.94	6260.88	6233.91	6260.47	7395	0	57
2025.08.01	16:00:00	6260.63	6270.13	6259.22	6262.08	6389	0	58
2025.08.01	16:30:00	6261.92	6264.83	6232.02	6233.29	7620	0	59
2025.08.01	17:00:00	6233.44	6237.92	6223.27	6225.52	8746	0	58
2025.08.01	17:30:00	6225.28	6233.68	6221.76	6226.61	6497	0	58
2025.08.01	18:00:00	6226.39	6239.36	6214.11	6237.46	7048	0	57
2025.08.01	18:30:00	6237.63	6252.25	6230.57	6235.07	6778	0	57
2025.08.01	19:00:00	6234.83	6244.24	6230.56	6238.99	7830	0	59
2025.08.01	19:30:00	6238.82	6254.44	6229.25	6237.59	10970	0	59
2025.08.01	20:00:00	6237.36	6241.78	6236.12	6241.28	1803	0	61
2025.08.01	20:30:00	6241.11	6241.28	6236.87	6238.26	296	0	60
2025.08.03	22:00:00	6232.24	6242.18	6227.57	6236.96	2729	0	58
2025.08.03	22:30:00	6236.99	6245.36	6235.34	6243.87	1175	0	58
2025.08.03	23:00:00	6243.69	6247.85	6238.21	6245.65	1350	0	58
2025.08.03	23:30:00	6245.66	6246.64	6236.52	6246.64	1988	0	59
2025.08.04	00:00:00	6246.48	6251.42	6245.15	6250.50	1751	0	58
2025.08.04	00:30:00	6250.66	6257.45	6246.99	6255.92	1643	0	58
2025.08.04	01:00:00	6255.94	6258.46	6251.23	6254.21	1759	0	57
2025.08.04	01:30:00	6254.21	6259.71	6254.21	6257.46	1280	0	57
2025.08.04	02:00:00	6257.46	6262.16	6256.52	6260.47	1012	0	57
2025.08.04	02:30:00	6260.47	6263.97	6259.71	6263.52	698	0	57
2025.08.04	03:00:00	6263.46	6264.22	6261.03	6262.75	556	0	57
2025.08.04	03:30:00	6262.93	6266.17	6262.04	6265.52	581	0	56
2025.08.04	04:00:00	6265.48	6265.48	6255.76	6259.45	696	0	56
2025.08.04	04:30:00	6259.46	6263.38	6258.03	6261.42	689	0	57
2025.08.04	05:00:00	6261.25	6263.92	6259.21	6263.66	718	0	58
2025.08.04	05:30:00	6263.69	6267.46	6263.25	6265.17	875	0	57
2025.08.04	06:00:00	6265.00	6268.62	6259.26	6264.16	1382	0	57
2025.08.04	06:30:00	6264.00	6266.45	6255.04	6264.91	1660	0	58
2025.08.04	07:00:00	6265.12	6271.04	6261.76	6270.40	2283	0	58
2025.08.04	07:30:00	6270.17	6278.76	6269.88	6271.80	1673	0	57
2025.08.04	08:00:00	6271.99	6279.26	6270.91	6276.13	1629	0	58
2025.08.04	08:30:00	6276.17	6282.23	6275.12	6281.60	1052	0	59
2025.08.04	09:00:00	6281.39	6285.28	6281.12	6281.78	988	0	58
2025.08.04	09:30:00	6282.01	6285.55	6279.65	6280.03	904	0	58
2025.08.04	10:00:00	6280.24	6283.03	6279.36	6281.30	784	0	59
2025.08.04	10:30:00	6281.13	6282.53	6276.12	6277.29	954	0	59
2025.08.04	11:00:00	6277.49	6277.49	6270.38	6276.12	1281	0	58
2025.08.04	11:30:00	6275.92	6279.55	6271.42	6272.04	1117	0	58
2025.08.04	12:00:00	6272.44	6279.51	6270.61	6278.53	1218	0	59
2025.08.04	12:30:00	6278.76	6280.53	6274.12	6275.63	1016	0	58
2025.08.04	13:00:00	6275.99	6279.53	6274.12	6279.03	1189	0	58
2025.08.04	13:30:00	6278.87	6314.74	6277.63	6312.86	8029	0	55
2025.08.04	14:00:00	6312.99	6318.24	6305.59	6316.99	4383	0	58
2025.08.04	14:30:00	6317.22	6319.76	6307.57	6314.73	4804	0	58
2025.08.04	15:00:00	6314.58	6318.45	6309.07	6312.57	4038	0	58
2025.08.04	15:30:00	6312.34	6322.96	6308.31	6321.23	3014	0	58
2025.08.04	16:00:00	6321.46	6324.23	6318.81	6319.60	1989	0	58
2025.08.04	16:30:00	6319.74	6327.45	6319.34	6323.78	1680	0	58
2025.08.04	17:00:00	6323.61	6327.54	6323.10	6325.03	1447	0	58
2025.08.04	17:30:00	6325.26	6327.03	6315.89	6320.27	1911	0	58
2025.08.04	18:00:00	6320.12	6325.03	6319.37	6321.87	1797	0	58
2025.08.04	18:30:00	6322.03	6326.04	6319.62	6320.79	1646	0	58
2025.08.04	19:00:00	6320.63	6329.25	6319.37	6324.54	1894	0	57
2025.08.04	19:30:00	6324.77	6334.01	6321.12	6332.62	2806	0	58
2025.08.04	20:00:00	6332.78	6341.79	6330.86	6340.87	1688	0	58
2025.08.04	20:30:00	6340.66	6345.55	6340.62	6345.34	338	0	59
2025.08.04	22:00:00	6347.41	6348.00	6340.84	6341.31	666	0	59
2025.08.04	22:30:00	6341.48	6342.02	6339.56	6341.10	523	0	58
2025.08.04	23:00:00	6341.27	6345.76	6340.37	6340.86	587	0	58
2025.08.04	23:30:00	6340.81	6341.78	6338.61	6340.56	740	0	58
2025.08.05	00:00:00	6340.40	6340.52	6336.57	6338.55	780	0	57
2025.08.05	00:30:00	6338.56	6352.02	6338.35	6344.60	1204	0	58
2025.08.05	01:00:00	6344.77	6349.49	6341.85	6343.85	1297	0	58
2025.08.05	01:30:00	6344.02	6344.78	6340.56	6341.52	812	0	57
2025.08.05	02:00:00	6341.35	6342.55	6340.06	6340.56	498	0	57
2025.08.05	02:30:00	6340.57	6343.07	6340.06	6341.75	420	0	57
2025.08.05	03:00:00	6341.79	6342.26	6339.10	6340.85	377	0	58
2025.08.05	03:30:00	6341.02	6345.06	6341.02	6341.66	569	0	57
2025.08.05	04:00:00	6341.73	6342.27	6339.85	6341.52	340	0	58
2025.08.05	04:30:00	6341.55	6345.30	6341.38	6345.27	290	0	57
2025.08.05	05:00:00	6345.30	6346.81	6343.12	6346.61	371	0	57
2025.08.05	05:30:00	6346.77	6347.31	6345.81	6346.30	350	0	57
2025.08.05	06:00:00	6346.45	6349.06	6344.61	6347.10	584	0	57
2025.08.05	06:30:00	6347.26	6351.79	6346.60	6351.06	689	0	58
2025.08.05	07:00:00	6350.84	6353.65	6343.25	6344.31	1372	0	57
2025.08.05	07:30:00	6344.21	6346.21	6337.10	6338.13	1279	0	58
2025.08.05	08:00:00	6338.34	6342.15	6334.98	6341.36	1646	0	57
2025.08.05	08:30:00	6341.22	6341.64	6338.49	6339.22	684	0	58
2025.08.05	09:00:00	6339.29	6341.38	6338.02	6340.48	632	0	57
2025.08.05	09:30:00	6340.54	6344.63	6339.79	6342.21	422	0	57
2025.08.05	10:00:00	6342.36	6350.62	6341.95	6348.13	844	0	58
2025.08.05	10:30:00	6347.98	6350.89	6345.22	6349.71	863	0	59
2025.08.05	11:00:00	6349.48	6350.83	6346.93	6347.08	652	0	60
2025.08.05	11:30:00	6346.91	6351.03	6344.16	6348.53	980	0	59
2025.08.05	12:00:00	6348.76	6352.98	6339.30	6343.99	2327	0	60
2025.08.05	12:30:00	6344.01	6344.40	6339.46	6340.46	1449	0	59
2025.08.05	13:00:00	6340.52	6342.34	6335.99	6339.97	1460	0	58
2025.08.05	13:30:00	6340.13	6347.91	6333.97	6340.31	7481	0	56
2025.08.05	14:00:00	6340.08	6340.08	6313.95	6320.67	10125	0	57
2025.08.05	14:30:00	6320.44	6320.59	6292.17	6300.24	8841	0	58
2025.08.05	15:00:00	6300.06	6307.75	6295.32	6301.20	7779	0	57
2025.08.05	15:30:00	6301.10	6305.00	6292.81	6301.83	7526	0	57
2025.08.05	16:00:00	6301.60	6312.99	6300.59	6311.58	3859	0	58
2025.08.05	16:30:00	6311.34	6317.96	6299.31	6310.33	4740	0	58
2025.08.05	17:00:00	6310.10	6319.45	6308.07	6318.44	2987	0	58
2025.08.05	17:30:00	6318.64	6324.68	6316.76	6322.94	2152	0	57
2025.08.05	18:00:00	6322.78	6323.71	6307.87	6308.89	3928	0	57
2025.08.05	18:30:00	6309.04	6311.79	6300.65	6306.29	4897	0	58
2025.08.05	19:00:00	6306.52	6313.28	6305.39	6311.79	3173	0	58
2025.08.05	19:30:00	6312.02	6312.55	6299.90	6302.03	4065	0	58
2025.08.05	20:00:00	6301.86	6309.26	6298.37	6301.29	2330	0	57
2025.08.05	20:30:00	6301.52	6303.01	6297.62	6301.02	1134	0	57
2025.08.05	22:00:00	6302.39	6305.30	6290.79	6297.00	1653	0	59
2025.08.05	22:30:00	6297.00	6300.76	6296.30	6300.51	682	0	58
2025.08.05	23:00:00	6300.35	6303.26	6298.77	6299.95	601	0	58
2025.08.05	23:30:00	6300.19	6302.72	6294.28	6294.28	1039	0	57
2025.08.06	00:00:00	6294.08	6301.71	6293.30	6300.80	1438	0	58
2025.08.06	00:30:00	6300.57	6303.17	6297.25	6298.47	1027	0	58
2025.08.06	01:00:00	6298.29	6300.46	6296.57	6299.29	861	0	58
2025.08.06	01:30:00	6299.11	6311.95	6298.58	6311.51	1085	0	58
2025.08.06	02:00:00	6311.50	6315.51	6308.80	6315.51	823	0	57
2025.08.06	02:30:00	6315.77	6318.94	6315.01	6316.05	834	0	58
2025.08.06	03:00:00	6316.21	6317.51	6313.32	6315.96	642	0	57
2025.08.06	03:30:00	6315.99	6318.26	6315.50	6317.71	506	0	58
2025.08.06	04:00:00	6317.74	6319.75	6317.25	6318.51	443	0	58
2025.08.06	04:30:00	6318.68	6319.73	6317.50	6318.75	394	0	58
2025.08.06	05:00:00	6318.75	6320.99	6317.50	6320.99	530	0	58
2025.08.06	05:30:00	6321.01	6328.20	6320.80	6324.72	933	0	57
2025.08.06	06:00:00	6324.95	6329.26	6323.54	6328.80	941	0	58
2025.08.06	06:30:00	6328.57	6330.71	6325.59	6326.71	852	0	58
2025.08.06	07:00:00	6326.92	6335.28	6326.65	6331.91	1542	0	58
2025.08.06	07:30:00	6331.98	6335.58	6331.18	6334.83	860	0	58
2025.08.06	08:00:00	6334.95	6335.59	6327.47	6327.73	1304	0	58
2025.08.06	08:30:00	6327.81	6328.60	6321.42	6323.16	1243	0	57
2025.08.06	09:00:00	6322.95	6325.85	6319.97	6320.82	1170	0	58
2025.08.06	09:30:00	6320.94	6321.27	6314.95	6317.92	1051	0	59
2025.08.06	10:00:00	6317.80	6320.80	6313.42	6318.97	1391	0	60
2025.08.06	10:30:00	6319.08	6319.59	6309.41	6316.69	1455	0	58
2025.08.06	11:00:00	6316.82	6320.34	6315.02	6317.33	1701	0	59
2025.08.06	11:30:00	6317.28	6320.59	6315.66	6316.16	1148	0	58
2025.08.06	12:00:00	6316.16	6318.07	6308.46	6311.31	1572	0	58
2025.08.06	12:30:00	6311.29	6317.34	6309.68	6316.67	1165	0	59
2025.08.06	13:00:00	6316.73	6320.60	6312.18	6312.58	1191	0	58
2025.08.06	13:30:00	6312.82	6321.81	6304.68	6310.94	13488	0	56
2025.08.06	14:00:00	6311.09	6328.33	6303.43	6309.93	9777	0	57
2025.08.06	14:30:00	6310.07	6332.35	6305.69	6331.18	7541	0	57
2025.08.06	15:00:00	6331.23	6342.81	6326.46	6341.69	4777	0	57
2025.08.06	15:30:00	6341.46	6352.11	6333.92	6349.17	4659	0	57
2025.08.06	16:00:00	6349.35	6351.06	6344.19	6346.33	2560	0	58
2025.08.06	16:30:00	6346.26	6352.34	6340.91	6344.90	3365	0	57
2025.08.06	17:00:00	6344.70	6348.84	6341.92	6345.53	2849	0	57
2025.08.06	17:30:00	6345.52	6349.56	6342.43	6344.83	2019	0	57
2025.08.06	18:00:00	6344.68	6353.58	6344.42	6351.70	1798	0	57
2025.08.06	18:30:00	6351.85	6354.47	6347.18	6348.58	1743	0	58
2025.08.06	19:00:00	6348.42	6353.84	6347.95	6352.54	1592	0	57
2025.08.06	19:30:00	6352.45	6356.82	6346.41	6349.17	3000	0	57
2025.08.06	20:00:00	6349.33	6349.56	6345.94	6348.42	751	0	59
2025.08.06	20:30:00	6348.30	6348.81	6345.41	6348.08	497	0	58
2025.08.06	22:00:00	6352.86	6362.70	6342.76	6361.99	1862	0	59
2025.08.06	22:30:00	6361.96	6365.40	6358.46	6361.09	1143	0	59
2025.08.06	23:00:00	6361.20	6365.45	6360.74	6361.66	723	0	59
2025.08.06	23:30:00	6361.49	6362.66	6356.95	6358.70	749	0	58
2025.08.07	00:00:00	6358.52	6365.41	6356.51	6363.46	1059	0	58
2025.08.07	00:30:00	6363.45	6366.62	6363.25	6363.96	698	0	58
2025.08.07	01:00:00	6363.78	6366.46	6363.50	6365.70	624	0	58
2025.08.07	01:30:00	6365.71	6369.66	6364.00	6366.92	652	0	57
2025.08.07	02:00:00	6366.75	6369.21	6365.45	6365.80	542	0	57
2025.08.07	02:30:00	6365.87	6366.95	6363.73	6364.71	407	0	58
2025.08.07	03:00:00	6364.87	6367.21	6364.00	6365.70	376	0	58
2025.08.07	03:30:00	6365.83	6367.86	6365.00	6365.71	338	0	57
2025.08.07	04:00:00	6365.87	6367.67	6363.96	6363.96	268	0	57
2025.08.07	04:30:00	6364.12	6365.21	6358.96	6360.97	485	0	57
2025.08.07	05:00:00	6360.78	6362.40	6358.55	6362.02	612	0	58
2025.08.07	05:30:00	6361.96	6363.66	6360.70	6363.21	589	0	58
2025.08.07	06:00:00	6363.21	6366.69	6361.96	6366.45	1065	0	58
2025.08.07	06:30:00	6366.45	6367.95	6361.25	6362.16	697	0	58
2025.08.07	07:00:00	6362.09	6371.50	6361.76	6365.53	1490	0	58
2025.08.07	07:30:00	6365.39	6373.54	6364.86	6372.54	929	0	58
2025.08.07	08:00:00	6372.47	6387.78	6372.36	6386.39	1837	0	58
2025.08.07	08:30:00	6386.27	6387.29	6379.11	6383.87	1000	0	59
2025.08.07	09:00:00	6384.04	6390.53	6380.59	6390.53	1186	0	58
2025.08.07	09:30:00	6390.65	6398.75	6388.75	6396.52	1192	0	59
2025.08.07	10:00:00	6396.75	6404.77	6394.13	6395.28	1345	0	61
2025.08.07	10:30:00	6395.11	6395.11	6389.62	6391.16	1294	0	59
2025.08.07	11:00:00	6391.59	6395.43	6388.47	6391.08	1643	0	58
2025.08.07	11:30:00	6390.83	6390.83	6384.07	6384.37	1452	0	58
2025.08.07	12:00:00	6384.46	6388.68	6383.30	6386.29	1442	0	59
2025.08.07	12:30:00	6385.84	6390.98	6383.90	6385.71	1933	0	60
2025.08.07	13:00:00	6385.85	6390.48	6382.56	6385.18	1127	0	58
2025.08.07	13:30:00	6385.06	6392.47	6375.31	6387.06	10300	0	57
2025.08.07	14:00:00	6387.22	6390.72	6352.88	6358.66	11493	0	58
2025.08.07	14:30:00	6358.51	6364.28	6345.89	6349.28	9194	0	59
2025.08.07	15:00:00	6349.12	6354.13	6340.00	6341.62	7750	0	57
2025.08.07	15:30:00	6341.78	6346.54	6335.74	6341.52	6237	0	58
2025.08.07	16:00:00	6341.28	6348.13	6334.01	6344.26	5351	0	59
2025.08.07	16:30:00	6344.12	6347.78	6322.96	6334.04	6600	0	58
2025.08.07	17:00:00	6333.86	6340.53	6321.40	6321.78	7690	0	57
2025.08.07	17:30:00	6321.62	6332.24	6318.39	6328.82	6013	0	58
2025.08.07	18:00:00	6328.97	6331.97	6312.35	6320.59	5617	0	58
2025.08.07	18:30:00	6320.53	6330.51	6315.94	6326.87	3379	0	58
2025.08.07	19:00:00	6327.03	6329.78	6321.87	6324.62	3415	0	59
2025.08.07	19:30:00	6324.76	6346.51	6324.36	6345.88	4466	0	59
2025.08.07	20:00:00	6345.27	6353.75	6344.60	6350.36	1673	0	60
2025.08.07	20:30:00	6350.52	6352.27	6347.41	6351.68	403	0	59
2025.08.07	22:00:00	6350.56	6361.11	6350.41	6360.19	1129	0	60
2025.08.07	22:30:00	6360.36	6360.59	6355.99	6358.11	890	0	58
2025.08.07	23:00:00	6358.14	6359.10	6355.91	6356.95	574	0	59
2025.08.07	23:30:00	6357.11	6357.31	6354.19	6355.20	574	0	58
2025.08.08	00:00:00	6355.17	6362.08	6352.92	6361.91	1008	0	58
2025.08.08	00:30:00	6362.02	6366.10	6360.73	6363.20	802	0	57
2025.08.08	01:00:00	6362.97	6364.57	6359.41	6361.42	646	0	58
2025.08.08	01:30:00	6361.58	6362.87	6360.45	6361.61	622	0	58
2025.08.08	02:00:00	6361.64	6365.41	6361.47	6364.65	370	0	57
2025.08.08	02:30:00	6364.66	6365.87	6363.97	6365.13	227	0	57
2025.08.08	03:00:00	6365.01	6365.41	6362.95	6363.20	243	0	57
2025.08.08	03:30:00	6363.36	6363.41	6359.72	6360.11	426	0	58
2025.08.08	04:00:00	6359.95	6360.86	6356.65	6358.59	430	0	58
2025.08.08	04:30:00	6358.66	6360.07	6355.90	6357.12	393	0	58
2025.08.08	05:00:00	6357.14	6359.66	6353.69	6354.70	710	0	58
2025.08.08	05:30:00	6354.86	6357.11	6347.48	6348.47	987	0	58
2025.08.08	06:00:00	6348.64	6357.44	6348.49	6357.20	934	0	59
2025.08.08	06:30:00	6357.20	6358.43	6354.03	6354.66	607	0	59
2025.08.08	07:00:00	6354.88	6360.00	6353.88	6357.12	1340	0	58
2025.08.08	07:30:00	6357.17	6359.30	6354.61	6355.03	736	0	58
2025.08.08	08:00:00	6354.86	6361.00	6354.86	6359.52	923	0	61
2025.08.08	08:30:00	6359.75	6360.78	6357.11	6358.61	567	0	61
2025.08.08	09:00:00	6358.77	6363.52	6358.10	6360.61	571	0	61
2025.08.08	09:30:00	6360.78	6362.78	6359.86	6361.53	505	0	60
2025.08.08	10:00:00	6361.76	6364.53	6361.61	6362.61	340	0	60
2025.08.08	10:30:00	6362.38	6364.77	6362.36	6363.86	261	0	59
2025.08.08	11:00:00	6364.03	6367.52	6362.37	6365.11	544	0	59
2025.08.08	11:30:00	6365.28	6368.08	6364.11	6367.17	427	0	59
2025.08.08	12:00:00	6367.33	6367.33	6354.91	6358.90	1237	0	59
2025.08.08	12:30:00	6358.67	6361.08	6356.16	6357.28	1179	0	60
2025.08.08	13:00:00	6357.51	6361.79	6355.36	6361.03	1047	0	59
2025.08.08	13:30:00	6361.26	6379.54	6357.87	6379.05	5997	0	57
2025.08.08	14:00:00	6379.26	6388.54	6378.12	6385.03	5747	0	57
2025.08.08	14:30:00	6384.88	6391.04	6377.63	6378.52	3673	0	57
2025.08.08	15:00:00	6378.76	6385.28	6376.12	6380.36	3784	0	58
2025.08.08	15:30:00	6380.52	6384.79	6368.86	6384.03	4578	0	58
2025.08.08	16:00:00	6383.87	6394.04	6383.15	6389.37	2938	0	57
2025.08.08	16:30:00	6389.54	6391.80	6384.87	6386.04	2358	0	58
2025.08.08	17:00:00	6386.26	6388.78	6381.62	6384.54	2741	0	58
2025.08.08	17:30:00	6384.37	6393.80	6384.37	6392.52	1722	0	57
2025.08.08	18:00:00	6392.77	6397.04	6389.89	6392.79	1687	0	57
2025.08.08	18:30:00	6393.02	6395.79	6392.86	6393.29	1180	0	57
2025.08.08	19:00:00	6393.13	6397.03	6391.13	6393.28	1402	0	57
2025.08.08	19:30:00	6393.12	6393.52	6381.11	6392.11	3292	0	57
2025.08.08	20:00:00	6392.26	6403.51	6391.62	6402.10	1060	0	59
2025.08.08	20:30:00	6401.88	6403.99	6399.85	6401.00	237	0	62
2025.08.10	22:00:00	6402.97	6404.87	6397.72	6401.92	1370	0	60
2025.08.10	22:30:00	6401.67	6402.30	6399.93	6400.39	287	0	62
2025.08.10	23:00:00	6400.39	6402.39	6394.15	6394.15	495	0	59
2025.08.10	23:30:00	6394.15	6395.81	6393.16	6394.67	449	0	58
2025.08.11	00:00:00	6394.66	6402.86	6394.49	6401.66	937	0	58
2025.08.11	00:30:00	6401.36	6402.36	6400.48	6401.58	404	0	59
2025.08.11	01:00:00	6401.48	6404.66	6400.95	6404.66	496	0	58
2025.08.11	01:30:00	6404.52	6408.16	6403.91	6407.45	623	0	58
2025.08.11	02:00:00	6407.60	6409.39	6406.41	6406.93	353	0	58
2025.08.11	02:30:00	6406.73	6407.62	6405.41	6406.35	286	0	58
2025.08.11	03:00:00	6406.39	6408.91	6405.47	6406.17	390	0	57
2025.08.11	03:30:00	6406.15	6406.35	6403.99	6404.66	271	0	59
2025.08.11	04:00:00	6404.66	6405.41	6401.23	6401.42	340	0	59
2025.08.11	04:30:00	6401.41	6401.86	6400.24	6401.41	227	0	58
2025.08.11	05:00:00	6401.31	6402.62	6400.41	6401.23	321	0	58
2025.08.11	05:30:00	6401.18	6402.86	6399.96	6402.08	351	0	58
2025.08.11	06:00:00	6402.13	6405.05	6400.15	6402.20	657	0	59
2025.08.11	06:30:00	6402.17	6408.10	6401.95	6408.08	560	0	59
2025.08.11	07:00:00	6407.95	6408.22	6403.07	6403.22	734	0	58
2025.08.11	07:30:00	6403.45	6403.50	6392.35	6394.59	800	0	60
2025.08.11	08:00:00	6394.34	6395.71	6388.56	6392.50	1805	0	58
2025.08.11	08:30:00	6392.35	6395.71	6391.87	6393.32	870	0	59
2025.08.11	09:00:00	6393.46	6398.48	6393.06	6398.22	483	0	59
2025.08.11	09:30:00	6398.35	6400.49	6398.30	6398.97	409	0	59
2025.08.11	10:00:00	6398.92	6402.97	6398.06	6402.35	421	0	59
2025.08.11	10:30:00	6402.48	6402.72	6397.55	6401.83	466	0	60
2025.08.11	11:00:00	6401.60	6404.44	6400.82	6401.09	544	0	60
2025.08.11	11:30:00	6400.94	6405.42	6400.56	6404.31	372	0	61
2025.08.11	12:00:00	6404.47	6406.49	6400.45	6401.73	762	0	60
2025.08.11	12:30:00	6401.85	6402.19	6395.82	6397.99	866	0	59
2025.08.11	13:00:00	6397.84	6399.00	6393.81	6396.07	1155	0	59
2025.08.11	13:30:00	6396.23	6398.99	6390.07	6398.23	6922	0	58
2025.08.11	14:00:00	6398.46	6401.22	6393.56	6393.98	3352	0	58
2025.08.11	14:30:00	6393.82	6395.71	6386.86	6389.07	3220	0	58
2025.08.11	15:00:00	6389.13	6394.56	6386.67	6392.33	2530	0	57
2025.08.11	15:30:00	6392.17	6400.32	6389.17	6400.09	2478	0	58
2025.08.11	16:00:00	6400.32	6411.25	6399.43	6407.08	2072	0	58
2025.08.11	16:30:00	6406.92	6407.56	6394.44	6394.67	2309	0	59
2025.08.11	17:00:00	6394.83	6397.33	6390.20	6393.08	1914	0	60
2025.08.11	17:30:00	6392.92	6395.58	6385.18	6389.08	2427	0	60
2025.08.11	18:00:00	6389.31	6389.84	6383.69	6385.81	2742	0	59
2025.08.11	18:30:00	6386.06	6389.80	6376.43	6386.07	2437	0	59
2025.08.11	19:00:00	6385.92	6387.33	6380.92	6383.83	1915	0	59
2025.08.11	19:30:00	6383.68	6384.84	6367.66	6380.32	4199	0	59
2025.08.11	20:00:00	6380.15	6381.58	6374.89	6376.22	801	0	61
2025.08.11	20:30:00	6376.26	6377.32	6374.91	6376.27	255	0	61
2025.08.11	22:00:00	6377.56	6381.08	6373.89	6373.89	843	0	60
2025.08.11	22:30:00	6374.06	6380.32	6373.66	6380.32	625	0	59
2025.08.11	23:00:00	6380.16	6381.10	6377.12	6378.77	369	0	59
2025.08.11	23:30:00	6378.85	6381.56	6378.36	6379.54	455	0	59
2025.08.12	00:00:00	6379.39	6385.80	6377.64	6384.65	1337	0	59
2025.08.12	00:30:00	6384.82	6386.81	6381.36	6381.87	856	0	58
2025.08.12	01:00:00	6382.03	6383.28	6380.15	6381.86	840	0	58
2025.08.12	01:30:00	6381.86	6385.36	6380.40	6385.10	606	0	57
2025.08.12	02:00:00	6385.11	6386.78	6384.11	6385.11	400	0	57
2025.08.12	02:30:00	6384.95	6386.82	6384.12	6384.63	333	0	57
2025.08.12	03:00:00	6384.61	6387.34	6384.61	6386.82	249	0	58
2025.08.12	03:30:00	6386.65	6386.82	6384.66	6385.41	240	0	57
2025.08.12	04:00:00	6385.38	6385.83	6384.36	6385.36	225	0	57
2025.08.12	04:30:00	6385.37	6390.34	6384.41	6389.65	328	0	57
2025.08.12	05:00:00	6389.62	6389.86	6373.62	6381.31	2372	0	58
2025.08.12	05:30:00	6381.33	6382.28	6372.91	6381.61	1268	0	59
2025.08.12	06:00:00	6381.60	6391.54	6380.61	6391.06	1177	0	59
2025.08.12	06:30:00	6390.94	6391.28	6385.14	6386.04	1009	0	59
2025.08.12	07:00:00	6385.89	6390.94	6385.26	6389.29	1291	0	59
2025.08.12	07:30:00	6389.39	6390.38	6384.26	6389.01	802	0	60
2025.08.12	08:00:00	6389.16	6389.69	6384.36	6385.19	909	0	59
2025.08.12	08:30:00	6385.31	6386.36	6381.79	6382.79	526	0	59
2025.08.12	09:00:00	6382.84	6384.19	6381.77	6383.89	380	0	58
2025.08.12	09:30:00	6384.04	6385.67	6381.01	6381.18	559	0	60
2025.08.12	10:00:00	6381.04	6381.94	6378.76	6379.17	611	0	59
2025.08.12	10:30:00	6379.31	6381.40	6378.50	6379.41	471	0	60
2025.08.12	11:00:00	6379.65	6379.65	6373.25	6375.88	623	0	61
2025.08.12	11:30:00	6375.85	6379.12	6372.02	6378.75	836	0	60
2025.08.12	12:00:00	6378.89	6387.18	6378.25	6383.76	1521	0	59
2025.08.12	12:30:00	6383.58	6422.42	6383.21	6412.37	6728	0	60
2025.08.12	13:00:00	6412.21	6413.64	6399.49	6404.15	3685	0	60
2025.08.12	13:30:00	6404.00	6420.18	6391.01	6394.77	13592	0	58
2025.08.12	14:00:00	6394.93	6416.64	6388.30	6414.13	10683	0	58
2025.08.12	14:30:00	6413.97	6423.40	6409.71	6419.91	5787	0	58
2025.08.12	15:00:00	6419.74	6431.63	6419.47	6426.22	3415	0	57
2025.08.12	15:30:00	6425.99	6434.11	6424.45	6433.63	3068	0	59
2025.08.12	16:00:00	6433.47	6436.14	6429.96	6435.12	1551	0	59
2025.08.12	16:30:00	6435.27	6441.35	6434.97	6438.22	1126	0	59
2025.08.12	17:00:00	6438.38	6439.85	6435.71	6436.86	1145	0	59
2025.08.12	17:30:00	6436.71	6442.86	6435.70	6441.90	1076	0	59
2025.08.12	18:00:00	6442.11	6447.39	6442.11	6443.64	1099	0	59
2025.08.12	18:30:00	6443.87	6444.38	6441.23	6441.94	1042	0	58
2025.08.12	19:00:00	6441.78	6445.69	6441.55	6444.78	999	0	58
2025.08.12	19:30:00	6444.93	6450.44	6441.50	6448.29	2444	0	59
2025.08.12	20:00:00	6448.54	6449.43	6446.27	6448.42	664	0	59
2025.08.12	20:30:00	6448.26	6450.19	6447.27	6449.26	240	0	60
2025.08.12	22:00:00	6448.71	6449.51	6445.45	6446.62	595	0	59
2025.08.12	22:30:00	6446.50	6446.66	6445.45	6446.13	200	0	58
2025.08.12	23:00:00	6446.00	6448.66	6445.71	6448.00	296	0	59
2025.08.12	23:30:00	6447.97	6453.78	6446.70	6452.64	673	0	59
2025.08.13	00:00:00	6452.47	6453.09	6448.31	6449.00	945	0	59
2025.08.13	00:30:00	6448.97	6450.89	6446.50	6447.45	519	0	59
2025.08.13	01:00:00	6447.28	6448.18	6444.78	6445.21	322	0	59
2025.08.13	01:30:00	6445.03	6445.38	6442.55	6443.01	334	0	58
2025.08.13	02:00:00	6443.01	6446.96	6442.46	6446.96	300	0	57
2025.08.13	02:30:00	6446.96	6448.44	6446.46	6447.03	265	0	58
2025.08.13	03:00:00	6446.98	6449.67	6446.51	6447.55	257	0	58
2025.08.13	03:30:00	6447.31	6448.20	6446.78	6447.67	236	0	58
2025.08.13	04:00:00	6447.70	6450.71	6447.52	6450.50	236	0	58
2025.08.13	04:30:00	6450.66	6452.16	6450.46	6450.53	230	0	58
2025.08.13	05:00:00	6450.69	6451.17	6449.01	6449.96	243	0	58
2025.08.13	05:30:00	6449.96	6450.45	6447.46	6447.70	221	0	58
2025.08.13	06:00:00	6447.85	6449.17	6444.46	6446.75	429	0	58
2025.08.13	06:30:00	6446.72	6452.91	6446.53	6449.70	469	0	58
2025.08.13	07:00:00	6449.70	6458.28	6449.56	6457.78	845	0	59
2025.08.13	07:30:00	6457.98	6458.01	6454.36	6457.29	582	0	60
2025.08.13	08:00:00	6457.50	6463.03	6455.86	6462.11	730	0	60
2025.08.13	08:30:00	6461.87	6465.26	6459.36	6460.27	488	0	61
2025.08.13	09:00:00	6460.11	6461.29	6458.86	6459.66	435	0	61
2025.08.13	09:30:00	6459.41	6465.28	6459.35	6464.62	437	0	61
2025.08.13	10:00:00	6464.49	6465.52	6461.90	6462.37	437	0	61
2025.08.13	10:30:00	6462.14	6464.23	6460.11	6462.54	467	0	61
2025.08.13	11:00:00	6462.37	6464.37	6461.62	6462.51	418	0	60
2025.08.13	11:30:00	6462.37	6464.42	6460.64	6462.35	515	0	61
2025.08.13	12:00:00	6462.51	6464.27	6461.36	6463.66	476	0	61
2025.08.13	12:30:00	6463.41	6469.53	6463.35	6467.31	560	0	60
2025.08.13	13:00:00	6467.49	6471.02	6467.00	6470.52	642	0	60
2025.08.13	13:30:00	6470.95	6483.53	6466.37	6478.07	5542	0	58
2025.08.13	14:00:00	6478.30	6478.82	6461.07	6463.50	5422	0	59
2025.08.13	14:30:00	6463.44	6465.26	6456.88	6459.30	4611	0	59
2025.08.13	15:00:00	6459.13	6462.04	6451.86	6457.90	3690	0	58
2025.08.13	15:30:00	6458.04	6463.77	6454.62	6455.53	2871	0	58
2025.08.13	16:00:00	6455.76	6460.28	6453.61	6454.13	2326	0	59
2025.08.13	16:30:00	6453.90	6456.78	6447.89	6451.26	2590	0	59
2025.08.13	17:00:00	6451.51	6458.48	6448.37	6457.78	2166	0	58
2025.08.13	17:30:00	6457.62	6459.01	6448.87	6456.87	2309	0	58
2025.08.13	18:00:00	6456.64	6463.26	6455.12	6460.12	2030	0	58
2025.08.13	18:30:00	6460.28	6464.50	6453.61	6461.53	3106	0	59
2025.08.13	19:00:00	6461.76	6468.53	6459.65	6464.37	1737	0	59
2025.08.13	19:30:00	6464.53	6472.21	6460.62	6470.24	2513	0	59
2025.08.13	20:00:00	6470.06	6474.21	6466.03	6466.23	676	0	61
2025.08.13	20:30:00	6466.08	6466.98	6464.83	6464.97	197	0	61
2025.08.13	22:00:00	6466.48	6467.06	6461.34	6466.58	583	0	60
2025.08.13	22:30:00	6466.53	6470.43	6466.00	6469.94	281	0	60
2025.08.13	23:00:00	6469.79	6470.96	6467.75	6468.99	298	0	59
2025.08.13	23:30:00	6469.20	6471.90	6468.85	6468.85	331	0	59
2025.08.14	00:00:00	6468.93	6470.71	6467.26	6470.02	610	0	59
2025.08.14	00:30:00	6470.01	6470.75	6466.06	6466.30	608	0	59
2025.08.14	01:00:00	6466.27	6467.00	6464.07	6464.46	650	0	59
2025.08.14	01:30:00	6464.30	6466.72	6463.00	6465.75	491	0	59
2025.08.14	02:00:00	6465.75	6467.51	6465.26	6466.05	304	0	59
2025.08.14	02:30:00	6466.02	6467.51	6464.58	6467.49	253	0	58
2025.08.14	03:00:00	6467.69	6468.01	6465.01	6465.26	212	0	58
2025.08.14	03:30:00	6465.26	6466.01	6463.77	6464.33	246	0	58
2025.08.14	04:00:00	6464.44	6466.26	6464.05	6464.09	189	0	58
2025.08.14	04:30:00	6464.01	6467.26	6463.76	6467.02	179	0	58
2025.08.14	05:00:00	6466.83	6467.20	6463.52	6465.44	285	0	58
2025.08.14	05:30:00	6465.30	6466.01	6459.55	6461.50	537	0	58
2025.08.14	06:00:00	6461.51	6462.26	6458.55	6460.21	664	0	59
2025.08.14	06:30:00	6460.05	6461.46	6458.81	6461.30	578	0	59
2025.08.14	07:00:00	6461.06	6465.59	6460.82	6465.06	773	0	59
2025.08.14	07:30:00	6465.28	6466.57	6461.44	6466.33	552	0	60
2025.08.14	08:00:00	6466.17	6469.09	6466.17	6468.70	374	0	60
2025.08.14	08:30:00	6468.77	6469.55	6465.66	6466.47	342	0	60
2025.08.14	09:00:00	6466.42	6469.83	6465.15	6469.57	349	0	60
2025.08.14	09:30:00	6469.80	6470.58	6467.91	6468.44	346	0	60
2025.08.14	10:00:00	6468.21	6469.54	6466.14	6466.32	248	0	60
2025.08.14	10:30:00	6466.27	6468.34	6465.17	6466.67	334	0	61
2025.08.14	11:00:00	6466.45	6469.33	6465.39	6469.33	365	0	61
2025.08.14	11:30:00	6469.54	6472.28	6467.62	6472.12	389	0	60
2025.08.14	12:00:00	6472.00	6472.79	6467.11	6469.26	754	0	60
2025.08.14	12:30:00	6469.91	6470.83	6434.41	6447.07	7700	0	59
2025.08.14	13:00:00	6446.73	6449.81	6441.67	6448.83	2726	0	59
2025.08.14	13:30:00	6449.56	6463.59	6444.43	6461.18	9245	0	58
2025.08.14	14:00:00	6461.23	6467.08	6457.92	6463.33	5358	0	58
2025.08.14	14:30:00	6463.56	6476.58	6462.92	6468.41	3544	0	59
2025.08.14	15:00:00	6468.58	6468.83	6450.14	6454.01	4779	0	60
2025.08.14	15:30:00	6453.64	6462.81	6450.36	6460.90	4752	0	59
2025.08.14	16:00:00	6461.04	6461.54	6446.88	6451.38	4476	0	59
2025.08.14	16:30:00	6451.52	6463.28	6450.36	6462.28	3262	0	59
2025.08.14	17:00:00	6462.51	6471.28	6461.62	6470.87	1918	0	58
2025.08.14	17:30:00	6471.03	6471.54	6463.12	6467.86	2153	0	59
2025.08.14	18:00:00	6467.65	6468.00	6459.87	6461.53	2504	0	58
2025.08.14	18:30:00	6461.37	6470.27	6460.16	6466.77	1915	0	59
2025.08.14	19:00:00	6466.62	6475.52	6465.36	6470.78	1737	0	60
2025.08.14	19:30:00	6470.61	6477.27	6469.10	6470.27	2570	0	60
2025.08.14	20:00:00	6470.50	6470.50	6462.86	6465.63	2082	0	59
2025.08.14	20:30:00	6465.41	6471.83	6465.12	6471.12	608	0	61
2025.08.14	22:00:00	6469.69	6473.64	6467.68	6470.90	673	0	61
2025.08.14	22:30:00	6470.74	6473.15	6469.94	6472.99	361	0	61
2025.08.14	23:00:00	6473.16	6475.13	6472.76	6473.64	348	0	60
2025.08.14	23:30:00	6473.51	6475.44	6471.22	6471.42	527	0	59
2025.08.15	00:00:00	6471.64	6472.65	6468.29	6471.21	742	0	58
2025.08.15	00:30:00	6471.20	6476.45	6471.08	6473.20	567	0	58
2025.08.15	01:00:00	6473.21	6476.21	6472.95	6475.95	553	0	58
2025.08.15	01:30:00	6475.95	6480.76	6475.75	6479.00	421	0	58
2025.08.15	02:00:00	6479.00	6482.78	6479.00	6481.23	368	0	59
2025.08.15	02:30:00	6481.46	6481.92	6479.31	6480.95	241	0	61
2025.08.15	03:00:00	6480.78	6482.00	6479.80	6480.80	255	0	60
2025.08.15	03:30:00	6480.77	6482.50	6479.05	6482.24	307	0	59
2025.08.15	04:00:00	6482.25	6485.51	6482.25	6483.59	361	0	58
2025.08.15	04:30:00	6483.72	6486.68	6483.51	6484.80	278	0	58
2025.08.15	05:00:00	6484.77	6487.51	6483.51	6483.71	402	0	58
2025.08.15	05:30:00	6483.56	6487.51	6483.51	6486.79	283	0	58
2025.08.15	06:00:00	6486.77	6488.51	6485.25	6486.34	494	0	59
2025.08.15	06:30:00	6486.27	6489.71	6486.25	6487.07	522	0	59
2025.08.15	07:00:00	6487.21	6489.33	6484.91	6486.91	691	0	59
2025.08.15	07:30:00	6486.70	6487.67	6484.54	6487.26	498	0	61
2025.08.15	08:00:00	6487.26	6489.67	6485.90	6486.55	687	0	61
2025.08.15	08:30:00	6486.58	6486.90	6476.30	6476.78	987	0	59
2025.08.15	09:00:00	6476.84	6479.39	6475.26	6477.92	730	0	59
2025.08.15	09:30:00	6477.55	6477.63	6473.89	6474.05	582	0	60
2025.08.15	10:00:00	6474.18	6477.41	6472.28	6477.00	529	0	60
2025.08.15	10:30:00	6477.06	6483.15	6477.01	6481.49	568	0	60
2025.08.15	11:00:00	6481.57	6484.18	6481.01	6483.26	352	0	62
2025.08.15	11:30:00	6483.03	6483.67	6481.00	6481.67	398	0	62
2025.08.15	12:00:00	6481.88	6482.42	6474.70	6477.59	1137	0	60
2025.08.15	12:30:00	6477.59	6481.92	6475.63	6480.51	1918	0	60
2025.08.15	13:00:00	6480.30	6482.43	6474.28	6479.04	2088	0	59
2025.08.15	13:30:00	6478.79	6479.93	6455.76	6459.53	7649	0	58
2025.08.15	14:00:00	6459.33	6465.18	6450.74	6460.94	7071	0	58
2025.08.15	14:30:00	6460.77	6462.19	6452.52	6454.67	4679	0	58
2025.08.15	15:00:00	6454.52	6461.67	6451.51	6453.41	3045	0	58
2025.08.15	15:30:00	6453.66	6460.18	6443.76	6452.66	3805	0	59
2025.08.15	16:00:00	6452.51	6457.93	6449.29	6451.56	2987	0	59
2025.08.15	16:30:00	6451.68	6461.44	6451.68	6459.43	2403	0	59
2025.08.15	17:00:00	6459.66	6461.68	6456.27	6460.43	2007	0	59
2025.08.15	17:30:00	6460.27	6466.90	6460.04	6466.43	1530	0	59
2025.08.15	18:00:00	6466.27	6467.43	6458.75	6464.08	2488	0	58
2025.08.15	18:30:00	6463.79	6464.95	6456.89	6461.14	1700	0	59
2025.08.15	19:00:00	6461.00	6461.43	6451.78	6456.37	3181	0	59
2025.08.15	19:30:00	6456.60	6459.79	6450.02	6453.77	3340	0	59
2025.08.15	20:00:00	6453.92	6454.41	6446.05	6447.76	1002	0	59
2025.08.15	20:30:00	6447.55	6449.17	6447.20	6448.67	248	0	60
2025.08.17	22:00:00	6451.14	6461.64	6450.89	6461.15	936	0	60
2025.08.17	22:30:00	6461.15	6463.61	6460.94	6463.12	443	0	59
2025.08.17	23:00:00	6462.95	6463.86	6461.71	6462.94	301	0	58
2025.08.17	23:30:00	6463.11	6466.19	6462.70	6464.58	417	0	58
2025.08.18	00:00:00	6464.45	6466.66	6463.48	6465.21	507	0	57
2025.08.18	00:30:00	6465.18	6465.66	6463.52	6464.20	281	0	57
2025.08.18	01:00:00	6464.17	6467.11	6463.46	6466.20	288	0	58
2025.08.18	01:30:00	6466.36	6467.91	6465.95	6467.90	286	0	58
2025.08.18	02:00:00	6467.91	6467.91	6465.17	6466.22	235	0	57
2025.08.18	02:30:00	6466.38	6466.91	6465.94	6466.45	116	0	57
2025.08.18	03:00:00	6466.43	6467.42	6465.70	6465.90	196	0	57
2025.08.18	03:30:00	6465.91	6465.91	6463.91	6464.41	208	0	57
2025.08.18	04:00:00	6464.41	6464.87	6461.95	6463.66	315	0	57
2025.08.18	04:30:00	6463.66	6464.16	6462.22	6462.41	182	0	57
2025.08.18	05:00:00	6462.41	6463.86	6460.95	6461.67	296	0	57
2025.08.18	05:30:00	6461.83	6463.12	6461.48	6462.41	225	0	57
2025.08.18	06:00:00	6462.22	6463.53	6452.20	6452.91	683	0	58
2025.08.18	06:30:00	6452.75	6455.87	6445.22	6450.41	1121	0	58
2025.08.18	07:00:00	6450.57	6452.43	6445.46	6447.98	1752	0	58
2025.08.18	07:30:00	6448.19	6450.47	6443.07	6449.32	1235	0	60
2025.08.18	08:00:00	6449.10	6449.73	6440.51	6444.93	1870	0	60
2025.08.18	08:30:00	6444.78	6451.19	6443.82	6447.62	919	0	59
2025.08.18	09:00:00	6447.44	6448.11	6439.45	6442.19	883	0	65
2025.08.18	09:30:00	6441.96	6445.22	6441.69	6443.57	664	0	61
2025.08.18	10:00:00	6443.45	6446.49	6443.33	6445.23	604	0	60
2025.08.18	10:30:00	6445.45	6450.24	6445.45	6449.00	489	0	59
2025.08.18	11:00:00	6449.20	6450.23	6446.57	6447.55	639	0	59
2025.08.18	11:30:00	6447.35	6449.21	6445.07	6448.56	585	0	60
2025.08.18	12:00:00	6448.35	6449.79	6444.84	6449.79	952	0	59
2025.08.18	12:30:00	6449.63	6450.97	6446.07	6450.48	764	0	59
2025.08.18	13:00:00	6450.33	6452.73	6447.07	6448.23	1349	0	58
2025.08.18	13:30:00	6448.46	6457.73	6445.06	6446.74	6710	0	58
2025.08.18	14:00:00	6446.96	6458.98	6446.81	6450.06	4172	0	59
2025.08.18	14:30:00	6449.83	6453.74	6442.58	6451.98	4061	0	59
2025.08.18	15:00:00	6451.82	6454.24	6445.80	6446.98	2655	0	59
2025.08.18	15:30:00	6446.82	6450.10	6444.81	6447.07	1951	0	60
2025.08.18	16:00:00	6446.84	6452.69	6446.56	6451.05	1733	0	59
2025.08.18	16:30:00	6451.13	6453.47	6441.49	6444.74	1936	0	60
2025.08.18	17:00:00	6444.57	6451.74	6444.57	6451.48	1405	0	59
2025.08.18	17:30:00	6451.71	6458.11	6446.31	6447.73	2329	0	59
2025.08.18	18:00:00	6447.34	6449.73	6444.07	6447.24	1544	0	59
2025.08.18	18:30:00	6447.07	6455.49	6447.07	6454.22	1531	0	58
2025.08.18	19:00:00	6454.07	6455.47	6450.56	6452.48	1492	0	58
2025.08.18	19:30:00	6452.43	6458.47	6451.32	6452.82	2001	0	59
2025.08.18	20:00:00	6452.98	6454.70	6449.82	6451.47	582	0	59
2025.08.18	20:30:00	6451.41	6452.99	6450.59	6451.00	277	0	59
2025.08.18	22:00:00	6453.28	6462.13	6453.10	6457.24	886	0	60
2025.08.18	22:30:00	6457.20	6459.69	6456.46	6459.00	357	0	59
2025.08.18	23:00:00	6458.97	6459.90	6457.00	6457.90	337	0	59
2025.08.18	23:30:00	6457.75	6457.75	6455.02	6456.21	325	0	58
2025.08.19	00:00:00	6456.20	6456.41	6451.02	6451.17	770	0	58
2025.08.19	00:30:00	6451.00	6451.88	6446.78	6450.46	979	0	58
2025.08.19	01:00:00	6450.65	6453.46	6450.29	6450.29	830	0	58
2025.08.19	01:30:00	6450.41	6451.46	6448.49	6448.49	720	0	58
2025.08.19	02:00:00	6448.46	6450.96	6446.75	6448.16	547	0	58
2025.08.19	02:30:00	6447.99	6449.87	6445.01	6445.45	514	0	59
2025.08.19	03:00:00	6445.62	6450.61	6444.25	6450.46	396	0	58
2025.08.19	03:30:00	6450.46	6450.64	6444.21	6444.71	576	0	58
2025.08.19	04:00:00	6444.88	6444.95	6441.46	6441.50	339	0	58
2025.08.19	04:30:00	6441.46	6444.66	6441.46	6443.89	304	0	58
2025.08.19	05:00:00	6443.94	6445.13	6439.46	6440.73	419	0	58
2025.08.19	05:30:00	6440.71	6442.21	6438.96	6439.93	404	0	58
2025.08.19	06:00:00	6439.79	6443.46	6439.46	6443.17	586	0	58
2025.08.19	06:30:00	6443.19	6445.40	6442.46	6444.17	283	0	58
2025.08.19	07:00:00	6444.19	6446.52	6443.13	6443.37	811	0	58
2025.08.19	07:30:00	6443.17	6445.98	6441.66	6445.04	472	0	59
2025.08.19	08:00:00	6445.24	6448.28	6442.61	6447.03	824	0	59
2025.08.19	08:30:00	6447.26	6450.05	6445.38	6449.88	322	0	59
2025.08.19	09:00:00	6449.93	6453.54	6449.11	6453.01	411	0	59
2025.08.19	09:30:00	6453.24	6453.53	6450.09	6450.52	354	0	60
2025.08.19	10:00:00	6450.75	6450.75	6446.08	6448.75	742	0	62
2025.08.19	10:30:00	6448.70	6449.24	6444.10	6445.98	589	0	61
2025.08.19	11:00:00	6445.86	6448.28	6445.86	6447.36	461	0	61
2025.08.19	11:30:00	6447.15	6452.28	6446.10	6451.86	605	0	60
2025.08.19	12:00:00	6451.63	6453.04	6447.11	6452.29	907	0	58
2025.08.19	12:30:00	6452.24	6453.29	6447.15	6447.89	769	0	59
2025.08.19	13:00:00	6448.03	6450.79	6446.35	6450.78	821	0	59
2025.08.19	13:30:00	6451.01	6454.63	6439.61	6448.24	7582	0	58
2025.08.19	14:00:00	6448.08	6460.81	6447.66	6448.63	5901	0	59
2025.08.19	14:30:00	6448.46	6455.34	6431.66	6431.91	5826	0	59
2025.08.19	15:00:00	6431.68	6436.78	6424.17	6435.86	5007	0	60
2025.08.19	15:30:00	6435.86	6439.00	6426.11	6427.36	3426	0	59
2025.08.19	16:00:00	6427.53	6430.96	6421.38	6422.98	3237	0	60
2025.08.19	16:30:00	6423.20	6425.69	6412.82	6416.20	4292	0	59
2025.08.19	17:00:00	6416.07	6418.00	6407.56	6416.57	3619	0	59
2025.08.19	17:30:00	6416.34	6420.46	6415.80	6417.58	1989	0	59
2025.08.19	18:00:00	6417.73	6418.23	6407.59	6410.56	2689	0	59
2025.08.19	18:30:00	6410.33	6412.17	6406.07	6410.41	1998	0	61
2025.08.19	19:00:00	6410.26	6411.69	6404.02	6411.27	2498	0	59
2025.08.19	19:30:00	6411.04	6418.94	6406.28	6417.19	3023	0	57
2025.08.19	20:00:00	6417.43	6420.83	6417.03	6419.82	743	0	58
2025.08.19	20:30:00	6419.98	6420.23	6417.59	6420.01	193	0	59
2025.08.19	22:00:00	6415.97	6422.55	6415.08	6415.79	1169	0	60
2025.08.19	22:30:00	6415.95	6419.47	6415.52	6417.05	669	0	59
2025.08.19	23:00:00	6417.21	6419.21	6409.50	6414.46	971	0	59
2025.08.19	23:30:00	6414.30	6414.50	6410.25	6412.43	942	0	58
2025.08.20	00:00:00	6412.48	6412.71	6407.76	6409.76	1449	0	58
2025.08.20	00:30:00	6409.64	6411.76	6407.30	6410.00	944	0	58
2025.08.20	01:00:00	6409.86	6412.26	6404.31	6404.98	992	0	58
2025.08.20	01:30:00	6404.81	6405.98	6402.56	6403.48	942	0	61
2025.08.20	02:00:00	6403.31	6405.17	6400.56	6405.00	621	0	60
2025.08.20	02:30:00	6405.00	6405.75	6403.79	6404.52	422	0	58
2025.08.20	03:00:00	6404.51	6405.20	6398.07	6400.22	720	0	58
2025.08.20	03:30:00	6400.46	6401.73	6394.31	6395.48	558	0	60
2025.08.20	04:00:00	6395.31	6400.44	6395.31	6400.43	459	0	61
2025.08.20	04:30:00	6400.26	6400.68	6396.51	6398.01	400	0	61
2025.08.20	05:00:00	6397.77	6397.92	6394.26	6396.01	440	0	62
2025.08.20	05:30:00	6395.77	6401.01	6395.53	6400.76	549	0	58
2025.08.20	06:00:00	6400.62	6402.26	6396.30	6399.06	933	0	58
2025.08.20	06:30:00	6398.83	6404.01	6398.32	6403.03	1035	0	57
2025.08.20	07:00:00	6402.83	6410.35	6402.22	6407.84	1398	0	58
2025.08.20	07:30:00	6407.68	6407.84	6404.43	6404.85	757	0	59
2025.08.20	08:00:00	6405.05	6405.58	6397.46	6398.69	1325	0	58
2025.08.20	08:30:00	6398.83	6407.05	6397.67	6404.54	994	0	59
2025.08.20	09:00:00	6404.79	6409.09	6402.71	6407.81	670	0	60
2025.08.20	09:30:00	6407.66	6410.57	6407.41	6409.08	436	0	61
2025.08.20	10:00:00	6409.29	6413.02	6407.91	6410.37	451	0	60
2025.08.20	10:30:00	6410.53	6411.25	6405.38	6409.88	615	0	60
2025.08.20	11:00:00	6409.65	6414.28	6406.88	6407.23	1040	0	59
2025.08.20	11:30:00	6407.13	6410.78	6403.37	6409.14	1081	0	58
2025.08.20	12:00:00	6408.91	6412.79	6408.66	6409.87	1023	0	59
2025.08.20	12:30:00	6409.75	6413.97	6406.35	6411.19	1472	0	60
2025.08.20	13:00:00	6411.07	6412.98	6408.06	6412.48	1263	0	59
2025.08.20	13:30:00	6412.61	6414.94	6367.87	6372.03	14685	0	57
2025.08.20	14:00:00	6372.26	6381.26	6355.17	6357.68	15332	0	57
2025.08.20	14:30:00	6357.82	6362.84	6347.93	6352.43	10016	0	57
2025.08.20	15:00:00	6352.29	6383.07	6350.42	6382.17	6601	0	58
2025.08.20	15:30:00	6382.34	6387.81	6365.92	6370.32	6098	0	58
2025.08.20	16:00:00	6370.03	6393.35	6369.40	6392.93	4997	0	58
2025.08.20	16:30:00	6392.70	6393.29	6377.93	6381.93	4907	0	58
2025.08.20	17:00:00	6381.71	6390.84	6380.20	6384.32	4999	0	58
2025.08.20	17:30:00	6384.16	6398.75	6383.91	6390.48	4328	0	59
2025.08.20	18:00:00	6390.72	6391.78	6370.39	6376.63	7584	0	58
2025.08.20	18:30:00	6376.40	6392.02	6375.62	6385.12	4183	0	59
2025.08.20	19:00:00	6385.28	6406.78	6385.28	6401.52	4226	0	59
2025.08.20	19:30:00	6401.37	6408.75	6396.10	6398.62	5219	0	59
2025.08.20	20:00:00	6398.88	6400.04	6395.86	6396.51	1062	0	60
2025.08.20	20:30:00	6396.36	6399.77	6396.36	6399.28	321	0	60
2025.08.20	22:00:00	6400.06	6403.04	6395.55	6398.55	1172	0	59
2025.08.20	22:30:00	6398.42	6399.48	6395.55	6396.56	694	0	59
2025.08.20	23:00:00	6396.56	6398.05	6394.35	6395.26	537	0	59
2025.08.20	23:30:00	6395.10	6397.00	6393.32	6396.52	595	0	58
2025.08.21	00:00:00	6396.35	6396.76	6386.61	6389.21	1409	0	57
2025.08.21	00:30:00	6389.30	6394.79	6387.83	6390.56	998	0	58
2025.08.21	01:00:00	6390.41	6391.74	6386.35	6390.85	1405	0	58
2025.08.21	01:30:00	6391.01	6401.75	6391.01	6401.54	950	0	58
2025.08.21	02:00:00	6401.37	6404.06	6399.06	6403.05	863	0	58
2025.08.21	02:30:00	6403.06	6403.99	6401.00	6402.76	440	0	58
2025.08.21	03:00:00	6402.60	6404.06	6399.43	6401.50	400	0	58
2025.08.21	03:30:00	6401.54	6402.55	6399.08	6399.10	470	0	58
2025.08.21	04:00:00	6399.07	6399.77	6397.13	6398.01	461	0	58
2025.08.21	04:30:00	6397.85	6399.56	6396.60	6397.37	414	0	58
2025.08.21	05:00:00	6397.51	6399.04	6393.09	6393.35	851	0	59
2025.08.21	05:30:00	6393.51	6398.72	6392.13	6398.60	631	0	59
2025.08.21	06:00:00	6398.75	6404.06	6397.60	6400.79	1016	0	58
2025.08.21	06:30:00	6400.62	6404.05	6400.39	6401.63	926	0	58
2025.08.21	07:00:00	6401.58	6402.37	6394.98	6395.87	1622	0	58
2025.08.21	07:30:00	6395.99	6400.63	6395.11	6398.33	958	0	59
2025.08.21	08:00:00	6398.33	6401.90	6393.72	6398.36	1343	0	58
2025.08.21	08:30:00	6398.26	6399.76	6388.47	6388.63	1146	0	58
2025.08.21	09:00:00	6388.83	6392.64	6386.52	6392.00	1075	0	59
2025.08.21	09:30:00	6391.75	6393.64	6388.71	6389.02	586	0	59
2025.08.21	10:00:00	6389.10	6389.88	6380.47	6386.96	1495	0	59
2025.08.21	10:30:00	6386.85	6389.86	6383.76	6388.09	1068	0	59
2025.08.21	11:00:00	6388.00	6393.37	6386.46	6388.14	1838	0	59
2025.08.21	11:30:00	6388.08	6389.37	6379.48	6383.14	1512	0	58
2025.08.21	12:00:00	6382.77	6383.14	6370.77	6374.16	2291	0	58
2025.08.21	12:30:00	6374.02	6381.87	6370.21	6372.21	2336	0	59
2025.08.21	13:00:00	6372.00	6380.61	6369.26	6380.39	1728	0	59
2025.08.21	13:30:00	6380.62	6382.89	6361.03	6369.39	16540	0	56
2025.08.21	14:00:00	6369.23	6397.59	6363.97	6396.62	10607	0	57
2025.08.21	14:30:00	6396.75	6396.75	6378.12	6388.86	6785	0	58
2025.08.21	15:00:00	6389.01	6391.78	6370.42	6384.32	7391	0	58
2025.08.21	15:30:00	6384.55	6393.34	6371.96	6373.47	6146	0	58
2025.08.21	16:00:00	6373.24	6376.63	6367.23	6370.13	5430	0	58
2025.08.21	16:30:00	6369.97	6377.64	6364.35	6366.33	4631	0	58
2025.08.21	17:00:00	6366.48	6372.49	6355.82	6361.90	5281	0	58
2025.08.21	17:30:00	6361.72	6379.86	6360.96	6377.17	3965	0	59
2025.08.21	18:00:00	6377.02	6379.89	6372.29	6372.93	3237	0	59
2025.08.21	18:30:00	6373.16	6380.66	6368.78	6379.18	3448	0	58
2025.08.21	19:00:00	6379.12	6383.18	6376.80	6377.43	2302	0	58
2025.08.21	19:30:00	6377.28	6377.94	6369.22	6373.46	3675	0	59
2025.08.21	20:00:00	6373.62	6376.63	6371.44	6375.13	987	0	60
2025.08.21	20:30:00	6375.24	6377.37	6374.71	6375.97	264	0	60
2025.08.21	22:00:00	6378.28	6383.01	6378.17	6378.84	776	0	60
2025.08.21	22:30:00	6379.01	6383.23	6378.84	6382.58	441	0	59
2025.08.21	23:00:00	6382.38	6383.27	6380.60	6382.80	263	0	58
2025.08.21	23:30:00	6382.97	6384.31	6380.06	6383.88	448	0	58
2025.08.22	00:00:00	6383.63	6385.01	6371.14	6375.76	2127	0	58
2025.08.22	00:30:00	6375.80	6378.98	6375.56	6377.27	967	0	58
2025.08.22	01:00:00	6377.30	6379.01	6373.81	6377.03	1318	0	58
2025.08.22	01:30:00	6376.87	6377.51	6373.62	6375.71	898	0	58
2025.08.22	02:00:00	6375.60	6380.48	6375.38	6379.06	619	0	58
2025.08.22	02:30:00	6379.05	6380.26	6374.90	6374.90	531	0	58
2025.08.22	03:00:00	6374.83	6375.06	6371.33	6372.85	612	0	58
2025.08.22	03:30:00	6373.01	6375.23	6372.06	6372.27	512	0	58
2025.08.22	04:00:00	6372.12	6375.75	6371.81	6373.85	360	0	58
2025.08.22	04:30:00	6374.02	6376.24	6373.56	6374.77	260	0	58
2025.08.22	05:00:00	6374.60	6375.56	6370.06	6370.60	567	0	58
2025.08.22	05:30:00	6370.77	6374.00	6368.56	6371.32	566	0	58
2025.08.22	06:00:00	6371.12	6371.12	6364.91	6366.75	863	0	58
2025.08.22	06:30:00	6366.99	6368.27	6349.63	6362.50	2632	0	58
2025.08.22	07:00:00	6362.36	6373.10	6361.06	6371.40	1689	0	58
2025.08.22	07:30:00	6371.39	6377.13	6370.73	6376.27	957	0	58
2025.08.22	08:00:00	6376.13	6385.64	6374.73	6382.75	1370	0	58
2025.08.22	08:30:00	6382.60	6388.36	6380.72	6387.88	879	0	59
2025.08.22	09:00:00	6387.72	6387.89	6384.47	6386.85	640	0	59
2025.08.22	09:30:00	6386.73	6388.37	6384.46	6387.82	560	0	60
2025.08.22	10:00:00	6388.06	6391.13	6387.22	6390.22	637	0	59
2025.08.22	10:30:00	6390.01	6391.63	6388.47	6389.64	473	0	59
2025.08.22	11:00:00	6389.39	6391.62	6386.23	6386.75	778	0	59
2025.08.22	11:30:00	6386.53	6387.64	6383.96	6385.63	537	0	59
2025.08.22	12:00:00	6385.48	6391.61	6384.96	6390.89	848	0	60
2025.08.22	12:30:00	6391.10	6391.60	6385.70	6386.12	1084	0	59
2025.08.22	13:00:00	6386.13	6393.63	6385.21	6393.46	1274	0	59
2025.08.22	13:30:00	6393.62	6413.38	6388.48	6399.74	8999	0	58
2025.08.22	14:00:00	6402.12	6471.87	6402.12	6457.38	34254	0	57
2025.08.22	14:30:00	6457.51	6478.36	6457.51	6473.14	11768	0	58
2025.08.22	15:00:00	6473.34	6479.38	6471.45	6476.86	6093	0	58
2025.08.22	15:30:00	6476.72	6481.88	6469.96	6470.88	4667	0	59
2025.08.22	16:00:00	6471.09	6475.65	6463.48	6464.51	4339	0	58
2025.08.22	16:30:00	6464.64	6471.13	6459.49	6463.71	3701	0	58
2025.08.22	17:00:00	6463.49	6479.38	6463.47	6478.10	3055	0	58
2025.08.22	17:30:00	6477.96	6480.88	6473.74	6474.63	1969	0	60
2025.08.22	18:00:00	6474.86	6477.14	6469.75	6470.86	2234	0	59
2025.08.22	18:30:00	6471.10	6475.63	6469.46	6471.48	1740	0	60
2025.08.22	19:00:00	6471.63	6473.38	6467.47	6467.72	1904	0	59
2025.08.22	19:30:00	6467.49	6471.61	6459.97	6469.47	4614	0	58
2025.08.22	20:00:00	6469.24	6472.37	6465.96	6470.48	948	0	59
2025.08.22	20:30:00	6470.53	6472.39	6469.97	6470.13	177	0	61
2025.08.24	22:00:00	6476.06	6476.50	6467.80	6467.80	1443	0	50
2025.08.24	22:30:00	6467.80	6472.21	6467.09	6471.35	530	0	50
2025.08.24	23:00:00	6471.30	6472.30	6469.80	6471.38	551	0	50
2025.08.24	23:30:00	6471.51	6474.53	6469.01	6471.22	870	0	50
2025.08.25	00:00:00	6471.28	6475.24	6468.81	6469.30	1559	0	50
2025.08.25	00:30:00	6469.13	6469.48	6466.07	6467.35	688	0	50
2025.08.25	01:00:00	6467.51	6467.99	6464.59	6465.59	572	0	50
2025.08.25	01:30:00	6465.36	6465.74	6462.55	6462.55	454	0	50
2025.08.25	02:00:00	6462.55	6465.04	6462.09	6463.51	408	0	50
2025.08.25	02:30:00	6463.34	6463.74	6459.81	6460.07	361	0	50
2025.08.25	03:00:00	6459.87	6462.05	6459.56	6461.88	325	0	50
2025.08.25	03:30:00	6462.00	6466.25	6461.05	6465.80	430	0	50
2025.08.25	04:00:00	6465.63	6467.76	6464.95	6467.24	268	0	50
2025.08.25	04:30:00	6467.09	6467.93	6467.05	6467.31	186	0	50
2025.08.25	05:00:00	6467.13	6469.26	6466.32	6467.64	326	0	50
2025.08.25	05:30:00	6467.39	6469.80	6466.12	6469.80	223	0	50
2025.08.25	06:00:00	6469.80	6470.50	6467.05	6467.84	483	0	50
2025.08.25	06:30:00	6467.81	6468.00	6461.55	6462.09	581	0	50
2025.08.25	07:00:00	6462.29	6463.93	6459.81	6460.95	1446	0	42
2025.08.25	07:30:00	6461.14	6463.38	6460.24	6462.01	619	0	42
2025.08.25	08:00:00	6461.81	6463.39	6459.77	6462.38	838	0	42
2025.08.25	08:30:00	6462.35	6463.64	6459.01	6459.18	372	0	42
2025.08.25	09:00:00	6459.12	6459.63	6455.78	6456.27	500	0	42
2025.08.25	09:30:00	6456.42	6458.43	6455.28	6457.93	369	0	42
2025.08.25	10:00:00	6457.86	6457.94	6451.51	6452.66	460	0	42
2025.08.25	10:30:00	6452.51	6453.93	6450.74	6451.79	883	0	42
2025.08.25	11:00:00	6451.92	6457.39	6451.04	6457.26	695	0	42
2025.08.25	11:30:00	6457.32	6457.63	6455.54	6456.17	377	0	42
2025.08.25	12:00:00	6456.12	6456.18	6450.56	6451.06	1040	0	42
2025.08.25	12:30:00	6450.83	6453.92	6449.00	6452.51	819	0	42
2025.08.25	13:00:00	6452.67	6458.40	6452.02	6457.92	967	0	42
2025.08.25	13:30:00	6457.82	6461.48	6452.05	6461.21	10284	0	30
2025.08.25	14:00:00	6461.06	6464.73	6455.57	6459.32	6247	0	30
2025.08.25	14:30:00	6459.08	6462.48	6455.07	6461.99	3963	0	30
2025.08.25	15:00:00	6461.82	6468.48	6460.07	6467.09	2936	0	30
2025.08.25	15:30:00	6467.24	6468.48	6463.31	6467.49	2320	0	30
2025.08.25	16:00:00	6467.32	6469.23	6465.59	6467.23	1554	0	30
2025.08.25	16:30:00	6467.07	6470.73	6466.07	6467.52	1515	0	30
2025.08.25	17:00:00	6467.68	6467.68	6461.59	6464.18	1972	0	30
2025.08.25	17:30:00	6464.02	6465.68	6457.77	6462.52	1878	0	30
2025.08.25	18:00:00	6462.68	6463.18	6456.77	6459.16	1745	0	30
2025.08.25	18:30:00	6459.00	6460.18	6456.29	6456.77	1432	0	30
2025.08.25	19:00:00	6456.93	6458.91	6453.52	6454.27	1661	0	30
2025.08.25	19:30:00	6454.43	6455.68	6441.27	6442.51	2407	0	30
2025.08.25	20:00:00	6442.46	6448.73	6440.77	6448.55	766	0	34
2025.08.25	20:30:00	6448.71	6449.22	6446.78	6447.62	332	0	34
2025.08.25	22:00:00	6447.50	6451.94	6447.03	6451.20	532	0	50
2025.08.25	22:30:00	6451.20	6451.45	6449.99	6450.38	185	0	50
2025.08.25	23:00:00	6450.63	6451.45	6447.71	6448.91	305	0	50
2025.08.25	23:30:00	6448.94	6449.95	6446.45	6448.24	424	0	50
2025.08.26	00:00:00	6448.22	6451.69	6429.53	6439.71	4568	0	50
2025.08.26	00:30:00	6439.70	6443.90	6419.54	6430.20	5354	0	50
2025.08.26	01:00:00	6430.05	6438.61	6428.29	6437.50	1503	0	50
2025.08.26	01:30:00	6437.50	6438.14	6427.82	6430.80	1271	0	50
2025.08.26	02:00:00	6430.92	6438.45	6430.84	6436.95	818	0	50
2025.08.26	02:30:00	6436.95	6440.87	6434.87	6435.51	738	0	50
2025.08.26	03:00:00	6435.54	6437.25	6433.58	6434.84	637	0	50
2025.08.26	03:30:00	6434.62	6437.05	6434.62	6435.74	350	0	50
2025.08.26	04:00:00	6435.80	6437.55	6434.80	6436.29	361	0	50
2025.08.26	04:30:00	6436.46	6437.55	6433.81	6436.80	432	0	50
2025.08.26	05:00:00	6436.80	6441.54	6436.80	6440.84	569	0	50
2025.08.26	05:30:00	6440.62	6443.78	6439.80	6442.05	537	0	50
2025.08.26	06:00:00	6442.05	6443.48	6435.64	6437.76	1436	0	50
2025.08.26	06:30:00	6437.66	6439.48	6434.36	6436.01	1608	0	50
2025.08.26	07:00:00	6435.88	6436.04	6424.24	6429.87	4544	0	42
2025.08.26	07:30:00	6429.85	6437.43	6427.77	6431.32	2414	0	42
2025.08.26	08:00:00	6431.43	6437.92	6430.52	6434.53	2321	0	42
2025.08.26	08:30:00	6434.40	6437.18	6432.52	6435.27	1284	0	42
2025.08.26	09:00:00	6435.40	6439.42	6433.51	6438.49	847	0	42
2025.08.26	09:30:00	6438.56	6440.14	6436.02	6438.68	645	0	42
2025.08.26	10:00:00	6438.52	6442.36	6438.00	6441.83	839	0	42
2025.08.26	10:30:00	6441.71	6442.73	6440.45	6440.96	680	0	42
2025.08.26	11:00:00	6441.12	6441.88	6437.20	6437.64	756	0	42
2025.08.26	11:30:00	6437.48	6439.37	6433.21	6438.39	1248	0	42
2025.08.26	12:00:00	6438.24	6439.38	6432.41	6437.46	1331	0	42
2025.08.26	12:30:00	6437.34	6441.14	6436.81	6440.12	1494	0	42
2025.08.26	13:00:00	6440.05	6442.14	6439.00	6440.22	1510	0	42
2025.08.26	13:30:00	6440.05	6446.69	6433.77	6443.38	13825	0	30
2025.08.26	14:00:00	6443.27	6451.17	6442.01	6449.02	7528	0	30
2025.08.26	14:30:00	6448.79	6449.94	6443.04	6445.19	4581	0	30
2025.08.26	15:00:00	6445.02	6447.16	6441.26	6442.94	3502	0	30
2025.08.26	15:30:00	6442.88	6447.43	6441.27	6445.76	2662	0	30
2025.08.26	16:00:00	6445.92	6453.94	6445.92	6451.77	1944	0	30
2025.08.26	16:30:00	6451.93	6453.44	6449.99	6451.68	1629	0	30
2025.08.26	17:00:00	6451.52	6454.43	6447.29	6453.52	1950	0	30
2025.08.26	17:30:00	6453.68	6454.43	6442.78	6447.02	2252	0	30
2025.08.26	18:00:00	6447.18	6453.95	6446.30	6453.77	1736	0	30
2025.08.26	18:30:00	6453.93	6458.70	6453.75	6457.68	1686	0	30
2025.08.26	19:00:00	6457.52	6465.93	6454.77	6464.43	2137	0	30
2025.08.26	19:30:00	6464.27	6474.18	6457.75	6470.52	4097	0	30
2025.08.26	20:00:00	6470.68	6475.67	6468.74	6475.15	898	0	30
2025.08.26	20:30:00	6475.00	6476.69	6474.48	6476.49	175	0	34
2025.08.26	22:00:00	6476.35	6478.76	6475.21	6477.05	527	0	50
2025.08.26	22:30:00	6476.87	6478.05	6476.80	6477.01	200	0	50
2025.08.26	23:00:00	6476.84	6477.79	6475.94	6476.80	215	0	50
2025.08.26	23:30:00	6476.74	6478.72	6476.30	6476.56	216	0	50
2025.08.27	00:00:00	6476.55	6476.95	6473.80	6473.80	359	0	50
2025.08.27	00:30:00	6473.91	6474.73	6473.45	6473.84	235	0	50
2025.08.27	01:00:00	6474.01	6476.26	6474.01	6475.05	262	0	50
2025.08.27	01:30:00	6475.05	6478.68	6475.05	6478.49	302	0	50
2025.08.27	02:00:00	6478.50	6478.96	6476.05	6476.78	235	0	50
2025.08.27	02:30:00	6476.59	6476.99	6475.80	6476.25	138	0	50
2025.08.27	03:00:00	6476.25	6478.00	6476.04	6476.46	107	0	50
2025.08.27	03:30:00	6476.30	6477.25	6476.25	6477.25	131	0	50
2025.08.27	04:00:00	6477.25	6477.75	6476.06	6477.46	139	0	50
2025.08.27	04:30:00	6477.52	6478.48	6477.18	6477.34	99	0	50
2025.08.27	05:00:00	6477.31	6477.31	6473.67	6474.31	250	0	50
2025.08.27	05:30:00	6474.49	6475.05	6473.30	6474.04	221	0	50
2025.08.27	06:00:00	6474.05	6477.50	6473.19	6476.57	383	0	50
2025.08.27	06:30:00	6476.37	6477.30	6473.85	6474.58	415	0	50
2025.08.27	07:00:00	6474.60	6477.67	6468.74	6469.67	985	0	42
2025.08.27	07:30:00	6469.61	6472.92	6468.75	6472.62	920	0	42
2025.08.27	08:00:00	6472.60	6474.68	6469.51	6470.42	890	0	42
2025.08.27	08:30:00	6470.60	6472.44	6468.24	6472.27	796	0	42
2025.08.27	09:00:00	6472.13	6475.68	6471.74	6475.30	529	0	42
2025.08.27	09:30:00	6475.32	6476.43	6474.75	6475.00	299	0	42
2025.08.27	10:00:00	6475.15	6476.19	6474.03	6476.14	350	0	42
2025.08.27	10:30:00	6476.38	6476.43	6474.74	6474.92	357	0	42
2025.08.27	11:00:00	6474.87	6476.69	6473.99	6476.01	417	0	42
2025.08.27	11:30:00	6475.80	6477.67	6475.50	6476.26	291	0	42
2025.08.27	12:00:00	6476.04	6478.64	6474.04	6474.65	598	0	42
2025.08.27	12:30:00	6474.52	6475.19	6468.00	6470.77	1764	0	42
2025.08.27	13:00:00	6470.54	6471.19	6462.50	6464.17	2148	0	42
2025.08.27	13:30:00	6464.02	6473.75	6462.84	6472.07	8909	0	30
2025.08.27	14:00:00	6472.23	6482.24	6471.09	6479.73	3339	0	30
2025.08.27	14:30:00	6479.57	6482.70	6476.07	6480.49	2313	0	30
2025.08.27	15:00:00	6480.70	6484.24	6480.31	6481.73	1335	0	30
2025.08.27	15:30:00	6481.96	6485.70	6477.80	6484.23	1629	0	30
2025.08.27	16:00:00	6484.07	6484.74	6473.56	6478.23	1840	0	30
2025.08.27	16:30:00	6478.07	6483.96	6472.29	6481.58	2103	0	30
2025.08.27	17:00:00	6481.44	6484.23	6479.07	6483.07	1598	0	30
2025.08.27	17:30:00	6483.23	6486.99	6483.23	6486.32	735	0	30
2025.08.27	18:00:00	6486.08	6492.28	6484.56	6491.78	1213	0	30
2025.08.27	18:30:00	6491.62	6492.26	6489.10	6489.37	505	0	30
2025.08.27	19:00:00	6489.53	6489.53	6477.11	6485.61	2726	0	30
2025.08.27	19:30:00	6485.77	6492.79	6484.85	6484.85	2022	0	30
2025.08.27	20:00:00	6484.79	6495.03	6449.87	6478.12	15619	0	34
2025.08.27	20:30:00	6477.98	6478.77	6464.84	6475.56	8979	0	34
2025.08.27	22:00:00	6476.27	6476.71	6465.25	6466.96	1502	0	50
2025.08.27	22:30:00	6466.80	6471.71	6466.75	6468.50	724	0	50
2025.08.27	23:00:00	6468.35	6470.24	6466.31	6467.92	604	0	50
2025.08.27	23:30:00	6467.79	6468.25	6465.27	6466.71	646	0	50
2025.08.28	00:00:00	6466.54	6468.00	6461.84	6462.54	1087	0	50
2025.08.28	00:30:00	6462.71	6470.68	6462.10	6470.02	773	0	50
2025.08.28	01:00:00	6470.18	6472.68	6469.52	6471.27	436	0	50
2025.08.28	01:30:00	6471.43	6477.92	6471.43	6477.17	480	0	50
2025.08.28	02:00:00	6477.41	6480.46	6476.56	6479.29	464	0	50
2025.08.28	02:30:00	6479.46	6479.68	6477.28	6478.31	274	0	50
2025.08.28	03:00:00	6478.46	6484.48	6478.00	6483.25	430	0	50
2025.08.28	03:30:00	6483.25	6483.90	6481.57	6483.04	267	0	50
2025.08.28	04:00:00	6483.01	6483.01	6478.75	6481.50	311	0	50
2025.08.28	04:30:00	6481.50	6481.71	6478.30	6478.82	279	0	50
2025.08.28	05:00:00	6478.77	6480.70	6478.32	6479.90	348	0	50
2025.08.28	05:30:00	6479.97	6479.99	6476.00	6476.21	445	0	50
2025.08.28	06:00:00	6476.25	6483.99	6475.78	6483.55	705	0	50
2025.08.28	06:30:00	6483.31	6490.25	6483.31	6487.75	1088	0	50
2025.08.28	07:00:00	6487.92	6493.56	6487.45	6493.13	1666	0	42
2025.08.28	07:30:00	6493.06	6495.08	6488.72	6495.08	997	0	42
2025.08.28	08:00:00	6495.05	6497.62	6492.96	6494.72	1641	0	42
2025.08.28	08:30:00	6494.84	6494.98	6490.29	6490.56	748	0	42
2025.08.28	09:00:00	6490.45	6493.19	6489.55	6490.30	508	0	42
2025.08.28	09:30:00	6490.44	6490.98	6487.80	6489.21	515	0	42
2025.08.28	10:00:00	6489.40	6490.72	6487.30	6489.05	507	0	42
2025.08.28	10:30:00	6489.21	6489.68	6483.54	6486.68	686	0	42
2025.08.28	11:00:00	6486.42	6487.69	6481.73	6483.50	828	0	42
2025.08.28	11:30:00	6483.29	6488.66	6482.24	6488.51	815	0	42
2025.08.28	12:00:00	6488.29	6489.93	6483.25	6484.15	908	0	42
2025.08.28	12:30:00	6484.24	6494.19	6484.24	6489.78	3695	0	42
2025.08.28	13:00:00	6489.93	6495.16	6489.51	6490.92	1516	0	42
2025.08.28	13:30:00	6491.11	6499.51	6472.07	6477.98	16043	0	30
2025.08.28	14:00:00	6477.92	6485.49	6474.31	6478.25	10865	0	30
2025.08.28	14:30:00	6478.36	6490.49	6478.06	6487.74	5548	0	30
2025.08.28	15:00:00	6487.97	6495.48	6479.59	6481.32	4887	0	30
2025.08.28	15:30:00	6481.48	6490.74	6481.32	6489.23	3326	0	30
2025.08.28	16:00:00	6489.07	6502.13	6488.32	6500.52	2320	0	30
2025.08.28	16:30:00	6500.29	6503.00	6495.37	6495.87	2049	0	30
2025.08.28	17:00:00	6496.03	6500.78	6493.60	6500.37	2273	0	30
2025.08.28	17:30:00	6500.53	6504.29	6500.12	6503.04	1365	0	30
2025.08.28	18:00:00	6503.25	6506.01	6502.62	6505.61	906	0	30
2025.08.28	18:30:00	6505.77	6510.03	6505.64	6508.85	845	0	30
2025.08.28	19:00:00	6509.10	6512.01	6507.83	6509.12	903	0	30
2025.08.28	19:30:00	6508.99	6514.52	6506.87	6508.61	2657	0	30
2025.08.28	20:00:00	6508.39	6509.78	6505.38	6509.37	1132	0	30
2025.08.28	20:30:00	6509.50	6510.52	6507.34	6508.12	229	0	34
2025.08.28	22:00:00	6508.48	6509.11	6505.69	6506.19	780	0	50
2025.08.28	22:30:00	6506.16	6507.35	6503.19	6504.61	305	0	50
2025.08.28	23:00:00	6504.45	6505.86	6503.42	6504.83	285	0	50
2025.08.28	23:30:00	6505.07	6506.61	6504.66	6505.86	344	0	50
2025.08.29	00:00:00	6505.70	6508.09	6504.24	6507.60	629	0	50
2025.08.29	00:30:00	6507.64	6508.15	6505.69	6505.86	324	0	50
2025.08.29	01:00:00	6505.69	6507.11	6503.15	6504.40	464	0	50
2025.08.29	01:30:00	6504.24	6504.57	6503.17	6503.90	302	0	50
2025.08.29	02:00:00	6503.73	6503.89	6501.90	6502.09	215	0	50
2025.08.29	02:30:00	6501.95	6502.80	6501.44	6502.67	142	0	50
2025.08.29	03:00:00	6502.65	6505.90	6502.65	6503.90	224	0	50
2025.08.29	03:30:00	6503.90	6506.11	6502.69	6503.40	225	0	50
2025.08.29	04:00:00	6503.40	6504.13	6501.91	6501.91	128	0	50
2025.08.29	04:30:00	6501.90	6502.61	6500.62	6500.78	120	0	50
2025.08.29	05:00:00	6501.01	6502.65	6500.70	6501.20	199	0	50
2025.08.29	05:30:00	6501.01	6503.08	6500.80	6502.90	198	0	50
2025.08.29	06:00:00	6502.94	6504.15	6502.19	6504.15	399	0	50
2025.08.29	06:30:00	6504.29	6504.35	6500.16	6500.41	471	0	50
2025.08.29	07:00:00	6500.61	6503.53	6499.09	6499.35	1096	0	42
2025.08.29	07:30:00	6499.14	6499.53	6494.60	6494.77	911	0	42
2025.08.29	08:00:00	6494.63	6496.28	6488.85	6491.01	1820	0	42
2025.08.29	08:30:00	6490.96	6492.54	6483.90	6484.62	1420	0	42
2025.08.29	09:00:00	6484.66	6488.04	6480.61	6487.77	1465	0	42
2025.08.29	09:30:00	6487.62	6489.29	6486.85	6487.53	667	0	42
2025.08.29	10:00:00	6487.74	6490.01	6485.36	6488.64	666	0	42
2025.08.29	10:30:00	6488.49	6488.51	6484.10	6486.61	688	0	42
2025.08.29	11:00:00	6486.41	6490.02	6485.85	6489.11	803	0	42
2025.08.29	11:30:00	6488.88	6489.26	6485.85	6487.43	592	0	42
2025.08.29	12:00:00	6487.18	6488.24	6484.01	6486.15	1490	0	42
2025.08.29	12:30:00	6486.02	6497.19	6486.02	6492.76	4403	0	42
2025.08.29	13:00:00	6492.61	6495.53	6489.64	6490.63	2063	0	42
2025.08.29	13:30:00	6490.84	6494.35	6469.27	6471.23	11289	0	30
2025.08.29	14:00:00	6471.10	6476.58	6452.15	6462.59	15000	0	30
2025.08.29	14:30:00	6462.81	6467.10	6447.15	6454.15	8974	0	30
2025.08.29	15:00:00	6453.96	6463.56	6452.65	6459.91	5035	0	30
2025.08.29	15:30:00	6460.08	6461.33	6452.90	6453.92	4804	0	30
2025.08.29	16:00:00	6453.69	6463.63	6453.41	6457.81	2704	0	30
2025.08.29	16:30:00	6457.76	6466.33	6457.65	6463.17	1903	0	30
2025.08.29	17:00:00	6462.94	6463.09	6450.42	6455.61	3795	0	30
2025.08.29	17:30:00	6455.78	6465.78	6454.10	6462.02	2681	0	30
2025.08.29	18:00:00	6462.26	6462.53	6457.37	6458.29	2772	0	30
2025.08.29	18:30:00	6458.51	6463.03	6457.36	6460.51	1454	0	30
2025.08.29	19:00:00	6460.36	6465.53	6458.62	6461.62	1334	0	30
2025.08.29	19:30:00	6461.38	6467.51	6453.87	6466.36	5321	0	30
2025.08.29	20:00:00	6466.31	6470.48	6462.33	6465.81	1728	0	34
2025.08.29	20:30:00	6465.76	6467.26	6464.68	6467.11	191	0	34
2025.08.31	22:00:00	6474.19	6478.75	6468.56	6474.55	1548	0	50
2025.08.31	22:30:00	6474.72	6481.46	6474.67	6481.30	440	0	50
2025.08.31	23:00:00	6481.30	6483.79	6480.87	6481.56	435	0	50
2025.08.31	23:30:00	6481.71	6482.30	6480.55	6482.30	319	0	50
2025.09.01	00:00:00	6482.44	6485.30	6479.61	6482.10	809	0	50
2025.09.01	00:30:00	6481.94	6484.03	6481.15	6483.10	422	0	50
2025.09.01	01:00:00	6483.10	6483.34	6480.60	6481.85	387	0	50
2025.09.01	01:30:00	6481.67	6482.35	6476.84	6478.30	553	0	50
2025.09.01	02:00:00	6478.30	6478.45	6469.57	6470.24	680	0	50
2025.09.01	02:30:00	6470.07	6472.23	6469.09	6469.73	449	0	50
2025.09.01	03:00:00	6469.97	6473.61	6462.64	6464.86	929	0	50
2025.09.01	03:30:00	6465.03	6466.28	6462.80	6464.48	659	0	50
2025.09.01	04:00:00	6464.34	6465.51	6463.05	6463.13	486	0	50
2025.09.01	04:30:00	6463.26	6465.55	6459.10	6462.86	875	0	50
2025.09.01	05:00:00	6463.01	6463.30	6458.57	6462.05	832	0	50
2025.09.01	05:30:00	6462.22	6464.80	6460.05	6461.59	767	0	50
2025.09.01	06:00:00	6461.56	6462.00	6453.67	6453.83	1448	0	50
2025.09.01	06:30:00	6454.07	6469.36	6454.07	6464.66	1851	0	50
2025.09.01	07:00:00	6464.81	6469.96	6463.34	6469.70	2393	0	42
2025.09.01	07:30:00	6469.74	6471.94	6467.67	6470.18	1305	0	42
2025.09.01	08:00:00	6470.02	6475.19	6467.52	6474.99	1521	0	42
2025.09.01	08:30:00	6474.88	6479.18	6474.74	6476.07	999	0	42
2025.09.01	09:00:00	6476.00	6476.43	6473.49	6475.67	572	0	42
2025.09.01	09:30:00	6475.87	6476.43	6472.00	6473.32	607	0	42
2025.09.01	10:00:00	6473.43	6474.93	6472.25	6472.92	474	0	42
2025.09.01	10:30:00	6473.04	6476.17	6471.20	6471.77	681	0	42
2025.09.01	11:00:00	6471.92	6472.92	6467.52	6468.26	567	0	42
2025.09.01	11:30:00	6468.05	6468.93	6464.51	6466.67	763	0	42
2025.09.01	12:00:00	6466.54	6467.68	6465.05	6467.26	593	0	42
2025.09.01	12:30:00	6467.06	6469.68	6464.74	6468.17	536	0	42
2025.09.01	13:00:00	6468.10	6469.93	6467.74	6468.18	422	0	42
2025.09.01	13:30:00	6468.45	6472.97	6462.34	6472.21	1407	0	30
2025.09.01	14:00:00	6472.05	6473.48	6471.55	6473.32	475	0	30
2025.09.01	14:30:00	6473.48	6475.25	6472.85	6475.07	357	0	30
2025.09.01	15:00:00	6474.84	6476.23	6471.59	6476.07	456	0	30
2025.09.01	15:30:00	6476.13	6478.26	6475.82	6476.62	361	0	30
2025.09.01	16:00:00	6476.40	6476.54	6473.37	6474.15	267	0	30
2025.09.01	16:30:00	6473.90	6478.27	6473.62	6477.26	442	0	30
2025.09.01	22:00:00	6475.50	6475.83	6471.10	6471.10	493	0	50
2025.09.01	22:30:00	6471.10	6471.83	6466.35	6466.43	354	0	50
2025.09.01	23:00:00	6466.52	6467.32	6459.65	6462.10	654	0	50
2025.09.01	23:30:00	6462.10	6464.03	6460.40	6463.76	622	0	50
2025.09.02	00:00:00	6463.65	6465.04	6461.14	6462.31	977	0	50
2025.09.02	00:30:00	6462.14	6467.85	6462.11	6467.59	526	0	50
2025.09.02	01:00:00	6467.60	6469.60	6466.65	6467.38	416	0	50
2025.09.02	01:30:00	6467.35	6470.10	6462.87	6462.87	534	0	50
2025.09.02	02:00:00	6463.03	6464.60	6459.35	6460.90	830	0	50
2025.09.02	02:30:00	6460.86	6461.10	6457.89	6460.60	575	0	50
2025.09.02	03:00:00	6460.43	6462.35	6458.43	6461.36	541	0	50
2025.09.02	03:30:00	6461.54	6463.35	6460.66	6462.60	276	0	50
2025.09.02	04:00:00	6462.60	6465.09	6461.71	6464.94	259	0	50
2025.09.02	04:30:00	6464.88	6465.04	6461.14	6463.16	344	0	50
2025.09.02	05:00:00	6463.31	6463.56	6457.10	6459.60	787	0	50
2025.09.02	05:30:00	6459.78	6462.76	6457.35	6458.15	719	0	50
2025.09.02	06:00:00	6458.11	6463.56	6457.15	6460.39	1001	0	50
2025.09.02	06:30:00	6460.53	6465.58	6459.92	6465.28	760	0	50
2025.09.02	07:00:00	6465.37	6466.46	6446.54	6454.29	4022	0	42
2025.09.02	07:30:00	6454.36	6455.73	6421.89	6424.35	6805	0	42
2025.09.02	08:00:00	6424.41	6436.22	6422.40	6433.62	4857	0	42
2025.09.02	08:30:00	6433.44	6440.01	6431.35	6435.79	1963	0	42
2025.09.02	09:00:00	6435.98	6438.23	6432.87	6437.23	1413	0	42
2025.09.02	09:30:00	6437.17	6438.43	6431.30	6431.83	1320	0	42
2025.09.02	10:00:00	6431.60	6435.04	6421.67	6422.66	1787	0	42
2025.09.02	10:30:00	6422.44	6424.34	6416.41	6421.04	2902	0	42
2025.09.02	11:00:00	6421.28	6422.08	6416.69	6418.59	2441	0	42
2025.09.02	11:30:00	6418.40	6419.98	6414.81	6416.62	2176	0	42
2025.09.02	12:00:00	6416.39	6416.39	6402.29	6403.32	3720	0	42
2025.09.02	12:30:00	6403.18	6404.98	6381.39	6390.27	6219	0	42
2025.09.02	13:00:00	6390.22	6396.77	6386.59	6392.38	6543	0	42
2025.09.02	13:30:00	6392.56	6411.71	6377.95	6409.44	28049	0	30
2025.09.02	14:00:00	6409.15	6419.86	6400.12	6413.26	19623	0	30
2025.09.02	14:30:00	6413.11	6414.71	6390.36	6394.86	11748	0	30
2025.09.02	15:00:00	6394.74	6397.78	6379.85	6383.78	7599	0	30
2025.09.02	15:30:00	6383.62	6383.78	6367.12	6370.30	5251	0	30
2025.09.02	16:00:00	6370.13	6378.79	6368.20	6374.12	4123	0	30
2025.09.02	16:30:00	6374.28	6388.01	6374.12	6387.76	3545	0	30
2025.09.02	17:00:00	6387.61	6396.78	6383.62	6394.76	3559	0	30
2025.09.02	17:30:00	6394.61	6409.34	6394.61	6402.44	3987	0	30
2025.09.02	18:00:00	6402.19	6407.08	6395.10	6395.77	3403	0	30
2025.09.02	18:30:00	6395.62	6408.03	6391.60	6399.12	4295	0	30
2025.09.02	19:00:00	6398.89	6411.96	6398.87	6409.93	3418	0	30
2025.09.02	19:30:00	6409.77	6422.91	6409.04	6421.27	4556	0	30
2025.09.02	20:00:00	6421.43	6441.02	6419.73	6439.02	7213	0	30
2025.09.02	20:30:00	6438.96	6442.78	6436.58	6442.74	1941	0	34
2025.09.02	22:00:00	6443.91	6443.94	6438.16	6439.17	1045	0	50
2025.09.02	22:30:00	6439.53	6441.58	6432.34	6432.80	531	0	50
2025.09.02	23:00:00	6432.99	6434.12	6430.38	6432.66	371	0	50
2025.09.02	23:30:00	6432.83	6433.56	6430.92	6431.58	336	0	50
2025.09.03	00:00:00	6431.42	6432.07	6429.92	6430.83	518	0	50
2025.09.03	00:30:00	6431.07	6432.09	6427.52	6431.33	569	0	50
2025.09.03	01:00:00	6431.17	6431.33	6426.14	6426.37	534	0	50
2025.09.03	01:30:00	6426.53	6430.26	6425.37	6429.51	480	0	50
2025.09.03	02:00:00	6429.34	6430.02	6427.59	6428.36	345	0	50
2025.09.03	02:30:00	6428.32	6428.32	6424.87	6426.57	421	0	50
2025.09.03	03:00:00	6426.55	6429.31	6424.89	6426.55	464	0	50
2025.09.03	03:30:00	6426.43	6427.53	6422.34	6426.05	645	0	50
2025.09.03	04:00:00	6426.05	6427.76	6424.92	6427.59	324	0	50
2025.09.03	04:30:00	6427.76	6427.80	6425.80	6427.19	232	0	50
2025.09.03	05:00:00	6427.08	6427.49	6422.80	6424.28	482	0	50
2025.09.03	05:30:00	6424.30	6426.55	6420.45	6422.87	586	0	50
2025.09.03	06:00:00	6422.63	6431.98	6422.05	6431.80	817	0	50
2025.09.03	06:30:00	6431.80	6433.75	6428.09	6429.84	871	0	50
2025.09.03	07:00:00	6429.99	6433.19	6424.06	6431.78	2308	0	42
2025.09.03	07:30:00	6431.54	6439.90	6429.54	6438.64	1415	0	42
2025.09.03	08:00:00	6438.60	6449.94	6437.31	6448.76	1725	0	42
2025.09.03	08:30:00	6448.64	6448.64	6443.51	6447.74	1152	0	42
2025.09.03	09:00:00	6447.90	6449.67	6443.51	6449.51	779	0	42
2025.09.03	09:30:00	6449.67	6453.67	6447.50	6451.36	686	0	42
2025.09.03	10:00:00	6451.25	6451.94	6448.75	6451.94	663	0	42
2025.09.03	10:30:00	6451.77	6454.42	6450.27	6453.25	695	0	42
2025.09.03	11:00:00	6453.05	6456.12	6450.00	6450.01	873	0	42
2025.09.03	11:30:00	6450.17	6454.62	6444.72	6445.74	1519	0	42
2025.09.03	12:00:00	6445.86	6451.95	6445.86	6448.50	1337	0	42
2025.09.03	12:30:00	6448.29	6448.29	6440.30	6441.92	1875	0	42
2025.09.03	13:00:00	6442.15	6448.43	6440.99	6444.75	1999	0	42
2025.09.03	13:30:00	6444.97	6450.46	6436.32	6437.67	13671	0	30
2025.09.03	14:00:00	6437.57	6450.24	6433.86	6441.73	10292	0	30
2025.09.03	14:30:00	6441.66	6460.16	6441.56	6457.98	4720	0	30
2025.09.03	15:00:00	6457.82	6460.46	6441.27	6442.52	4495	0	30
2025.09.03	15:30:00	6442.68	6447.93	6439.50	6442.01	4747	0	30
2025.09.03	16:00:00	6441.80	6449.24	6438.25	6442.21	3822	0	30
2025.09.03	16:30:00	6442.44	6443.20	6432.32	6436.07	3906	0	30
2025.09.03	17:00:00	6436.23	6446.49	6436.07	6440.82	3297	0	30
2025.09.03	17:30:00	6440.61	6442.46	6424.06	6427.84	5519	0	30
2025.09.03	18:00:00	6427.98	6430.95	6423.56	6429.32	6207	0	30
2025.09.03	18:30:00	6429.09	6430.96	6422.56	6427.07	4460	0	30
2025.09.03	19:00:00	6426.84	6430.24	6423.81	6428.57	2855	0	30
2025.09.03	19:30:00	6428.34	6455.14	6428.32	6453.89	4214	0	30
2025.09.03	20:00:00	6453.92	6457.89	6453.50	6457.14	915	0	39
2025.09.03	20:30:00	6457.37	6458.62	6455.97	6456.14	210	0	39
2025.09.03	22:00:00	6456.41	6456.41	6451.87	6451.87	678	0	50
2025.09.03	22:30:00	6452.03	6453.27	6451.35	6451.35	203	0	50
2025.09.03	23:00:00	6451.46	6455.84	6451.46	6454.19	268	0	50
2025.09.03	23:30:00	6454.34	6454.34	6451.11	6452.12	294	0	50
2025.09.04	00:00:00	6452.10	6467.65	6450.86	6463.71	1336	0	50
2025.09.04	00:30:00	6463.67	6465.87	6461.62	6463.37	726	0	50
2025.09.04	01:00:00	6463.14	6465.28	6461.39	6461.81	551	0	50
2025.09.04	01:30:00	6461.64	6463.10	6459.15	6461.78	648	0	50
2025.09.04	02:00:00	6461.83	6468.51	6461.14	6461.14	756	0	50
2025.09.04	02:30:00	6460.89	6463.81	6458.17	6459.67	426	0	50
2025.09.04	03:00:00	6459.48	6460.28	6457.37	6457.61	334	0	50
2025.09.04	03:30:00	6457.78	6458.02	6454.92	6456.81	425	0	50
2025.09.04	04:00:00	6456.83	6462.80	6456.83	6462.55	368	0	50
2025.09.04	04:30:00	6462.60	6463.93	6461.69	6462.31	274	0	50
2025.09.04	05:00:00	6462.15	6465.40	6457.91	6459.19	542	0	50
2025.09.04	05:30:00	6459.36	6461.06	6456.90	6458.64	581	0	50
2025.09.04	06:00:00	6458.61	6462.09	6457.35	6458.87	966	0	50
2025.09.04	06:30:00	6458.69	6462.56	6455.40	6455.63	887	0	50
2025.09.04	07:00:00	6455.65	6463.96	6454.93	6460.22	2265	0	42
2025.09.04	07:30:00	6460.35	6465.97	6459.35	6462.48	1094	0	42
2025.09.04	08:00:00	6462.32	6465.23	6459.81	6465.07	1346	0	42
2025.09.04	08:30:00	6465.22	6465.73	6461.44	6462.97	633	0	42
2025.09.04	09:00:00	6463.08	6464.98	6461.85	6463.31	572	0	42
2025.09.04	09:30:00	6463.11	6466.48	6462.35	6466.32	585	0	42
2025.09.04	10:00:00	6466.47	6470.23	6463.59	6463.79	1024	0	42
2025.09.04	10:30:00	6463.58	6466.49	6463.55	6465.81	554	0	42
2025.09.04	11:00:00	6465.58	6468.47	6462.80	6463.95	768	0	42
2025.09.04	11:30:00	6463.91	6464.99	6459.08	6461.97	1069	0	42
2025.09.04	12:00:00	6462.19	6467.47	6459.56	6461.38	1851	0	42
2025.09.04	12:30:00	6461.85	6463.95	6458.05	6461.59	2084	0	42
2025.09.04	13:00:00	6461.34	6462.72	6457.79	6462.30	1761	0	42
2025.09.04	13:30:00	6462.15	6471.04	6459.60	6467.72	11998	0	30
2025.09.04	14:00:00	6467.52	6468.78	6452.62	6466.62	10923	0	30
2025.09.04	14:30:00	6466.39	6475.79	6466.35	6474.29	4871	0	30
2025.09.04	15:00:00	6474.52	6482.55	6471.11	6480.12	3502	0	30
2025.09.04	15:30:00	6480.28	6483.91	6476.39	6479.77	3013	0	30
2025.09.04	16:00:00	6479.62	6483.54	6476.12	6477.28	2209	0	30
2025.09.04	16:30:00	6477.12	6482.53	6476.12	6477.37	2320	0	30
2025.09.04	17:00:00	6477.53	6487.83	6477.11	6486.67	1842	0	30
2025.09.04	17:30:00	6486.83	6493.06	6484.42	6489.67	1360	0	30
2025.09.04	18:00:00	6489.83	6494.33	6489.67	6490.67	899	0	30
2025.09.04	18:30:00	6490.83	6495.08	6489.18	6494.53	727	0	30
2025.09.04	19:00:00	6494.82	6500.74	6494.41	6497.33	826	0	30
2025.09.04	19:30:00	6497.14	6509.56	6496.17	6507.57	2009	0	30
2025.09.04	20:00:00	6507.80	6513.21	6505.37	6510.85	2030	0	34
2025.09.04	20:30:00	6510.62	6512.22	6508.89	6509.10	238	0	34
2025.09.04	22:00:00	6511.23	6513.94	6509.42	6511.02	768	0	50
2025.09.04	22:30:00	6511.00	6513.44	6510.25	6512.71	325	0	50
2025.09.04	23:00:00	6512.54	6514.18	6512.25	6513.00	286	0	50
2025.09.04	23:30:00	6513.14	6513.68	6511.50	6511.82	351	0	50
2025.09.05	00:00:00	6511.96	6515.92	6511.00	6515.51	625	0	50
2025.09.05	00:30:00	6515.50	6516.00	6514.00	6515.77	311	0	50
2025.09.05	01:00:00	6515.75	6517.00	6515.00	6516.02	267	0	50
2025.09.05	01:30:00	6516.00	6516.22	6514.29	6516.04	207	0	50
2025.09.05	02:00:00	6515.83	6515.83	6514.00	6514.00	205	0	50
2025.09.05	02:30:00	6514.16	6517.16	6513.78	6515.93	188	0	50
2025.09.05	03:00:00	6515.79	6515.95	6514.29	6515.21	166	0	50
2025.09.05	03:30:00	6515.24	6516.64	6514.50	6516.50	131	0	50
2025.09.05	04:00:00	6516.50	6518.75	6516.27	6517.46	186	0	50
2025.09.05	04:30:00	6517.30	6519.28	6517.30	6517.53	144	0	50
2025.09.05	05:00:00	6517.37	6518.75	6515.97	6518.50	165	0	50
2025.09.05	05:30:00	6518.69	6522.99	6518.54	6521.55	395	0	50
2025.09.05	06:00:00	6521.71	6526.95	6521.00	6526.46	589	0	50
2025.09.05	06:30:00	6526.49	6527.00	6522.54	6522.79	456	0	50
2025.09.05	07:00:00	6522.93	6524.34	6516.95	6517.12	1435	0	42
2025.09.05	07:30:00	6517.34	6521.14	6515.71	6518.70	887	0	42
2025.09.05	08:00:00	6518.49	6521.39	6517.00	6521.19	762	0	42
2025.09.05	08:30:00	6521.35	6523.61	6520.20	6522.60	508	0	42
2025.09.05	09:00:00	6522.83	6523.12	6520.20	6521.07	487	0	42
2025.09.05	09:30:00	6520.96	6521.61	6519.20	6519.60	448	0	42
2025.09.05	10:00:00	6519.46	6521.65	6517.95	6520.21	473	0	42
2025.09.05	10:30:00	6520.37	6521.63	6518.96	6518.97	408	0	42
2025.09.05	11:00:00	6519.03	6522.77	6519.03	6520.98	498	0	42
2025.09.05	11:30:00	6521.11	6521.13	6513.89	6513.89	774	0	42
2025.09.05	12:00:00	6514.06	6517.08	6510.24	6511.49	2113	0	42
2025.09.05	12:30:00	6511.38	6532.19	6499.18	6532.17	11993	0	42
2025.09.05	13:00:00	6532.40	6537.15	6529.53	6530.01	3774	0	42
2025.09.05	13:30:00	6530.23	6538.26	6521.45	6526.56	20868	0	30
2025.09.05	14:00:00	6526.72	6526.95	6476.09	6481.32	25500	0	30
2025.09.05	14:30:00	6481.10	6482.24	6455.72	6456.46	27115	0	30
2025.09.05	15:00:00	6456.25	6477.63	6448.23	6476.98	19118	0	30
2025.09.05	15:30:00	6477.03	6483.88	6468.53	6471.95	10638	0	30
2025.09.05	16:00:00	6471.79	6482.70	6468.01	6472.25	10484	0	30
2025.09.05	16:30:00	6472.42	6479.38	6467.27	6479.38	7570	0	30
2025.09.05	17:00:00	6479.61	6480.38	6468.47	6473.38	5585	0	30
2025.09.05	17:30:00	6473.62	6475.61	6460.74	6466.38	6122	0	30
2025.09.05	18:00:00	6466.22	6474.63	6463.72	6471.88	4207	0	30
2025.09.05	18:30:00	6471.72	6477.88	6471.72	6477.88	3041	0	30
2025.09.05	19:00:00	6477.72	6488.13	6473.95	6485.36	3654	0	30
2025.09.05	19:30:00	6485.53	6487.66	6476.52	6487.39	7641	0	30
2025.09.05	20:00:00	6487.32	6487.66	6481.53	6483.66	1004	0	34
2025.09.05	20:30:00	6483.50	6484.91	6482.49	6484.16	249	0	34
2025.09.07	22:00:00	6487.23	6488.77	6478.60	6487.81	1532	0	50
2025.09.07	22:30:00	6487.64	6498.79	6487.64	6497.02	1094	0	50
2025.09.07	23:00:00	6497.07	6503.80	6496.69	6501.56	943	0	50
2025.09.07	23:30:00	6501.58	6504.35	6501.37	6503.35	1172	0	50
2025.09.08	00:00:00	6503.24	6505.60	6501.64	6503.87	1340	0	50
2025.09.08	00:30:00	6504.01	6504.58	6498.42	6498.53	547	0	50
2025.09.08	01:00:00	6498.58	6500.28	6497.64	6498.42	606	0	50
2025.09.08	01:30:00	6498.58	6502.09	6497.87	6499.86	568	0	50
2025.09.08	02:00:00	6500.04	6500.52	6493.32	6494.53	642	0	50
2025.09.08	02:30:00	6494.78	6496.00	6494.64	6495.10	354	0	50
2025.09.08	03:00:00	6495.10	6499.03	6495.10	6498.36	365	0	50
2025.09.08	03:30:00	6498.50	6500.37	6495.62	6497.28	423	0	50
2025.09.08	04:00:00	6497.12	6497.51	6492.87	6495.27	292	0	50
2025.09.08	04:30:00	6495.51	6496.28	6491.87	6492.78	391	0	50
2025.09.08	05:00:00	6492.62	6496.85	6492.62	6495.12	391	0	50
2025.09.08	05:30:00	6495.27	6495.35	6490.98	6492.29	528	0	50
2025.09.08	06:00:00	6492.52	6499.50	6492.36	6498.26	1082	0	50
2025.09.08	06:30:00	6498.14	6498.30	6495.29	6497.49	657	0	50
2025.09.08	07:00:00	6497.69	6502.58	6496.78	6500.39	1683	0	42
2025.09.08	07:30:00	6500.46	6506.06	6498.88	6499.33	1010	0	42
2025.09.08	08:00:00	6499.54	6503.84	6497.90	6502.32	1071	0	42
2025.09.08	08:30:00	6502.18	6504.32	6500.91	6502.32	494	0	42
2025.09.08	09:00:00	6502.54	6502.78	6499.39	6501.05	442	0	42
2025.09.08	09:30:00	6500.92	6505.82	6500.21	6504.91	471	0	42
2025.09.08	10:00:00	6505.07	6506.55	6503.66	6505.15	498	0	42
2025.09.08	10:30:00	6505.31	6507.31	6503.67	6504.07	494	0	42
2025.09.08	11:00:00	6504.01	6505.79	6502.66	6504.57	564	0	42
2025.09.08	11:30:00	6504.69	6505.82	6499.65	6499.81	569	0	42
2025.09.08	12:00:00	6500.04	6501.57	6495.91	6498.59	1112	0	42
2025.09.08	12:30:00	6498.51	6504.59	6498.39	6503.80	1070	0	42
2025.09.08	13:00:00	6504.04	6507.81	6502.15	6503.41	1185	0	42
2025.09.08	13:30:00	6503.63	6507.89	6497.71	6500.89	9938	0	30
2025.09.08	14:00:00	6500.83	6506.15	6494.45	6504.74	6823	0	30
2025.09.08	14:30:00	6504.88	6514.61	6503.74	6510.67	3885	0	30
2025.09.08	15:00:00	6510.83	6515.08	6508.41	6514.92	3515	0	30
2025.09.08	15:30:00	6514.69	6515.09	6501.66	6510.65	3422	0	30
2025.09.08	16:00:00	6510.54	6510.83	6500.67	6503.08	3340	0	30
2025.09.08	16:30:00	6502.92	6504.83	6494.45	6502.33	3406	0	30
2025.09.08	17:00:00	6502.17	6504.63	6496.46	6501.70	2524	0	30
2025.09.08	17:30:00	6501.84	6503.58	6488.90	6492.58	2757	0	30
2025.09.08	18:00:00	6492.42	6501.54	6489.87	6500.28	2668	0	30
2025.09.08	18:30:00	6500.50	6502.25	6495.37	6498.61	1963	0	30
2025.09.08	19:00:00	6498.39	6498.54	6489.62	6492.03	2701	0	30
2025.09.08	19:30:00	6492.26	6506.28	6490.87	6505.28	3946	0	30
2025.09.08	20:00:00	6505.49	6507.07	6503.38	6506.10	855	0	34
2025.09.08	20:30:00	6506.07	6506.28	6504.34	6505.35	279	0	34
2025.09.08	22:00:00	6506.22	6510.66	6505.99	6509.72	612	0	50
2025.09.08	22:30:00	6509.90	6512.20	6509.20	6511.99	265	0	50
2025.09.08	23:00:00	6512.15	6513.18	6510.45	6510.75	221	0	50
2025.09.08	23:30:00	6510.91	6511.31	6508.20	6508.66	270	0	50
2025.09.09	00:00:00	6508.68	6511.12	6507.35	6508.10	513	0	50
2025.09.09	00:30:00	6508.10	6509.18	6506.57	6507.43	308	0	50
2025.09.09	01:00:00	6507.27	6508.68	6503.59	6504.47	289	0	50
2025.09.09	01:30:00	6504.31	6508.66	6503.32	6507.54	316	0	50
2025.09.09	02:00:00	6507.69	6512.18	6507.69	6512.18	305	0	50
2025.09.09	02:30:00	6512.02	6514.68	6511.02	6511.68	310	0	50
2025.09.09	03:00:00	6511.52	6514.18	6510.74	6514.18	271	0	50
2025.09.09	03:30:00	6514.02	6514.93	6513.52	6514.18	226	0	50
2025.09.09	04:00:00	6514.02	6514.43	6512.77	6512.77	190	0	50
2025.09.09	04:30:00	6512.54	6513.68	6511.54	6512.94	141	0	50
2025.09.09	05:00:00	6512.77	6512.77	6507.79	6508.43	446	0	50
2025.09.09	05:30:00	6508.67	6513.41	6508.02	6511.69	319	0	50
2025.09.09	06:00:00	6511.52	6516.21	6510.77	6515.69	708	0	50
2025.09.09	06:30:00	6515.52	6516.93	6514.52	6515.02	517	0	50
2025.09.09	07:00:00	6515.18	6520.84	6514.46	6519.91	769	0	42
2025.09.09	07:30:00	6519.67	6522.92	6513.36	6514.27	892	0	42
2025.09.09	08:00:00	6514.50	6515.52	6511.33	6514.32	1263	0	42
2025.09.09	08:30:00	6514.10	6515.24	6510.31	6512.06	813	0	42
2025.09.09	09:00:00	6512.12	6514.51	6510.56	6512.71	671	0	42
2025.09.09	09:30:00	6512.85	6513.48	6510.69	6511.23	583	0	42
2025.09.09	10:00:00	6511.09	6513.74	6510.70	6511.79	421	0	42
2025.09.09	10:30:00	6511.87	6513.69	6509.35	6510.96	513	0	42
2025.09.09	11:00:00	6510.92	6511.48	6506.55	6507.81	866	0	42
2025.09.09	11:30:00	6507.97	6513.73	6507.55	6513.05	732	0	42
2025.09.09	12:00:00	6512.84	6514.47	6510.81	6512.95	738	0	42
2025.09.09	12:30:00	6512.83	6512.97	6510.05	6510.98	938	0	42
2025.09.09	13:00:00	6510.91	6510.98	6501.55	6506.48	3606	0	42
2025.09.09	13:30:00	6506.75	6512.05	6502.12	6506.80	10536	0	30
2025.09.09	14:00:00	6507.00	6514.30	6501.15	6504.37	11563	0	30
2025.09.09	14:30:00	6504.14	6504.79	6488.61	6499.57	8011	0	30
2025.09.09	15:00:00	6499.34	6504.57	6494.30	6504.25	4105	0	30
2025.09.09	15:30:00	6503.90	6504.72	6496.56	6498.82	3731	0	30
2025.09.09	16:00:00	6498.98	6506.96	6497.82	6504.81	3027	0	30
2025.09.09	16:30:00	6504.98	6508.50	6504.06	6506.84	2118	0	30
2025.09.09	17:00:00	6506.99	6514.74	6506.56	6512.44	2391	0	30
2025.09.09	17:30:00	6512.61	6516.63	6511.46	6514.88	1493	0	30
2025.09.09	18:00:00	6514.72	6516.88	6512.32	6515.07	1651	0	30
2025.09.09	18:30:00	6515.30	6517.78	6512.80	6515.63	1114	0	30
2025.09.09	19:00:00	6515.40	6518.28	6512.39	6517.39	1056	0	30
2025.09.09	19:30:00	6517.54	6525.54	6513.88	6520.53	2575	0	30
2025.09.09	20:00:00	6520.55	6531.71	6516.10	6531.21	2767	0	34
2025.09.09	20:30:00	6531.44	6535.91	6529.54	6529.81	914	0	34
2025.09.09	22:00:00	6533.21	6537.19	6531.12	6534.26	813	0	50
2025.09.09	22:30:00	6534.20	6535.70	6533.46	6533.70	366	0	50
2025.09.09	23:00:00	6533.70	6533.95	6527.06	6527.70	583	0	50
2025.09.09	23:30:00	6527.70	6531.19	6526.95	6530.20	390	0	50
2025.09.10	00:00:00	6530.05	6533.74	6529.25	6533.04	605	0	50
2025.09.10	00:30:00	6533.01	6534.00	6530.50	6531.20	455	0	50
2025.09.10	01:00:00	6531.39	6534.90	6529.80	6534.86	476	0	50
2025.09.10	01:30:00	6534.72	6536.70	6534.21	6535.15	516	0	50
2025.09.10	02:00:00	6535.15	6535.61	6533.15	6533.74	398	0	50
2025.09.10	02:30:00	6533.68	6536.57	6533.48	6535.86	379	0	50
2025.09.10	03:00:00	6535.70	6536.86	6535.65	6535.74	158	0	50
2025.09.10	03:30:00	6535.86	6537.45	6535.71	6537.24	203	0	50
2025.09.10	04:00:00	6537.41	6538.18	6537.22	6538.18	173	0	50
2025.09.10	04:30:00	6538.20	6539.41	6537.74	6539.41	207	0	50
2025.09.10	05:00:00	6539.24	6539.42	6537.24	6538.41	320	0	50
2025.09.10	05:30:00	6538.24	6539.70	6536.47	6537.74	402	0	50
2025.09.10	06:00:00	6537.91	6539.89	6535.49	6539.27	582	0	50
2025.09.10	06:30:00	6539.41	6541.45	6538.03	6539.70	576	0	50
2025.09.10	07:00:00	6539.60	6542.84	6537.68	6542.29	1094	0	42
2025.09.10	07:30:00	6542.25	6543.59	6540.15	6541.05	859	0	42
2025.09.10	08:00:00	6540.91	6541.58	6535.68	6535.82	769	0	42
2025.09.10	08:30:00	6535.96	6536.29	6530.89	6532.66	1116	0	42
2025.09.10	09:00:00	6532.80	6534.08	6529.53	6530.92	950	0	42
2025.09.10	09:30:00	6530.69	6536.07	6530.16	6535.68	505	0	42
2025.09.10	10:00:00	6535.82	6538.32	6534.64	6538.05	496	0	42
2025.09.10	10:30:00	6538.29	6539.84	6537.41	6539.83	466	0	42
2025.09.10	11:00:00	6539.93	6543.58	6539.69	6541.33	620	0	42
2025.09.10	11:30:00	6541.26	6545.34	6540.90	6543.66	767	0	42
2025.09.10	12:00:00	6543.46	6547.07	6539.92	6541.51	1095	0	42
2025.09.10	12:30:00	6540.64	6565.17	6540.51	6554.52	6544	0	42
2025.09.10	13:00:00	6554.75	6558.78	6550.86	6552.88	2277	0	42
2025.09.10	13:30:00	6552.99	6555.34	6543.66	6552.43	13851	0	30
2025.09.10	14:00:00	6552.21	6562.05	6551.17	6555.92	7009	0	30
2025.09.10	14:30:00	6556.08	6556.84	6549.42	6550.44	4643	0	30
2025.09.10	15:00:00	6550.59	6552.35	6540.92	6544.58	4924	0	30
2025.09.10	15:30:00	6544.81	6552.60	6539.92	6549.42	2959	0	30
2025.09.10	16:00:00	6549.58	6550.34	6542.44	6542.67	2801	0	30
2025.09.10	16:30:00	6542.92	6546.59	6537.91	6545.67	2593	0	30
2025.09.10	17:00:00	6545.54	6550.80	6536.90	6538.78	3147	0	30
2025.09.10	17:30:00	6538.72	6543.03	6535.44	6539.58	2721	0	30
2025.09.10	18:00:00	6539.42	6540.34	6530.41	6533.36	2937	0	30
2025.09.10	18:30:00	6533.21	6537.63	6530.47	6535.88	2483	0	30
2025.09.10	19:00:00	6535.64	6537.28	6522.72	6524.88	3778	0	30
2025.09.10	19:30:00	6525.11	6543.01	6523.50	6538.87	4956	0	30
2025.09.10	20:00:00	6538.64	6540.50	6535.58	6537.83	607	0	30
2025.09.10	20:30:00	6537.59	6538.49	6535.83	6536.33	244	0	39
2025.09.10	22:00:00	6536.88	6541.15	6536.05	6539.38	619	0	50
2025.09.10	22:30:00	6539.40	6547.86	6539.40	6544.41	458	0	50
2025.09.10	23:00:00	6544.40	6548.11	6543.15	6545.56	477	0	50
2025.09.10	23:30:00	6545.59	6546.11	6543.95	6545.84	398	0	50
2025.09.11	00:00:00	6545.69	6546.34	6539.90	6542.31	832	0	50
2025.09.11	00:30:00	6542.19	6547.40	6541.45	6545.90	570	0	50
2025.09.11	01:00:00	6545.90	6546.86	6544.65	6546.61	537	0	50
2025.09.11	01:30:00	6546.45	6547.65	6544.91	6546.54	437	0	50
2025.09.11	02:00:00	6546.44	6546.78	6544.25	6546.69	373	0	50
2025.09.11	02:30:00	6546.65	6547.61	6544.65	6545.86	243	0	50
2025.09.11	03:00:00	6545.69	6547.10	6545.21	6546.90	182	0	50
2025.09.11	03:30:00	6546.75	6547.33	6545.70	6546.27	188	0	50
2025.09.11	04:00:00	6546.19	6546.83	6540.65	6541.15	442	0	50
2025.09.11	04:30:00	6541.32	6541.63	6539.68	6539.90	386	0	50
2025.09.11	05:00:00	6539.90	6541.90	6537.41	6540.90	634	0	50
2025.09.11	05:30:00	6540.91	6542.86	6539.71	6540.64	561	0	50
2025.09.11	06:00:00	6540.46	6545.61	6539.15	6545.19	799	0	50
2025.09.11	06:30:00	6545.16	6549.31	6544.74	6547.90	656	0	50
2025.09.11	07:00:00	6548.06	6549.22	6544.79	6546.05	1438	0	42
2025.09.11	07:30:00	6545.84	6549.73	6545.32	6549.06	907	0	42
2025.09.11	08:00:00	6548.86	6551.48	6548.10	6549.20	763	0	42
2025.09.11	08:30:00	6549.07	6549.49	6547.05	6547.79	489	0	42
2025.09.11	09:00:00	6547.95	6549.46	6547.32	6549.06	395	0	42
2025.09.11	09:30:00	6548.83	6549.19	6546.57	6548.20	363	0	42
2025.09.11	10:00:00	6548.43	6552.72	6547.80	6551.98	497	0	42
2025.09.11	10:30:00	6551.82	6553.97	6551.55	6553.21	491	0	42
2025.09.11	11:00:00	6553.41	6553.99	6552.55	6553.07	459	0	42
2025.09.11	11:30:00	6552.87	6555.47	6552.36	6553.47	605	0	42
2025.09.11	12:00:00	6553.33	6557.34	6551.54	6555.10	1523	0	42
2025.09.11	12:30:00	6554.94	6562.12	6536.49	6558.31	10625	0	42
2025.09.11	13:00:00	6558.10	6559.24	6552.55	6557.96	3354	0	42
2025.09.11	13:30:00	6558.15	6573.03	6552.36	6572.36	10842	0	30
2025.09.11	14:00:00	6572.54	6579.03	6570.37	6576.28	5708	0	30
2025.09.11	14:30:00	6576.51	6586.78	6575.37	6583.28	4501	0	30
2025.09.11	15:00:00	6583.12	6592.48	6581.82	6590.81	3024	0	30
2025.09.11	15:30:00	6590.98	6594.22	6583.07	6588.92	2156	0	30
2025.09.11	16:00:00	6589.08	6593.84	6587.90	6590.23	1449	0	30
2025.09.11	16:30:00	6590.46	6591.98	6585.17	6588.16	2054	0	30
2025.09.11	17:00:00	6587.94	6592.34	6585.42	6587.42	2576	0	30
2025.09.11	17:30:00	6587.27	6592.48	6586.90	6592.33	1787	0	30
2025.09.11	18:00:00	6592.17	6593.33	6588.42	6589.64	1872	0	30
2025.09.11	18:30:00	6589.85	6594.18	6588.51	6592.18	1252	0	30
2025.09.11	19:00:00	6592.02	6594.91	6590.77	6594.41	965	0	30
2025.09.11	19:30:00	6594.35	6600.18	6591.02	6592.52	2442	0	30
2025.09.11	20:00:00	6592.47	6594.42	6590.75	6592.50	1090	0	34
2025.09.11	20:30:00	6592.66	6593.17	6591.50	6591.95	244	0	34
2025.09.11	22:00:00	6595.47	6595.47	6592.39	6594.08	839	0	50
2025.09.11	22:30:00	6593.88	6594.28	6591.37	6593.12	266	0	50
2025.09.11	23:00:00	6593.28	6595.53	6591.87	6594.53	178	0	50
2025.09.11	23:30:00	6594.76	6595.53	6593.39	6593.87	237	0	50
2025.09.12	00:00:00	6593.64	6594.26	6591.62	6593.53	476	0	50
2025.09.12	00:30:00	6593.37	6593.78	6591.64	6592.02	310	0	50
2025.09.12	01:00:00	6592.26	6592.78	6590.12	6590.78	292	0	50
2025.09.12	01:30:00	6590.62	6590.78	6588.62	6588.78	378	0	50
2025.09.12	02:00:00	6589.01	6589.51	6587.33	6587.62	278	0	50
2025.09.12	02:30:00	6587.39	6591.01	6587.39	6589.87	234	0	50
2025.09.12	03:00:00	6590.03	6591.28	6589.37	6590.28	146	0	50
2025.09.12	03:30:00	6590.51	6591.76	6589.14	6591.53	137	0	50
2025.09.12	04:00:00	6591.76	6594.28	6591.64	6593.03	148	0	50
2025.09.12	04:30:00	6593.26	6593.76	6592.12	6592.53	116	0	50
2025.09.12	05:00:00	6592.37	6593.78	6592.12	6593.28	169	0	50
2025.09.12	05:30:00	6593.12	6595.28	6592.12	6594.28	254	0	50
2025.09.12	06:00:00	6594.12	6594.28	6587.83	6588.75	406	0	50
2025.09.12	06:30:00	6588.89	6590.25	6585.54	6589.38	606	0	50
2025.09.12	07:00:00	6589.33	6591.38	6587.36	6588.32	1229	0	42
2025.09.12	07:30:00	6588.27	6588.27	6584.15	6585.14	956	0	42
2025.09.12	08:00:00	6584.98	6586.63	6576.13	6582.21	1817	0	42
2025.09.12	08:30:00	6582.07	6583.70	6580.55	6583.47	679	0	42
2025.09.12	09:00:00	6583.33	6584.48	6582.44	6584.05	575	0	42
2025.09.12	09:30:00	6584.20	6585.74	6582.30	6583.95	691	0	42
2025.09.12	10:00:00	6583.82	6584.98	6583.06	6584.71	497	0	42
2025.09.12	10:30:00	6584.66	6586.74	6584.30	6586.47	461	0	42
2025.09.12	11:00:00	6586.34	6588.24	6583.42	6588.06	623	0	42
2025.09.12	11:30:00	6588.20	6589.98	6587.11	6589.81	688	0	42
2025.09.12	12:00:00	6589.59	6589.98	6586.35	6589.33	1082	0	42
2025.09.12	12:30:00	6589.37	6591.23	6585.05	6590.99	1497	0	42
2025.09.12	13:00:00	6590.82	6593.49	6590.05	6590.07	912	0	42
2025.09.12	13:30:00	6589.91	6594.81	6585.59	6593.76	6051	0	30
2025.09.12	14:00:00	6593.89	6596.04	6587.35	6593.77	4756	0	30
2025.09.12	14:30:00	6594.00	6599.03	6591.12	6598.03	2204	0	30
2025.09.12	15:00:00	6597.87	6598.29	6590.37	6590.54	1934	0	30
2025.09.12	15:30:00	6590.37	6592.29	6586.36	6590.37	1929	0	30
2025.09.12	16:00:00	6590.14	6594.79	6587.11	6594.78	1387	0	30
2025.09.12	16:30:00	6594.62	6596.05	6590.62	6594.64	1153	0	30
2025.09.12	17:00:00	6594.68	6596.94	6592.26	6595.24	1330	0	30
2025.09.12	17:30:00	6595.18	6598.98	6593.09	6597.98	2530	0	30
2025.09.12	18:00:00	6597.93	6600.71	6596.56	6599.94	2047	0	30
2025.09.12	18:30:00	6600.19	6606.84	6599.06	6603.24	3961	0	30
2025.09.12	19:00:00	6603.10	6604.75	6596.16	6597.27	3442	0	30
2025.09.12	19:30:00	6597.22	6598.54	6584.36	6588.58	12283	0	30
2025.09.12	20:00:00	6588.73	6589.66	6586.29	6589.22	3270	0	30
2025.09.12	20:30:00	6589.16	6590.66	6588.70	6588.78	368	0	34
2025.09.14	22:00:00	6591.91	6594.05	6587.20	6592.80	770	0	50
2025.09.14	22:30:00	6592.80	6594.30	6592.37	6593.30	247	0	50
2025.09.14	23:00:00	6593.15	6594.23	6590.37	6590.49	232	0	50
2025.09.14	23:30:00	6590.55	6590.80	6588.39	6590.06	438	0	50
2025.09.15	00:00:00	6590.05	6590.53	6586.84	6587.30	718	0	50
2025.09.15	00:30:00	6587.30	6590.80	6587.05	6590.05	463	0	50
2025.09.15	01:00:00	6590.18	6591.68	6590.05	6591.59	402	0	50
2025.09.15	01:30:00	6591.75	6592.80	6590.80	6592.34	371	0	50
2025.09.15	02:00:00	6592.30	6593.55	6591.11	6593.30	385	0	50
2025.09.15	02:30:00	6593.20	6593.80	6592.35	6593.80	217	0	50
2025.09.15	03:00:00	6593.80	6595.30	6593.37	6593.98	268	0	50
2025.09.15	03:30:00	6593.84	6595.26	6593.30	6593.80	210	0	50
2025.09.15	04:00:00	6593.80	6595.51	6593.80	6595.05	159	0	50
2025.09.15	04:30:00	6595.05	6595.76	6594.80	6595.50	127	0	50
2025.09.15	05:00:00	6595.69	6595.96	6593.86	6594.82	220	0	50
2025.09.15	05:30:00	6594.80	6597.80	6594.30	6597.46	288	0	50
2025.09.15	06:00:00	6597.52	6599.30	6596.55	6596.60	505	0	50
2025.09.15	06:30:00	6596.57	6601.25	6596.30	6600.38	450	0	50
2025.09.15	07:00:00	6600.37	6602.40	6598.76	6600.26	1076	0	42
2025.09.15	07:30:00	6600.31	6603.43	6599.29	6600.69	820	0	42
2025.09.15	08:00:00	6600.79	6601.16	6588.26	6595.18	3453	0	42
2025.09.15	08:30:00	6595.36	6599.28	6592.01	6596.02	1666	0	42
2025.09.15	09:00:00	6595.80	6595.91	6593.02	6595.43	992	0	42
2025.09.15	09:30:00	6595.37	6597.15	6594.51	6596.75	907	0	42
2025.09.15	10:00:00	6596.90	6599.67	6596.06	6599.67	738	0	42
2025.09.15	10:30:00	6599.53	6601.28	6598.75	6601.16	923	0	42
2025.09.15	11:00:00	6601.37	6603.39	6600.74	6601.90	888	0	42
2025.09.15	11:30:00	6601.88	6604.86	6601.24	6604.40	929	0	42
2025.09.15	12:00:00	6604.27	6611.22	6603.79	6607.56	2438	0	42
2025.09.15	12:30:00	6607.51	6611.92	6605.49	6611.77	1683	0	42
2025.09.15	13:00:00	6611.83	6613.52	6609.26	6611.75	1670	0	42
2025.09.15	13:30:00	6611.87	6622.49	6610.32	6621.99	8890	0	30
2025.09.15	14:00:00	6622.11	6623.24	6615.32	6622.72	4774	0	30
2025.09.15	14:30:00	6622.57	6626.00	6619.32	6625.48	3392	0	30
2025.09.15	15:00:00	6625.71	6626.25	6617.54	6618.98	2584	0	30
2025.09.15	15:30:00	6618.82	6623.74	6618.05	6621.56	2401	0	30
2025.09.15	16:00:00	6621.72	6624.23	6619.57	6621.48	2154	0	30
2025.09.15	16:30:00	6621.71	6624.25	6615.85	6616.49	2181	0	30
2025.09.15	17:00:00	6616.32	6619.00	6610.30	6612.46	2854	0	30
2025.09.15	17:30:00	6612.33	6622.30	6611.86	6621.78	2338	0	30
2025.09.15	18:00:00	6621.72	6621.80	6614.85	6614.85	2555	0	30
2025.09.15	18:30:00	6614.65	6617.01	6609.35	6615.86	2653	0	30
2025.09.15	19:00:00	6616.01	6617.54	6612.87	6616.62	2568	0	30
2025.09.15	19:30:00	6616.39	6625.90	6613.37	6625.12	5391	0	30
2025.09.15	20:00:00	6625.35	6625.61	6619.44	6619.47	1323	0	30
2025.09.15	20:30:00	6619.51	6622.11	6619.47	6619.95	349	0	34
2025.09.15	22:00:00	6620.12	6621.30	6618.84	6619.27	587	0	50
2025.09.15	22:30:00	6619.30	6619.50	6617.55	6618.29	227	0	50
2025.09.15	23:00:00	6618.48	6624.50	6618.12	6623.87	338	0	50
2025.09.15	23:30:00	6623.82	6624.05	6621.84	6623.79	301	0	50
2025.09.16	00:00:00	6623.61	6623.75	6620.37	6620.78	449	0	50
2025.09.16	00:30:00	6620.80	6622.52	6619.09	6622.35	333	0	50
2025.09.16	01:00:00	6622.51	6624.80	6621.80	6622.51	304	0	50
2025.09.16	01:30:00	6622.53	6625.05	6622.53	6623.80	367	0	50
2025.09.16	02:00:00	6623.80	6626.30	6623.55	6626.30	206	0	50
2025.09.16	02:30:00	6626.30	6629.50	6626.30	6627.00	324	0	50
2025.09.16	03:00:00	6627.03	6629.80	6626.62	6629.77	196	0	50
2025.09.16	03:30:00	6629.61	6631.30	6629.61	6631.05	246	0	50
2025.09.16	04:00:00	6631.05	6631.19	6629.80	6630.51	204	0	50
2025.09.16	04:30:00	6630.34	6630.80	6629.55	6630.74	155	0	50
2025.09.16	05:00:00	6630.59	6632.26	6629.87	6631.55	330	0	50
2025.09.16	05:30:00	6631.55	6634.51	6630.12	6633.29	290	0	50
2025.09.16	06:00:00	6633.19	6634.80	6631.87	6632.30	396	0	50
2025.09.16	06:30:00	6632.13	6632.26	6629.30	6629.35	379	0	50
2025.09.16	07:00:00	6629.51	6633.16	6628.87	6632.01	1576	0	42
2025.09.16	07:30:00	6631.89	6634.15	6630.79	6634.01	857	0	42
2025.09.16	08:00:00	6633.78	6640.70	6633.51	6639.89	1254	0	42
2025.09.16	08:30:00	6639.76	6642.93	6638.73	6640.32	607	0	42
2025.09.16	09:00:00	6640.59	6642.34	6638.71	6639.71	423	0	42
2025.09.16	09:30:00	6639.48	6639.62	6636.20	6637.95	460	0	42
2025.09.16	10:00:00	6638.10	6638.13	6636.21	6637.71	429	0	42
2025.09.16	10:30:00	6637.77	6638.62	6636.94	6637.37	349	0	42
2025.09.16	11:00:00	6637.57	6637.60	6633.45	6635.86	709	0	42
2025.09.16	11:30:00	6635.73	6636.63	6633.73	6635.21	549	0	42
2025.09.16	12:00:00	6635.27	6635.59	6631.68	6632.51	816	0	42
2025.09.16	12:30:00	6632.70	6635.36	6628.26	6630.19	1637	0	42
2025.09.16	13:00:00	6630.36	6632.60	6628.69	6630.59	1787	0	42
2025.09.16	13:30:00	6630.52	6633.91	6616.23	6618.15	8414	0	30
2025.09.16	14:00:00	6618.04	6620.06	6611.20	6614.33	5615	0	30
2025.09.16	14:30:00	6614.17	6618.08	6611.90	6613.42	4031	0	30
2025.09.16	15:00:00	6613.58	6616.06	6608.67	6610.83	3904	0	30
2025.09.16	15:30:00	6610.77	6614.06	6606.66	6612.31	2947	0	30
2025.09.16	16:00:00	6612.10	6614.98	6610.81	6614.48	2464	0	30
2025.09.16	16:30:00	6614.42	6616.48	6610.31	6615.23	2120	0	30
2025.09.16	17:00:00	6615.07	6619.73	6614.57	6618.23	1522	0	30
2025.09.16	17:30:00	6618.46	6619.21	6614.57	6617.23	1651	0	30
2025.09.16	18:00:00	6617.07	6619.23	6615.54	6616.98	1392	0	30
2025.09.16	18:30:00	6617.21	6622.48	6616.07	6621.07	994	0	30
2025.09.16	19:00:00	6621.23	6622.23	6615.57	6616.48	1241	0	30
2025.09.16	19:30:00	6616.71	6621.73	6611.84	6614.73	3287	0	30
2025.09.16	20:00:00	6614.57	6618.96	6613.82	6618.80	643	0	30
2025.09.16	20:30:00	6618.57	6619.46	6615.28	6616.01	216	0	34
2025.09.16	22:00:00	6616.76	6618.96	6614.75	6618.96	417	0	50
2025.09.16	22:30:00	6618.99	6621.00	6618.99	6620.25	154	0	50
2025.09.16	23:00:00	6620.25	6620.98	6617.80	6618.04	129	0	50
2025.09.16	23:30:00	6618.01	6619.75	6618.00	6619.05	172	0	50
2025.09.17	00:00:00	6619.02	6621.00	6617.29	6618.57	459	0	50
2025.09.17	00:30:00	6618.52	6619.47	6617.25	6618.71	243	0	50
2025.09.17	01:00:00	6618.56	6619.49	6616.79	6617.80	303	0	50
2025.09.17	01:30:00	6617.75	6617.75	6614.56	6614.79	337	0	50
2025.09.17	02:00:00	6614.96	6615.46	6611.29	6611.96	298	0	50
2025.09.17	02:30:00	6612.00	6613.79	6611.75	6613.55	235	0	50
2025.09.17	03:00:00	6613.55	6613.55	6612.27	6612.46	166	0	50
2025.09.17	03:30:00	6612.49	6613.25	6611.80	6612.00	166	0	50
2025.09.17	04:00:00	6612.14	6613.00	6610.56	6611.50	246	0	50
2025.09.17	04:30:00	6611.50	6613.47	6611.50	6612.30	164	0	50
2025.09.17	05:00:00	6612.46	6613.24	6609.08	6610.94	426	0	50
2025.09.17	05:30:00	6610.79	6612.50	6610.04	6612.00	332	0	50
2025.09.17	06:00:00	6612.12	6613.74	6610.30	6613.33	526	0	50
2025.09.17	06:30:00	6613.25	6615.98	6611.79	6615.21	370	0	50
2025.09.17	07:00:00	6615.29	6619.13	6613.01	6618.92	1245	0	29
2025.09.17	07:30:00	6618.87	6619.70	6617.02	6618.19	960	0	29
2025.09.17	08:00:00	6618.04	6618.45	6612.01	6614.18	892	0	29
2025.09.17	08:30:00	6614.30	6614.44	6600.58	6612.44	4345	0	29
2025.09.17	09:00:00	6612.56	6616.18	6611.76	6615.41	895	0	29
2025.09.17	09:30:00	6615.64	6616.43	6612.51	6613.52	564	0	29
2025.09.17	10:00:00	6613.29	6614.91	6610.76	6610.94	562	0	29
2025.09.17	10:30:00	6611.16	6611.40	6607.50	6608.93	932	0	29
2025.09.17	11:00:00	6609.05	6612.44	6606.78	6611.04	911	0	29
2025.09.17	11:30:00	6610.81	6611.44	6606.76	6609.76	767	0	29
2025.09.17	12:00:00	6609.92	6612.70	6608.77	6612.36	883	0	29
2025.09.17	12:30:00	6612.44	6614.95	6611.07	6614.79	889	0	29
2025.09.17	13:00:00	6614.66	6617.52	6613.27	6616.02	1070	0	29
2025.09.17	13:30:00	6615.79	6622.45	6612.05	6614.45	7191	0	21
2025.09.17	14:00:00	6614.70	6615.48	6606.80	6607.32	5326	0	21
2025.09.17	14:30:00	6607.47	6611.99	6605.82	6608.82	3766	0	21
2025.09.17	15:00:00	6608.87	6611.94	6603.48	6604.21	2901	0	21
2025.09.17	15:30:00	6604.38	6608.48	6603.49	6608.23	2141	0	21
2025.09.17	16:00:00	6608.06	6608.95	6602.82	6604.84	2412	0	21
2025.09.17	16:30:00	6604.59	6605.50	6595.61	6597.59	2497	0	21
2025.09.17	17:00:00	6597.39	6601.59	6597.38	6600.86	1959	0	21
2025.09.17	17:30:00	6601.01	6611.82	6600.97	6611.80	2736	0	21
2025.09.17	18:00:00	6611.99	6632.54	6585.95	6618.59	47807	0	21
2025.09.17	18:30:00	6618.78	6620.68	6556.65	6591.60	60559	0	21
2025.09.17	19:00:00	6591.42	6622.42	6588.80	6617.42	44596	0	21
2025.09.17	19:30:00	6617.27	6621.39	6599.35	6607.00	33355	0	21
2025.09.17	20:00:00	6606.86	6615.03	6606.08	6611.77	5570	0	21
2025.09.17	20:30:00	6611.70	6615.05	6609.13	6612.19	1020	0	34
2025.09.17	22:00:00	6612.10	6621.19	6611.83	6620.68	729	0	50
2025.09.17	22:30:00	6620.54	6629.80	6620.04	6628.10	629	0	50
2025.09.17	23:00:00	6628.10	6630.61	6628.10	6629.69	420	0	50
2025.09.17	23:30:00	6629.67	6631.58	6627.91	6630.40	480	0	50
2025.09.18	00:00:00	6630.40	6630.40	6624.40	6624.69	679	0	50
2025.09.18	00:30:00	6624.85	6626.11	6624.16	6624.97	493	0	50
2025.09.18	01:00:00	6625.11	6630.36	6624.67	6627.59	573	0	50
2025.09.18	01:30:00	6627.44	6630.58	6627.18	6630.08	410	0	50
2025.09.18	02:00:00	6629.92	6631.83	6628.42	6631.81	245	0	50
2025.09.18	02:30:00	6632.06	6634.33	6631.67	6634.17	353	0	50
2025.09.18	03:00:00	6633.94	6638.08	6633.92	6637.17	633	0	50
2025.09.18	03:30:00	6636.94	6638.41	6635.74	6637.70	317	0	50
2025.09.18	04:00:00	6637.70	6639.19	6636.27	6638.91	320	0	50
2025.09.18	04:30:00	6638.94	6640.87	6637.95	6640.20	345	0	50
2025.09.18	05:00:00	6640.03	6640.87	6633.20	6633.45	469	0	50
2025.09.18	05:30:00	6633.31	6635.35	6632.27	6634.18	571	0	50
2025.09.18	06:00:00	6634.02	6634.63	6628.10	6629.10	1119	0	50
2025.09.18	06:30:00	6629.25	6636.83	6626.65	6636.35	871	0	50
2025.09.18	07:00:00	6636.27	6642.79	6635.35	6637.29	1725	0	29
2025.09.18	07:30:00	6637.13	6647.92	6637.10	6646.53	1832	0	29
2025.09.18	08:00:00	6646.47	6654.54	6644.90	6653.87	2072	0	29
2025.09.18	08:30:00	6653.77	6665.81	6653.35	6664.90	1561	0	29
2025.09.18	09:00:00	6665.03	6666.57	6660.87	6662.76	1341	0	29
2025.09.18	09:30:00	6662.72	6666.54	6661.86	6662.12	1115	0	29
2025.09.18	10:00:00	6662.26	6664.80	6659.37	6659.89	833	0	29
2025.09.18	10:30:00	6659.66	6659.79	6654.61	6657.29	995	0	29
2025.09.18	11:00:00	6657.59	6664.04	6656.51	6661.03	2757	0	29
2025.09.18	11:30:00	6660.89	6661.29	6653.41	6657.12	2012	0	29
2025.09.18	12:00:00	6657.28	6659.30	6652.11	6657.39	1837	0	29
2025.09.18	12:30:00	6657.18	6658.72	6639.86	6640.01	2746	0	29
2025.09.18	13:00:00	6640.24	6640.74	6629.62	6633.53	4893	0	29
2025.09.18	13:30:00	6633.70	6639.29	6617.40	6635.66	17734	0	21
2025.09.18	14:00:00	6635.72	6660.63	6634.95	6659.88	7682	0	21
2025.09.18	14:30:00	6659.73	6664.89	6641.75	6642.43	6589	0	21
2025.09.18	15:00:00	6642.63	6653.99	6640.47	6647.93	5803	0	21
2025.09.18	15:30:00	6648.06	6654.27	6636.40	6640.77	5531	0	21
2025.09.18	16:00:00	6640.62	6651.43	6638.75	6650.43	4168	0	21
2025.09.18	16:30:00	6650.66	6657.91	6650.26	6656.51	1946	0	21
2025.09.18	17:00:00	6656.28	6658.46	6648.76	6649.26	2565	0	21
2025.09.18	17:30:00	6649.43	6650.68	6641.01	6643.68	3246	0	21
2025.09.18	18:00:00	6643.91	6648.68	6641.76	6643.76	2310	0	21
2025.09.18	18:30:00	6643.93	6651.41	6639.27	6648.08	1980	0	21
2025.09.18	19:00:00	6648.20	6650.09	6642.29	6642.72	2904	0	21
2025.09.18	19:30:00	6642.57	6646.44	6635.06	6638.95	5922	0	21
2025.09.18	20:00:00	6639.20	6644.40	6637.98	6644.40	1554	0	21
2025.09.18	20:30:00	6644.36	6646.70	6644.23	6645.65	407	0	34
2025.09.18	22:00:00	6646.31	6651.58	6645.98	6651.17	446	0	50
2025.09.18	22:30:00	6651.33	6651.43	6644.18	6651.02	317	0	50
2025.09.18	23:00:00	6650.78	6652.16	6649.79	6650.77	216	0	50
2025.09.18	23:30:00	6650.93	6652.93	6650.12	6650.70	289	0	50
2025.09.19	00:00:00	6650.87	6653.19	6643.06	6643.96	1007	0	50
2025.09.19	00:30:00	6643.79	6645.58	6641.52	6644.54	565	0	50
2025.09.19	01:00:00	6644.69	6645.19	6642.70	6645.14	621	0	50
2025.09.19	01:30:00	6645.18	6647.93	6644.95	6646.95	621	0	50
2025.09.19	02:00:00	6646.84	6648.11	6641.73	6641.87	574	0	50
2025.09.19	02:30:00	6642.11	6644.91	6641.95	6644.03	268	0	50
2025.09.19	03:00:00	6643.96	6650.38	6643.49	6649.99	459	0	50
2025.09.19	03:30:00	6650.15	6650.19	6643.56	6644.95	1165	0	50
2025.09.19	04:00:00	6645.11	6645.45	6637.47	6642.47	1279	0	50
2025.09.19	04:30:00	6642.24	6645.83	6641.67	6645.42	353	0	50
2025.09.19	05:00:00	6645.58	6646.08	6641.92	6641.92	317	0	50
2025.09.19	05:30:00	6641.68	6642.33	6637.67	6639.67	726	0	50
2025.09.19	06:00:00	6639.83	6641.58	6631.17	6634.08	1006	0	50
2025.09.19	06:30:00	6633.92	6638.08	6630.69	6630.84	1288	0	50
2025.09.19	07:00:00	6630.68	6637.17	6627.22	6636.55	2673	0	29
2025.09.19	07:30:00	6636.58	6636.95	6632.31	6635.83	1761	0	29
2025.09.19	08:00:00	6635.77	6642.20	6635.01	6641.95	1525	0	29
2025.09.19	08:30:00	6641.89	6643.20	6640.01	6640.69	763	0	29
2025.09.19	09:00:00	6640.90	6644.18	6640.25	6643.43	944	0	29
2025.09.19	09:30:00	6643.53	6645.45	6640.78	6641.10	1072	0	29
2025.09.19	10:00:00	6641.19	6644.41	6639.27	6642.93	926	0	29
2025.09.19	10:30:00	6642.77	6645.19	6640.52	6644.04	765	0	29
2025.09.19	11:00:00	6644.18	6646.68	6641.57	6644.99	1070	0	29
2025.09.19	11:30:00	6644.75	6647.70	6643.26	6647.57	866	0	29
2025.09.19	12:00:00	6647.51	6653.18	6646.56	6652.68	1153	0	29
2025.09.19	12:30:00	6652.53	6653.93	6649.52	6650.43	1614	0	29
2025.09.19	13:00:00	6650.28	6660.13	6649.52	6654.90	3206	0	29
2025.09.19	13:30:00	6654.82	6658.96	6644.49	6653.17	10751	0	21
2025.09.19	14:00:00	6653.40	6655.92	6648.25	6650.43	6314	0	21
2025.09.19	14:30:00	6650.36	6653.68	6641.00	6646.93	5845	0	21
2025.09.19	15:00:00	6647.14	6650.90	6637.16	6638.17	5727	0	21
2025.09.19	15:30:00	6637.93	6646.78	6634.20	6646.26	3372	0	21
2025.09.19	16:00:00	6646.08	6657.48	6646.06	6655.73	2483	0	21
2025.09.19	16:30:00	6655.56	6659.01	6652.31	6657.38	1865	0	21
2025.09.19	17:00:00	6657.21	6658.64	6654.20	6657.11	1615	0	21
2025.09.19	17:30:00	6657.06	6661.37	6656.95	6659.21	1533	0	21
2025.09.19	18:00:00	6659.38	6660.58	6655.93	6657.97	1570	0	21
2025.09.19	18:30:00	6657.74	6664.43	6656.95	6664.27	864	0	21
2025.09.19	19:00:00	6664.14	6673.80	6663.99	6671.26	1512	0	21
2025.09.19	19:30:00	6671.16	6678.91	6666.92	6669.26	3820	0	21
2025.09.19	20:00:00	6669.22	6672.34	6665.66	6666.08	1195	0	24
2025.09.19	20:30:00	6665.95	6669.11	6665.68	6666.45	521	0	34
2025.09.21	22:00:00	6665.29	6670.12	6661.65	6663.87	878	0	50
2025.09.21	22:30:00	6663.89	6668.32	6663.20	6665.66	449	0	50
2025.09.21	23:00:00	6665.65	6666.15	6663.90	6665.07	275	0	50
2025.09.21	23:30:00	6664.94	6665.10	6663.24	6663.86	308	0	50
2025.09.22	00:00:00	6664.07	6669.11	6663.40	6667.15	683	0	50
2025.09.22	00:30:00	6666.98	6666.98	6659.69	6660.45	611	0	50
2025.09.22	01:00:00	6660.61	6665.40	6659.94	6662.15	512	0	50
2025.09.22	01:30:00	6662.31	6664.38	6660.97	6663.88	500	0	50
2025.09.22	02:00:00	6663.72	6665.13	6663.24	6663.97	344	0	50
2025.09.22	02:30:00	6664.13	6665.88	6663.97	6665.47	212	0	50
2025.09.22	03:00:00	6665.24	6667.11	6663.47	6666.96	259	0	50
2025.09.22	03:30:00	6667.13	6668.63	6666.72	6667.63	254	0	50
2025.09.22	04:00:00	6667.47	6667.88	6665.97	6666.13	192	0	50
2025.09.22	04:30:00	6665.97	6666.86	6664.99	6665.22	182	0	50
2025.09.22	05:00:00	6665.38	6667.88	6665.22	6666.47	263	0	50
2025.09.22	05:30:00	6666.24	6666.86	6664.24	6664.47	298	0	50
2025.09.22	06:00:00	6664.63	6665.13	6660.72	6661.88	670	0	50
2025.09.22	06:30:00	6662.11	6662.88	6658.77	6659.88	480	0	50
2025.09.22	07:00:00	6659.76	6662.38	6645.00	6646.69	2054	0	29
2025.09.22	07:30:00	6646.52	6653.65	6646.52	6651.72	1824	0	29
2025.09.22	08:00:00	6651.88	6660.88	6650.95	6658.39	1982	0	29
2025.09.22	08:30:00	6658.34	6659.88	6653.71	6653.87	847	0	29
2025.09.22	09:00:00	6654.10	6655.39	6648.98	6652.47	1743	0	29
2025.09.22	09:30:00	6652.53	6652.88	6651.20	6652.48	759	0	29
2025.09.22	10:00:00	6652.63	6657.89	6651.51	6656.39	794	0	29
2025.09.22	10:30:00	6656.50	6657.89	6650.24	6650.89	642	0	29
2025.09.22	11:00:00	6650.73	6653.13	6649.22	6650.74	960	0	29
2025.09.22	11:30:00	6650.51	6653.37	6648.70	6653.19	701	0	29
2025.09.22	12:00:00	6653.00	6653.26	6648.19	6648.46	1009	0	29
2025.09.22	12:30:00	6648.35	6654.10	6648.21	6652.63	1264	0	29
2025.09.22	13:00:00	6652.57	6656.40	6649.70	6655.47	1651	0	29
2025.09.22	13:30:00	6655.67	6668.93	6655.51	6667.51	5950	0	21
2025.09.22	14:00:00	6667.28	6674.91	6665.01	6674.23	3321	0	21
2025.09.22	14:30:00	6673.83	6684.43	6672.73	6683.76	2154	0	21
2025.09.22	15:00:00	6683.53	6686.94	6680.48	6682.94	2032	0	21
2025.09.22	15:30:00	6682.77	6683.68	6678.26	6679.27	1927	0	21
2025.09.22	16:00:00	6679.42	6693.17	6678.99	6692.27	3069	0	21
2025.09.22	16:30:00	6692.42	6698.68	6691.51	6697.64	1987	0	21
2025.09.22	17:00:00	6697.89	6699.17	6695.01	6698.92	1415	0	21
2025.09.22	17:30:00	6698.87	6701.66	6696.54	6697.25	1337	0	21
2025.09.22	18:00:00	6697.42	6699.93	6694.12	6699.43	962	0	21
2025.09.22	18:30:00	6699.35	6701.91	6698.56	6701.66	707	0	21
2025.09.22	19:00:00	6701.80	6706.19	6701.58	6705.26	998	0	21
2025.09.22	19:30:00	6705.04	6706.38	6700.76	6701.26	2510	0	21
2025.09.22	20:00:00	6701.31	6701.67	6694.45	6695.34	1059	0	24
2025.09.22	20:30:00	6695.57	6700.11	6695.17	6699.37	354	0	34
2025.09.22	22:00:00	6699.91	6700.88	6696.92	6697.30	555	0	50
2025.09.22	22:30:00	6697.30	6698.76	6695.83	6698.30	222	0	50
2025.09.22	23:00:00	6698.30	6699.52	6697.80	6699.25	219	0	50
2025.09.22	23:30:00	6699.10	6701.95	6698.80	6701.07	237	0	50
2025.09.23	00:00:00	6701.24	6702.24	6698.80	6699.55	393	0	50
2025.09.23	00:30:00	6699.67	6702.49	6699.60	6699.85	328	0	50
2025.09.23	01:00:00	6699.80	6702.30	6699.14	6702.05	378	0	50
2025.09.23	01:30:00	6701.91	6703.05	6700.30	6700.51	374	0	50
2025.09.23	02:00:00	6700.34	6702.51	6700.31	6700.57	255	0	50
2025.09.23	02:30:00	6700.55	6702.26	6700.35	6700.59	204	0	50
2025.09.23	03:00:00	6700.76	6702.30	6700.55	6701.59	185	0	50
2025.09.23	03:30:00	6701.76	6702.30	6701.30	6701.55	111	0	50
2025.09.23	04:00:00	6701.38	6701.51	6698.10	6698.56	193	0	50
2025.09.23	04:30:00	6698.36	6698.75	6696.55	6697.57	205	0	50
2025.09.23	05:00:00	6697.37	6700.80	6696.87	6700.30	279	0	50
2025.09.23	05:30:00	6700.44	6704.00	6700.44	6700.60	284	0	50
2025.09.23	06:00:00	6700.55	6702.80	6699.80	6701.88	498	0	50
2025.09.23	06:30:00	6702.01	6703.55	6700.36	6703.34	395	0	50
2025.09.23	07:00:00	6703.20	6703.47	6697.35	6698.31	1763	0	29
2025.09.23	07:30:00	6698.38	6702.00	6697.88	6699.84	1052	0	29
2025.09.23	08:00:00	6699.70	6704.76	6699.56	6704.12	1343	0	29
2025.09.23	08:30:00	6704.23	6704.45	6700.56	6700.82	781	0	29
2025.09.23	09:00:00	6700.87	6702.23	6699.60	6701.31	580	0	29
2025.09.23	09:30:00	6701.11	6703.23	6701.06	6702.49	448	0	29
2025.09.23	10:00:00	6702.34	6702.98	6699.31	6699.33	523	0	29
2025.09.23	10:30:00	6699.11	6699.98	6696.06	6699.24	584	0	29
2025.09.23	11:00:00	6699.36	6699.36	6694.31	6697.71	826	0	29
2025.09.23	11:30:00	6697.58	6701.75	6697.08	6701.07	526	0	29
2025.09.23	12:00:00	6701.21	6702.50	6699.57	6700.19	697	0	29
2025.09.23	12:30:00	6700.07	6702.75	6698.08	6702.00	750	0	29
2025.09.23	13:00:00	6702.20	6702.70	6699.30	6700.33	781	0	29
2025.09.23	13:30:00	6700.52	6706.53	6698.85	6702.01	6839	0	21
2025.09.23	14:00:00	6702.23	6705.74	6696.58	6699.12	5363	0	21
2025.09.23	14:30:00	6699.27	6700.19	6693.99	6695.51	3652	0	21
2025.09.23	15:00:00	6695.68	6697.49	6692.82	6694.06	2760	0	21
2025.09.23	15:30:00	6694.23	6694.99	6687.85	6688.36	2839	0	21
2025.09.23	16:00:00	6688.52	6689.78	6682.36	6685.11	2740	0	21
2025.09.23	16:30:00	6685.28	6691.29	6681.61	6684.36	3970	0	21
2025.09.23	17:00:00	6684.42	6685.29	6669.11	6669.38	4269	0	21
2025.09.23	17:30:00	6669.15	6670.76	6652.35	6664.37	11603	0	21
2025.09.23	18:00:00	6664.52	6666.04	6654.11	6658.44	5757	0	21
2025.09.23	18:30:00	6658.27	6664.38	6651.10	6652.21	4149	0	21
2025.09.23	19:00:00	6651.98	6659.40	6651.98	6655.22	3520	0	21
2025.09.23	19:30:00	6655.37	6667.59	6654.46	6665.12	3893	0	21
2025.09.23	20:00:00	6665.32	6667.82	6662.43	6666.16	1581	0	24
2025.09.23	20:30:00	6666.37	6667.16	6664.99	6666.29	419	0	34
2025.09.23	22:00:00	6668.84	6673.10	6668.31	6669.05	480	0	50
2025.09.23	22:30:00	6669.09	6671.06	6668.30	6670.60	207	0	50
2025.09.23	23:00:00	6670.43	6670.78	6669.35	6669.60	160	0	50
2025.09.23	23:30:00	6669.64	6670.33	6668.67	6669.08	221	0	50
2025.09.24	00:00:00	6668.92	6669.35	6663.42	6669.10	733	0	50
2025.09.24	00:30:00	6668.93	6669.79	6666.13	6668.53	412	0	50
2025.09.24	01:00:00	6668.39	6668.79	6664.61	6666.56	514	0	50
2025.09.24	01:30:00	6666.59	6667.35	6663.85	6665.35	625	0	50
2025.09.24	02:00:00	6665.51	6667.03	6664.39	6667.03	412	0	50
2025.09.24	02:30:00	6667.10	6668.78	6666.40	6668.35	316	0	50
2025.09.24	03:00:00	6668.20	6669.52	6668.10	6668.60	205	0	50
2025.09.24	03:30:00	6668.60	6670.13	6667.55	6669.97	177	0	50
2025.09.24	04:00:00	6670.13	6671.18	6669.72	6671.18	197	0	50
2025.09.24	04:30:00	6671.02	6672.20	6670.20	6672.17	150	0	50
2025.09.24	05:00:00	6672.01	6673.37	6671.20	6672.95	219	0	50
2025.09.24	05:30:00	6672.95	6673.89	6671.20	6673.82	232	0	50
2025.09.24	06:00:00	6673.87	6676.90	6673.19	6674.08	430	0	50
2025.09.24	06:30:00	6674.10	6679.38	6673.68	6676.14	478	0	50
2025.09.24	07:00:00	6676.33	6677.78	6666.36	6666.62	1583	0	29
2025.09.24	07:30:00	6666.68	6677.29	6666.61	6677.29	1076	0	29
2025.09.24	08:00:00	6677.49	6678.55	6673.39	6673.39	1246	0	29
2025.09.24	08:30:00	6673.15	6675.28	6673.12	6675.28	703	0	29
2025.09.24	09:00:00	6675.12	6678.03	6674.86	6677.12	635	0	29
2025.09.24	09:30:00	6677.27	6678.30	6675.11	6676.88	578	0	29
2025.09.24	10:00:00	6677.03	6677.78	6673.40	6673.54	547	0	29
2025.09.24	10:30:00	6673.38	6676.78	6672.63	6676.63	516	0	29
2025.09.24	11:00:00	6676.49	6679.29	6675.86	6677.64	578	0	29
2025.09.24	11:30:00	6677.78	6679.53	6673.61	6676.63	724	0	29
2025.09.24	12:00:00	6676.42	6678.38	6674.62	6676.03	843	0	29
2025.09.24	12:30:00	6676.26	6677.52	6674.64	6677.52	1096	0	29
2025.09.24	13:00:00	6677.39	6679.05	6674.34	6678.12	1044	0	29
2025.09.24	13:30:00	6678.22	6679.33	6657.16	6663.42	9575	0	21
2025.09.24	14:00:00	6663.31	6668.07	6659.42	6665.39	6996	0	21
2025.09.24	14:30:00	6665.19	6670.08	6661.16	6663.01	4176	0	21
2025.09.24	15:00:00	6663.18	6665.16	6657.49	6660.26	3835	0	21
2025.09.24	15:30:00	6660.41	6660.44	6634.99	6636.11	5711	0	21
2025.09.24	16:00:00	6636.28	6644.11	6629.46	6641.94	5692	0	21
2025.09.24	16:30:00	6642.11	6644.15	6636.63	6637.53	3390	0	21
2025.09.24	17:00:00	6637.76	6649.50	6636.86	6646.28	3813	0	21
2025.09.24	17:30:00	6646.51	6650.51	6636.36	6638.11	2766	0	21
2025.09.24	18:00:00	6638.28	6639.51	6632.11	6636.36	2509	0	21
2025.09.24	18:30:00	6636.53	6643.68	6635.11	6643.26	2364	0	21
2025.09.24	19:00:00	6643.03	6643.43	6637.76	6640.15	2207	0	21
2025.09.24	19:30:00	6640.40	6645.71	6637.03	6642.18	2710	0	21
2025.09.24	20:00:00	6642.39	6649.74	6642.25	6648.00	765	0	24
2025.09.24	20:30:00	6647.85	6649.51	6647.33	6647.78	200	0	34
2025.09.24	22:00:00	6649.58	6649.65	6646.33	6647.12	454	0	50
2025.09.24	22:30:00	6647.28	6649.28	6647.12	6648.78	153	0	50
2025.09.24	23:00:00	6648.62	6648.78	6647.12	6647.37	130	0	50
2025.09.24	23:30:00	6647.53	6650.53	6646.62	6650.37	198	0	50
2025.09.25	00:00:00	6650.13	6655.08	6649.62	6653.83	623	0	50
2025.09.25	00:30:00	6653.67	6654.83	6653.17	6654.67	293	0	50
2025.09.25	01:00:00	6654.44	6655.08	6653.67	6654.92	209	0	50
2025.09.25	01:30:00	6654.69	6657.58	6653.52	6655.59	278	0	50
2025.09.25	02:00:00	6655.82	6656.43	6653.79	6654.76	225	0	50
2025.09.25	02:30:00	6654.97	6656.78	6654.82	6656.53	132	0	50
2025.09.25	03:00:00	6656.37	6656.53	6655.12	6656.14	144	0	50
2025.09.25	03:30:00	6655.89	6657.06	6655.87	6656.83	121	0	50
2025.09.25	04:00:00	6656.87	6657.56	6654.37	6654.78	175	0	50
2025.09.25	04:30:00	6654.62	6655.03	6650.34	6651.34	191	0	50
2025.09.25	05:00:00	6651.51	6652.01	6647.80	6650.50	396	0	50
2025.09.25	05:30:00	6650.35	6650.51	6647.39	6649.83	391	0	50
2025.09.25	06:00:00	6649.64	6650.80	6645.81	6646.01	542	0	50
2025.09.25	06:30:00	6645.84	6647.18	6641.63	6643.26	532	0	50
2025.09.25	07:00:00	6643.33	6644.50	6635.36	6643.80	2229	0	29
2025.09.25	07:30:00	6643.97	6647.49	6642.33	6644.82	1255	0	29
2025.09.25	08:00:00	6644.88	6648.98	6644.31	6648.24	1261	0	29
2025.09.25	08:30:00	6648.17	6648.74	6639.35	6641.84	941	0	29
2025.09.25	09:00:00	6641.61	6644.00	6639.32	6642.60	822	0	29
2025.09.25	09:30:00	6642.37	6644.00	6636.31	6639.49	1815	0	29
2025.09.25	10:00:00	6639.33	6641.24	6634.31	6635.06	1439	0	29
2025.09.25	10:30:00	6635.13	6639.48	6631.08	6634.39	1389	0	29
2025.09.25	11:00:00	6634.49	6634.75	6622.44	6624.84	3080	0	29
2025.09.25	11:30:00	6624.61	6626.10	6614.06	6616.11	3382	0	29
2025.09.25	12:00:00	6615.96	6624.48	6614.81	6620.59	3161	0	29
2025.09.25	12:30:00	6619.68	6620.20	6605.06	6610.24	5160	0	29
2025.09.25	13:00:00	6610.10	6614.42	6605.08	6611.97	3899	0	29
2025.09.25	13:30:00	6611.92	6612.00	6583.10	6588.29	17583	0	21
2025.09.25	14:00:00	6588.39	6624.04	6587.72	6617.39	13382	0	21
2025.09.25	14:30:00	6617.53	6623.75	6615.11	6620.61	7733	0	21
2025.09.25	15:00:00	6620.78	6620.78	6604.09	6606.80	7158	0	21
2025.09.25	15:30:00	6606.72	6626.52	6606.60	6622.05	6542	0	21
2025.09.25	16:00:00	6622.01	6624.84	6611.92	6612.66	5593	0	21
2025.09.25	16:30:00	6612.83	6622.57	6608.40	6610.91	4974	0	21
2025.09.25	17:00:00	6611.06	6616.20	6597.94	6605.41	6850	0	21
2025.09.25	17:30:00	6605.18	6607.07	6587.45	6588.42	6640	0	21
2025.09.25	18:00:00	6588.57	6604.29	6576.40	6602.59	9406	0	21
2025.09.25	18:30:00	6602.43	6614.34	6599.40	6611.66	6081	0	21
2025.09.25	19:00:00	6611.83	6613.08	6603.42	6607.71	4956	0	21
2025.09.25	19:30:00	6607.88	6615.88	6603.96	6612.45	5640	0	21
2025.09.25	20:00:00	6612.61	6615.82	6610.41	6614.32	2015	0	24
2025.09.25	20:30:00	6614.25	6618.55	6613.40	6614.31	843	0	34
2025.09.25	22:00:00	6615.06	6621.31	6613.16	6618.56	730	0	50
2025.09.25	22:30:00	6618.39	6621.29	6613.18	6615.35	732	0	50
2025.09.25	23:00:00	6615.35	6616.35	6612.13	6614.09	660	0	50
2025.09.25	23:30:00	6614.29	6615.03	6611.69	6611.86	530	0	50
2025.09.26	00:00:00	6611.67	6615.55	6610.36	6611.60	982	0	50
2025.09.26	00:30:00	6611.47	6615.35	6610.13	6614.75	548	0	50
2025.09.26	01:00:00	6614.64	6614.64	6609.10	6609.89	800	0	50
2025.09.26	01:30:00	6609.85	6614.53	6609.39	6610.90	738	0	50
2025.09.26	02:00:00	6611.06	6614.01	6610.42	6613.84	469	0	50
2025.09.26	02:30:00	6614.04	6616.59	6612.41	6612.60	443	0	50
2025.09.26	03:00:00	6612.60	6612.99	6606.90	6608.81	460	0	50
2025.09.26	03:30:00	6608.64	6611.10	6607.64	6610.86	406	0	50
2025.09.26	04:00:00	6610.67	6614.28	6606.92	6610.80	756	0	50
2025.09.26	04:30:00	6610.65	6612.07	6606.35	6606.60	414	0	50
2025.09.26	05:00:00	6606.60	6611.84	6606.11	6611.28	561	0	50
2025.09.26	05:30:00	6611.33	6614.10	6609.39	6613.85	567	0	50
2025.09.26	06:00:00	6613.85	6626.07	6612.92	6624.94	1355	0	50
2025.09.26	06:30:00	6625.06	6625.06	6620.14	6621.60	1079	0	50
2025.09.26	07:00:00	6621.64	6626.80	6617.37	6626.75	3135	0	29
2025.09.26	07:30:00	6626.72	6627.30	6620.61	6623.41	1882	0	29
2025.09.26	08:00:00	6623.53	6625.80	6619.41	6621.87	1776	0	29
2025.09.26	08:30:00	6622.02	6623.05	6613.12	6613.29	2130	0	29
2025.09.26	09:00:00	6613.14	6618.29	6609.89	6612.88	2883	0	29
2025.09.26	09:30:00	6612.76	6618.78	6612.63	6617.54	1359	0	29
2025.09.26	10:00:00	6617.75	6619.73	6612.11	6612.37	1516	0	29
2025.09.26	10:30:00	6612.25	6613.05	6610.12	6612.55	1047	0	29
2025.09.26	11:00:00	6612.48	6618.01	6609.99	6612.87	1477	0	29
2025.09.26	11:30:00	6612.93	6621.80	6611.61	6619.12	1336	0	29
2025.09.26	12:00:00	6618.91	6624.18	6617.38	6622.90	1570	0	29
2025.09.26	12:30:00	6623.12	6643.29	6621.93	6634.35	6351	0	29
2025.09.26	13:00:00	6634.52	6635.03	6625.35	6626.30	2937	0	29
2025.09.26	13:30:00	6626.91	6651.08	6620.65	6649.77	18862	0	21
2025.09.26	14:00:00	6649.74	6655.82	6610.40	6618.94	18765	0	21
2025.09.26	14:30:00	6619.08	6631.21	6612.45	6615.94	13221	0	21
2025.09.26	15:00:00	6616.08	6631.08	6611.96	6630.89	11045	0	21
2025.09.26	15:30:00	6631.06	6632.34	6617.91	6618.16	7980	0	21
2025.09.26	16:00:00	6618.22	6639.59	6616.40	6636.33	8655	0	21
2025.09.26	16:30:00	6636.16	6647.07	6632.41	6645.35	5459	0	21
2025.09.26	17:00:00	6645.18	6649.55	6643.41	6648.34	3361	0	21
2025.09.26	17:30:00	6648.55	6649.55	6639.40	6645.33	3522	0	21
2025.09.26	18:00:00	6645.16	6652.30	6640.39	6649.32	3337	0	21
2025.09.26	18:30:00	6649.56	6653.55	6646.44	6651.08	3180	0	21
2025.09.26	19:00:00	6651.02	6651.84	6644.69	6647.82	2378	0	21
2025.09.26	19:30:00	6647.67	6651.33	6643.15	6649.40	4075	0	21
2025.09.26	20:00:00	6649.15	6655.48	6648.38	6655.34	908	0	27
2025.09.26	20:30:00	6655.51	6655.74	6650.83	6651.02	249	0	34
2025.09.28	22:00:00	6652.99	6658.91	6652.40	6656.48	1070	0	50
2025.09.28	22:30:00	6656.33	6660.75	6655.00	6658.21	524	0	50
2025.09.28	23:00:00	6658.04	6661.99	6657.75	6659.84	424	0	50
2025.09.28	23:30:00	6659.96	6662.68	6658.26	6660.76	549	0	50
2025.09.29	00:00:00	6660.94	6666.48	6659.36	6664.86	843	0	50
2025.09.29	00:30:00	6664.95	6668.73	6664.03	6666.26	547	0	50
2025.09.29	01:00:00	6666.25	6666.40	6662.29	6664.71	637	0	50
2025.09.29	01:30:00	6664.73	6668.43	6664.25	6666.50	577	0	50
2025.09.29	02:00:00	6666.34	6668.93	6665.00	6668.24	373	0	50
2025.09.29	02:30:00	6668.41	6669.95	6667.29	6669.71	325	0	50
2025.09.29	03:00:00	6669.54	6670.95	6668.76	6670.74	276	0	50
2025.09.29	03:30:00	6670.93	6671.93	6670.30	6671.04	263	0	50
2025.09.29	04:00:00	6671.19	6674.00	6670.75	6673.96	273	0	50
2025.09.29	04:30:00	6673.79	6674.00	6672.59	6672.71	222	0	50
2025.09.29	05:00:00	6672.73	6674.68	6671.80	6674.29	239	0	50
2025.09.29	05:30:00	6674.46	6675.00	6671.54	6672.46	334	0	50
2025.09.29	06:00:00	6672.29	6676.16	6670.37	6674.82	587	0	50
2025.09.29	06:30:00	6674.96	6679.96	6674.79	6677.34	791	0	50
2025.09.29	07:00:00	6677.50	6679.95	6672.51	6679.43	1752	0	29
2025.09.29	07:30:00	6679.38	6681.94	6678.02	6679.27	1157	0	29
2025.09.29	08:00:00	6679.07	6683.20	6678.51	6682.43	1645	0	29
2025.09.29	08:30:00	6682.30	6686.70	6681.76	6686.44	828	0	29
2025.09.29	09:00:00	6686.67	6687.45	6684.52	6686.18	633	0	29
2025.09.29	09:30:00	6686.03	6689.00	6684.04	6684.26	752	0	29
2025.09.29	10:00:00	6684.42	6691.20	6683.27	6691.01	711	0	29
2025.09.29	10:30:00	6691.16	6691.20	6687.03	6688.44	731	0	29
2025.09.29	11:00:00	6688.65	6689.19	6680.50	6680.69	1154	0	29
2025.09.29	11:30:00	6680.63	6683.94	6679.01	6683.78	1263	0	29
2025.09.29	12:00:00	6683.55	6685.20	6681.07	6683.93	1171	0	29
2025.09.29	12:30:00	6684.16	6689.91	6683.27	6688.68	1333	0	29
2025.09.29	13:00:00	6688.52	6690.93	6676.51	6677.56	1794	0	29
2025.09.29	13:30:00	6677.63	6681.48	6671.30	6679.24	11747	0	21
2025.09.29	14:00:00	6679.43	6685.74	6673.80	6681.73	7824	0	21
2025.09.29	14:30:00	6681.96	6685.74	6676.84	6678.57	4732	0	21
2025.09.29	15:00:00	6678.72	6680.49	6665.73	6669.28	6036	0	21
2025.09.29	15:30:00	6669.12	6670.52	6662.12	6666.77	6211	0	21
2025.09.29	16:00:00	6666.61	6670.88	6662.87	6667.46	4000	0	21
2025.09.29	16:30:00	6667.62	6670.49	6661.80	6663.82	3214	0	21
2025.09.29	17:00:00	6663.88	6664.22	6657.30	6658.73	3846	0	21
2025.09.29	17:30:00	6658.96	6664.24	6654.85	6662.81	2412	0	21
2025.09.29	18:00:00	6662.97	6668.87	6662.33	6667.72	1789	0	21
2025.09.29	18:30:00	6667.49	6668.87	6663.72	6666.38	1970	0	21
2025.09.29	19:00:00	6666.21	6666.38	6651.22	6659.12	4222	0	21
2025.09.29	19:30:00	6658.97	6670.85	6658.95	6669.20	4201	0	21
2025.09.29	20:00:00	6669.25	6670.57	6666.08	6668.38	712	0	24
2025.09.29	20:30:00	6668.23	6668.38	6662.25	6663.96	377	0	34
2025.09.29	22:00:00	6663.51	6666.33	6662.85	6663.17	552	0	50
2025.09.29	22:30:00	6663.31	6669.10	6663.31	6668.65	280	0	50
2025.09.29	23:00:00	6668.81	6669.63	6667.10	6668.14	235	0	50
2025.09.29	23:30:00	6668.31	6670.26	6666.37	6666.78	310	0	50
2025.09.30	00:00:00	6666.64	6667.59	6662.41	6665.90	921	0	50
2025.09.30	00:30:00	6666.05	6671.38	6665.43	6670.72	520	0	50
2025.09.30	01:00:00	6670.49	6670.49	6665.64	6667.10	879	0	50
2025.09.30	01:30:00	6667.10	6667.27	6663.10	6665.05	682	0	50
2025.09.30	02:00:00	6665.09	6666.60	6664.60	6665.78	380	0	50
2025.09.30	02:30:00	6665.64	6671.08	6664.35	6670.14	494	0	50
2025.09.30	03:00:00	6670.31	6670.60	6668.10	6670.55	356	0	50
2025.09.30	03:30:00	6670.58	6672.09	6668.60	6668.84	394	0	50
2025.09.30	04:00:00	6668.85	6669.31	6664.03	6664.94	307	0	50
2025.09.30	04:30:00	6664.76	6665.97	6663.80	6663.80	329	0	50
2025.09.30	05:00:00	6663.80	6668.38	6662.66	6667.72	392	0	50
2025.09.30	05:30:00	6667.88	6668.88	6665.72	6667.99	275	0	50
2025.09.30	06:00:00	6668.14	6671.38	6666.47	6670.13	542	0	50
2025.09.30	06:30:00	6670.36	6671.61	6661.47	6661.74	876	0	50
2025.09.30	07:00:00	6662.12	6663.29	6656.95	6660.88	1764	0	29
2025.09.30	07:30:00	6660.72	6661.38	6650.45	6657.98	2772	0	29
2025.09.30	08:00:00	6657.72	6658.49	6651.38	6656.14	3833	0	29
2025.09.30	08:30:00	6656.28	6660.53	6655.41	6658.24	1409	0	29
2025.09.30	09:00:00	6658.12	6659.29	6655.86	6658.48	1509	0	29
2025.09.30	09:30:00	6658.64	6661.04	6655.11	6656.79	1021	0	29
2025.09.30	10:00:00	6656.73	6659.77	6652.17	6654.39	950	0	29
2025.09.30	10:30:00	6654.53	6659.54	6651.37	6658.78	1077	0	29
2025.09.30	11:00:00	6658.62	6660.09	6654.41	6657.54	1154	0	29
2025.09.30	11:30:00	6657.38	6659.77	6654.16	6656.88	1179	0	29
2025.09.30	12:00:00	6657.02	6660.27	6653.59	6659.78	1215	0	29
2025.09.30	12:30:00	6659.98	6665.76	6659.11	6663.54	1241	0	29
2025.09.30	13:00:00	6663.39	6664.03	6658.91	6662.03	1685	0	29
2025.09.30	13:30:00	6661.82	6665.59	6652.40	6663.54	13424	0	21
2025.09.30	14:00:00	6663.21	6668.34	6655.17	6661.33	11909	0	21
2025.09.30	14:30:00	6661.16	6666.84	6649.43	6665.08	8709	0	21
2025.09.30	15:00:00	6664.92	6669.07	6648.44	6654.92	7181	0	21
2025.09.30	15:30:00	6655.07	6664.09	6651.40	6662.55	5892	0	21
2025.09.30	16:00:00	6662.41	6673.35	6658.57	6666.56	5112	0	21
2025.09.30	16:30:00	6666.70	6669.32	6658.67	6660.66	3551	0	21
2025.09.30	17:00:00	6660.45	6661.58	6649.66	6653.32	3999	0	21
2025.09.30	17:30:00	6653.16	6662.84	6650.14	6657.41	3627	0	21
2025.09.30	18:00:00	6657.18	6672.59	6656.41	6670.92	3810	0	21
2025.09.30	18:30:00	6670.68	6678.59	6668.16	6676.59	2997	0	21
2025.09.30	19:00:00	6676.51	6687.84	6675.91	6686.32	3261	0	21
2025.09.30	19:30:00	6686.55	6699.06	6681.44	6692.30	7059	0	21
2025.09.30	20:00:00	6692.53	6694.06	6680.33	6681.27	2626	0	27
2025.09.30	20:30:00	6681.21	6681.50	6677.59	6679.58	720	0	34
2025.09.30	22:00:00	6680.84	6687.60	6679.58	6687.60	970	0	50
2025.09.30	22:30:00	6687.60	6688.85	6677.10	6679.67	799	0	50
2025.09.30	23:00:00	6679.81	6682.56	6676.15	6680.60	908	0	50
2025.09.30	23:30:00	6680.60	6681.81	6678.87	6679.34	471	0	50
2025.10.01	00:00:00	6679.51	6680.60	6670.11	6670.84	1452	0	50
2025.10.01	00:30:00	6671.03	6674.35	6669.35	6670.52	847	0	50
2025.10.01	01:00:00	6670.59	6673.43	6667.64	6673.02	807	0	50
2025.10.01	01:30:00	6673.18	6673.91	6670.52	6671.54	511	0	50
2025.10.01	02:00:00	6671.29	6671.68	6667.40	6669.85	543	0	50
2025.10.01	02:30:00	6669.85	6669.85	6665.92	6666.64	429	0	50
2025.10.01	03:00:00	6666.81	6667.06	6661.57	6662.59	437	0	50
2025.10.01	03:30:00	6662.34	6664.59	6661.62	6664.28	262	0	50
2025.10.01	04:00:00	6664.13	6666.01	6663.12	6665.03	282	0	50
2025.10.01	04:30:00	6665.26	6665.76	6663.82	6664.35	302	0	50
2025.10.01	05:00:00	6664.51	6665.56	6661.10	6661.52	517	0	50
2025.10.01	05:30:00	6661.40	6663.58	6660.10	6660.35	407	0	50
2025.10.01	06:00:00	6660.51	6662.81	6658.10	6658.18	699	0	50
2025.10.01	06:30:00	6658.31	6659.05	6635.80	6639.10	2716	0	50
2025.10.01	07:00:00	6638.95	6646.49	6636.31	6642.73	4789	0	29
2025.10.01	07:30:00	6642.85	6645.65	6639.01	6642.94	2387	0	29
2025.10.01	08:00:00	6642.87	6643.45	6639.26	6642.78	2745	0	29
2025.10.01	08:30:00	6642.83	6653.91	6642.75	6651.43	2477	0	29
2025.10.01	09:00:00	6651.27	6661.18	6650.56	6659.92	1827	0	29
2025.10.01	09:30:00	6659.87	6660.43	6656.03	6657.34	1393	0	29
2025.10.01	10:00:00	6657.44	6660.95	6656.01	6656.03	1059	0	29
2025.10.01	10:30:00	6656.09	6658.42	6653.02	6654.68	1291	0	29
2025.10.01	11:00:00	6654.91	6663.69	6654.51	6663.68	1847	0	29
2025.10.01	11:30:00	6663.90	6670.66	6662.80	6669.69	1546	0	29
2025.10.01	12:00:00	6669.63	6670.66	6657.49	6665.43	4939	0	29
2025.10.01	12:30:00	6665.36	6670.30	6663.29	6666.55	2997	0	29
2025.10.01	13:00:00	6666.75	6669.51	6661.35	6662.61	2336	0	29
2025.10.01	13:30:00	6662.81	6684.83	6661.64	6668.29	18281	0	21
2025.10.01	14:00:00	6668.44	6688.39	6664.61	6686.64	9409	0	21
2025.10.01	14:30:00	6686.85	6692.12	6683.96	6689.39	5053	0	21
2025.10.01	15:00:00	6689.22	6695.62	6688.72	6694.38	3714	0	21
2025.10.01	15:30:00	6694.61	6703.38	6694.45	6701.29	2418	0	21
2025.10.01	16:00:00	6701.38	6703.14	6697.66	6700.63	1579	0	21
2025.10.01	16:30:00	6700.46	6701.64	6695.48	6700.38	1458	0	21
2025.10.01	17:00:00	6700.61	6712.64	6699.47	6711.34	2091	0	21
2025.10.01	17:30:00	6711.59	6711.87	6707.71	6711.22	1781	0	21
2025.10.01	18:00:00	6711.27	6721.10	6710.72	6719.61	2344	0	21
2025.10.01	18:30:00	6719.47	6725.36	6719.22	6723.24	1185	0	21
2025.10.01	19:00:00	6723.18	6725.61	6718.64	6722.57	1071	0	21
2025.10.01	19:30:00	6722.41	6723.82	6716.95	6717.12	2967	0	21
2025.10.01	20:00:00	6716.97	6717.33	6711.33	6711.87	739	0	21
2025.10.01	20:30:00	6711.64	6714.42	6711.34	6713.10	243	0	39
2025.10.01	22:00:00	6713.66	6717.35	6713.34	6716.89	455	0	50
2025.10.01	22:30:00	6716.87	6717.49	6714.93	6715.11	231	0	50
2025.10.01	23:00:00	6715.10	6718.31	6714.38	6717.56	325	0	50
2025.10.01	23:30:00	6717.59	6717.80	6713.10	6716.50	445	0	50
2025.10.02	00:00:00	6716.57	6721.26	6715.68	6720.33	855	0	50
2025.10.02	00:30:00	6720.19	6725.60	6719.42	6724.60	471	0	50
2025.10.02	01:00:00	6724.60	6728.30	6721.95	6727.06	535	0	50
2025.10.02	01:30:00	6726.89	6728.56	6724.21	6728.06	507	0	50
2025.10.02	02:00:00	6728.09	6728.31	6722.67	6723.06	418	0	50
2025.10.02	02:30:00	6723.09	6723.81	6722.13	6723.56	330	0	50
2025.10.02	03:00:00	6723.59	6725.01	6721.64	6722.35	306	0	50
2025.10.02	03:30:00	6722.18	6724.85	6720.65	6724.68	431	0	50
2025.10.02	04:00:00	6724.47	6727.60	6721.43	6723.85	544	0	50
2025.10.02	04:30:00	6724.03	6726.31	6723.10	6725.84	326	0	50
2025.10.02	05:00:00	6725.67	6728.30	6724.35	6726.06	390	0	50
2025.10.02	05:30:00	6725.89	6727.05	6724.85	6725.15	383	0	50
2025.10.02	06:00:00	6725.31	6726.85	6721.65	6722.81	706	0	50
2025.10.02	06:30:00	6722.85	6725.30	6721.18	6722.78	885	0	50
2025.10.02	07:00:00	6722.69	6727.50	6720.67	6723.88	3057	0	29
2025.10.02	07:30:00	6723.68	6726.54	6721.85	6724.89	1801	0	29
2025.10.02	08:00:00	6725.04	6731.80	6724.63	6730.03	2123	0	29
2025.10.02	08:30:00	6730.23	6730.80	6728.11	6730.77	1136	0	29
2025.10.02	09:00:00	6730.63	6731.30	6726.86	6727.04	1084	0	29
2025.10.02	09:30:00	6726.90	6728.03	6722.63	6727.38	1009	0	29
2025.10.02	10:00:00	6727.15	6732.15	6726.88	6729.04	1099	0	29
2025.10.02	10:30:00	6729.25	6731.03	6728.37	6729.15	539	0	29
2025.10.02	11:00:00	6728.91	6733.80	6728.68	6733.62	805	0	29
2025.10.02	11:30:00	6733.41	6735.29	6731.90	6734.66	938	0	29
2025.10.02	12:00:00	6734.69	6737.99	6733.16	6735.98	1123	0	29
2025.10.02	12:30:00	6736.05	6737.55	6733.89	6736.12	826	0	29
2025.10.02	13:00:00	6736.28	6739.03	6735.30	6736.32	1642	0	29
2025.10.02	13:30:00	6736.42	6737.27	6718.86	6725.61	14978	0	21
2025.10.02	14:00:00	6725.41	6725.92	6713.55	6717.93	9679	0	21
2025.10.02	14:30:00	6718.16	6721.17	6705.95	6706.21	7361	0	21
2025.10.02	15:00:00	6705.99	6712.03	6701.40	6707.36	7022	0	21
2025.10.02	15:30:00	6707.53	6714.72	6698.35	6714.07	5920	0	21
2025.10.02	16:00:00	6713.84	6713.98	6706.57	6711.72	4071	0	21
2025.10.02	16:30:00	6711.57	6716.44	6705.81	6714.72	2919	0	21
2025.10.02	17:00:00	6714.56	6717.48	6709.82	6715.48	2282	0	21
2025.10.02	17:30:00	6715.71	6721.24	6713.81	6719.61	1684	0	21
2025.10.02	18:00:00	6719.38	6727.41	6719.14	6726.61	1682	0	21
2025.10.02	18:30:00	6726.38	6728.01	6722.84	6724.57	1027	0	21
2025.10.02	19:00:00	6724.47	6727.03	6722.85	6725.05	1045	0	24
2025.10.02	19:30:00	6724.78	6725.54	6719.34	6723.03	2664	0	21
2025.10.02	20:00:00	6723.24	6725.47	6721.82	6721.95	457	0	24
2025.10.02	20:30:00	6721.78	6722.41	6720.54	6721.64	382	0	34
2025.10.02	22:00:00	6721.19	6722.95	6719.25	6719.25	441	0	50
2025.10.02	22:30:00	6719.25	6722.78	6715.56	6722.21	442	0	50
2025.10.02	23:00:00	6722.04	6724.50	6720.51	6724.50	224	0	50
2025.10.02	23:30:00	6724.68	6726.17	6723.79	6726.00	275	0	50
2025.10.03	00:00:00	6726.14	6727.66	6723.80	6726.70	652	0	50
2025.10.03	00:30:00	6726.54	6731.99	6726.31	6729.23	467	0	50
2025.10.03	01:00:00	6729.38	6730.45	6728.50	6729.46	599	0	50
2025.10.03	01:30:00	6729.50	6734.50	6729.05	6734.30	406	0	50
2025.10.03	02:00:00	6734.46	6734.46	6730.51	6732.71	400	0	50
2025.10.03	02:30:00	6732.54	6734.50	6732.25	6733.25	257	0	50
2025.10.03	03:00:00	6733.25	6734.96	6733.09	6733.84	172	0	50
2025.10.03	03:30:00	6733.78	6737.48	6733.50	6736.75	232	0	50
2025.10.03	04:00:00	6736.62	6738.25	6736.04	6736.50	178	0	50
2025.10.03	04:30:00	6736.50	6738.21	6736.25	6738.04	141	0	50
2025.10.03	05:00:00	6738.01	6740.25	6737.76	6740.25	333	0	50
2025.10.03	05:30:00	6740.25	6741.00	6737.01	6737.04	270	0	50
2025.10.03	06:00:00	6737.01	6739.25	6733.79	6738.96	609	0	50
2025.10.03	06:30:00	6739.19	6741.50	6738.25	6740.00	503	0	50
2025.10.03	07:00:00	6740.04	6742.41	6739.02	6739.79	1145	0	29
2025.10.03	07:30:00	6739.57	6741.70	6739.01	6741.02	885	0	29
2025.10.03	08:00:00	6740.81	6741.95	6739.51	6740.54	1051	0	29
2025.10.03	08:30:00	6740.68	6741.20	6739.28	6741.18	651	0	29
2025.10.03	09:00:00	6741.41	6742.19	6739.53	6740.43	543	0	29
2025.10.03	09:30:00	6740.37	6744.18	6740.26	6744.03	606	0	29
2025.10.03	10:00:00	6744.18	6744.19	6740.28	6740.51	477	0	29
2025.10.03	10:30:00	6740.57	6741.19	6736.77	6736.93	587	0	29
2025.10.03	11:00:00	6736.78	6739.15	6731.78	6732.51	981	0	29
2025.10.03	11:30:00	6732.66	6736.34	6729.01	6730.87	1635	0	29
2025.10.03	12:00:00	6730.76	6733.44	6729.00	6730.64	1171	0	29
2025.10.03	12:30:00	6730.78	6732.45	6723.29	6727.40	1431	0	29
2025.10.03	13:00:00	6727.26	6729.66	6724.77	6728.77	1430	0	29
2025.10.03	13:30:00	6728.87	6745.50	6728.30	6737.61	9473	0	21
2025.10.03	14:00:00	6737.13	6745.04	6729.65	6743.77	9001	0	21
2025.10.03	14:30:00	6743.62	6752.77	6743.11	6751.11	4262	0	21
2025.10.03	15:00:00	6751.27	6751.27	6745.59	6747.77	2698	0	21
2025.10.03	15:30:00	6747.61	6756.27	6743.34	6755.20	2634	0	21
2025.10.03	16:00:00	6755.28	6757.03	6752.35	6754.76	1145	0	21
2025.10.03	16:30:00	6754.60	6755.76	6750.43	6752.66	1034	0	24
2025.10.03	17:00:00	6752.37	6752.37	6733.35	6733.39	7716	0	21
2025.10.03	17:30:00	6733.14	6739.53	6711.65	6721.48	8572	0	21
2025.10.03	18:00:00	6721.31	6736.51	6712.03	6734.97	8995	0	21
2025.10.03	18:30:00	6735.09	6736.47	6722.54	6728.29	6048	0	21
2025.10.03	19:00:00	6728.46	6732.24	6723.81	6726.07	3829	0	21
2025.10.03	19:30:00	6725.84	6732.24	6717.57	6721.71	4758	0	21
2025.10.03	20:00:00	6721.94	6723.44	6717.23	6718.89	1391	0	24
2025.10.03	20:30:00	6718.76	6720.41	6718.48	6719.88	256	0	34
2025.10.05	22:00:00	6725.91	6734.14	6725.41	6732.86	1620	0	50
2025.10.05	22:30:00	6732.69	6736.12	6731.94	6734.94	585	0	50
2025.10.05	23:00:00	6735.11	6737.70	6734.87	6737.70	520	0	50
2025.10.05	23:30:00	6737.84	6741.90	6736.45	6737.15	1203	0	50
2025.10.06	00:00:00	6737.15	6737.90	6733.89	6734.89	1680	0	50
2025.10.06	00:30:00	6734.86	6736.56	6733.39	6736.20	550	0	50
2025.10.06	01:00:00	6736.36	6736.93	6733.69	6735.90	489	0	50
2025.10.06	01:30:00	6736.05	6738.88	6735.88	6738.72	318	0	50
2025.10.06	02:00:00	6738.49	6740.13	6737.97	6739.46	142	0	50
2025.10.06	02:30:00	6739.24	6740.89	6738.99	6740.49	155	0	50
2025.10.06	03:00:00	6740.66	6743.70	6740.66	6743.02	207	0	50
2025.10.06	03:30:00	6743.16	6744.35	6741.72	6742.26	337	0	50
2025.10.06	04:00:00	6742.22	6743.91	6738.21	6743.74	588	0	50
2025.10.06	04:30:00	6743.91	6746.41	6743.74	6744.74	277	0	50
2025.10.06	05:00:00	6744.91	6744.95	6740.64	6740.90	464	0	50
2025.10.06	05:30:00	6741.08	6742.63	6740.15	6741.63	353	0	50
2025.10.06	06:00:00	6741.47	6742.88	6739.72	6741.63	657	0	50
2025.10.06	06:30:00	6741.47	6744.15	6740.97	6743.08	544	0	50
2025.10.06	07:00:00	6743.17	6743.87	6738.96	6740.08	2189	0	29
2025.10.06	07:30:00	6740.28	6740.35	6730.45	6736.97	3706	0	29
2025.10.06	08:00:00	6736.91	6743.53	6736.67	6740.17	3032	0	29
2025.10.06	08:30:00	6739.95	6742.10	6738.91	6741.35	1318	0	29
2025.10.06	09:00:00	6741.28	6745.34	6740.66	6745.34	919	0	29
2025.10.06	09:30:00	6745.19	6747.58	6744.15	6747.33	689	0	29
2025.10.06	10:00:00	6747.46	6748.34	6745.17	6747.08	624	0	29
2025.10.06	10:30:00	6747.30	6752.34	6747.30	6748.34	1807	0	29
2025.10.06	11:00:00	6748.55	6748.58	6740.43	6743.16	2936	0	29
2025.10.06	11:30:00	6743.30	6746.85	6741.22	6746.69	1525	0	29
2025.10.06	12:00:00	6746.74	6752.88	6745.70	6748.33	1987	0	29
2025.10.06	12:30:00	6748.18	6748.18	6741.16	6741.39	1413	0	29
2025.10.06	13:00:00	6741.19	6749.08	6740.14	6747.42	2171	0	29
2025.10.06	13:30:00	6747.23	6747.64	6730.26	6731.42	14314	0	21
2025.10.06	14:00:00	6731.27	6738.18	6725.77	6736.17	7172	0	21
2025.10.06	14:30:00	6736.12	6739.69	6732.73	6738.92	4987	0	21
2025.10.06	15:00:00	6739.05	6744.87	6738.49	6742.62	2602	0	21
2025.10.06	15:30:00	6742.85	6750.68	6741.72	6749.52	1931	0	21
2025.10.06	16:00:00	6749.67	6750.43	6744.50	6749.79	2195	0	21
2025.10.06	16:30:00	6749.93	6749.94	6745.02	6748.76	1586	0	21
2025.10.06	17:00:00	6748.53	6754.94	6744.77	6752.50	1818	0	21
2025.10.06	17:30:00	6752.56	6755.14	6749.50	6754.27	2237	0	21
2025.10.06	18:00:00	6754.41	6756.19	6752.00	6753.75	988	0	21
2025.10.06	18:30:00	6754.10	6756.66	6751.50	6752.57	1258	0	21
2025.10.06	19:00:00	6752.49	6752.69	6747.74	6748.67	1147	0	21
2025.10.06	19:30:00	6748.52	6752.18	6747.25	6747.50	3000	0	21
2025.10.06	20:00:00	6747.65	6749.08	6746.23	6748.81	733	0	24
2025.10.06	20:30:00	6748.65	6750.01	6748.64	6749.51	147	0	34
2025.10.06	22:00:00	6750.24	6752.30	6749.26	6749.78	436	0	50
2025.10.06	22:30:00	6749.83	6750.06	6736.64	6737.89	818	0	50
2025.10.06	23:00:00	6738.06	6741.38	6736.47	6739.97	740	0	50
2025.10.06	23:30:00	6740.13	6741.38	6737.74	6738.63	445	0	50
2025.10.07	00:00:00	6738.47	6739.86	6735.97	6738.13	764	0	50
2025.10.07	00:30:00	6738.36	6738.88	6735.47	6737.13	583	0	50
2025.10.07	01:00:00	6737.36	6739.18	6735.47	6738.77	563	0	50
2025.10.07	01:30:00	6738.54	6740.43	6737.52	6740.27	335	0	50
2025.10.07	02:00:00	6740.04	6741.91	6738.79	6740.18	236	0	50
2025.10.07	02:30:00	6740.41	6740.93	6739.27	6740.52	169	0	50
2025.10.07	03:00:00	6740.29	6742.41	6739.29	6741.52	162	0	50
2025.10.07	03:30:00	6741.68	6742.18	6739.79	6741.43	226	0	50
2025.10.07	04:00:00	6741.27	6745.91	6741.04	6745.43	191	0	50
2025.10.07	04:30:00	6745.27	6746.43	6744.02	6745.77	174	0	50
2025.10.07	05:00:00	6745.54	6745.93	6742.79	6745.18	250	0	50
2025.10.07	05:30:00	6745.41	6746.18	6742.19	6742.35	256	0	50
2025.10.07	06:00:00	6742.26	6743.60	6736.37	6737.02	716	0	50
2025.10.07	06:30:00	6736.89	6740.60	6735.14	6740.35	731	0	50
2025.10.07	07:00:00	6740.39	6741.29	6735.87	6739.55	2047	0	29
2025.10.07	07:30:00	6739.74	6740.05	6736.86	6739.29	1326	0	29
2025.10.07	08:00:00	6739.50	6740.25	6734.63	6735.52	1279	0	29
2025.10.07	08:30:00	6735.46	6743.02	6733.50	6742.52	926	0	29
2025.10.07	09:00:00	6742.74	6745.51	6741.84	6744.53	655	0	29
2025.10.07	09:30:00	6744.48	6746.05	6744.11	6745.88	528	0	29
2025.10.07	10:00:00	6745.65	6747.04	6743.86	6746.54	727	0	29
2025.10.07	10:30:00	6746.75	6748.80	6744.86	6745.02	626	0	29
2025.10.07	11:00:00	6744.97	6746.53	6744.36	6745.54	601	0	29
2025.10.07	11:30:00	6745.74	6751.04	6744.60	6751.03	578	0	29
2025.10.07	12:00:00	6750.89	6751.53	6748.13	6750.61	785	0	29
2025.10.07	12:30:00	6750.43	6758.79	6749.86	6758.29	699	0	29
2025.10.07	13:00:00	6758.50	6762.03	6755.84	6756.79	1573	0	29
2025.10.07	13:30:00	6756.68	6761.09	6752.14	6753.42	7701	0	21
2025.10.07	14:00:00	6753.57	6754.58	6743.41	6743.67	4767	0	21
2025.10.07	14:30:00	6743.82	6747.82	6736.41	6739.83	5001	0	21
2025.10.07	15:00:00	6740.06	6741.53	6718.45	6723.16	14453	0	21
2025.10.07	15:30:00	6722.93	6724.33	6707.15	6712.58	11690	0	21
2025.10.07	16:00:00	6712.80	6718.58	6706.07	6713.17	8547	0	21
2025.10.07	16:30:00	6713.02	6724.66	6710.81	6713.32	5983	0	21
2025.10.07	17:00:00	6713.47	6723.49	6711.55	6719.57	5547	0	21
2025.10.07	17:30:00	6719.34	6721.48	6712.32	6712.73	5047	0	21
2025.10.07	18:00:00	6712.94	6718.73	6707.32	6715.72	4645	0	21
2025.10.07	18:30:00	6715.57	6719.94	6715.05	6719.76	2882	0	21
2025.10.07	19:00:00	6719.53	6720.65	6714.25	6715.01	2590	0	21
2025.10.07	19:30:00	6714.78	6723.67	6714.78	6721.46	2583	0	21
2025.10.07	20:00:00	6721.58	6726.40	6721.28	6725.07	845	0	27
2025.10.07	20:30:00	6724.92	6725.86	6723.67	6723.68	163	0	34
2025.10.07	22:00:00	6725.31	6728.39	6724.00	6728.25	503	0	50
2025.10.07	22:30:00	6728.21	6729.45	6727.52	6728.82	298	0	50
2025.10.07	23:00:00	6728.74	6728.89	6719.95	6721.75	742	0	50
2025.10.07	23:30:00	6721.72	6721.90	6718.20	6718.77	726	0	50
2025.10.08	00:00:00	6718.72	6721.41	6717.75	6720.41	1015	0	50
2025.10.08	00:30:00	6720.29	6725.93	6719.70	6724.93	529	0	50
2025.10.08	01:00:00	6724.77	6729.43	6724.77	6728.44	969	0	50
2025.10.08	01:30:00	6728.28	6729.20	6726.99	6727.95	571	0	50
2025.10.08	02:00:00	6727.95	6731.69	6727.53	6731.49	394	0	50
2025.10.08	02:30:00	6731.66	6731.90	6727.71	6730.65	380	0	50
2025.10.08	03:00:00	6730.49	6731.65	6729.20	6730.95	287	0	50
2025.10.08	03:30:00	6730.95	6731.41	6729.70	6730.96	246	0	50
2025.10.08	04:00:00	6731.15	6731.70	6729.97	6730.96	252	0	50
2025.10.08	04:30:00	6730.95	6731.20	6728.56	6730.29	185	0	50
2025.10.08	05:00:00	6730.04	6730.04	6724.72	6725.88	416	0	50
2025.10.08	05:30:00	6726.11	6726.63	6723.68	6724.52	330	0	50
2025.10.08	06:00:00	6724.68	6725.43	6720.74	6720.97	607	0	50
2025.10.08	06:30:00	6720.74	6724.13	6718.72	6723.36	704	0	50
2025.10.08	07:00:00	6723.62	6727.11	6721.70	6726.70	1582	0	29
2025.10.08	07:30:00	6726.86	6732.34	6725.95	6730.88	837	0	29
2025.10.08	08:00:00	6731.12	6732.38	6729.97	6730.88	604	0	29
2025.10.08	08:30:00	6731.12	6734.13	6725.96	6729.61	710	0	29
2025.10.08	09:00:00	6729.85	6732.36	6727.71	6729.20	786	0	29
2025.10.08	09:30:00	6729.36	6732.13	6728.70	6730.38	528	0	29
2025.10.08	10:00:00	6730.22	6731.37	6723.73	6729.87	739	0	29
2025.10.08	10:30:00	6729.70	6734.36	6729.70	6733.86	382	0	33
2025.10.08	11:00:00	6734.09	6736.34	6727.72	6727.87	718	0	33
2025.10.08	11:30:00	6728.10	6734.84	6727.70	6733.95	778	0	33
2025.10.08	12:00:00	6733.72	6733.87	6725.97	6729.86	970	0	33
2025.10.08	12:30:00	6730.10	6732.20	6726.72	6731.18	1091	0	29
2025.10.08	13:00:00	6731.04	6736.19	6729.24	6733.19	1168	0	29
2025.10.08	13:30:00	6733.35	6736.24	6724.32	6733.32	9291	0	21
2025.10.08	14:00:00	6733.47	6750.76	6733.32	6749.97	5252	0	21
2025.10.08	14:30:00	6749.92	6752.74	6744.56	6748.81	3863	0	21
2025.10.08	15:00:00	6748.58	6758.77	6747.83	6756.73	2669	0	21
2025.10.08	15:30:00	6756.56	6760.99	6754.81	6759.22	1366	0	21
2025.10.08	16:00:00	6759.42	6762.47	6757.03	6757.88	1184	0	21
2025.10.08	16:30:00	6757.79	6759.42	6753.79	6758.43	860	0	21
2025.10.08	17:00:00	6758.68	6761.49	6755.59	6760.22	1419	0	21
2025.10.08	17:30:00	6760.45	6761.22	6756.55	6757.55	1310	0	21
2025.10.08	18:00:00	6757.35	6762.49	6756.11	6758.97	2623	0	21
2025.10.08	18:30:00	6759.10	6759.74	6752.56	6753.34	2159	0	21
2025.10.08	19:00:00	6753.48	6761.39	6752.30	6759.59	1520	0	21
2025.10.08	19:30:00	6759.58	6762.65	6757.50	6761.67	2913	0	21
2025.10.08	20:00:00	6761.47	6767.09	6759.74	6766.15	617	0	24
2025.10.08	20:30:00	6766.33	6766.84	6762.14	6762.58	190	0	39
2025.10.08	22:00:00	6763.40	6767.53	6762.21	6766.90	572	0	50
2025.10.08	22:30:00	6767.01	6767.29	6765.30	6767.05	308	0	50
2025.10.08	23:00:00	6767.05	6772.05	6765.80	6771.50	521	0	50
2025.10.08	23:30:00	6771.34	6771.98	6767.85	6769.00	462	0	50
2025.10.09	00:00:00	6768.85	6768.85	6764.85	6766.55	566	0	50
2025.10.09	00:30:00	6766.72	6767.44	6765.35	6766.25	242	0	50
2025.10.09	01:00:00	6766.10	6767.04	6759.12	6762.78	912	0	50
2025.10.09	01:30:00	6762.80	6762.80	6758.09	6759.26	744	0	50
2025.10.09	02:00:00	6759.11	6759.26	6756.36	6758.98	422	0	50
2025.10.09	02:30:00	6758.84	6759.97	6754.56	6755.05	351	0	50
2025.10.09	03:00:00	6755.05	6760.52	6755.05	6756.49	600	0	50
2025.10.09	03:30:00	6756.34	6758.25	6755.55	6757.34	405	0	50
2025.10.09	04:00:00	6757.49	6760.80	6757.30	6760.34	258	0	50
2025.10.09	04:30:00	6760.11	6761.80	6758.62	6761.59	230	0	50
2025.10.09	05:00:00	6761.56	6765.50	6760.55	6764.84	302	0	50
2025.10.09	05:30:00	6764.99	6766.50	6762.32	6764.80	480	0	50
2025.10.09	06:00:00	6764.95	6767.30	6763.07	6763.51	580	0	50
2025.10.09	06:30:00	6763.34	6766.00	6759.35	6761.60	894	0	50
2025.10.09	07:00:00	6761.59	6764.23	6760.95	6761.30	1927	0	29
2025.10.09	07:30:00	6761.45	6763.99	6759.32	6761.49	1237	0	29
2025.10.09	08:00:00	6761.34	6762.75	6757.82	6760.21	1298	0	29
2025.10.09	08:30:00	6760.08	6760.08	6755.85	6757.48	1054	0	29
2025.10.09	09:00:00	6757.34	6761.00	6756.07	6760.73	711	0	29
2025.10.09	09:30:00	6760.94	6763.72	6760.31	6760.50	624	0	29
2025.10.09	10:00:00	6760.34	6762.48	6758.08	6758.08	720	0	29
2025.10.09	10:30:00	6757.95	6760.74	6757.31	6759.86	554	0	29
2025.10.09	11:00:00	6759.99	6764.70	6759.58	6764.50	782	0	29
2025.10.09	11:30:00	6764.34	6765.73	6760.04	6760.06	658	0	29
2025.10.09	12:00:00	6760.21	6763.50	6760.08	6763.46	1048	0	29
2025.10.09	12:30:00	6763.42	6765.23	6761.10	6764.98	732	0	29
2025.10.09	13:00:00	6764.93	6766.24	6761.81	6765.48	1310	0	29
2025.10.09	13:30:00	6765.74	6769.54	6745.62	6749.03	11763	0	21
2025.10.09	14:00:00	6748.87	6752.27	6740.86	6741.79	7481	0	21
2025.10.09	14:30:00	6741.63	6744.77	6728.86	6742.87	7267	0	21
2025.10.09	15:00:00	6743.02	6748.27	6736.35	6737.12	4956	0	21
2025.10.09	15:30:00	6736.89	6744.53	6729.37	6742.53	5379	0	21
2025.10.09	16:00:00	6742.76	6745.29	6734.84	6739.02	4077	0	21
2025.10.09	16:30:00	6738.96	6740.55	6725.63	6727.27	5207	0	21
2025.10.09	17:00:00	6727.22	6733.02	6722.35	6723.51	7718	0	21
2025.10.09	17:30:00	6723.37	6733.00	6721.10	6730.87	5441	0	21
2025.10.09	18:00:00	6731.02	6732.29	6722.37	6727.37	4785	0	21
2025.10.09	18:30:00	6727.14	6729.74	6724.10	6728.03	3252	0	21
2025.10.09	19:00:00	6728.26	6736.05	6727.35	6734.78	3233	0	21
2025.10.09	19:30:00	6734.61	6742.01	6733.84	6741.27	3016	0	21
2025.10.09	20:00:00	6741.10	6742.53	6736.33	6737.40	745	0	24
2025.10.09	20:30:00	6737.34	6739.89	6735.51	6739.89	252	0	39
2025.10.09	22:00:00	6740.22	6743.66	6739.25	6741.20	814	0	50
2025.10.09	22:30:00	6741.37	6746.40	6741.37	6745.45	417	0	50
2025.10.09	23:00:00	6745.45	6746.45	6743.96	6745.95	395	0	50
2025.10.09	23:30:00	6745.79	6749.41	6744.45	6749.20	405	0	50
2025.10.10	00:00:00	6749.38	6751.77	6745.95	6746.92	700	0	50
2025.10.10	00:30:00	6746.76	6750.70	6745.99	6749.95	443	0	50
2025.10.10	01:00:00	6750.09	6752.45	6749.45	6752.41	363	0	50
2025.10.10	01:30:00	6752.44	6752.70	6750.20	6752.45	292	0	50
2025.10.10	02:00:00	6752.35	6752.41	6750.74	6751.70	304	0	50
2025.10.10	02:30:00	6751.70	6752.63	6748.76	6749.20	214	0	50
2025.10.10	03:00:00	6749.03	6750.15	6747.03	6747.38	334	0	50
2025.10.10	03:30:00	6747.24	6748.37	6744.70	6745.70	366	0	50
2025.10.10	04:00:00	6745.78	6746.70	6744.49	6746.25	338	0	50
2025.10.10	04:30:00	6746.41	6746.70	6741.25	6742.70	296	0	50
2025.10.10	05:00:00	6742.70	6746.16	6740.45	6745.03	412	0	50
2025.10.10	05:30:00	6745.12	6748.20	6745.03	6748.16	295	0	50
2025.10.10	06:00:00	6748.38	6752.45	6747.95	6749.24	582	0	50
2025.10.10	06:30:00	6749.41	6750.45	6739.25	6741.99	1974	0	50
2025.10.10	07:00:00	6742.20	6747.37	6741.47	6746.12	2489	0	29
2025.10.10	07:30:00	6746.25	6747.64	6742.48	6746.33	1290	0	29
2025.10.10	08:00:00	6746.40	6749.39	6744.98	6747.24	1613	0	29
2025.10.10	08:30:00	6747.00	6750.12	6746.51	6748.46	597	0	29
2025.10.10	09:00:00	6748.61	6748.88	6740.46	6742.73	2610	0	29
2025.10.10	09:30:00	6742.50	6743.14	6732.71	6733.64	1905	0	29
2025.10.10	10:00:00	6733.48	6741.13	6733.22	6739.47	1183	0	29
2025.10.10	10:30:00	6739.26	6742.88	6736.71	6742.65	1283	0	29
2025.10.10	11:00:00	6742.58	6745.63	6742.08	6745.21	866	0	29
2025.10.10	11:30:00	6745.28	6748.14	6743.46	6747.88	897	0	29
2025.10.10	12:00:00	6747.82	6750.40	6746.51	6747.72	795	0	29
2025.10.10	12:30:00	6747.52	6748.64	6740.96	6743.36	1349	0	29
2025.10.10	13:00:00	6743.60	6748.78	6743.24	6748.22	1503	0	29
2025.10.10	13:30:00	6748.49	6766.52	6745.25	6757.22	11327	0	21
2025.10.10	14:00:00	6757.12	6760.27	6744.64	6752.26	10973	0	21
2025.10.10	14:30:00	6752.49	6757.54	6702.88	6717.93	16092	0	21
2025.10.10	15:00:00	6718.01	6718.20	6644.66	6649.72	97759	0	21
2025.10.10	15:30:00	6649.57	6666.33	6619.65	6643.88	98389	0	21
2025.10.10	16:00:00	6643.73	6651.83	6627.26	6640.87	50738	0	21
2025.10.10	16:30:00	6640.82	6652.86	6614.00	6616.12	30558	0	21
2025.10.10	17:00:00	6615.97	6623.83	6602.20	6622.61	29160	0	21
2025.10.10	17:30:00	6622.56	6634.37	6612.45	6620.88	25020	0	21
2025.10.10	18:00:00	6621.08	6625.64	6611.11	6615.60	23165	0	21
2025.10.10	18:30:00	6615.47	6619.87	6592.45	6596.62	17633	0	21
2025.10.10	19:00:00	6596.47	6607.13	6579.43	6584.22	17283	0	21
2025.10.10	19:30:00	6584.37	6592.64	6552.75	6555.93	32839	0	21
2025.10.10	20:00:00	6555.80	6567.99	6550.43	6566.32	7640	0	27
2025.10.10	20:30:00	6566.29	6566.61	6507.40	6511.14	9374	0	34
2025.10.12	22:00:00	6625.47	6638.78	6606.47	6619.35	8105	0	50
2025.10.12	22:30:00	6619.35	6624.81	6614.67	6618.54	2423	0	50
2025.10.12	23:00:00	6618.78	6628.09	6610.67	6627.42	4061	0	50
2025.10.12	23:30:00	6627.56	6634.22	6621.83	6632.00	4044	0	50
2025.10.13	00:00:00	6631.85	6636.00	6625.11	6631.95	4348	0	50
2025.10.13	00:30:00	6632.14	6642.22	6629.29	6640.96	2461	0	50
2025.10.13	01:00:00	6640.82	6644.52	6636.75	6642.62	3021	0	50
2025.10.13	01:30:00	6642.70	6646.75	6639.79	6646.29	1413	0	50
2025.10.13	02:00:00	6646.09	6647.19	6644.00	6646.75	1006	0	50
2025.10.13	02:30:00	6646.59	6647.96	6639.34	6639.75	902	0	50
2025.10.13	03:00:00	6639.68	6646.91	6637.07	6642.84	1397	0	50
2025.10.13	03:30:00	6642.96	6642.96	6631.75	6634.05	2083	0	50
2025.10.13	04:00:00	6634.20	6640.25	6633.25	6638.95	1598	0	50
2025.10.13	04:30:00	6638.79	6643.18	6638.05	6642.33	954	0	50
2025.10.13	05:00:00	6642.28	6645.50	6639.06	6644.75	1418	0	50
2025.10.13	05:30:00	6644.62	6646.76	6641.37	6646.29	1060	0	50
2025.10.13	06:00:00	6646.26	6648.00	6635.55	6640.96	2450	0	50
2025.10.13	06:30:00	6640.80	6650.71	6640.58	6650.21	1655	0	50
2025.10.13	07:00:00	6650.28	6666.68	6645.26	6666.02	6319	0	29
2025.10.13	07:30:00	6665.62	6669.43	6657.02	6659.76	4174	0	29
2025.10.13	08:00:00	6659.82	6660.95	6648.07	6648.19	4999	0	29
2025.10.13	08:30:00	6648.40	6653.44	6644.51	6651.94	2945	0	29
2025.10.13	09:00:00	6651.88	6653.19	6646.76	6648.21	2647	0	29
2025.10.13	09:30:00	6648.13	6648.95	6644.26	6645.01	2342	0	29
2025.10.13	10:00:00	6645.16	6648.45	6640.24	6646.69	2666	0	29
2025.10.13	10:30:00	6646.38	6650.69	6638.76	6644.53	2550	0	29
2025.10.13	11:00:00	6644.66	6649.49	6616.50	6627.85	12438	0	29
2025.10.13	11:30:00	6627.75	6636.65	6620.53	6630.70	6320	0	29
2025.10.13	12:00:00	6630.63	6635.97	6623.27	6631.71	5996	0	29
2025.10.13	12:30:00	6631.65	6639.78	6630.36	6632.36	3630	0	29
2025.10.13	13:00:00	6632.17	6643.97	6631.34	6632.75	10391	0	29
2025.10.13	13:30:00	6632.93	6657.47	6624.81	6656.32	40964	0	21
2025.10.13	14:00:00	6656.09	6659.70	6628.19	6635.80	25726	0	21
2025.10.13	14:30:00	6635.86	6651.99	6626.57	6629.33	23056	0	21
2025.10.13	15:00:00	6629.48	6655.97	6624.80	6654.83	13270	0	21
2025.10.13	15:30:00	6654.97	6659.49	6649.83	6657.19	7101	0	21
2025.10.13	16:00:00	6657.44	6667.93	6654.04	6662.56	8891	0	21
2025.10.13	16:30:00	6662.72	6671.70	6657.94	6670.30	5824	0	21
2025.10.13	17:00:00	6670.46	6674.20	6656.80	6659.08	5162	0	21
2025.10.13	17:30:00	6659.22	6660.95	6651.05	6660.23	4858	0	21
2025.10.13	18:00:00	6660.08	6668.22	6659.29	6667.06	3198	0	21
2025.10.13	18:30:00	6667.23	6670.71	6645.82	6648.48	4412	0	21
2025.10.13	19:00:00	6648.31	6661.20	6644.32	6655.73	4777	0	21
2025.10.13	19:30:00	6655.56	6663.69	6654.05	6657.32	5079	0	21
2025.10.13	20:00:00	6657.45	6658.70	6653.22	6654.37	1042	0	27
2025.10.13	20:30:00	6654.23	6654.39	6651.47	6652.87	292	0	34
2025.10.13	22:00:00	6653.98	6659.70	6653.22	6653.22	746	0	50
2025.10.13	22:30:00	6653.54	6659.20	6653.47	6659.17	684	0	50
2025.10.13	23:00:00	6659.20	6659.38	6653.49	6656.50	899	0	50
2025.10.13	23:30:00	6656.47	6656.66	6651.52	6654.70	867	0	50
2025.10.14	00:00:00	6654.70	6672.95	6652.99	6672.70	2506	0	50
2025.10.14	00:30:00	6672.82	6681.94	6669.99	6673.99	2474	0	50
2025.10.14	01:00:00	6674.16	6674.16	6665.24	6671.66	2805	0	50
2025.10.14	01:30:00	6671.49	6675.41	6669.70	6673.99	1377	0	50
2025.10.14	02:00:00	6673.76	6676.20	6669.70	6669.70	1205	0	50
2025.10.14	02:30:00	6669.89	6670.66	6663.73	6664.52	1278	0	50
2025.10.14	03:00:00	6664.45	6665.36	6654.70	6658.20	1919	0	50
2025.10.14	03:30:00	6658.35	6659.41	6655.00	6656.66	1539	0	50
2025.10.14	04:00:00	6656.70	6657.94	6628.74	6630.99	6029	0	50
2025.10.14	04:30:00	6630.95	6637.02	6624.29	6636.48	4150	0	50
2025.10.14	05:00:00	6636.32	6637.23	6631.26	6631.52	3106	0	50
2025.10.14	05:30:00	6631.68	6632.66	6601.59	6614.76	6814	0	50
2025.10.14	06:00:00	6614.93	6622.68	6610.29	6615.77	4384	0	50
2025.10.14	06:30:00	6615.93	6619.43	6605.77	6609.68	4095	0	50
2025.10.14	07:00:00	6609.52	6615.91	6595.02	6612.24	6128	0	29
2025.10.14	07:30:00	6612.41	6614.90	6587.51	6600.16	8796	0	33
2025.10.14	08:00:00	6599.99	6606.15	6590.24	6605.75	5702	0	33
2025.10.14	08:30:00	6605.91	6612.41	6599.00	6611.51	2906	0	33
2025.10.14	09:00:00	6611.66	6616.16	6605.99	6607.00	2173	0	29
2025.10.14	09:30:00	6606.77	6609.41	6598.02	6599.23	2032	0	33
2025.10.14	10:00:00	6598.80	6600.17	6587.00	6587.00	3172	0	33
2025.10.14	10:30:00	6586.77	6587.90	6569.75	6581.90	6669	0	29
2025.10.14	11:00:00	6581.95	6601.38	6580.01	6596.03	6901	0	29
2025.10.14	11:30:00	6596.08	6606.20	6594.26	6603.33	5296	0	29
2025.10.14	12:00:00	6603.19	6603.79	6592.90	6601.10	5408	0	29
2025.10.14	12:30:00	6600.95	6601.48	6580.07	6595.08	6701	0	29
2025.10.14	13:00:00	6594.85	6602.95	6592.33	6597.95	5384	0	29
2025.10.14	13:30:00	6597.86	6600.53	6557.62	6594.79	52915	0	21
2025.10.14	14:00:00	6594.73	6626.02	6591.40	6624.87	23899	0	21
2025.10.14	14:30:00	6624.74	6630.28	6617.35	6624.37	13800	0	21
2025.10.14	15:00:00	6624.52	6638.28	6622.10	6624.08	11807	0	21
2025.10.14	15:30:00	6624.31	6658.28	6623.91	6651.53	17967	0	21
2025.10.14	16:00:00	6651.74	6667.52	6641.85	6664.10	13018	0	21
2025.10.14	16:30:00	6664.27	6684.28	6663.35	6671.76	8300	0	21
2025.10.14	17:00:00	6671.60	6684.02	6664.36	6681.62	7286	0	21
2025.10.14	17:30:00	6681.77	6686.53	6672.15	6679.62	6077	0	21
2025.10.14	18:00:00	6679.77	6681.99	6674.10	6679.12	5114	0	21
2025.10.14	18:30:00	6679.28	6681.52	6672.58	6677.15	4441	0	21
2025.10.14	19:00:00	6677.28	6681.77	6674.39	6675.79	3375	0	21
2025.10.14	19:30:00	6675.63	6676.00	6630.14	6650.35	38173	0	21
2025.10.14	20:00:00	6650.12	6657.70	6636.54	6641.04	5278	0	24
2025.10.14	20:30:00	6640.81	6650.41	6640.52	6648.68	1064	0	34
2025.10.14	22:00:00	6649.28	6661.96	6648.96	6653.87	2123	0	50
2025.10.14	22:30:00	6653.97	6655.51	6650.93	6655.26	896	0	50
2025.10.14	23:00:00	6655.09	6663.72	6653.30	6657.80	1160	0	50
2025.10.14	23:30:00	6657.80	6659.97	6653.63	6653.72	1234	0	50
2025.10.15	00:00:00	6653.60	6656.22	6648.05	6653.80	2887	0	50
2025.10.15	00:30:00	6653.95	6660.26	6650.80	6659.88	1763	0	50
2025.10.15	01:00:00	6659.82	6662.98	6651.88	6661.09	1828	0	50
2025.10.15	01:30:00	6661.06	6662.00	6657.80	6659.01	1196	0	50
2025.10.15	02:00:00	6658.85	6670.31	6658.80	6668.23	1229	0	50
2025.10.15	02:30:00	6668.15	6669.06	6660.40	6661.87	1181	0	50
2025.10.15	03:00:00	6661.67	6665.35	6656.76	6665.35	1122	0	50
2025.10.15	03:30:00	6665.41	6665.84	6659.10	6661.83	1280	0	50
2025.10.15	04:00:00	6661.85	6668.82	6660.88	6667.50	876	0	50
2025.10.15	04:30:00	6667.39	6670.78	6667.10	6670.06	696	0	50
2025.10.15	05:00:00	6673.62	6679.93	6672.63	6676.30	2419	0	50
2025.10.15	05:30:00	6676.46	6676.88	6672.10	6674.36	1130	0	50
2025.10.15	06:00:00	6674.45	6676.50	6671.05	6675.80	1824	0	50
2025.10.15	06:30:00	6675.64	6679.67	6674.04	6679.21	1315	0	50
2025.10.15	07:00:00	6679.12	6684.18	6676.26	6676.68	3297	0	29
2025.10.15	07:30:00	6676.53	6680.45	6673.51	6679.28	2155	0	29
2025.10.15	08:00:00	6679.08	6685.66	6678.66	6682.91	2844	0	29
2025.10.15	08:30:00	6682.85	6683.94	6678.54	6681.77	2003	0	29
2025.10.15	09:00:00	6681.90	6695.45	6681.04	6686.55	2859	0	29
2025.10.15	09:30:00	6686.32	6693.64	6685.59	6692.69	1966	0	29
2025.10.15	10:00:00	6692.63	6693.20	6688.29	6690.93	1290	0	29
2025.10.15	10:30:00	6691.14	6695.45	6688.05	6693.05	1296	0	29
2025.10.15	11:00:00	6692.80	6694.70	6689.51	6691.42	2056	0	29
2025.10.15	11:30:00	6691.28	6694.92	6688.76	6693.67	1942	0	29
2025.10.15	12:00:00	6693.63	6705.18	6692.52	6699.11	2550	0	29
2025.10.15	12:30:00	6699.01	6703.92	6696.00	6702.93	3109	0	29
2025.10.15	13:00:00	6703.16	6703.20	6695.26	6696.27	2705	0	29
2025.10.15	13:30:00	6696.46	6714.01	6688.56	6711.21	25948	0	21
2025.10.15	14:00:00	6711.44	6731.22	6711.31	6724.55	10654	0	21
2025.10.15	14:30:00	6724.71	6727.46	6714.57	6718.58	8067	0	21
2025.10.15	15:00:00	6718.63	6719.99	6704.56	6705.23	8856	0	21
2025.10.15	15:30:00	6705.06	6706.49	6666.54	6679.74	18815	0	21
2025.10.15	16:00:00	6679.58	6691.94	6676.32	6683.31	14376	0	21
2025.10.15	16:30:00	6683.46	6684.99	6666.60	6668.24	10755	0	21
2025.10.15	17:00:00	6668.09	6668.49	6615.93	6635.49	33390	0	21
2025.10.15	17:30:00	6635.69	6672.45	6633.55	6670.32	16741	0	21
2025.10.15	18:00:00	6670.37	6676.23	6661.81	6670.48	11741	0	21
2025.10.15	18:30:00	6670.71	6685.94	6669.31	6684.83	5349	0	21
2025.10.15	19:00:00	6684.69	6685.72	6673.55	6681.23	5838	0	21
2025.10.15	19:30:00	6681.45	6682.22	6660.30	6680.04	9826	0	21
2025.10.15	20:00:00	6679.83	6688.96	6676.21	6677.75	3067	0	24
2025.10.15	20:30:00	6677.62	6680.34	6673.73	6677.78	926	0	34
2025.10.15	22:00:00	6680.21	6691.37	6679.53	6686.97	1595	0	50
2025.10.15	22:30:00	6686.75	6688.45	6680.45	6687.45	939	0	50
2025.10.15	23:00:00	6687.28	6687.41	6677.25	6678.46	1107	0	50
2025.10.15	23:30:00	6678.45	6681.37	6675.45	6679.75	1492	0	50
2025.10.16	00:00:00	6679.52	6681.70	6673.45	6675.45	2064	0	50
2025.10.16	00:30:00	6675.28	6676.43	6667.71	6675.03	2600	0	50
2025.10.16	01:00:00	6674.98	6680.87	6673.49	6678.49	1900	0	50
2025.10.16	01:30:00	6678.27	6680.90	6675.27	6678.20	1257	0	50
2025.10.16	02:00:00	6678.20	6680.68	6673.50	6673.95	1000	0	50
2025.10.16	02:30:00	6673.82	6679.70	6670.74	6678.49	1423	0	50
2025.10.16	03:00:00	6678.45	6680.69	6673.24	6675.90	968	0	50
2025.10.16	03:30:00	6676.13	6676.70	6673.21	6674.70	798	0	50
2025.10.16	04:00:00	6674.70	6678.93	6673.70	6677.15	559	0	50
2025.10.16	04:30:00	6677.02	6679.63	6674.27	6677.49	752	0	50
2025.10.16	05:00:00	6677.65	6679.70	6675.70	6678.74	791	0	50
2025.10.16	05:30:00	6678.85	6684.66	6676.77	6680.96	2033	0	50
2025.10.16	06:00:00	6680.95	6689.40	6680.95	6689.21	1925	0	50
2025.10.16	06:30:00	6689.04	6695.15	6688.74	6694.36	1153	0	50
2025.10.16	07:00:00	6694.29	6697.66	6687.98	6688.73	3802	0	29
2025.10.16	07:30:00	6688.78	6700.87	6683.21	6697.20	5544	0	29
2025.10.16	08:00:00	6696.99	6701.65	6692.15	6692.37	3752	0	29
2025.10.16	08:30:00	6692.51	6696.61	6691.46	6694.38	1916	0	29
2025.10.16	09:00:00	6694.33	6699.08	6693.48	6698.63	1542	0	29
2025.10.16	09:30:00	6698.48	6701.84	6692.96	6701.33	1945	0	29
2025.10.16	10:00:00	6701.40	6707.15	6700.78	6706.71	1598	0	29
2025.10.16	10:30:00	6706.87	6708.39	6702.71	6703.95	1367	0	29
2025.10.16	11:00:00	6703.85	6710.40	6703.00	6709.65	1514	0	29
2025.10.16	11:30:00	6709.58	6709.65	6703.73	6704.97	1032	0	29
2025.10.16	12:00:00	6704.83	6707.12	6696.92	6700.17	2481	0	29
2025.10.16	12:30:00	6700.27	6710.79	6697.90	6706.33	3543	0	29
2025.10.16	13:00:00	6706.40	6708.14	6695.71	6695.96	3283	0	29
2025.10.16	13:30:00	6696.16	6708.88	6688.75	6693.94	27686	0	21
2025.10.16	14:00:00	6694.04	6703.43	6681.77	6696.92	23936	0	21
2025.10.16	14:30:00	6697.15	6714.94	6695.29	6698.43	15887	0	21
2025.10.16	15:00:00	6698.65	6708.05	6682.00	6685.67	15077	0	21
2025.10.16	15:30:00	6685.61	6695.17	6666.78	6672.76	25546	0	21
2025.10.16	16:00:00	6672.63	6678.92	6650.05	6651.91	26028	0	21
2025.10.16	16:30:00	6652.04	6662.18	6620.00	6660.76	49492	0	21
2025.10.16	17:00:00	6660.91	6669.92	6640.27	6662.17	41558	0	21
2025.10.16	17:30:00	6662.02	6666.91	6638.35	6645.35	21343	0	21
2025.10.16	18:00:00	6645.15	6646.53	6600.86	6610.17	29757	0	21
2025.10.16	18:30:00	6610.30	6633.38	6596.97	6631.46	30624	0	21
2025.10.16	19:00:00	6631.61	6635.87	6606.45	6615.71	23093	0	21
2025.10.16	19:30:00	6615.77	6639.11	6607.93	6633.57	20808	0	21
2025.10.16	20:00:00	6633.43	6638.34	6615.93	6621.09	4373	0	27
2025.10.16	20:30:00	6621.05	6628.10	6617.93	6624.33	1596	0	34
2025.10.16	22:00:00	6623.56	6634.85	6621.19	6626.15	2853	0	50
2025.10.16	22:30:00	6626.15	6628.15	6610.15	6610.36	1921	0	50
2025.10.16	23:00:00	6610.39	6617.14	6607.48	6608.36	3373	0	50
2025.10.16	23:30:00	6608.72	6617.14	6607.54	6616.89	2751	0	50
2025.10.17	00:00:00	6616.72	6623.61	6613.94	6616.61	3474	0	50
2025.10.17	00:30:00	6616.45	6620.15	6614.70	6617.22	1991	0	50
2025.10.17	01:00:00	6616.97	6628.39	6616.97	6624.40	2223	0	50
2025.10.17	01:30:00	6624.40	6625.40	6608.19	6613.90	2784	0	50
2025.10.17	02:00:00	6614.01	6616.09	6608.45	6611.15	2982	0	50
2025.10.17	02:30:00	6611.15	6616.10	6610.95	6613.69	1304	0	50
2025.10.17	03:00:00	6613.66	6615.10	6610.16	6613.89	1259	0	50
2025.10.17	03:30:00	6614.08	6615.86	6601.72	6607.47	2126	0	50
2025.10.17	04:00:00	6607.63	6609.36	6603.22	6604.63	1208	0	50
2025.10.17	04:30:00	6604.47	6606.63	6600.99	6602.38	1387	0	50
2025.10.17	05:00:00	6602.61	6603.14	6590.91	6596.14	2521	0	50
2025.10.17	05:30:00	6596.33	6597.12	6584.44	6593.85	2605	0	50
2025.10.17	06:00:00	6594.09	6599.79	6586.68	6588.70	3424	0	50
2025.10.17	06:30:00	6588.86	6591.13	6574.69	6577.09	5589	0	50
2025.10.17	07:00:00	6576.98	6579.06	6543.16	6551.91	17737	0	29
2025.10.17	07:30:00	6551.70	6559.03	6537.17	6550.10	14908	0	29
2025.10.17	08:00:00	6550.30	6554.03	6537.17	6552.10	13923	0	29
2025.10.17	08:30:00	6552.04	6563.57	6549.03	6556.77	7867	0	29
2025.10.17	09:00:00	6556.67	6573.85	6555.31	6568.60	5355	0	29
2025.10.17	09:30:00	6568.53	6573.80	6556.90	6557.71	6094	0	29
2025.10.17	10:00:00	6557.83	6570.31	6556.85	6558.31	7485	0	29
2025.10.17	10:30:00	6558.44	6581.51	6558.44	6581.32	9731	0	29
2025.10.17	11:00:00	6581.43	6621.56	6578.41	6612.20	21168	0	29
2025.10.17	11:30:00	6612.14	6618.59	6603.64	6618.48	8921	0	29
2025.10.17	12:00:00	6618.59	6637.35	6614.15	6631.28	11692	0	29
2025.10.17	12:30:00	6631.33	6637.75	6622.91	6624.18	9331	0	29
2025.10.17	13:00:00	6623.80	6632.80	6618.91	6620.59	11119	0	29
2025.10.17	13:30:00	6620.52	6650.07	6607.45	6631.81	62041	0	21
2025.10.17	14:00:00	6631.67	6662.48	6621.45	6648.10	40750	0	21
2025.10.17	14:30:00	6648.26	6649.29	6618.35	6621.21	37836	0	21
2025.10.17	15:00:00	6621.27	6642.37	6610.49	6619.48	31515	0	21
2025.10.17	15:30:00	6619.62	6648.11	6606.49	6642.88	27705	0	21
2025.10.17	16:00:00	6642.71	6659.64	6642.22	6657.28	15801	0	21
2025.10.17	16:30:00	6657.20	6662.36	6638.20	6645.88	16205	0	21
2025.10.17	17:00:00	6646.10	6647.14	6631.00	6636.98	18050	0	21
2025.10.17	17:30:00	6637.11	6656.37	6632.69	6654.51	15759	0	21
2025.10.17	18:00:00	6654.45	6676.39	6654.45	6672.47	10092	0	21
2025.10.17	18:30:00	6672.62	6677.13	6666.21	6669.93	7286	0	21
2025.10.17	19:00:00	6670.09	6683.64	6669.69	6677.37	7420	0	21
2025.10.17	19:30:00	6677.32	6677.38	6666.46	6669.61	8976	0	21
2025.10.17	20:00:00	6669.55	6678.80	6667.42	6676.54	2102	0	24
2025.10.17	20:30:00	6676.38	6678.24	6675.12	6676.38	468	0	39
2025.10.19	22:00:00	6689.23	6693.64	6681.18	6683.03	2249	0	50
2025.10.19	22:30:00	6683.09	6684.99	6680.63	6683.56	945	0	50
2025.10.19	23:00:00	6683.59	6684.53	6670.15	6670.61	1855	0	50
2025.10.19	23:30:00	6670.79	6673.81	6668.80	6672.82	1262	0	50
2025.10.20	00:00:00	6672.59	6673.52	6661.92	6666.35	2991	0	50
2025.10.20	00:30:00	6666.56	6684.25	6664.64	6682.35	2532	0	50
2025.10.20	01:00:00	6682.52	6688.35	6681.69	6686.10	1821	0	50
2025.10.20	01:30:00	6686.02	6686.10	6677.87	6681.14	1679	0	50
2025.10.20	02:00:00	6681.10	6681.85	6677.14	6679.65	1310	0	50
2025.10.20	02:30:00	6679.81	6684.27	6678.87	6682.81	938	0	50
2025.10.20	03:00:00	6682.84	6685.56	6682.70	6684.86	468	0	50
2025.10.20	03:30:00	6685.03	6692.51	6684.15	6691.10	737	0	50
2025.10.20	04:00:00	6691.20	6696.28	6690.67	6695.15	763	0	50
2025.10.20	04:30:00	6695.11	6695.60	6689.88	6695.10	797	0	50
2025.10.20	05:00:00	6694.94	6696.90	6692.15	6695.94	712	0	50
2025.10.20	05:30:00	6696.09	6699.60	6693.65	6696.90	1048	0	50
2025.10.20	06:00:00	6696.67	6696.85	6691.35	6695.05	1488	0	50
2025.10.20	06:30:00	6695.10	6698.85	6692.62	6695.85	1316	0	50
2025.10.20	07:00:00	6695.71	6701.78	6693.24	6701.43	3417	0	29
2025.10.20	07:30:00	6701.50	6705.00	6696.81	6698.81	2430	0	29
2025.10.20	08:00:00	6698.87	6700.24	6691.38	6693.56	3376	0	29
2025.10.20	08:30:00	6693.63	6695.44	6686.32	6687.83	2631	0	29
2025.10.20	09:00:00	6687.71	6693.49	6684.82	6691.99	2587	0	29
2025.10.20	09:30:00	6692.17	6692.44	6686.03	6690.33	1964	0	29
2025.10.20	10:00:00	6690.46	6692.48	6686.31	6688.09	2051	0	29
2025.10.20	10:30:00	6687.95	6694.70	6679.94	6680.33	2986	0	29
2025.10.20	11:00:00	6680.14	6689.96	6679.32	6688.56	2550	0	29
2025.10.20	11:30:00	6688.35	6692.49	6685.83	6691.58	2207	0	29
2025.10.20	12:00:00	6691.37	6692.98	6688.57	6691.23	1853	0	29
2025.10.20	12:30:00	6691.08	6701.96	6691.08	6701.73	1690	0	29
2025.10.20	13:00:00	6701.57	6705.86	6699.57	6700.98	2868	0	29
2025.10.20	13:30:00	6700.87	6722.29	6700.86	6715.05	16674	0	21
2025.10.20	14:00:00	6715.25	6732.03	6715.12	6730.86	8836	0	21
2025.10.20	14:30:00	6731.02	6743.03	6726.35	6740.54	4423	0	21
2025.10.20	15:00:00	6740.75	6741.02	6730.49	6737.61	3652	0	21
2025.10.20	15:30:00	6737.84	6741.62	6729.98	6734.21	6545	0	21
2025.10.20	16:00:00	6734.37	6737.85	6730.70	6736.62	4304	0	21
2025.10.20	16:30:00	6736.75	6739.39	6731.46	6738.97	2529	0	21
2025.10.20	17:00:00	6738.74	6748.88	6738.70	6744.63	2322	0	21
2025.10.20	17:30:00	6744.86	6749.85	6743.94	6746.47	1775	0	21
2025.10.20	18:00:00	6746.47	6750.87	6745.98	6747.13	1594	0	21
2025.10.20	18:30:00	6747.36	6747.88	6740.22	6745.14	2274	0	21
2025.10.20	19:00:00	6744.97	6748.84	6740.47	6745.71	2422	0	21
2025.10.20	19:30:00	6745.48	6749.16	6740.45	6741.46	3629	0	21
2025.10.20	20:00:00	6741.23	6745.80	6737.95	6745.80	901	0	21
2025.10.20	20:30:00	6745.64	6748.09	6745.64	6748.09	142	0	34
2025.10.20	22:00:00	6749.00	6749.29	6745.15	6747.97	648	0	50
2025.10.20	22:30:00	6747.90	6748.35	6745.40	6746.14	405	0	50
2025.10.20	23:00:00	6746.36	6750.85	6745.99	6749.65	580	0	50
2025.10.20	23:30:00	6749.79	6750.39	6745.15	6746.61	478	0	50
2025.10.21	00:00:00	6746.49	6750.40	6744.90	6749.13	1011	0	50
2025.10.21	00:30:00	6749.33	6750.60	6748.17	6750.40	562	0	50
2025.10.21	01:00:00	6750.40	6753.33	6748.66	6749.38	624	0	50
2025.10.21	01:30:00	6749.22	6751.10	6746.95	6749.19	546	0	50
2025.10.21	02:00:00	6749.16	6753.08	6748.95	6752.95	452	0	50
2025.10.21	02:30:00	6753.10	6753.60	6748.17	6748.95	410	0	50
2025.10.21	03:00:00	6749.10	6750.65	6748.68	6748.85	333	0	50
2025.10.21	03:30:00	6748.70	6750.11	6744.43	6746.36	689	0	50
2025.10.21	04:00:00	6746.19	6746.61	6744.15	6745.57	580	0	50
2025.10.21	04:30:00	6745.63	6745.65	6740.22	6742.65	799	0	50
2025.10.21	05:00:00	6742.65	6744.54	6739.45	6740.35	996	0	50
2025.10.21	05:30:00	6740.24	6742.10	6736.20	6740.12	858	0	50
2025.10.21	06:00:00	6740.31	6740.57	6733.17	6736.44	1076	0	50
2025.10.21	06:30:00	6736.23	6739.10	6734.98	6736.35	1019	0	50
2025.10.21	07:00:00	6736.62	6737.85	6732.91	6737.47	2719	0	29
2025.10.21	07:30:00	6737.57	6737.85	6732.32	6735.54	2193	0	29
2025.10.21	08:00:00	6735.64	6737.04	6731.78	6734.00	2653	0	29
2025.10.21	08:30:00	6733.97	6735.28	6732.37	6733.12	1300	0	29
2025.10.21	09:00:00	6733.28	6737.30	6732.63	6736.88	1043	0	29
2025.10.21	09:30:00	6736.74	6739.49	6735.59	6737.05	998	0	29
2025.10.21	10:00:00	6737.25	6738.28	6733.84	6737.01	1223	0	29
2025.10.21	10:30:00	6737.14	6740.55	6736.36	6739.53	1142	0	29
2025.10.21	11:00:00	6739.37	6744.80	6738.13	6744.73	1194	0	29
2025.10.21	11:30:00	6744.78	6744.98	6740.63	6744.52	1667	0	29
2025.10.21	12:00:00	6744.38	6746.25	6742.86	6745.12	1146	0	29
2025.10.21	12:30:00	6744.92	6745.54	6741.11	6742.53	1277	0	29
2025.10.21	13:00:00	6742.37	6744.01	6736.37	6742.72	2628	0	29
2025.10.21	13:30:00	6742.84	6745.83	6729.92	6733.57	14231	0	21
2025.10.21	14:00:00	6733.80	6746.84	6727.68	6733.92	9753	0	21
2025.10.21	14:30:00	6734.07	6754.80	6730.40	6754.07	8273	0	21
2025.10.21	15:00:00	6754.30	6755.89	6743.96	6747.63	7016	0	21
2025.10.21	15:30:00	6747.57	6753.63	6742.47	6751.37	4843	0	21
2025.10.21	16:00:00	6751.12	6755.39	6749.96	6754.70	3038	0	21
2025.10.21	16:30:00	6754.88	6758.63	6742.18	6743.70	5759	0	21
2025.10.21	17:00:00	6743.47	6750.12	6735.94	6744.60	9440	0	21
2025.10.21	17:30:00	6744.84	6751.62	6740.97	6750.63	4671	0	21
2025.10.21	18:00:00	6750.47	6753.63	6746.47	6751.30	2641	0	21
2025.10.21	18:30:00	6751.19	6752.89	6746.47	6748.12	1987	0	21
2025.10.21	19:00:00	6747.97	6751.12	6745.45	6747.37	2003	0	21
2025.10.21	19:30:00	6747.22	6752.64	6740.23	6741.21	2812	0	21
2025.10.21	20:00:00	6740.96	6744.34	6733.63	6739.26	5061	0	24
2025.10.21	20:30:00	6739.14	6742.02	6738.38	6741.14	598	0	34
2025.10.21	22:00:00	6745.74	6746.21	6741.19	6745.55	957	0	50
2025.10.21	22:30:00	6745.59	6746.50	6742.36	6744.85	501	0	50
2025.10.21	23:00:00	6744.85	6744.96	6739.86	6741.66	646	0	50
2025.10.21	23:30:00	6741.62	6742.08	6738.60	6739.10	585	0	50
2025.10.22	00:00:00	6739.21	6741.81	6735.66	6738.31	1606	0	50
2025.10.22	00:30:00	6738.34	6739.84	6734.85	6735.64	1173	0	50
2025.10.22	01:00:00	6735.41	6739.80	6733.65	6738.92	898	0	50
2025.10.22	01:30:00	6739.04	6743.85	6737.86	6743.30	682	0	50
2025.10.22	02:00:00	6743.54	6746.60	6740.70	6746.40	596	0	50
2025.10.22	02:30:00	6746.55	6746.56	6744.35	6744.81	323	0	50
2025.10.22	03:00:00	6744.83	6745.10	6739.35	6740.30	498	0	50
2025.10.22	03:30:00	6740.33	6749.30	6738.85	6748.67	719	0	50
2025.10.22	04:00:00	6748.81	6757.27	6748.43	6754.85	1130	0	50
2025.10.22	04:30:00	6754.85	6756.06	6752.66	6754.06	609	0	50
2025.10.22	05:00:00	6753.89	6755.85	6751.39	6753.10	712	0	50
2025.10.22	05:30:00	6753.26	6754.31	6750.14	6751.60	658	0	50
2025.10.22	06:00:00	6751.60	6756.83	6748.85	6754.10	1210	0	50
2025.10.22	06:30:00	6754.10	6758.09	6752.10	6754.89	1001	0	50
2025.10.22	07:00:00	6755.05	6755.44	6744.74	6752.13	3702	0	29
2025.10.22	07:30:00	6752.17	6752.92	6750.36	6751.37	1671	0	29
2025.10.22	08:00:00	6751.17	6751.55	6741.63	6744.27	2695	0	29
2025.10.22	08:30:00	6744.50	6746.30	6741.61	6745.11	1881	0	29
2025.10.22	09:00:00	6745.00	6745.54	6738.14	6744.53	1870	0	29
2025.10.22	09:30:00	6744.48	6748.26	6742.38	6748.01	1637	0	29
2025.10.22	10:00:00	6748.14	6750.78	6746.11	6750.62	1146	0	29
2025.10.22	10:30:00	6750.49	6752.05	6747.13	6747.78	1432	0	29
2025.10.22	11:00:00	6747.73	6748.54	6736.38	6739.48	3225	0	29
2025.10.22	11:30:00	6739.55	6742.79	6735.13	6738.65	3129	0	29
2025.10.22	12:00:00	6738.78	6748.29	6737.85	6746.04	3436	0	29
2025.10.22	12:30:00	6746.25	6750.05	6743.89	6748.53	1594	0	29
2025.10.22	13:00:00	6748.76	6751.05	6746.13	6748.53	1373	0	29
2025.10.22	13:30:00	6748.42	6748.83	6732.95	6741.07	14829	0	21
2025.10.22	14:00:00	6740.92	6744.59	6721.43	6722.87	12505	0	21
2025.10.22	14:30:00	6723.10	6729.90	6709.45	6729.37	20617	0	21
2025.10.22	15:00:00	6729.21	6732.87	6704.46	6706.88	16231	0	21
2025.10.22	15:30:00	6707.01	6726.38	6702.21	6718.47	15593	0	21
2025.10.22	16:00:00	6718.52	6720.59	6698.52	6703.18	10004	0	21
2025.10.22	16:30:00	6703.01	6709.18	6666.76	6700.41	31056	0	21
2025.10.22	17:00:00	6700.25	6703.90	6674.00	6680.93	15516	0	21
2025.10.22	17:30:00	6680.76	6685.66	6659.29	6673.91	14522	0	21
2025.10.22	18:00:00	6673.75	6688.68	6664.03	6683.43	14237	0	21
2025.10.22	18:30:00	6683.26	6692.43	6677.50	6691.93	12491	0	21
2025.10.22	19:00:00	6691.76	6703.42	6682.25	6701.50	10684	0	21
2025.10.22	19:30:00	6701.27	6710.66	6700.51	6705.50	8582	0	21
2025.10.22	20:00:00	6705.65	6712.06	6700.43	6701.61	4445	0	27
2025.10.22	20:30:00	6701.45	6706.07	6700.45	6705.87	747	0	34
2025.10.22	22:00:00	6702.86	6709.30	6699.41	6705.57	1460	0	50
2025.10.22	22:30:00	6705.60	6708.02	6704.37	6706.60	774	0	50
2025.10.22	23:00:00	6706.60	6710.88	6705.19	6706.90	810	0	50
2025.10.22	23:30:00	6706.90	6708.38	6696.37	6696.80	1209	0	50
2025.10.23	00:00:00	6696.69	6702.96	6687.38	6702.35	2504	0	50
2025.10.23	00:30:00	6702.16	6707.55	6699.60	6706.65	1574	0	50
2025.10.23	01:00:00	6706.80	6712.85	6706.10	6711.15	1505	0	50
2025.10.23	01:30:00	6711.11	6718.10	6710.85	6716.85	1462	0	50
2025.10.23	02:00:00	6717.00	6718.85	6715.61	6717.60	989	0	50
2025.10.23	02:30:00	6717.60	6719.35	6715.85	6716.89	635	0	50
2025.10.23	03:00:00	6717.06	6720.07	6715.65	6715.81	591	0	50
2025.10.23	03:30:00	6715.66	6717.34	6712.87	6715.05	978	0	50
2025.10.23	04:00:00	6714.89	6716.60	6709.75	6713.30	785	0	50
2025.10.23	04:30:00	6713.47	6713.52	6709.32	6711.60	794	0	50
2025.10.23	05:00:00	6711.60	6712.85	6708.17	6710.04	914	0	50
2025.10.23	05:30:00	6710.28	6717.01	6709.42	6716.58	970	0	50
2025.10.23	06:00:00	6716.42	6717.09	6712.89	6714.97	1407	0	50
2025.10.23	06:30:00	6714.89	6719.60	6712.65	6718.15	1413	0	50
2025.10.23	07:00:00	6718.33	6721.55	6709.61	6713.13	3789	0	29
2025.10.23	07:30:00	6713.26	6718.80	6712.78	6716.38	2497	0	29
2025.10.23	08:00:00	6716.53	6719.80	6714.62	6716.11	2704	0	29
2025.10.23	08:30:00	6716.26	6718.51	6712.24	6714.64	1520	0	29
2025.10.23	09:00:00	6714.68	6716.77	6703.43	6707.26	2874	0	29
2025.10.23	09:30:00	6707.22	6710.48	6702.38	6709.26	2087	0	29
2025.10.23	10:00:00	6709.49	6712.04	6707.85	6710.02	1754	0	29
2025.10.23	10:30:00	6710.24	6711.91	6707.18	6709.78	1595	0	29
2025.10.23	11:00:00	6709.90	6710.22	6698.61	6705.37	4133	0	29
2025.10.23	11:30:00	6705.42	6705.53	6693.47	6695.78	3430	0	29
2025.10.23	12:00:00	6695.63	6697.80	6690.38	6697.24	4462	0	29
2025.10.23	12:30:00	6697.38	6707.09	6689.86	6706.17	3287	0	29
2025.10.23	13:00:00	6706.09	6709.25	6693.88	6709.02	4548	0	29
2025.10.23	13:30:00	6709.20	6735.61	6705.70	6727.59	12152	0	21
2025.10.23	14:00:00	6727.72	6731.82	6708.95	6721.70	13123	0	64
2025.10.23	14:30:00	6721.86	6731.86	6717.48	6729.81	7565	0	64
2025.10.23	15:00:00	6729.94	6730.82	6718.68	6727.96	6878	0	64
2025.10.23	15:30:00	6728.19	6734.97	6714.80	6729.61	7186	0	64
2025.10.23	16:00:00	6729.45	6737.51	6728.47	6733.57	4049	0	64
2025.10.23	16:30:00	6733.72	6743.94	6733.25	6742.70	1938	0	64
2025.10.23	17:00:00	6743.11	6745.02	6732.49	6738.60	5654	0	64
2025.10.23	17:30:00	6738.76	6753.51	6738.59	6752.50	3345	0	64
2025.10.23	18:00:00	6752.73	6754.01	6746.75	6753.62	2538	0	64
2025.10.23	18:30:00	6753.76	6756.01	6751.62	6754.26	1856	0	64
2025.10.23	19:00:00	6754.48	6755.76	6751.35	6753.35	1783	0	64
2025.10.23	19:30:00	6753.12	6753.27	6741.60	6744.57	3322	0	64
2025.10.23	20:00:00	6744.71	6748.46	6743.75	6744.46	1093	0	64
2025.10.23	20:30:00	6744.68	6747.77	6744.06	6747.48	517	0	64
2025.10.23	22:00:00	6748.12	6752.41	6748.08	6751.02	806	0	64
2025.10.23	22:30:00	6750.93	6752.34	6749.43	6750.61	460	0	64
2025.10.23	23:00:00	6750.47	6752.43	6750.26	6751.16	385	0	64
2025.10.23	23:30:00	6751.18	6752.58	6750.68	6751.48	279	0	64
2025.10.24	00:00:00	6751.45	6752.43	6747.75	6749.97	683	0	64
2025.10.24	00:30:00	6750.14	6752.35	6749.74	6751.68	626	0	64
2025.10.24	01:00:00	6751.59	6755.93	6751.47	6752.89	536	0	64
2025.10.24	01:30:00	6752.72	6755.85	6751.72	6755.44	503	0	64
2025.10.24	02:00:00	6755.43	6758.80	6754.22	6757.79	386	0	64
2025.10.24	02:30:00	6757.78	6757.93	6753.08	6753.99	589	0	64
2025.10.24	03:00:00	6754.12	6758.18	6753.43	6758.14	458	0	64
2025.10.24	03:30:00	6757.97	6758.68	6757.19	6758.43	290	0	64
2025.10.24	04:00:00	6758.43	6758.93	6755.94	6757.68	356	0	64
2025.10.24	04:30:00	6757.53	6759.14	6756.68	6758.43	295	0	64
2025.10.24	05:00:00	6758.27	6761.18	6757.24	6760.71	430	0	64
2025.10.24	05:30:00	6760.52	6762.40	6758.98	6762.18	407	0	64
2025.10.24	06:00:00	6762.18	6768.88	6761.51	6768.14	841	0	64
2025.10.24	06:30:00	6767.98	6768.13	6764.43	6765.72	625	0	64
2025.10.24	07:00:00	6765.92	6766.19	6760.09	6761.62	1298	0	54
2025.10.24	07:30:00	6761.74	6766.01	6758.33	6758.93	1265	0	64
2025.10.24	08:00:00	6759.01	6759.97	6754.61	6757.99	1271	0	64
2025.10.24	08:30:00	6758.23	6764.26	6756.85	6760.37	912	0	64
2025.10.24	09:00:00	6760.15	6766.27	6759.85	6765.85	647	0	64
2025.10.24	09:30:00	6766.01	6769.26	6764.85	6765.01	532	0	64
2025.10.24	10:00:00	6765.24	6768.26	6763.39	6765.26	593	0	64
2025.10.24	10:30:00	6765.48	6767.50	6763.34	6763.60	670	0	64
2025.10.24	11:00:00	6763.47	6767.72	6763.35	6765.40	678	0	64
2025.10.24	11:30:00	6765.16	6770.51	6764.09	6768.26	661	0	64
2025.10.24	12:00:00	6768.38	6770.73	6764.60	6766.19	986	0	64
2025.10.24	12:30:00	6765.99	6807.59	6764.28	6783.47	8583	0	64
2025.10.24	13:00:00	6783.71	6793.19	6783.10	6791.34	1793	0	64
2025.10.24	13:30:00	6791.44	6805.01	6783.31	6800.74	13045	0	52
2025.10.24	14:00:00	6800.86	6805.99	6794.25	6794.41	7985	0	64
2025.10.24	14:30:00	6794.64	6803.18	6786.01	6793.46	6746	0	64
2025.10.24	15:00:00	6793.31	6811.24	6791.61	6808.76	4862	0	64
2025.10.24	15:30:00	6808.99	6811.52	6802.24	6806.34	3490	0	64
2025.10.24	16:00:00	6806.50	6811.51	6805.35	6806.13	2185	0	64
2025.10.24	16:30:00	6805.98	6809.50	6799.06	6806.46	2342	0	64
2025.10.24	17:00:00	6806.31	6809.49	6803.31	6807.60	1940	0	64
2025.10.24	17:30:00	6807.47	6811.21	6806.61	6807.60	1406	0	64
2025.10.24	18:00:00	6807.37	6810.26	6805.35	6808.51	1762	0	64
2025.10.24	18:30:00	6808.35	6810.01	6804.09	6808.59	1681	0	64
2025.10.24	19:00:00	6808.76	6811.51	6807.12	6809.06	1267	0	64
2025.10.24	19:30:00	6809.21	6809.48	6794.49	6798.00	2867	0	64
2025.10.24	20:00:00	6798.10	6799.56	6794.68	6797.32	878	0	72
2025.10.24	20:30:00	6797.55	6799.58	6795.19	6795.95	257	0	72
2025.10.26	22:00:00	6845.44	6855.52	6838.72	6849.98	4359	0	64
2025.10.26	22:30:00	6850.14	6851.89	6843.18	6844.68	1195	0	64
2025.10.26	23:00:00	6844.68	6849.60	6843.93	6844.45	1152	0	64
2025.10.26	23:30:00	6844.43	6847.87	6841.72	6843.49	829	0	64
2025.10.27	00:00:00	6843.28	6848.67	6841.72	6846.72	1597	0	64
2025.10.27	00:30:00	6846.69	6849.43	6844.95	6844.97	995	0	64
2025.10.27	01:00:00	6845.13	6845.43	6842.25	6844.63	841	0	64
2025.10.27	01:30:00	6844.48	6845.85	6841.97	6842.32	556	0	64
2025.10.27	02:00:00	6842.22	6843.91	6840.18	6842.47	432	0	64
2025.10.27	02:30:00	6842.63	6847.93	6842.48	6847.88	414	0	64
2025.10.27	03:00:00	6847.73	6853.38	6847.20	6853.10	441	0	64
2025.10.27	03:30:00	6852.97	6853.86	6849.55	6851.13	383	0	64
2025.10.27	04:00:00	6850.98	6852.43	6849.25	6852.43	446	0	64
2025.10.27	04:30:00	6852.43	6853.11	6850.68	6851.93	304	0	64
2025.10.27	05:00:00	6851.78	6855.92	6851.68	6855.85	452	0	64
2025.10.27	05:30:00	6855.72	6856.40	6853.94	6855.48	338	0	64
2025.10.27	06:00:00	6855.61	6862.31	6854.94	6861.65	543	0	64
2025.10.27	06:30:00	6861.42	6862.13	6856.47	6857.21	591	0	64
2025.10.27	07:00:00	6857.20	6861.51	6855.55	6859.86	978	0	61
2025.10.27	07:30:00	6859.90	6861.52	6855.60	6855.60	797	0	64
2025.10.27	08:00:00	6855.74	6856.97	6850.11	6850.75	1618	0	64
2025.10.27	08:30:00	6850.88	6855.01	6849.34	6853.85	880	0	64
2025.10.27	09:00:00	6853.90	6854.97	6851.60	6851.86	767	0	64
2025.10.27	09:30:00	6851.64	6859.77	6851.63	6859.77	849	0	64
2025.10.27	10:00:00	6859.61	6860.03	6856.64	6859.60	596	0	64
2025.10.27	10:30:00	6859.37	6860.98	6858.35	6859.23	519	0	64
2025.10.27	11:00:00	6859.39	6861.53	6856.32	6857.01	768	0	64
2025.10.27	11:30:00	6856.95	6857.27	6851.57	6852.80	648	0	64
2025.10.27	12:00:00	6852.60	6857.73	6851.83	6854.80	842	0	72
2025.10.27	12:30:00	6854.89	6856.99	6852.86	6855.60	701	0	64
2025.10.27	13:00:00	6855.37	6859.26	6853.35	6855.56	975	0	64
2025.10.27	13:30:00	6855.82	6860.73	6849.56	6859.37	8087	0	52
2025.10.27	14:00:00	6859.49	6864.84	6852.63	6858.85	6457	0	64
2025.10.27	14:30:00	6859.01	6862.27	6854.35	6855.59	4025	0	64
2025.10.27	15:00:00	6855.75	6862.28	6854.09	6862.28	2867	0	64
2025.10.27	15:30:00	6862.11	6864.72	6860.80	6862.83	1024	0	64
2025.10.27	16:00:00	6862.98	6866.47	6862.55	6863.72	726	0	72
2025.10.27	16:30:00	6863.95	6867.49	6863.80	6866.26	914	0	64
2025.10.27	17:00:00	6866.49	6866.76	6860.44	6862.91	911	0	64
2025.10.27	17:30:00	6863.20	6868.52	6861.98	6868.20	854	0	64
2025.10.27	18:00:00	6868.12	6868.51	6866.59	6867.35	871	0	64
2025.10.27	18:30:00	6867.40	6871.27	6867.40	6870.35	1229	0	64
2025.10.27	19:00:00	6870.51	6871.76	6868.86	6871.26	1154	0	64
2025.10.27	19:30:00	6871.10	6884.09	6870.85	6880.59	2193	0	64
2025.10.27	20:00:00	6880.33	6886.37	6879.75	6886.24	624	0	64
2025.10.27	20:30:00	6886.40	6888.66	6886.21	6886.38	193	0	85
2025.10.27	22:00:00	6886.92	6887.19	6883.98	6885.73	509	0	64
2025.10.27	22:30:00	6885.56	6886.48	6884.73	6885.19	280	0	64
2025.10.27	23:00:00	6885.21	6890.67	6884.48	6890.23	598	0	64
2025.10.27	23:30:00	6890.07	6890.93	6884.27	6884.50	634	0	64
2025.10.28	00:00:00	6884.30	6885.19	6881.99	6883.48	685	0	64
2025.10.28	00:30:00	6883.38	6884.66	6882.23	6882.77	520	0	64
2025.10.28	01:00:00	6882.58	6883.17	6879.73	6881.27	711	0	64
2025.10.28	01:30:00	6881.06	6883.69	6880.12	6881.32	632	0	64
2025.10.28	02:00:00	6881.14	6883.23	6881.12	6882.31	406	0	64
2025.10.28	02:30:00	6882.15	6882.20	6879.58	6881.18	391	0	64
2025.10.28	03:00:00	6881.03	6882.69	6879.49	6880.98	373	0	64
2025.10.28	03:30:00	6880.89	6883.23	6879.98	6881.78	372	0	64
2025.10.28	04:00:00	6881.55	6882.48	6878.99	6879.53	462	0	64
2025.10.28	04:30:00	6879.68	6880.22	6878.48	6878.62	359	0	64
2025.10.28	05:00:00	6878.69	6880.17	6876.48	6877.52	519	0	64
2025.10.28	05:30:00	6877.34	6879.73	6876.05	6878.27	458	0	64
2025.10.28	06:00:00	6878.44	6880.48	6877.03	6879.98	635	0	64
2025.10.28	06:30:00	6879.98	6883.19	6877.28	6877.28	803	0	64
2025.10.28	07:00:00	6877.49	6882.27	6876.91	6881.31	863	0	54
2025.10.28	07:30:00	6881.18	6881.76	6875.87	6877.02	594	0	64
2025.10.28	08:00:00	6877.15	6878.56	6875.28	6876.81	1418	0	64
2025.10.28	08:30:00	6876.83	6881.32	6875.15	6880.06	879	0	64
2025.10.28	09:00:00	6880.26	6881.81	6877.43	6878.26	555	0	64
2025.10.28	09:30:00	6878.50	6881.76	6877.43	6880.94	534	0	64
2025.10.28	10:00:00	6880.97	6883.77	6880.15	6882.66	605	0	64
2025.10.28	10:30:00	6882.45	6883.05	6879.41	6880.88	440	0	64
2025.10.28	11:00:00	6881.05	6885.76	6880.62	6884.50	813	0	64
2025.10.28	11:30:00	6884.36	6887.32	6883.86	6886.15	520	0	64
2025.10.28	12:00:00	6886.29	6891.52	6885.71	6891.05	737	0	64
2025.10.28	12:30:00	6890.91	6891.26	6888.10	6889.71	604	0	64
2025.10.28	13:00:00	6889.71	6901.04	6889.40	6899.06	2618	0	64
2025.10.28	13:30:00	6899.38	6900.92	6880.15	6884.72	8881	0	46
2025.10.28	14:00:00	6884.69	6890.07	6883.61	6889.91	5168	0	64
2025.10.28	14:30:00	6889.78	6892.32	6884.40	6887.31	4205	0	64
2025.10.28	15:00:00	6887.15	6890.81	6882.13	6883.91	2742	0	64
2025.10.28	15:30:00	6883.68	6884.81	6876.90	6884.40	3172	0	64
2025.10.28	16:00:00	6884.56	6890.98	6884.40	6890.60	1810	0	64
2025.10.28	16:30:00	6890.48	6903.16	6889.54	6897.91	5745	0	64
2025.10.28	17:00:00	6897.68	6902.82	6897.64	6899.06	3254	0	64
2025.10.28	17:30:00	6899.29	6906.07	6897.64	6905.03	2067	0	64
2025.10.28	18:00:00	6904.87	6912.42	6904.06	6908.96	1475	0	64
2025.10.28	18:30:00	6908.80	6910.22	6906.05	6909.78	1174	0	64
2025.10.28	19:00:00	6909.37	6917.43	6906.51	6915.28	1575	0	64
2025.10.28	19:30:00	6915.41	6915.43	6896.74	6898.21	3784	0	72
2025.10.28	20:00:00	6898.33	6900.07	6894.26	6898.27	1524	0	64
2025.10.28	20:30:00	6898.13	6901.03	6897.24	6900.78	427	0	64
2025.10.28	22:00:00	6902.14	6905.11	6900.88	6904.42	397	0	64
2025.10.28	22:30:00	6904.19	6904.86	6899.23	6899.79	358	0	64
2025.10.28	23:00:00	6899.71	6902.83	6898.38	6900.38	440	0	64
2025.10.28	23:30:00	6900.38	6903.06	6899.89	6901.68	492	0	64
2025.10.29	00:00:00	6901.84	6903.09	6898.88	6902.88	769	0	64
2025.10.29	00:30:00	6902.88	6904.08	6898.63	6899.86	658	0	64
2025.10.29	01:00:00	6899.70	6904.13	6899.38	6903.44	658	0	64
2025.10.29	01:30:00	6903.40	6908.86	6901.38	6906.55	1332	0	64
2025.10.29	02:00:00	6906.43	6912.25	6906.41	6911.19	917	0	64
2025.10.29	02:30:00	6911.13	6913.63	6910.13	6911.59	500	0	64
2025.10.29	03:00:00	6911.62	6913.07	6910.44	6910.96	487	0	64
2025.10.29	03:30:00	6911.05	6912.63	6908.39	6912.09	554	0	64
2025.10.29	04:00:00	6911.92	6911.92	6907.13	6910.88	635	0	64
2025.10.29	04:30:00	6910.70	6913.09	6910.70	6912.42	369	0	64
2025.10.29	05:00:00	6912.59	6914.09	6912.38	6913.71	348	0	64
2025.10.29	05:30:00	6913.83	6915.07	6912.38	6914.34	494	0	64
2025.10.29	06:00:00	6914.17	6917.83	6913.45	6916.90	522	0	64
2025.10.29	06:30:00	6916.88	6918.07	6915.64	6916.87	469	0	64
2025.10.29	07:00:00	6916.93	6918.41	6913.26	6916.51	723	0	54
2025.10.29	07:30:00	6916.31	6919.43	6915.74	6918.83	701	0	64
2025.10.29	08:00:00	6918.58	6922.96	6917.33	6917.46	1408	0	64
2025.10.29	08:30:00	6917.40	6919.58	6910.09	6911.60	1234	0	64
2025.10.29	09:00:00	6911.47	6912.00	6906.07	6906.42	1399	0	64
2025.10.29	09:30:00	6906.42	6910.48	6905.09	6909.96	1157	0	64
2025.10.29	10:00:00	6909.81	6914.77	6908.55	6913.75	864	0	64
2025.10.29	10:30:00	6913.97	6916.52	6912.59	6912.81	890	0	64
2025.10.29	11:00:00	6912.59	6920.72	6911.07	6920.24	943	0	64
2025.10.29	11:30:00	6920.11	6922.71	6916.83	6917.27	845	0	64
2025.10.29	12:00:00	6917.11	6920.21	6914.80	6915.33	706	0	64
2025.10.29	12:30:00	6915.36	6917.45	6911.80	6916.24	984	0	64
2025.10.29	13:00:00	6916.10	6919.23	6915.62	6916.13	1107	0	64
2025.10.29	13:30:00	6916.35	6926.02	6910.55	6924.77	7431	0	46
2025.10.29	14:00:00	6924.97	6926.02	6913.72	6918.86	5291	0	64
2025.10.29	14:30:00	6918.63	6920.02	6906.81	6911.96	4924	0	64
2025.10.29	15:00:00	6912.19	6916.46	6909.04	6911.55	4151	0	64
2025.10.29	15:30:00	6911.33	6912.17	6906.46	6908.71	3797	0	64
2025.10.29	16:00:00	6908.55	6913.91	6904.21	6913.25	3690	0	64
2025.10.29	16:30:00	6913.40	6916.41	6911.69	6914.00	1946	0	64
2025.10.29	17:00:00	6914.16	6916.64	6905.99	6907.96	2145	0	64
2025.10.29	17:30:00	6907.79	6914.21	6904.51	6909.46	2238	0	64
2025.10.29	18:00:00	6909.34	6918.13	6902.01	6909.12	13478	0	64
2025.10.29	18:30:00	6908.99	6916.22	6857.44	6888.53	42301	0	64
2025.10.29	19:00:00	6888.64	6896.84	6872.77	6882.40	22109	0	72
2025.10.29	19:30:00	6882.52	6903.15	6868.81	6903.15	16854	0	64
2025.10.29	20:00:00	6902.99	6919.25	6879.11	6897.94	19132	0	64
2025.10.29	20:30:00	6897.92	6902.97	6891.24	6892.15	2969	0	64
2025.10.29	22:00:00	6884.75	6896.43	6877.29	6883.37	2436	0	64
2025.10.29	22:30:00	6883.52	6891.26	6883.35	6888.27	671	0	64
2025.10.29	23:00:00	6888.10	6896.26	6886.12	6894.76	1067	0	64
2025.10.29	23:30:00	6894.99	6899.99	6883.60	6897.49	1520	0	64
2025.10.30	00:00:00	6897.74	6911.26	6897.59	6909.76	1900	0	64
2025.10.30	00:30:00	6909.99	6915.61	6905.60	6908.35	2156	0	64
2025.10.30	01:00:00	6908.51	6911.94	6901.37	6907.02	2684	0	64
2025.10.30	01:30:00	6906.99	6913.68	6903.73	6910.41	1914	0	64
2025.10.30	02:00:00	6910.46	6922.59	6909.79	6920.27	1827	0	64
2025.10.30	02:30:00	6920.24	6923.81	6917.37	6919.51	874	0	64
2025.10.30	03:00:00	6919.74	6927.26	6919.59	6924.26	1203	0	64
2025.10.30	03:30:00	6924.10	6928.74	6920.85	6923.11	1460	0	64
2025.10.30	04:00:00	6922.86	6923.99	6876.32	6881.75	10779	0	64
2025.10.30	04:30:00	6881.91	6912.40	6880.25	6889.81	10925	0	64
2025.10.30	05:00:00	6889.65	6906.01	6887.90	6905.74	3007	0	64
2025.10.30	05:30:00	6905.60	6913.49	6902.35	6904.07	2626	0	64
2025.10.30	06:00:00	6904.21	6904.71	6890.02	6891.77	2696	0	64
2025.10.30	06:30:00	6891.52	6901.46	6891.25	6894.21	1776	0	64
2025.10.30	07:00:00	6894.44	6907.30	6886.41	6896.39	3209	0	64
2025.10.30	07:30:00	6896.55	6904.55	6895.64	6901.89	1713	0	76
2025.10.30	08:00:00	6902.05	6904.05	6890.89	6895.89	3348	0	72
2025.10.30	08:30:00	6895.66	6900.02	6892.64	6895.57	1656	0	72
2025.10.30	09:00:00	6895.61	6899.50	6886.21	6890.01	2212	0	64
2025.10.30	09:30:00	6889.96	6891.37	6879.28	6881.99	1974	0	64
2025.10.30	10:00:00	6882.11	6887.66	6880.40	6886.13	1778	0	64
2025.10.30	10:30:00	6885.90	6893.72	6884.91	6891.80	1741	0	64
2025.10.30	11:00:00	6891.95	6902.27	6890.31	6901.48	1528	0	64
2025.10.30	11:30:00	6901.41	6903.26	6894.86	6895.23	1488	0	64
2025.10.30	12:00:00	6895.39	6898.22	6872.05	6874.45	3465	0	64
2025.10.30	12:30:00	6874.57	6880.50	6864.13	6864.46	4999	0	64
2025.10.30	13:00:00	6864.33	6872.74	6861.37	6866.67	4339	0	64
2025.10.30	13:30:00	6866.65	6884.94	6841.69	6878.69	24877	0	46
2025.10.30	14:00:00	6878.58	6887.87	6860.84	6863.65	24216	0	64
2025.10.30	14:30:00	6863.43	6887.11	6862.89	6874.22	15987	0	64
2025.10.30	15:00:00	6874.07	6885.37	6873.86	6877.96	8793	0	64
2025.10.30	15:30:00	6877.86	6879.16	6859.36	6863.38	7801	0	64
2025.10.30	16:00:00	6863.32	6881.27	6861.51	6878.86	6282	0	64
2025.10.30	16:30:00	6879.09	6879.11	6866.25	6873.86	5777	0	64
2025.10.30	17:00:00	6873.71	6875.29	6860.23	6873.16	6530	0	64
2025.10.30	17:30:00	6873.30	6875.57	6865.15	6873.32	4937	0	64
2025.10.30	18:00:00	6873.17	6873.31	6853.30	6856.72	5466	0	64
2025.10.30	18:30:00	6856.95	6862.37	6849.85	6851.85	5287	0	64
2025.10.30	19:00:00	6851.62	6852.51	6831.60	6841.32	6122	0	64
2025.10.30	19:30:00	6841.45	6848.47	6827.34	6827.91	8742	0	64
2025.10.30	20:00:00	6827.76	6855.21	6825.80	6851.91	7889	0	64
2025.10.30	20:30:00	6852.23	6870.95	6834.70	6869.59	9068	0	64
2025.10.30	22:00:00	6872.13	6875.40	6868.22	6871.83	1566	0	64
2025.10.30	22:30:00	6871.92	6873.34	6866.49	6869.21	878	0	64
2025.10.30	23:00:00	6869.41	6871.98	6864.73	6868.51	1075	0	64
2025.10.30	23:30:00	6868.74	6874.92	6864.55	6874.38	695	0	64
2025.10.31	00:00:00	6874.41	6879.13	6865.18	6878.27	1613	0	64
2025.10.31	00:30:00	6878.02	6879.16	6874.75	6877.00	1187	0	64
2025.10.31	01:00:00	6876.77	6878.41	6871.75	6876.41	1123	0	64
2025.10.31	01:30:00	6876.64	6879.91	6875.50	6879.50	1080	0	64
2025.10.31	02:00:00	6879.66	6880.66	6875.00	6875.25	835	0	64
2025.10.31	02:30:00	6875.02	6875.16	6869.50	6873.16	911	0	64
2025.10.31	03:00:00	6873.00	6875.91	6869.25	6870.50	811	0	64
2025.10.31	03:30:00	6870.66	6876.41	6870.25	6876.16	591	0	64
2025.10.31	04:00:00	6876.00	6879.14	6875.75	6877.66	494	0	64
2025.10.31	04:30:00	6877.50	6878.89	6875.75	6876.91	398	0	64
2025.10.31	05:00:00	6876.75	6877.16	6872.75	6872.75	720	0	64
2025.10.31	05:30:00	6872.91	6873.66	6870.25	6871.25	694	0	64
2025.10.31	06:00:00	6871.02	6876.89	6870.50	6876.50	1071	0	64
2025.10.31	06:30:00	6876.66	6878.42	6871.02	6871.99	871	0	64
2025.10.31	07:00:00	6872.17	6874.27	6869.09	6874.11	1054	0	64
2025.10.31	07:30:00	6874.27	6882.02	6874.11	6881.77	962	0	72
2025.10.31	08:00:00	6882.00	6882.02	6872.36	6875.52	2584	0	72
2025.10.31	08:30:00	6875.36	6879.75	6872.61	6879.36	1162	0	72
2025.10.31	09:00:00	6879.52	6881.77	6877.11	6877.86	807	0	72
2025.10.31	09:30:00	6878.02	6878.77	6874.86	6875.77	909	0	72
2025.10.31	10:00:00	6876.00	6876.75	6869.36	6871.60	920	0	72
2025.10.31	10:30:00	6871.38	6876.52	6870.34	6873.85	965	0	72
2025.10.31	11:00:00	6874.02	6880.77	6870.75	6880.77	1384	0	72
2025.10.31	11:30:00	6880.61	6887.27	6878.36	6883.77	1112	0	72
2025.10.31	12:00:00	6883.61	6894.25	6882.63	6891.77	1526	0	72
2025.10.31	12:30:00	6891.61	6892.50	6878.14	6882.65	3279	0	72
2025.10.31	13:00:00	6882.49	6883.15	6876.03	6878.65	2395	0	64
2025.10.31	13:30:00	6878.96	6879.23	6857.31	6863.95	16315	0	52
2025.10.31	14:00:00	6864.11	6865.82	6851.32	6860.96	10244	0	64
2025.10.31	14:30:00	6860.76	6875.60	6859.21	6872.40	5847	0	64
2025.10.31	15:00:00	6872.56	6875.28	6863.44	6865.32	4633	0	64
2025.10.31	15:30:00	6865.55	6869.79	6848.95	6849.93	9183	0	64
2025.10.31	16:00:00	6849.68	6851.61	6832.93	6846.15	9242	0	64
2025.10.31	16:30:00	6846.30	6852.02	6829.50	6831.96	7951	0	64
2025.10.31	17:00:00	6831.80	6836.17	6821.06	6826.56	9260	0	64
2025.10.31	17:30:00	6826.72	6843.47	6822.81	6837.47	8082	0	64
2025.10.31	18:00:00	6837.31	6853.57	6836.83	6852.57	5303	0	72
2025.10.31	18:30:00	6852.41	6857.07	6846.68	6855.66	4314	0	72
2025.10.31	19:00:00	6855.82	6872.32	6852.18	6870.61	3769	0	72
2025.10.31	19:30:00	6870.76	6877.57	6849.97	6850.70	6681	0	72
2025.10.31	20:00:00	6850.48	6851.72	6843.92	6844.78	2122	0	72
2025.10.31	20:30:00	6845.01	6849.11	6845.01	6848.61	484	0	72
2025.11.02	23:00:00	6857.27	6872.11	6855.69	6866.90	1458	0	64
2025.11.02	23:30:00	6866.67	6873.88	6865.92	6871.46	961	0	64
2025.11.03	00:00:00	6871.56	6876.38	6870.93	6874.68	851	0	64
2025.11.03	00:30:00	6874.83	6877.08	6873.83	6876.83	547	0	64
2025.11.03	01:00:00	6876.83	6878.08	6874.08	6875.14	967	0	64
2025.11.03	01:30:00	6875.35	6875.63	6870.70	6870.95	940	0	64
2025.11.03	02:00:00	6871.11	6875.11	6869.70	6872.95	817	0	64
2025.11.03	02:30:00	6872.72	6872.86	6866.77	6868.00	975	0	64
2025.11.03	03:00:00	6868.16	6868.41	6860.82	6863.69	824	0	64
2025.11.03	03:30:00	6863.94	6866.89	6862.50	6866.21	588	0	64
2025.11.03	04:00:00	6866.05	6867.71	6863.80	6866.55	418	0	64
2025.11.03	04:30:00	6866.71	6867.47	6864.40	6866.52	568	0	64
2025.11.03	05:00:00	6866.69	6867.44	6861.75	6866.21	642	0	64
2025.11.03	05:30:00	6866.44	6868.71	6862.57	6864.72	615	0	64
2025.11.03	06:00:00	6864.95	6867.71	6858.57	6860.60	720	0	64
2025.11.03	06:30:00	6860.37	6863.36	6857.27	6860.29	767	0	64
2025.11.03	07:00:00	6860.07	6860.44	6854.80	6856.69	982	0	64
2025.11.03	07:30:00	6856.55	6857.21	6853.55	6855.96	857	0	64
2025.11.03	08:00:00	6855.80	6864.05	6853.14	6862.57	1977	0	64
2025.11.03	08:30:00	6862.38	6869.30	6861.14	6867.15	1249	0	72
2025.11.03	09:00:00	6867.32	6880.55	6866.68	6880.07	1427	0	72
2025.11.03	09:30:00	6880.30	6881.82	6873.89	6874.68	1077	0	72
2025.11.03	10:00:00	6874.82	6877.53	6873.14	6876.05	932	0	72
2025.11.03	10:30:00	6876.28	6880.55	6873.89	6875.64	796	0	76
2025.11.03	11:00:00	6875.80	6882.57	6875.80	6878.39	933	0	72
2025.11.03	11:30:00	6878.55	6880.05	6875.64	6875.89	680	0	72
2025.11.03	12:00:00	6876.05	6880.07	6872.91	6872.93	1017	0	72
2025.11.03	12:30:00	6873.07	6876.82	6871.16	6871.57	1042	0	72
2025.11.03	13:00:00	6871.41	6872.57	6865.66	6868.64	1728	0	72
2025.11.03	13:30:00	6868.80	6876.82	6868.64	6876.16	1370	0	72
2025.11.03	14:00:00	6876.32	6888.57	6876.16	6887.82	4427	0	64
2025.11.03	14:30:00	6887.66	6889.40	6851.66	6855.33	12147	0	52
2025.11.03	15:00:00	6855.16	6859.78	6832.21	6833.82	11701	0	64
2025.11.03	15:30:00	6833.96	6858.33	6828.69	6854.05	10216	0	64
2025.11.03	16:00:00	6854.21	6859.26	6848.85	6851.02	7562	0	64
2025.11.03	16:30:00	6850.86	6866.53	6849.86	6864.60	6054	0	64
2025.11.03	17:00:00	6864.75	6869.52	6854.86	6858.12	5136	0	64
2025.11.03	17:30:00	6858.17	6870.31	6857.85	6869.15	3644	0	64
2025.11.03	18:00:00	6869.31	6872.81	6866.11	6867.03	2747	0	64
2025.11.03	18:30:00	6867.24	6873.02	6864.86	6866.76	2587	0	64
2025.11.03	19:00:00	6866.61	6869.52	6861.60	6863.51	4262	0	64
2025.11.03	19:30:00	6863.36	6867.39	6856.61	6864.88	3915	0	64
2025.11.03	20:00:00	6865.02	6867.26	6861.36	6862.65	3011	0	64
2025.11.03	20:30:00	6862.81	6865.49	6855.86	6865.49	3865	0	64
2025.11.03	21:00:00	6865.35	6872.20	6862.24	6862.70	2221	0	64
2025.11.03	21:30:00	6862.78	6865.01	6862.63	6864.06	281	0	64
2025.11.03	23:00:00	6862.22	6864.49	6857.88	6860.13	560	0	64
2025.11.03	23:30:00	6860.29	6860.33	6855.44	6857.10	360	0	64
2025.11.04	00:00:00	6856.96	6857.09	6844.25	6844.41	1482	0	64
2025.11.04	00:30:00	6844.64	6851.41	6844.25	6851.00	1131	0	64
2025.11.04	01:00:00	6851.16	6852.61	6846.75	6849.94	1351	0	64
2025.11.04	01:30:00	6850.11	6850.11	6842.58	6846.42	1430	0	64
2025.11.04	02:00:00	6846.36	6846.58	6841.08	6841.27	1450	0	64
2025.11.04	02:30:00	6841.33	6842.04	6833.97	6833.97	1359	0	64
2025.11.04	03:00:00	6833.56	6842.56	6833.17	6840.49	1147	0	64
2025.11.04	03:30:00	6840.74	6840.99	6832.78	6832.81	1658	0	64
2025.11.04	04:00:00	6832.95	6835.01	6827.33	6829.99	1270	0	64
2025.11.04	04:30:00	6830.02	6831.02	6826.60	6829.88	1401	0	64
2025.11.04	05:00:00	6830.04	6830.58	6819.60	6819.78	1597	0	64
2025.11.04	05:30:00	6819.63	6823.79	6807.37	6810.89	3078	0	64
2025.11.04	06:00:00	6810.88	6811.37	6797.37	6799.99	4451	0	64
2025.11.04	06:30:00	6800.20	6805.48	6795.13	6800.89	2987	0	64
2025.11.04	07:00:00	6800.82	6802.76	6792.09	6798.54	3036	0	64
2025.11.04	07:30:00	6798.41	6804.53	6796.23	6801.95	2210	0	64
2025.11.04	08:00:00	6802.08	6802.08	6786.66	6795.16	4022	0	54
2025.11.04	08:30:00	6795.06	6798.77	6791.65	6794.46	2449	0	72
2025.11.04	09:00:00	6794.55	6798.85	6785.74	6786.22	2682	0	64
2025.11.04	09:30:00	6786.26	6792.30	6772.21	6773.46	3009	0	64
2025.11.04	10:00:00	6773.26	6783.12	6767.00	6782.62	2929	0	64
2025.11.04	10:30:00	6782.58	6795.84	6782.47	6793.97	1965	0	64
2025.11.04	11:00:00	6794.11	6795.43	6791.23	6795.40	1302	0	64
2025.11.04	11:30:00	6795.26	6798.13	6792.35	6793.37	1799	0	64
2025.11.04	12:00:00	6793.48	6799.35	6785.71	6799.15	2463	0	64
2025.11.04	12:30:00	6799.35	6801.77	6792.19	6794.84	2015	0	64
2025.11.04	13:00:00	6794.82	6796.87	6786.40	6786.94	2319	0	64
2025.11.04	13:30:00	6787.00	6793.01	6782.49	6789.00	2618	0	64
2025.11.04	14:00:00	6788.88	6794.16	6781.26	6790.46	3243	0	64
2025.11.04	14:30:00	6790.44	6816.92	6776.29	6815.92	18829	0	46
2025.11.04	15:00:00	6815.76	6826.38	6812.27	6823.41	8990	0	64
2025.11.04	15:30:00	6823.35	6829.91	6806.27	6811.88	7126	0	64
2025.11.04	16:00:00	6811.81	6818.39	6805.75	6812.17	7717	0	64
2025.11.04	16:30:00	6812.37	6816.37	6804.46	6812.12	7538	0	64
2025.11.04	17:00:00	6812.06	6812.12	6786.73	6799.21	7328	0	64
2025.11.04	17:30:00	6799.08	6802.37	6787.26	6790.25	6463	0	64
2025.11.04	18:00:00	6790.13	6791.18	6778.84	6781.61	5886	0	64
2025.11.04	18:30:00	6781.38	6792.98	6776.15	6790.26	6141	0	64
2025.11.04	19:00:00	6790.10	6795.46	6785.31	6791.80	6492	0	64
2025.11.04	19:30:00	6791.58	6792.73	6774.89	6780.92	6507	0	64
2025.11.04	20:00:00	6781.15	6791.95	6779.28	6789.59	6105	0	64
2025.11.04	20:30:00	6789.75	6794.76	6775.89	6783.57	6576	0	64
2025.11.04	21:00:00	6783.79	6786.58	6777.60	6779.34	3381	0	64
2025.11.04	21:30:00	6779.21	6788.29	6777.01	6786.64	1211	0	64
2025.11.04	23:00:00	6784.75	6787.23	6774.45	6776.78	1794	0	64
2025.11.04	23:30:00	6776.90	6779.94	6774.04	6774.71	1114	0	64
2025.11.05	00:00:00	6774.94	6774.94	6762.78	6763.78	3202	0	64
2025.11.05	00:30:00	6763.91	6764.17	6753.98	6754.27	3250	0	64
2025.11.05	01:00:00	6754.43	6754.44	6736.85	6737.96	4983	0	64
2025.11.05	01:30:00	6737.83	6745.81	6730.65	6741.79	6916	0	64
2025.11.05	02:00:00	6741.64	6746.31	6734.90	6736.15	4972	0	64
2025.11.05	02:30:00	6736.31	6758.81	6735.92	6757.31	4176	0	64
2025.11.05	03:00:00	6757.54	6767.06	6757.39	6766.31	3431	0	64
2025.11.05	03:30:00	6766.54	6777.31	6763.15	6776.55	4294	0	64
2025.11.05	04:00:00	6776.71	6776.94	6765.10	6770.03	2922	0	64
2025.11.05	04:30:00	6770.15	6772.97	6764.08	6768.05	2350	0	64
2025.11.05	05:00:00	6768.21	6779.21	6767.84	6777.73	2811	0	64
2025.11.05	05:30:00	6777.58	6779.73	6765.84	6769.49	2295	0	64
2025.11.05	06:00:00	6769.64	6781.97	6764.19	6781.03	3146	0	64
2025.11.05	06:30:00	6780.91	6782.27	6777.08	6779.03	1748	0	64
2025.11.05	07:00:00	6779.36	6779.98	6767.62	6772.58	2078	0	64
2025.11.05	07:30:00	6772.70	6774.29	6767.87	6768.03	2171	0	64
2025.11.05	08:00:00	6768.26	6779.37	6763.63	6777.86	3294	0	54
2025.11.05	08:30:00	6777.72	6781.90	6776.30	6776.76	1953	0	64
2025.11.05	09:00:00	6776.92	6782.91	6773.06	6776.06	2324	0	64
2025.11.05	09:30:00	6775.95	6777.23	6769.76	6775.80	1727	0	64
2025.11.05	10:00:00	6775.69	6780.93	6770.03	6771.67	2136	0	64
2025.11.05	10:30:00	6771.58	6772.69	6755.86	6756.45	1849	0	64
2025.11.05	11:00:00	6756.25	6768.68	6754.57	6765.07	2283	0	64
2025.11.05	11:30:00	6765.07	6771.82	6761.96	6769.83	1706	0	64
2025.11.05	12:00:00	6770.03	6776.05	6764.92	6772.84	1991	0	64
2025.11.05	12:30:00	6772.71	6779.18	6770.64	6777.52	1633	0	64
2025.11.05	13:00:00	6777.37	6783.97	6772.56	6783.34	2186	0	64
2025.11.05	13:30:00	6783.10	6790.06	6779.30	6787.58	2653	0	64
2025.11.05	14:00:00	6787.34	6787.96	6779.60	6780.60	2689	0	64
2025.11.05	14:30:00	6780.47	6807.10	6771.75	6804.23	15451	0	46
2025.11.05	15:00:00	6804.00	6812.12	6793.31	6805.61	15988	0	64
2025.11.05	15:30:00	6805.55	6813.94	6800.66	6810.21	10744	0	64
2025.11.05	16:00:00	6810.37	6815.52	6799.10	6814.52	9529	0	64
2025.11.05	16:30:00	6814.37	6829.46	6812.56	6825.71	5657	0	64
2025.11.05	17:00:00	6825.56	6833.25	6822.34	6832.18	4326	0	64
2025.11.05	17:30:00	6832.02	6840.46	6831.02	6833.71	2865	0	64
2025.11.05	18:00:00	6833.94	6838.68	6831.80	6835.76	2417	0	64
2025.11.05	18:30:00	6835.91	6840.42	6834.05	6838.30	1956	0	64
2025.11.05	19:00:00	6838.07	6838.21	6829.05	6834.06	2843	0	64
2025.11.05	19:30:00	6833.85	6836.96	6832.79	6834.26	1742	0	64
2025.11.05	20:00:00	6834.03	6837.22	6828.55	6829.57	1922	0	64
2025.11.05	20:30:00	6829.72	6830.66	6805.80	6807.56	4619	0	64
2025.11.05	21:00:00	6807.33	6813.71	6802.81	6809.90	3067	0	64
2025.11.05	21:30:00	6810.07	6813.31	6809.90	6811.06	447	0	72
2025.11.05	23:00:00	6814.69	6815.29	6805.84	6811.59	881	0	64
2025.11.05	23:30:00	6811.44	6819.33	6810.70	6819.13	1227	0	64
2025.11.06	00:00:00	6819.27	6819.33	6794.52	6800.72	3078	0	64
2025.11.06	00:30:00	6800.47	6808.36	6800.45	6806.11	2324	0	64
2025.11.06	01:00:00	6805.95	6806.09	6791.57	6793.71	3031	0	64
2025.11.06	01:30:00	6793.55	6803.41	6793.55	6801.05	2109	0	64
2025.11.06	02:00:00	6800.82	6801.46	6793.80	6798.69	1575	0	64
2025.11.06	02:30:00	6798.94	6808.71	6798.05	6808.05	1575	0	64
2025.11.06	03:00:00	6807.82	6811.46	6805.57	6807.19	915	0	64
2025.11.06	03:30:00	6807.44	6811.96	6805.00	6808.74	1160	0	64
2025.11.06	04:00:00	6808.52	6812.41	6805.75	6811.50	916	0	64
2025.11.06	04:30:00	6811.27	6812.91	6809.50	6811.99	508	0	64
2025.11.06	05:00:00	6812.16	6812.89	6808.00	6809.41	827	0	64
2025.11.06	05:30:00	6809.25	6809.91	6802.50	6803.50	848	0	64
2025.11.06	06:00:00	6803.27	6806.91	6799.97	6800.70	1368	0	64
2025.11.06	06:30:00	6800.86	6805.61	6798.70	6800.69	964	0	64
2025.11.06	07:00:00	6800.47	6806.03	6797.28	6802.64	1435	0	64
2025.11.06	07:30:00	6802.60	6802.81	6792.37	6793.04	2072	0	64
2025.11.06	08:00:00	6792.92	6793.85	6787.22	6790.26	2944	0	54
2025.11.06	08:30:00	6790.30	6797.78	6787.00	6795.79	2312	0	64
2025.11.06	09:00:00	6795.91	6809.14	6795.52	6808.43	1613	0	64
2025.11.06	09:30:00	6808.27	6810.62	6805.04	6806.91	1215	0	64
2025.11.06	10:00:00	6807.13	6814.91	6805.94	6814.48	1053	0	64
2025.11.06	10:30:00	6814.28	6816.42	6809.75	6811.89	1286	0	64
2025.11.06	11:00:00	6812.11	6815.62	6810.57	6814.41	1215	0	64
2025.11.06	11:30:00	6814.35	6816.87	6810.23	6811.49	1012	0	64
2025.11.06	12:00:00	6811.34	6820.89	6811.21	6816.86	1869	0	64
2025.11.06	12:30:00	6816.95	6821.12	6816.25	6819.25	1148	0	64
2025.11.06	13:00:00	6819.03	6824.60	6818.31	6824.58	1178	0	64
2025.11.06	13:30:00	6824.63	6826.69	6814.24	6814.90	1298	0	64
2025.11.06	14:00:00	6815.13	6817.15	6793.50	6795.38	3804	0	64
2025.11.06	14:30:00	6795.34	6803.82	6770.87	6771.09	16846	0	46
2025.11.06	15:00:00	6770.87	6782.43	6754.35	6773.87	16808	0	64
2025.11.06	15:30:00	6774.10	6775.71	6735.26	6737.12	18825	0	64
2025.11.06	16:00:00	6737.35	6748.16	6730.85	6743.00	15364	0	64
2025.11.06	16:30:00	6742.85	6743.01	6718.40	6720.85	12567	0	64
2025.11.06	17:00:00	6720.70	6739.07	6715.15	6723.81	13319	0	64
2025.11.06	17:30:00	6723.65	6744.02	6720.89	6739.10	8559	0	64
2025.11.06	18:00:00	6738.87	6742.52	6719.65	6736.51	9682	0	64
2025.11.06	18:30:00	6736.35	6750.52	6735.88	6743.30	7232	0	64
2025.11.06	19:00:00	6743.46	6764.02	6741.06	6762.76	7657	0	64
2025.11.06	19:30:00	6762.60	6765.95	6749.06	6758.38	6613	0	64
2025.11.06	20:00:00	6758.59	6762.97	6751.92	6753.11	6932	0	64
2025.11.06	20:30:00	6753.22	6757.12	6724.22	6731.70	10330	0	64
2025.11.06	21:00:00	6731.87	6742.37	6730.18	6740.42	2241	0	64
2025.11.06	21:30:00	6740.62	6748.68	6740.21	6746.83	1157	0	64
2025.11.06	23:00:00	6743.56	6745.61	6737.74	6744.26	1539	0	64
2025.11.06	23:30:00	6744.39	6750.89	6742.68	6747.24	1186	0	64
2025.11.07	00:00:00	6747.02	6752.89	6739.77	6747.64	2653	0	64
2025.11.07	00:30:00	6747.89	6753.38	6747.48	6748.11	1575	0	64
2025.11.07	01:00:00	6748.35	6748.85	6732.45	6733.14	4775	0	64
2025.11.07	01:30:00	6733.00	6737.13	6724.22	6736.84	4442	0	64
2025.11.07	02:00:00	6736.90	6737.38	6724.47	6724.47	2959	0	64
2025.11.07	02:30:00	6724.43	6735.12	6724.43	6734.97	2393	0	64
2025.11.07	03:00:00	6735.13	6736.89	6724.75	6727.18	2130	0	64
2025.11.07	03:30:00	6727.18	6728.86	6720.97	6726.42	2103	0	64
2025.11.07	04:00:00	6726.28	6733.96	6715.00	6731.19	3150	0	64
2025.11.07	04:30:00	6731.04	6732.43	6727.74	6731.22	1618	0	64
2025.11.07	05:00:00	6731.20	6740.83	6730.73	6736.63	2279	0	64
2025.11.07	05:30:00	6736.78	6745.83	6736.37	6745.37	1487	0	64
2025.11.07	06:00:00	6745.50	6746.83	6742.84	6745.08	1453	0	64
2025.11.07	06:30:00	6745.08	6747.68	6741.38	6745.43	1329	0	64
2025.11.07	07:00:00	6745.26	6750.38	6742.48	6745.84	1747	0	64
2025.11.07	07:30:00	6745.75	6750.89	6745.52	6748.64	1522	0	64
2025.11.07	08:00:00	6748.47	6752.51	6738.44	6740.47	2832	0	54
2025.11.07	08:30:00	6740.68	6744.72	6736.80	6744.11	2156	0	64
2025.11.07	09:00:00	6744.00	6747.87	6736.88	6738.11	2306	0	64
2025.11.07	09:30:00	6738.00	6740.00	6730.05	6733.62	2306	0	64
2025.11.07	10:00:00	6733.65	6737.49	6719.04	6724.95	2445	0	64
2025.11.07	10:30:00	6724.93	6730.51	6723.56	6725.60	1865	0	64
2025.11.07	11:00:00	6725.65	6725.75	6700.59	6705.30	3921	0	64
2025.11.07	11:30:00	6705.37	6721.25	6697.44	6719.73	3711	0	64
2025.11.07	12:00:00	6719.71	6721.31	6709.34	6712.07	3331	0	64
2025.11.07	12:30:00	6712.21	6712.21	6693.96	6699.37	3340	0	64
2025.11.07	13:00:00	6699.48	6712.01	6694.81	6699.82	4234	0	64
2025.11.07	13:30:00	6699.61	6710.52	6697.31	6705.10	3644	0	64
2025.11.07	14:00:00	6704.87	6707.01	6697.84	6704.94	3537	0	64
2025.11.07	14:30:00	6705.19	6705.34	6669.09	6685.99	24247	0	46
2025.11.07	15:00:00	6686.11	6698.02	6665.35	6684.85	27262	0	64
2025.11.07	15:30:00	6684.62	6689.66	6659.29	6659.74	17107	0	64
2025.11.07	16:00:00	6659.62	6667.66	6648.53	6655.76	11936	0	64
2025.11.07	16:30:00	6655.60	6660.77	6639.19	6647.40	10522	0	64
2025.11.07	17:00:00	6647.17	6669.26	6639.31	6662.34	9337	0	64
2025.11.07	17:30:00	6662.13	6667.06	6646.59	6666.30	10796	0	64
2025.11.07	18:00:00	6666.15	6682.21	6662.35	6679.51	8183	0	64
2025.11.07	18:30:00	6679.67	6686.88	6667.90	6682.41	7166	0	64
2025.11.07	19:00:00	6682.27	6693.51	6678.51	6691.22	6381	0	64
2025.11.07	19:30:00	6691.44	6727.52	6691.44	6727.10	10643	0	64
2025.11.07	20:00:00	6726.88	6728.47	6706.93	6714.61	11645	0	64
2025.11.07	20:30:00	6714.38	6738.97	6714.38	6736.96	10050	0	64
2025.11.07	21:00:00	6737.18	6748.14	6737.01	6743.47	2088	0	64
2025.11.07	21:30:00	6743.59	6749.24	6743.57	6749.24	411	0	64
2025.11.09	23:00:00	6773.05	6780.61	6764.49	6765.11	2644	0	64
2025.11.09	23:30:00	6765.18	6775.18	6764.22	6770.73	1908	0	64
2025.11.10	00:00:00	6770.68	6770.74	6757.93	6766.68	3873	0	64
2025.11.10	00:30:00	6766.68	6772.99	6763.45	6769.17	2932	0	64
2025.11.10	01:00:00	6768.99	6779.87	6768.47	6776.22	3167	0	64
2025.11.10	01:30:00	6776.19	6783.43	6773.51	6782.68	1800	0	64
2025.11.10	02:00:00	6782.80	6783.89	6779.00	6781.22	1534	0	64
2025.11.10	02:30:00	6781.39	6785.33	6781.39	6781.89	1074	0	64
2025.11.10	03:00:00	6781.95	6788.90	6781.95	6788.43	1377	0	64
2025.11.10	03:30:00	6788.43	6789.68	6783.83	6783.83	1099	0	64
2025.11.10	04:00:00	6783.69	6789.69	6783.63	6786.78	1246	0	64
2025.11.10	04:30:00	6786.68	6788.87	6784.68	6786.59	991	0	64
2025.11.10	05:00:00	6786.67	6791.89	6786.67	6790.68	1044	0	64
2025.11.10	05:30:00	6790.53	6790.68	6786.72	6789.22	1246	0	64
2025.11.10	06:00:00	6789.19	6791.16	6786.25	6787.66	862	0	64
2025.11.10	06:30:00	6787.50	6793.03	6785.75	6786.00	1106	0	64
2025.11.10	07:00:00	6786.16	6789.16	6784.50	6786.77	1386	0	64
2025.11.10	07:30:00	6786.94	6790.16	6786.28	6788.23	1339	0	64
2025.11.10	08:00:00	6788.43	6790.57	6782.37	6790.39	2017	0	54
2025.11.10	08:30:00	6790.19	6798.24	6789.45	6797.76	1491	0	64
2025.11.10	09:00:00	6797.61	6808.48	6796.63	6802.40	2140	0	64
2025.11.10	09:30:00	6802.35	6806.53	6800.91	6805.40	1301	0	64
2025.11.10	10:00:00	6805.55	6806.51	6803.09	6803.87	1015	0	64
2025.11.10	10:30:00	6804.00	6807.52	6802.26	6802.99	843	0	72
2025.11.10	11:00:00	6802.88	6805.52	6797.10	6798.02	1302	0	64
2025.11.10	11:30:00	6797.96	6805.57	6797.15	6805.57	956	0	64
2025.11.10	12:00:00	6805.77	6807.06	6798.61	6799.16	1395	0	64
2025.11.10	12:30:00	6799.09	6802.48	6796.90	6800.71	1479	0	64
2025.11.10	13:00:00	6800.96	6803.98	6798.85	6803.15	1278	0	64
2025.11.10	13:30:00	6803.27	6806.22	6799.60	6805.34	1194	0	64
2025.11.10	14:00:00	6805.45	6806.22	6798.56	6801.31	1908	0	64
2025.11.10	14:30:00	6801.47	6821.27	6799.19	6814.85	11386	0	46
2025.11.10	15:00:00	6814.64	6821.52	6810.86	6817.77	8413	0	64
2025.11.10	15:30:00	6818.00	6819.03	6790.60	6791.43	7253	0	64
2025.11.10	16:00:00	6791.56	6796.81	6781.36	6784.40	9901	0	64
2025.11.10	16:30:00	6784.55	6796.16	6779.55	6795.77	8701	0	64
2025.11.10	17:00:00	6795.52	6808.18	6793.74	6804.21	5914	0	64
2025.11.10	17:30:00	6804.38	6827.48	6804.38	6824.31	3535	0	64
2025.11.10	18:00:00	6824.47	6830.72	6823.55	6824.97	2503	0	64
2025.11.10	18:30:00	6825.20	6835.45	6825.20	6829.01	2357	0	64
2025.11.10	19:00:00	6829.24	6839.76	6828.63	6838.00	2430	0	64
2025.11.10	19:30:00	6838.23	6846.97	6835.63	6843.31	1777	0	64
2025.11.10	20:00:00	6843.08	6851.26	6841.84	6843.31	2345	0	64
2025.11.10	20:30:00	6843.08	6852.43	6840.60	6843.83	4332	0	64
2025.11.10	21:00:00	6843.59	6850.44	6842.41	6848.31	1145	0	72
2025.11.10	21:30:00	6848.47	6849.22	6844.17	6844.17	335	0	72
2025.11.10	23:00:00	6846.47	6847.81	6841.76	6844.90	1096	0	64
2025.11.10	23:30:00	6844.95	6850.18	6841.98	6849.73	1382	0	64
2025.11.11	00:00:00	6849.55	6854.23	6846.50	6849.98	2007	0	64
2025.11.11	00:30:00	6849.98	6851.48	6846.98	6847.82	1294	0	64
2025.11.11	01:00:00	6847.94	6852.48	6847.23	6851.14	2228	0	64
2025.11.11	01:30:00	6851.03	6851.93	6846.78	6848.47	2124	0	64
2025.11.11	02:00:00	6848.48	6850.69	6844.73	6846.73	1986	0	64
2025.11.11	02:30:00	6846.89	6851.44	6844.98	6847.73	1325	0	64
2025.11.11	03:00:00	6847.90	6849.97	6845.73	6846.23	1144	0	64
2025.11.11	03:30:00	6846.40	6849.97	6845.03	6849.07	1179	0	64
2025.11.11	04:00:00	6849.18	6849.23	6843.75	6845.30	1090	0	64
2025.11.11	04:30:00	6845.07	6846.96	6839.74	6840.93	866	0	64
2025.11.11	05:00:00	6840.78	6841.93	6835.52	6840.00	2407	0	64
2025.11.11	05:30:00	6840.16	6840.16	6835.25	6835.25	1596	0	64
2025.11.11	06:00:00	6835.02	6842.96	6834.77	6841.49	1182	0	64
2025.11.11	06:30:00	6841.27	6844.39	6838.52	6839.50	1425	0	64
2025.11.11	07:00:00	6839.67	6841.18	6835.27	6836.52	1547	0	64
2025.11.11	07:30:00	6836.50	6838.98	6832.78	6833.55	1462	0	64
2025.11.11	08:00:00	6833.31	6838.26	6831.14	6831.93	2078	0	54
2025.11.11	08:30:00	6831.97	6833.80	6829.90	6830.76	1430	0	64
2025.11.11	09:00:00	6831.01	6834.81	6829.40	6831.79	1430	0	64
2025.11.11	09:30:00	6832.02	6833.02	6826.89	6827.69	1401	0	64
2025.11.11	10:00:00	6827.44	6832.26	6826.65	6832.08	835	0	64
2025.11.11	10:30:00	6832.28	6832.56	6828.65	6830.53	896	0	64
2025.11.11	11:00:00	6830.64	6834.72	6829.85	6832.50	1035	0	64
2025.11.11	11:30:00	6832.39	6832.76	6829.40	6831.87	821	0	64
2025.11.11	12:00:00	6832.01	6834.51	6830.38	6831.11	1038	0	64
2025.11.11	12:30:00	6831.25	6832.28	6825.36	6827.11	1321	0	64
2025.11.11	13:00:00	6827.25	6832.83	6823.39	6825.35	1608	0	64
2025.11.11	13:30:00	6825.41	6831.22	6825.41	6828.61	1390	0	64
2025.11.11	14:00:00	6828.38	6834.51	6825.86	6830.11	1447	0	64
2025.11.11	14:30:00	6829.98	6839.32	6825.15	6838.06	10354	0	52
2025.11.11	15:00:00	6837.90	6838.06	6818.93	6825.36	9135	0	64
2025.11.11	15:30:00	6825.13	6827.94	6818.30	6822.22	8234	0	64
2025.11.11	16:00:00	6822.45	6838.52	6821.30	6824.06	7067	0	64
2025.11.11	16:30:00	6824.22	6833.72	6818.58	6828.65	6783	0	64
2025.11.11	17:00:00	6828.56	6844.99	6827.81	6841.47	5244	0	64
2025.11.11	17:30:00	6841.70	6853.74	6840.81	6852.35	4254	0	64
2025.11.11	18:00:00	6852.13	6863.12	6851.20	6859.86	4535	0	64
2025.11.11	18:30:00	6859.71	6863.59	6852.19	6862.45	4804	0	64
2025.11.11	19:00:00	6862.62	6863.59	6855.16	6861.86	3920	0	64
2025.11.11	19:30:00	6862.09	6864.81	6857.68	6861.83	2598	0	64
2025.11.11	20:00:00	6862.04	6865.78	6857.79	6859.34	2223	0	64
2025.11.11	20:30:00	6859.11	6866.33	6853.66	6859.57	3797	0	64
2025.11.11	21:00:00	6859.75	6866.50	6856.09	6862.96	988	0	72
2025.11.11	21:30:00	6863.10	6864.13	6860.47	6860.69	320	0	72
2025.11.11	23:00:00	6861.73	6863.36	6855.45	6860.81	1120	0	64
2025.11.11	23:30:00	6860.86	6863.10	6858.67	6858.82	820	0	64
2025.11.12	00:00:00	6858.67	6865.56	6858.18	6864.34	1909	0	64
2025.11.12	00:30:00	6864.37	6867.10	6863.15	6864.40	1256	0	64
2025.11.12	01:00:00	6864.56	6869.58	6863.45	6866.63	2053	0	64
2025.11.12	01:30:00	6866.45	6872.84	6865.64	6870.87	1473	0	64
2025.11.12	02:00:00	6871.02	6875.76	6870.60	6874.85	737	0	64
2025.11.12	02:30:00	6874.62	6874.76	6866.87	6869.01	1172	0	64
2025.11.12	03:00:00	6869.24	6869.26	6866.10	6867.49	718	0	64
2025.11.12	03:30:00	6867.34	6870.51	6866.60	6869.35	547	0	64
2025.11.12	04:00:00	6869.12	6869.74	6865.10	6866.24	986	0	64
2025.11.12	04:30:00	6866.10	6867.76	6863.85	6867.76	514	0	64
2025.11.12	05:00:00	6867.60	6871.01	6867.35	6868.62	645	0	64
2025.11.12	05:30:00	6868.37	6874.76	6868.37	6873.11	477	0	64
2025.11.12	06:00:00	6873.13	6877.07	6872.88	6876.38	765	0	64
2025.11.12	06:30:00	6876.22	6878.37	6874.68	6877.21	865	0	64
2025.11.12	07:00:00	6877.34	6880.63	6877.34	6880.63	790	0	64
2025.11.12	07:30:00	6880.52	6885.13	6879.13	6879.39	1063	0	64
2025.11.12	08:00:00	6879.58	6884.18	6876.58	6884.17	1371	0	54
2025.11.12	08:30:00	6884.37	6885.14	6879.83	6880.69	1163	0	64
2025.11.12	09:00:00	6880.65	6884.17	6877.26	6882.42	1190	0	64
2025.11.12	09:30:00	6882.29	6887.91	6882.29	6885.65	904	0	64
2025.11.12	10:00:00	6885.51	6887.69	6882.53	6882.56	823	0	64
2025.11.12	10:30:00	6882.70	6883.46	6877.31	6881.07	893	0	64
2025.11.12	11:00:00	6881.17	6882.83	6872.82	6872.82	741	0	64
2025.11.12	11:30:00	6872.72	6877.13	6869.91	6872.30	1602	0	64
2025.11.12	12:00:00	6872.00	6884.06	6869.24	6883.26	1451	0	72
2025.11.12	12:30:00	6883.10	6885.36	6877.77	6883.13	967	0	72
2025.11.12	13:00:00	6882.97	6885.40	6880.98	6882.00	915	0	64
2025.11.12	13:30:00	6881.74	6884.10	6880.70	6882.47	704	0	64
2025.11.12	14:00:00	6882.26	6882.37	6877.73	6878.10	1112	0	64
2025.11.12	14:30:00	6878.43	6879.64	6861.00	6866.99	11246	0	46
2025.11.12	15:00:00	6867.16	6872.33	6858.20	6862.07	9461	0	64
2025.11.12	15:30:00	6862.30	6862.57	6848.20	6853.61	9536	0	64
2025.11.12	16:00:00	6853.84	6855.09	6841.41	6853.90	8331	0	64
2025.11.12	16:30:00	6853.67	6859.81	6839.45	6847.45	8398	0	64
2025.11.12	17:00:00	6847.51	6857.20	6845.16	6854.05	8190	0	64
2025.11.12	17:30:00	6853.83	6868.44	6852.81	6866.92	6861	0	64
2025.11.12	18:00:00	6866.77	6869.64	6861.00	6865.42	4703	0	64
2025.11.12	18:30:00	6865.26	6871.96	6862.78	6866.68	3789	0	64
2025.11.12	19:00:00	6866.89	6868.42	6854.95	6857.37	4195	0	72
2025.11.12	19:30:00	6857.21	6862.59	6852.69	6858.12	4120	0	72
2025.11.12	20:00:00	6857.96	6864.38	6850.99	6863.73	4115	0	72
2025.11.12	20:30:00	6863.48	6871.36	6857.19	6863.62	5240	0	72
2025.11.12	21:00:00	6863.89	6868.41	6863.21	6865.62	1986	0	64
2025.11.12	21:30:00	6865.84	6866.11	6860.24	6860.44	452	0	72
2025.11.12	23:00:00	6862.54	6863.02	6842.48	6852.08	2817	0	64
2025.11.12	23:30:00	6852.23	6852.23	6839.05	6846.47	2520	0	64
2025.11.13	00:00:00	6846.63	6856.86	6846.25	6851.12	1925	0	64
2025.11.13	00:30:00	6851.34	6853.59	6847.95	6851.61	2113	0	64
2025.11.13	01:00:00	6851.45	6876.51	6850.22	6866.76	6274	0	64
2025.11.13	01:30:00	6866.60	6875.51	6866.37	6871.51	2602	0	64
2025.11.13	02:00:00	6871.35	6873.26	6866.35	6870.01	2257	0	64
2025.11.13	02:30:00	6869.85	6869.85	6863.60	6866.01	1530	0	64
2025.11.13	03:00:00	6866.24	6872.01	6862.10	6871.60	1232	0	64
2025.11.13	03:30:00	6871.37	6873.51	6867.35	6870.65	1464	0	64
2025.11.13	04:00:00	6870.42	6872.06	6868.17	6870.06	763	0	64
2025.11.13	04:30:00	6870.29	6874.81	6869.67	6873.81	751	0	64
2025.11.13	05:00:00	6873.65	6877.31	6873.42	6876.15	904	0	64
2025.11.13	05:30:00	6876.31	6877.81	6874.40	6875.32	610	0	64
2025.11.13	06:00:00	6875.15	6877.81	6873.65	6877.56	1126	0	64
2025.11.13	06:30:00	6877.40	6879.56	6877.15	6877.31	792	0	64
2025.11.13	07:00:00	6877.15	6879.54	6873.90	6878.40	1500	0	64
2025.11.13	07:30:00	6878.56	6879.81	6869.92	6870.40	1471	0	64
2025.11.13	08:00:00	6870.58	6873.85	6865.94	6869.12	2556	0	61
2025.11.13	08:30:00	6868.96	6873.37	6867.46	6871.44	1702	0	72
2025.11.13	09:00:00	6871.60	6872.58	6849.92	6850.82	3107	0	64
2025.11.13	09:30:00	6851.06	6855.46	6847.05	6853.45	2378	0	64
2025.11.13	10:00:00	6853.55	6861.30	6852.51	6858.75	1734	0	64
2025.11.13	10:30:00	6858.65	6863.42	6856.14	6857.89	1510	0	64
2025.11.13	11:00:00	6857.78	6862.66	6850.46	6852.56	1908	0	64
2025.11.13	11:30:00	6852.60	6855.72	6846.59	6855.44	2150	0	64
2025.11.13	12:00:00	6855.31	6855.72	6848.06	6852.95	1936	0	64
2025.11.13	12:30:00	6852.83	6860.16	6851.55	6853.60	1903	0	64
2025.11.13	13:00:00	6853.70	6854.53	6844.52	6850.03	2293	0	64
2025.11.13	13:30:00	6848.86	6850.53	6837.26	6838.88	3313	0	64
2025.11.13	14:00:00	6838.85	6840.87	6828.61	6835.42	3942	0	64
2025.11.13	14:30:00	6835.64	6836.99	6804.79	6816.59	23555	0	52
2025.11.13	15:00:00	6816.75	6838.02	6808.18	6818.72	18994	0	64
2025.11.13	15:30:00	6818.56	6819.68	6781.69	6792.80	13601	0	64
2025.11.13	16:00:00	6792.57	6795.73	6777.10	6785.26	13617	0	64
2025.11.13	16:30:00	6785.20	6794.26	6770.06	6779.21	14663	0	64
2025.11.13	17:00:00	6778.98	6788.64	6770.56	6786.28	14073	0	64
2025.11.13	17:30:00	6786.12	6792.02	6766.76	6768.26	13314	0	64
2025.11.13	18:00:00	6768.43	6774.42	6753.01	6755.18	10233	0	64
2025.11.13	18:30:00	6755.05	6757.27	6743.05	6755.26	13225	0	64
2025.11.13	19:00:00	6755.12	6763.77	6744.05	6763.76	12416	0	64
2025.11.13	19:30:00	6763.61	6764.48	6733.51	6745.27	12556	0	64
2025.11.13	20:00:00	6745.50	6748.77	6733.60	6744.62	13997	0	64
2025.11.13	20:30:00	6744.76	6758.67	6735.28	6748.17	14647	0	64
2025.11.13	21:00:00	6748.40	6765.18	6748.29	6758.41	3238	0	64
2025.11.13	21:30:00	6758.62	6759.89	6748.01	6749.21	1358	0	64
2025.11.13	23:00:00	6750.74	6759.72	6750.74	6759.24	2279	0	64
2025.11.13	23:30:00	6759.27	6761.16	6752.03	6753.09	2007	0	64
2025.11.14	00:00:00	6752.91	6760.44	6751.04	6759.70	2484	0	64
2025.11.14	00:30:00	6759.59	6759.75	6752.04	6753.23	2464	0	64
2025.11.14	01:00:00	6753.08	6759.71	6751.57	6752.53	3212	0	64
2025.11.14	01:30:00	6752.68	6760.23	6752.07	6754.82	2692	0	64
2025.11.14	02:00:00	6754.99	6759.03	6754.83	6757.24	1924	0	64
2025.11.14	02:30:00	6757.07	6760.95	6756.29	6757.24	1574	0	64
2025.11.14	03:00:00	6757.28	6758.70	6753.04	6756.07	1393	0	64
2025.11.14	03:30:00	6756.23	6756.51	6748.04	6752.77	1481	0	64
2025.11.14	04:00:00	6752.94	6754.49	6742.07	6743.47	2603	0	64
2025.11.14	04:30:00	6743.34	6746.49	6737.78	6739.99	2805	0	64
2025.11.14	05:00:00	6740.16	6746.48	6729.62	6744.02	3435	0	64
2025.11.14	05:30:00	6743.85	6754.26	6742.10	6750.24	2897	0	64
2025.11.14	06:00:00	6750.07	6750.74	6739.29	6740.49	3054	0	64
2025.11.14	06:30:00	6740.72	6744.47	6732.33	6743.83	3142	0	64
2025.11.14	07:00:00	6743.99	6744.24	6719.52	6727.03	5295	0	64
2025.11.14	07:30:00	6726.88	6734.76	6725.91	6732.12	3700	0	64
2025.11.14	08:00:00	6732.24	6734.35	6718.48	6723.53	4729	0	54
2025.11.14	08:30:00	6723.64	6732.66	6714.77	6731.13	4223	0	64
2025.11.14	09:00:00	6731.33	6741.13	6729.72	6730.51	3391	0	64
2025.11.14	09:30:00	6730.64	6731.61	6722.14	6724.71	2614	0	64
2025.11.14	10:00:00	6724.60	6734.60	6722.46	6731.25	2599	0	64
2025.11.14	10:30:00	6731.04	6734.92	6722.56	6725.54	2241	0	64
2025.11.14	11:00:00	6725.39	6725.39	6700.50	6704.65	3648	0	64
2025.11.14	11:30:00	6704.86	6706.07	6690.70	6701.20	3757	0	64
2025.11.14	12:00:00	6701.09	6701.62	6681.96	6690.71	4666	0	64
2025.11.14	12:30:00	6690.57	6692.19	6671.36	6681.79	4718	0	64
2025.11.14	13:00:00	6681.67	6686.77	6667.70	6674.42	4734	0	64
2025.11.14	13:30:00	6674.54	6682.54	6664.35	6679.07	4917	0	64
2025.11.14	14:00:00	6678.85	6687.42	6675.06	6678.67	4896	0	64
2025.11.14	14:30:00	6678.79	6712.86	6657.54	6711.45	31893	0	46
2025.11.14	15:00:00	6711.25	6723.72	6693.90	6722.33	28972	0	64
2025.11.14	15:30:00	6722.08	6752.46	6715.80	6747.35	17445	0	64
2025.11.14	16:00:00	6747.23	6773.86	6733.99	6769.16	12193	0	64
2025.11.14	16:30:00	6769.39	6775.40	6756.77	6772.49	11346	0	64
2025.11.14	17:00:00	6772.28	6781.66	6767.21	6775.71	10120	0	64
2025.11.14	17:30:00	6775.87	6781.91	6756.75	6765.77	11258	0	64
2025.11.14	18:00:00	6765.89	6768.91	6746.74	6756.50	13326	0	64
2025.11.14	18:30:00	6756.27	6763.16	6740.25	6757.76	11537	0	64
2025.11.14	19:00:00	6757.54	6769.41	6747.78	6765.38	10285	0	64
2025.11.14	19:30:00	6765.25	6774.12	6761.71	6772.10	8216	0	64
2025.11.14	20:00:00	6772.24	6776.98	6748.08	6752.42	8130	0	64
2025.11.14	20:30:00	6752.19	6757.02	6737.70	6745.95	9594	0	64
2025.11.14	21:00:00	6745.73	6756.87	6738.33	6754.38	3043	0	72
2025.11.14	21:30:00	6754.31	6754.38	6750.70	6751.24	779	0	72
2025.11.16	23:00:00	6751.99	6753.61	6728.85	6749.82	3645	0	64
2025.11.16	23:30:00	6749.79	6758.53	6749.32	6754.99	2513	0	64
2025.11.17	00:00:00	6754.82	6757.48	6744.30	6756.04	4318	0	64
2025.11.17	00:30:00	6756.21	6767.79	6755.82	6765.07	3235	0	64
2025.11.17	01:00:00	6765.29	6769.06	6760.42	6766.15	3077	0	64
2025.11.17	01:30:00	6766.31	6767.06	6759.15	6759.65	2224	0	64
2025.11.17	02:00:00	6759.81	6767.31	6759.15	6761.40	2251	0	64
2025.11.17	02:30:00	6761.17	6770.81	6761.15	6769.90	1636	0	64
2025.11.17	03:00:00	6769.67	6773.81	6769.15	6769.56	1388	0	64
2025.11.17	03:30:00	6769.40	6773.29	6768.17	6773.06	1298	0	64
2025.11.17	04:00:00	6772.90	6776.54	6771.65	6775.64	699	0	64
2025.11.17	04:30:00	6775.81	6776.56	6773.40	6775.15	618	0	64
2025.11.17	05:00:00	6775.31	6777.29	6771.92	6774.39	1160	0	64
2025.11.17	05:30:00	6774.17	6775.54	6768.92	6769.81	985	0	64
2025.11.17	06:00:00	6769.65	6774.31	6768.15	6772.81	1462	0	64
2025.11.17	06:30:00	6773.04	6774.06	6766.00	6767.55	1147	0	64
2025.11.17	07:00:00	6767.32	6782.91	6766.55	6781.95	1608	0	64
2025.11.17	07:30:00	6781.93	6782.68	6779.26	6779.89	1575	0	64
2025.11.17	08:00:00	6780.16	6788.03	6777.91	6782.77	2316	0	54
2025.11.17	08:30:00	6782.89	6789.02	6782.11	6786.85	1881	0	64
2025.11.17	09:00:00	6786.84	6788.24	6776.11	6780.00	2784	0	64
2025.11.17	09:30:00	6779.86	6781.75	6771.15	6775.38	2259	0	64
2025.11.17	10:00:00	6775.27	6775.56	6761.65	6763.36	2399	0	64
2025.11.17	10:30:00	6763.47	6767.10	6752.48	6757.22	2646	0	64
2025.11.17	11:00:00	6757.34	6763.23	6752.42	6761.48	2633	0	64
2025.11.17	11:30:00	6761.33	6767.33	6757.42	6759.67	2493	0	64
2025.11.17	12:00:00	6759.65	6760.04	6747.72	6751.11	3059	0	64
2025.11.17	12:30:00	6750.98	6752.82	6743.98	6747.21	3061	0	64
2025.11.17	13:00:00	6747.20	6748.34	6733.45	6740.60	3297	0	64
2025.11.17	13:30:00	6740.26	6740.26	6722.91	6736.26	3237	0	64
2025.11.17	14:00:00	6736.09	6736.09	6720.81	6722.73	3501	0	64
2025.11.17	14:30:00	6723.07	6763.26	6715.34	6753.37	19809	0	46
2025.11.17	15:00:00	6753.51	6757.75	6730.85	6746.76	20767	0	64
2025.11.17	15:30:00	6746.60	6749.96	6727.63	6733.01	18098	0	64
2025.11.17	16:00:00	6733.14	6735.77	6703.26	6730.38	14056	0	64
2025.11.17	16:30:00	6730.22	6756.01	6729.44	6755.50	10513	0	64
2025.11.17	17:00:00	6755.63	6756.27	6743.30	6749.82	8686	0	64
2025.11.17	17:30:00	6750.04	6752.24	6717.05	6717.80	10319	0	64
2025.11.17	18:00:00	6717.96	6720.75	6708.31	6711.90	10984	0	64
2025.11.17	18:30:00	6711.67	6723.81	6689.61	6690.10	10050	0	64
2025.11.17	19:00:00	6690.26	6693.57	6674.15	6682.67	13019	0	64
2025.11.17	19:30:00	6682.81	6685.82	6651.40	6651.89	11559	0	64
2025.11.17	20:00:00	6651.76	6665.58	6645.85	6662.37	13737	0	64
2025.11.17	20:30:00	6662.57	6683.05	6655.95	6681.82	14062	0	64
2025.11.17	21:00:00	6682.04	6689.12	6681.20	6685.97	2843	0	64
2025.11.17	21:30:00	6685.81	6686.68	6680.81	6686.01	1048	0	64
2025.11.17	23:00:00	6685.09	6695.22	6682.23	6690.50	2223	0	64
2025.11.17	23:30:00	6690.67	6694.18	6687.52	6690.43	2011	0	64
2025.11.18	00:00:00	6690.67	6693.44	6679.24	6679.66	3467	0	64
2025.11.18	00:30:00	6679.90	6685.64	6674.07	6678.79	3401	0	64
2025.11.18	01:00:00	6678.89	6696.73	6678.03	6689.46	4149	0	64
2025.11.18	01:30:00	6689.64	6697.48	6688.27	6693.18	3211	0	64
2025.11.18	02:00:00	6693.03	6696.69	6688.28	6691.15	2688	0	64
2025.11.18	02:30:00	6691.22	6692.73	6675.52	6675.73	3103	0	64
2025.11.18	03:00:00	6675.61	6676.18	6668.99	6669.53	3080	0	64
2025.11.18	03:30:00	6669.64	6672.19	6661.25	6663.91	3426	0	64
2025.11.18	04:00:00	6663.75	6663.75	6627.20	6636.22	6537	0	64
2025.11.18	04:30:00	6636.37	6652.67	6636.37	6650.72	4485	0	64
2025.11.18	05:00:00	6650.60	6656.69	6642.28	6648.53	4179	0	64
2025.11.18	05:30:00	6648.58	6654.73	6645.08	6645.19	2979	0	64
2025.11.18	06:00:00	6645.40	6652.73	6643.27	6648.81	3462	0	64
2025.11.18	06:30:00	6648.73	6648.73	6632.02	6635.73	3863	0	64
2025.11.18	07:00:00	6635.73	6640.97	6624.53	6639.07	4789	0	64
2025.11.18	07:30:00	6638.82	6651.68	6638.06	6643.94	3899	0	64
2025.11.18	08:00:00	6643.87	6659.59	6643.12	6654.80	5737	0	54
2025.11.18	08:30:00	6654.68	6674.49	6653.41	6663.27	4235	0	64
2025.11.18	09:00:00	6663.21	6673.31	6658.37	6662.75	3534	0	64
2025.11.18	09:30:00	6662.66	6671.81	6656.47	6669.66	2993	0	64
2025.11.18	10:00:00	6669.44	6671.17	6660.03	6661.45	2732	0	64
2025.11.18	10:30:00	6661.45	6671.06	6659.45	6669.05	2357	0	64
2025.11.18	11:00:00	6668.94	6670.68	6658.27	6662.20	2624	0	64
2025.11.18	11:30:00	6662.40	6664.01	6654.40	6663.81	2720	0	64
2025.11.18	12:00:00	6663.65	6663.81	6643.09	6646.76	3914	0	64
2025.11.18	12:30:00	6647.02	6654.91	6632.29	6639.33	4094	0	64
2025.11.18	13:00:00	6639.43	6654.27	6639.41	6646.12	4519	0	64
2025.11.18	13:30:00	6646.26	6656.77	6644.75	6650.64	4327	0	64
2025.11.18	14:00:00	6650.45	6655.05	6641.45	6646.06	4573	0	64
2025.11.18	14:30:00	6645.92	6667.82	6610.69	6611.22	38510	0	46
2025.11.18	15:00:00	6611.04	6627.81	6592.40	6615.56	38997	0	64
2025.11.18	15:30:00	6615.41	6626.51	6595.65	6596.57	35139	0	64
2025.11.18	16:00:00	6596.51	6644.16	6582.94	6641.13	26080	0	64
2025.11.18	16:30:00	6641.02	6648.92	6632.49	6637.04	22043	0	64
2025.11.18	17:00:00	6636.80	6644.16	6610.77	6611.40	17727	0	64
2025.11.18	17:30:00	6611.26	6669.10	6604.25	6661.84	19204	0	64
2025.11.18	18:00:00	6662.08	6669.61	6656.19	6658.58	16505	0	64
2025.11.18	18:30:00	6658.45	6676.58	6652.26	6655.55	16212	0	64
2025.11.18	19:00:00	6655.70	6667.72	6650.79	6654.43	14891	0	64
2025.11.18	19:30:00	6654.58	6674.84	6649.55	6669.45	14587	0	64
2025.11.18	20:00:00	6669.61	6674.55	6640.01	6649.46	14059	0	64
2025.11.18	20:30:00	6649.30	6652.93	6625.36	6626.62	15966	0	64
2025.11.18	21:00:00	6626.77	6627.52	6613.86	6619.36	5566	0	64
2025.11.18	21:30:00	6619.13	6622.46	6614.31	6615.87	1918	0	64
2025.11.18	23:00:00	6619.84	6636.04	6619.09	6634.65	2528	0	64
2025.11.18	23:30:00	6634.74	6636.33	6628.37	6630.83	2137	0	64
2025.11.19	00:00:00	6630.67	6632.78	6611.65	6615.40	5957	0	64
2025.11.19	00:30:00	6615.54	6627.83	6613.65	6624.91	5204	0	64
2025.11.19	01:00:00	6624.83	6636.74	6616.84	6631.08	6101	0	64
2025.11.19	01:30:00	6631.08	6633.53	6618.33	6622.83	4877	0	64
2025.11.19	02:00:00	6622.94	6637.51	6622.94	6636.26	3851	0	64
2025.11.19	02:30:00	6636.12	6641.04	6635.62	6639.57	2200	0	64
2025.11.19	03:00:00	6639.76	6641.58	6626.15	6630.31	2646	0	64
2025.11.19	03:30:00	6630.15	6630.15	6618.67	6619.56	3100	0	64
2025.11.19	04:00:00	6619.79	6621.29	6610.86	6619.54	3068	0	64
2025.11.19	04:30:00	6619.71	6623.58	6611.33	6616.29	2943	0	64
2025.11.19	05:00:00	6616.51	6622.53	6615.09	6615.56	3073	0	64
2025.11.19	05:30:00	6615.58	6623.01	6602.65	6619.51	3725	0	64
2025.11.19	06:00:00	6619.37	6625.58	6616.08	6621.62	3344	0	64
2025.11.19	06:30:00	6621.43	6624.26	6619.13	6622.95	2336	0	64
2025.11.19	07:00:00	6623.20	6636.57	6619.36	6631.25	3161	0	64
2025.11.19	07:30:00	6631.47	6636.33	6628.16	6633.79	2826	0	64
2025.11.19	08:00:00	6633.66	6638.93	6625.30	6638.26	4088	0	54
2025.11.19	08:30:00	6638.38	6641.61	6628.54	6628.57	3090	0	64
2025.11.19	09:00:00	6628.34	6638.48	6624.30	6637.78	2937	0	64
2025.11.19	09:30:00	6637.68	6648.46	6635.19	6647.70	2371	0	64
2025.11.19	10:00:00	6647.65	6652.91	6644.56	6651.45	1824	0	64
2025.11.19	10:30:00	6651.32	6653.98	6647.56	6652.82	1857	0	64
2025.11.19	11:00:00	6652.87	6657.93	6651.76	6653.85	2129	0	64
2025.11.19	11:30:00	6653.66	6657.97	6649.59	6650.56	2133	0	64
2025.11.19	12:00:00	6650.33	6653.21	6646.29	6650.63	2440	0	64
2025.11.19	12:30:00	6650.67	6656.47	6650.56	6651.16	1999	0	64
2025.11.19	13:00:00	6651.42	6654.21	6639.56	6647.65	2683	0	64
2025.11.19	13:30:00	6647.54	6651.96	6640.60	6642.19	2784	0	64
2025.11.19	14:00:00	6642.14	6643.43	6630.80	6631.70	3886	0	64
2025.11.19	14:30:00	6631.92	6683.26	6625.19	6681.61	22687	0	46
2025.11.19	15:00:00	6681.74	6698.81	6679.10	6687.80	14581	0	64
2025.11.19	15:30:00	6688.03	6690.82	6651.63	6655.35	12462	0	64
2025.11.19	16:00:00	6655.51	6661.01	6638.59	6645.60	18178	0	64
2025.11.19	16:30:00	6645.76	6651.48	6633.34	6650.85	15153	0	64
2025.11.19	17:00:00	6650.62	6655.50	6628.23	6637.92	16608	0	64
2025.11.19	17:30:00	6637.69	6644.99	6613.18	6639.09	17818	0	64
2025.11.19	18:00:00	6639.24	6652.00	6635.36	6636.09	13990	0	64
2025.11.19	18:30:00	6635.89	6658.92	6632.78	6650.76	13302	0	64
2025.11.19	19:00:00	6650.92	6653.29	6619.95	6623.26	14613	0	64
2025.11.19	19:30:00	6623.03	6645.37	6618.49	6637.90	12278	0	64
2025.11.19	20:00:00	6637.77	6669.67	6635.28	6660.78	12308	0	64
2025.11.19	20:30:00	6660.54	6673.39	6643.11	6651.96	15907	0	64
2025.11.19	21:00:00	6652.12	6685.87	6642.20	6672.15	15251	0	64
2025.11.19	21:30:00	6672.11	6694.07	6671.89	6685.97	6967	0	64
2025.11.19	23:00:00	6685.53	6715.28	6684.76	6710.54	4161	0	64
2025.11.19	23:30:00	6710.44	6722.79	6708.87	6722.12	2908	0	64
2025.11.20	00:00:00	6721.92	6731.76	6718.15	6730.08	2791	0	64
2025.11.20	00:30:00	6730.25	6733.02	6725.10	6725.62	2060	0	64
2025.11.20	01:00:00	6725.37	6731.26	6722.10	6730.76	2549	0	64
2025.11.20	01:30:00	6730.99	6732.44	6726.78	6731.52	2024	0	64
2025.11.20	02:00:00	6731.29	6734.95	6726.80	6727.52	2295	0	64
2025.11.20	02:30:00	6727.69	6734.94	6726.98	6734.44	1543	0	64
2025.11.20	03:00:00	6734.29	6739.19	6733.81	6736.98	1867	0	64
2025.11.20	03:30:00	6736.87	6737.23	6728.23	6733.98	2753	0	64
2025.11.20	04:00:00	6733.84	6737.23	6731.77	6734.28	2100	0	64
2025.11.20	04:30:00	6734.24	6738.98	6733.73	6738.98	1086	0	64
2025.11.20	05:00:00	6738.98	6743.23	6737.53	6738.73	1968	0	64
2025.11.20	05:30:00	6738.73	6739.25	6734.23	6736.17	1832	0	64
2025.11.20	06:00:00	6736.21	6738.98	6729.20	6730.75	2060	0	64
2025.11.20	06:30:00	6730.91	6738.76	6730.75	6738.76	1508	0	64
2025.11.20	07:00:00	6738.60	6745.49	6736.61	6743.27	1889	0	64
2025.11.20	07:30:00	6743.10	6746.51	6732.37	6733.76	2016	0	64
2025.11.20	08:00:00	6733.99	6738.05	6730.16	6736.66	3242	0	61
2025.11.20	08:30:00	6736.82	6744.57	6732.64	6733.43	2761	0	72
2025.11.20	09:00:00	6733.57	6735.55	6720.25	6720.25	2833	0	64
2025.11.20	09:30:00	6720.00	6724.60	6715.07	6719.30	2901	0	64
2025.11.20	10:00:00	6719.44	6727.71	6714.56	6726.79	2677	0	64
2025.11.20	10:30:00	6726.96	6736.73	6726.56	6734.68	1870	0	64
2025.11.20	11:00:00	6734.66	6734.90	6719.69	6721.65	2839	0	64
2025.11.20	11:30:00	6721.66	6731.45	6719.55	6723.30	2873	0	64
2025.11.20	12:00:00	6723.45	6727.20	6716.54	6723.81	2714	0	64
2025.11.20	12:30:00	6723.85	6737.46	6723.06	6736.70	1992	0	64
2025.11.20	13:00:00	6736.55	6740.95	6727.81	6731.33	3363	0	64
2025.11.20	13:30:00	6731.19	6763.57	6729.87	6758.66	7958	0	64
2025.11.20	14:00:00	6758.81	6762.81	6752.46	6755.35	4620	0	64
2025.11.20	14:30:00	6755.52	6776.82	6751.35	6775.51	28050	0	46
2025.11.20	15:00:00	6775.41	6780.79	6754.14	6774.67	19610	0	64
2025.11.20	15:30:00	6774.81	6782.03	6753.65	6754.50	13652	0	64
2025.11.20	16:00:00	6754.65	6755.16	6699.19	6703.91	27197	0	64
2025.11.20	16:30:00	6703.79	6706.70	6618.28	6626.30	43463	0	64
2025.11.20	17:00:00	6626.43	6647.90	6591.45	6611.40	58073	0	64
2025.11.20	17:30:00	6611.21	6620.84	6579.04	6596.92	39162	0	64
2025.11.20	18:00:00	6597.12	6644.17	6591.30	6620.41	33097	0	64
2025.11.20	18:30:00	6620.56	6624.81	6566.14	6575.51	27476	0	64
2025.11.20	19:00:00	6575.61	6600.61	6563.44	6595.11	25360	0	64
2025.11.20	19:30:00	6595.33	6607.92	6577.23	6606.45	22994	0	64
2025.11.20	20:00:00	6606.25	6606.32	6578.70	6587.11	22361	0	64
2025.11.20	20:30:00	6586.97	6590.86	6544.00	6550.20	24980	0	64
2025.11.20	21:00:00	6550.37	6553.91	6542.16	6549.56	6973	0	64
2025.11.20	21:30:00	6549.64	6550.66	6543.04	6544.10	1910	0	64
2025.11.20	23:00:00	6550.88	6557.22	6531.87	6553.67	4673	0	64
2025.11.20	23:30:00	6553.84	6563.13	6549.14	6557.84	4682	0	64
2025.11.21	00:00:00	6557.70	6569.63	6553.67	6567.58	5042	0	64
2025.11.21	00:30:00	6567.61	6573.32	6564.66	6569.20	3138	0	64
2025.11.21	01:00:00	6569.34	6578.50	6566.91	6577.59	3971	0	64
2025.11.21	01:30:00	6577.80	6581.06	6568.20	6575.15	3826	0	64
2025.11.21	02:00:00	6575.30	6577.07	6568.88	6573.18	3703	0	64
2025.11.21	02:30:00	6573.13	6579.82	6571.43	6572.36	2872	0	64
2025.11.21	03:00:00	6572.26	6577.12	6570.42	6576.17	2759	0	64
2025.11.21	03:30:00	6576.34	6585.84	6574.68	6576.38	3481	0	64
2025.11.21	04:00:00	6576.48	6577.77	6563.21	6570.17	3470	0	64
2025.11.21	04:30:00	6570.32	6571.87	6558.19	6571.43	3519	0	64
2025.11.21	05:00:00	6571.20	6577.34	6567.69	6570.68	3652	0	64
2025.11.21	05:30:00	6570.81	6572.83	6561.44	6564.13	2900	0	64
2025.11.21	06:00:00	6564.13	6571.37	6562.44	6562.44	3036	0	64
2025.11.21	06:30:00	6562.25	6574.09	6561.18	6568.84	2467	0	64
2025.11.21	07:00:00	6568.69	6571.63	6564.42	6570.92	2914	0	64
2025.11.21	07:30:00	6570.88	6571.82	6543.43	6545.84	5024	0	64
2025.11.21	08:00:00	6546.30	6568.69	6545.98	6562.78	6935	0	54
2025.11.21	08:30:00	6562.82	6576.71	6555.76	6574.69	4513	0	64
2025.11.21	09:00:00	6574.67	6576.16	6555.07	6560.06	4203	0	64
2025.11.21	09:30:00	6559.70	6562.22	6544.05	6544.42	4481	0	64
2025.11.21	10:00:00	6544.30	6545.08	6517.06	6518.41	7782	0	64
2025.11.21	10:30:00	6518.57	6553.45	6518.30	6552.70	5612	0	64
2025.11.21	11:00:00	6552.82	6564.41	6550.04	6550.04	4315	0	64
2025.11.21	11:30:00	6550.19	6554.45	6536.05	6544.69	3920	0	64
2025.11.21	12:00:00	6544.58	6548.35	6523.80	6525.56	5713	0	64
2025.11.21	12:30:00	6525.61	6588.40	6525.61	6577.47	13255	0	64
2025.11.21	13:00:00	6577.67	6590.73	6565.31	6573.31	6869	0	64
2025.11.21	13:30:00	6573.45	6589.15	6573.41	6582.85	5559	0	64
2025.11.21	14:00:00	6582.70	6586.17	6572.04	6573.42	6674	0	64
2025.11.21	14:30:00	6573.37	6587.96	6554.61	6568.04	45662	0	46
2025.11.21	15:00:00	6568.17	6582.46	6546.33	6553.71	45654	0	64
2025.11.21	15:30:00	6553.83	6566.72	6531.34	6550.70	43197	0	64
2025.11.21	16:00:00	6550.54	6582.71	6533.57	6582.30	31069	0	64
2025.11.21	16:30:00	6582.46	6630.21	6575.30	6629.72	22908	0	64
2025.11.21	17:00:00	6629.56	6635.42	6617.01	6627.30	19597	0	64
2025.11.21	17:30:00	6627.44	6638.67	6620.50	6625.21	15546	0	64
2025.11.21	18:00:00	6625.43	6628.19	6592.30	6607.04	18236	0	64
2025.11.21	18:30:00	6607.10	6664.68	6603.55	6645.98	23320	0	64
2025.11.21	19:00:00	6646.20	6669.39	6644.77	6666.01	15364	0	64
2025.11.21	19:30:00	6666.16	6668.89	6633.34	6641.28	14543	0	64
2025.11.21	20:00:00	6641.04	6645.45	6619.80	6619.80	12769	0	64
2025.11.21	20:30:00	6619.59	6636.51	6606.09	6614.49	20042	0	64
2025.11.21	21:00:00	6614.65	6623.97	6613.18	6615.72	4241	0	64
2025.11.21	21:30:00	6615.85	6624.14	6615.30	6622.08	982	0	72
2025.11.23	23:00:00	6651.55	6660.19	6645.76	6650.06	3071	0	64
2025.11.23	23:30:00	6650.19	6651.36	6644.04	6647.19	1798	0	64
2025.11.24	00:00:00	6647.06	6647.06	6631.28	6637.66	2264	0	64
2025.11.24	00:30:00	6637.52	6645.71	6637.02	6641.29	1915	0	64
2025.11.24	01:00:00	6641.23	6647.68	6636.52	6644.92	2703	0	64
2025.11.24	01:30:00	6644.98	6646.94	6636.05	6640.98	2370	0	64
2025.11.24	02:00:00	6640.98	6649.47	6637.77	6648.56	2467	0	64
2025.11.24	02:30:00	6648.35	6655.14	6643.52	6654.78	2072	0	64
2025.11.24	03:00:00	6654.93	6656.19	6651.75	6654.28	1610	0	64
2025.11.24	03:30:00	6654.44	6654.46	6647.85	6649.48	1688	0	64
2025.11.24	04:00:00	6649.35	6650.48	6639.77	6642.43	2032	0	64
2025.11.24	04:30:00	6642.28	6646.72	6641.28	6642.57	1698	0	64
2025.11.24	05:00:00	6642.32	6653.19	6641.27	6652.23	1709	0	64
2025.11.24	05:30:00	6652.10	6652.67	6647.48	6650.73	1551	0	64
2025.11.24	06:00:00	6650.73	6650.94	6646.48	6647.28	1355	0	64
2025.11.24	06:30:00	6647.05	6648.68	6643.80	6646.41	1159	0	64
2025.11.24	07:00:00	6646.28	6648.91	6640.98	6648.02	1619	0	64
2025.11.24	07:30:00	6648.19	6656.66	6646.07	6654.15	1428	0	64
2025.11.24	08:00:00	6653.71	6662.02	6641.65	6659.17	3650	0	64
2025.11.24	08:30:00	6659.30	6663.30	6655.18	6661.83	2346	0	64
2025.11.24	09:00:00	6661.69	6663.31	6619.62	6620.26	4069	0	64
2025.11.24	09:30:00	6620.12	6636.57	6619.23	6632.01	4504	0	64
2025.11.24	10:00:00	6632.18	6635.81	6623.06	6625.90	3305	0	64
2025.11.24	10:30:00	6626.04	6632.79	6619.44	6626.68	3284	0	64
2025.11.24	11:00:00	6626.64	6629.70	6620.31	6626.61	2991	0	64
2025.11.24	11:30:00	6626.70	6640.06	6625.29	6639.54	2507	0	64
2025.11.24	12:00:00	6639.43	6647.70	6633.30	6646.07	2731	0	64
2025.11.24	12:30:00	6645.81	6652.47	6642.87	6651.21	2650	0	64
2025.11.24	13:00:00	6651.07	6660.70	6649.80	6658.55	2591	0	64
2025.11.24	13:30:00	6658.61	6660.96	6645.61	6647.05	2397	0	64
2025.11.24	14:00:00	6646.84	6663.96	6646.33	6651.55	3215	0	64
2025.11.24	14:30:00	6651.69	6680.42	6640.75	6665.04	30564	0	64
2025.11.24	15:00:00	6665.19	6682.69	6664.04	6679.95	22762	0	64
2025.11.24	15:30:00	6680.18	6697.27	6674.54	6690.58	9777	0	64
2025.11.24	16:00:00	6690.71	6709.21	6690.71	6705.05	5693	0	64
2025.11.24	16:30:00	6704.82	6710.14	6697.26	6700.00	5554	0	64
2025.11.24	17:00:00	6700.21	6708.68	6694.26	6707.04	5888	0	64
2025.11.24	17:30:00	6707.18	6719.22	6704.53	6716.05	4373	0	64
2025.11.24	18:00:00	6716.21	6722.71	6716.05	6717.30	3010	0	64
2025.11.24	18:30:00	6717.07	6720.41	6713.05	6717.67	3197	0	64
2025.11.24	19:00:00	6717.50	6723.21	6713.30	6714.21	2887	0	64
2025.11.24	19:30:00	6714.44	6715.46	6704.05	6708.42	4384	0	64
2025.11.24	20:00:00	6708.65	6720.22	6708.29	6714.58	3859	0	64
2025.11.24	20:30:00	6714.33	6725.67	6711.26	6712.44	7015	0	64
2025.11.24	21:00:00	6712.21	6719.93	6710.17	6718.05	2425	0	64
2025.11.24	21:30:00	6718.22	6721.18	6717.05	6719.01	401	0	64
2025.11.24	23:00:00	6718.14	6721.93	6716.16	6717.32	1369	0	64
2025.11.24	23:30:00	6717.54	6721.52	6716.11	6716.13	874	0	64
2025.11.25	00:00:00	6715.88	6716.03	6709.92	6711.06	1761	0	64
2025.11.25	00:30:00	6711.29	6718.02	6710.40	6717.10	1498	0	64
2025.11.25	01:00:00	6716.88	6717.77	6712.15	6713.63	1948	0	64
2025.11.25	01:30:00	6713.79	6714.29	6708.83	6709.32	1273	0	64
2025.11.25	02:00:00	6709.33	6715.78	6708.88	6711.58	1465	0	64
2025.11.25	02:30:00	6711.43	6714.83	6710.62	6714.44	1097	0	64
2025.11.25	03:00:00	6714.49	6716.07	6713.38	6714.54	922	0	64
2025.11.25	03:30:00	6714.38	6714.77	6707.87	6709.24	1645	0	64
2025.11.25	04:00:00	6709.30	6716.76	6708.92	6713.67	1105	0	64
2025.11.25	04:30:00	6713.61	6714.33	6712.33	6713.66	804	0	64
2025.11.25	05:00:00	6713.78	6717.79	6708.91	6709.67	1249	0	64
2025.11.25	05:30:00	6709.63	6713.04	6709.40	6711.04	957	0	64
2025.11.25	06:00:00	6710.87	6714.31	6708.33	6709.38	1132	0	64
2025.11.25	06:30:00	6709.53	6712.33	6706.34	6707.79	1099	0	64
2025.11.25	07:00:00	6708.02	6708.50	6705.08	6707.39	933	0	64
2025.11.25	07:30:00	6707.35	6715.54	6706.83	6712.01	1540	0	64
2025.11.25	08:00:00	6711.91	6714.54	6705.26	6712.77	2498	0	64
2025.11.25	08:30:00	6712.81	6713.16	6700.76	6703.39	1991	0	64
2025.11.25	09:00:00	6703.79	6709.92	6697.76	6697.76	2168	0	64
2025.11.25	09:30:00	6697.55	6704.09	6695.76	6702.01	2056	0	64
2025.11.25	10:00:00	6702.14	6705.15	6699.25	6701.91	1553	0	64
2025.11.25	10:30:00	6701.86	6709.17	6697.05	6707.17	1871	0	64
2025.11.25	11:00:00	6707.36	6708.89	6703.14	6703.39	1517	0	64
2025.11.25	11:30:00	6703.34	6706.17	6700.50	6705.87	1586	0	64
2025.11.25	12:00:00	6705.78	6715.88	6705.02	6714.24	1967	0	64
2025.11.25	12:30:00	6714.05	6726.37	6706.50	6711.61	4398	0	64
2025.11.25	13:00:00	6711.20	6721.91	6710.89	6719.53	2729	0	64
2025.11.25	13:30:00	6719.50	6723.44	6709.00	6711.92	3284	0	64
2025.11.25	14:00:00	6712.10	6713.66	6705.28	6710.86	2294	0	64
2025.11.25	14:30:00	6710.71	6723.90	6668.71	6712.68	21557	0	64
2025.11.25	15:00:00	6712.40	6712.89	6682.99	6710.00	28480	0	64
2025.11.25	15:30:00	6709.58	6734.89	6708.46	6722.41	16984	0	64
2025.11.25	16:00:00	6722.26	6734.13	6712.71	6728.38	10890	0	64
2025.11.25	16:30:00	6728.22	6743.88	6726.46	6741.77	6973	0	64
2025.11.25	17:00:00	6741.49	6763.39	6741.13	6757.73	4642	0	64
2025.11.25	17:30:00	6757.88	6768.41	6755.96	6757.71	4698	0	64
2025.11.25	18:00:00	6757.87	6764.92	6756.96	6764.92	4331	0	64
2025.11.25	18:30:00	6765.09	6768.41	6760.27	6763.24	3120	0	64
2025.11.25	19:00:00	6762.99	6764.62	6751.53	6757.62	4095	0	64
2025.11.25	19:30:00	6757.85	6765.41	6749.23	6763.75	3975	0	64
2025.11.25	20:00:00	6763.91	6772.41	6763.77	6769.50	3028	0	64
2025.11.25	20:30:00	6769.66	6786.37	6769.01	6774.20	5034	0	64
2025.11.25	21:00:00	6774.11	6777.77	6772.77	6773.98	1069	0	72
2025.11.25	21:30:00	6774.12	6775.63	6773.20	6774.73	299	0	72
2025.11.25	23:00:00	6775.78	6780.00	6774.32	6777.39	913	0	72
2025.11.25	23:30:00	6777.39	6778.93	6773.45	6778.35	693	0	64
2025.11.26	00:00:00	6778.43	6783.84	6775.18	6782.92	1829	0	64
2025.11.26	00:30:00	6782.93	6785.41	6780.68	6784.23	1053	0	64
2025.11.26	01:00:00	6784.38	6791.88	6782.72	6789.17	1587	0	64
2025.11.26	01:30:00	6789.01	6792.59	6787.24	6792.14	1545	0	64
2025.11.26	02:00:00	6791.97	6793.37	6790.43	6791.45	1068	0	64
2025.11.26	02:30:00	6791.43	6794.14	6790.94	6793.67	756	0	64
2025.11.26	03:00:00	6793.68	6796.37	6792.18	6793.43	654	0	64
2025.11.26	03:30:00	6793.43	6795.93	6793.21	6794.64	816	0	64
2025.11.26	04:00:00	6794.47	6795.64	6791.22	6791.25	725	0	64
2025.11.26	04:30:00	6791.39	6792.67	6790.77	6792.03	447	0	64
2025.11.26	05:00:00	6791.97	6798.64	6791.93	6796.73	906	0	64
2025.11.26	05:30:00	6796.89	6798.81	6796.72	6797.68	608	0	64
2025.11.26	06:00:00	6797.68	6798.18	6795.71	6797.64	836	0	64
2025.11.26	06:30:00	6797.50	6801.89	6797.50	6799.47	912	0	64
2025.11.26	07:00:00	6799.64	6804.39	6799.48	6804.19	779	0	64
2025.11.26	07:30:00	6804.18	6805.18	6801.49	6801.98	1027	0	64
2025.11.26	08:00:00	6801.75	6803.63	6797.09	6801.16	2021	0	64
2025.11.26	08:30:00	6801.26	6802.24	6795.10	6795.10	1564	0	64
2025.11.26	09:00:00	6795.15	6795.51	6788.10	6789.13	2017	0	64
2025.11.26	09:30:00	6789.25	6794.51	6788.66	6789.85	1198	0	64
2025.11.26	10:00:00	6789.99	6797.25	6789.86	6794.11	992	0	64
2025.11.26	10:30:00	6793.87	6799.02	6791.32	6797.72	880	0	64
2025.11.26	11:00:00	6797.58	6799.71	6795.32	6797.98	845	0	72
2025.11.26	11:30:00	6797.82	6800.02	6791.60	6792.90	1677	0	64
2025.11.26	12:00:00	6792.95	6794.24	6782.09	6786.41	3295	0	64
2025.11.26	12:30:00	6786.21	6792.31	6781.92	6791.57	1817	0	64
2025.11.26	13:00:00	6791.42	6798.42	6789.86	6796.09	1507	0	64
2025.11.26	13:30:00	6795.83	6799.56	6791.68	6798.81	2342	0	64
2025.11.26	14:00:00	6798.76	6801.77	6792.61	6799.90	2178	0	64
2025.11.26	14:30:00	6800.05	6819.36	6795.51	6797.47	13564	0	64
2025.11.26	15:00:00	6797.33	6809.91	6791.51	6805.62	15710	0	64
2025.11.26	15:30:00	6805.75	6820.64	6804.95	6820.16	7725	0	64
2025.11.26	16:00:00	6820.01	6833.63	6819.45	6830.12	4178	0	64
2025.11.26	16:30:00	6830.25	6841.91	6827.74	6838.35	3730	0	64
2025.11.26	17:00:00	6838.59	6840.38	6828.99	6834.20	3950	0	64
2025.11.26	17:30:00	6834.35	6841.99	6833.49	6835.96	3072	0	64
2025.11.26	18:00:00	6836.12	6840.37	6822.18	6836.12	6598	0	64
2025.11.26	18:30:00	6836.35	6836.37	6820.70	6828.77	4531	0	64
2025.11.26	19:00:00	6828.49	6837.66	6826.21	6837.16	3555	0	64
2025.11.26	19:30:00	6837.39	6838.92	6829.49	6833.35	3098	0	64
2025.11.26	20:00:00	6833.49	6840.62	6830.70	6836.72	2515	0	64
2025.11.26	20:30:00	6836.49	6838.66	6820.96	6820.99	4724	0	64
2025.11.26	21:00:00	6820.75	6828.63	6820.72	6824.87	1052	0	72
2025.11.26	21:30:00	6824.71	6825.71	6823.70	6825.71	238	0	64
2025.11.26	23:00:00	6827.35	6829.59	6823.61	6824.38	573	0	72
2025.11.26	23:30:00	6824.35	6828.71	6824.35	6825.34	823	0	72
2025.11.27	00:00:00	6825.10	6828.29	6824.29	6827.34	1170	0	64
2025.11.27	00:30:00	6827.37	6828.86	6825.13	6828.63	649	0	64
2025.11.27	01:00:00	6828.63	6830.13	6824.13	6826.17	1219	0	64
2025.11.27	01:30:00	6826.13	6829.09	6824.38	6828.92	891	0	64
2025.11.27	02:00:00	6829.09	6829.84	6827.65	6828.87	737	0	64
2025.11.27	02:30:00	6828.88	6829.32	6824.88	6825.33	468	0	64
2025.11.27	03:00:00	6825.38	6826.13	6823.63	6823.68	549	0	64
2025.11.27	03:30:00	6823.83	6824.88	6823.13	6824.79	420	0	64
2025.11.27	04:00:00	6824.85	6825.63	6823.63	6825.34	283	0	64
2025.11.27	04:30:00	6825.17	6827.09	6824.68	6826.38	359	0	64
2025.11.27	05:00:00	6826.38	6828.88	6826.18	6828.18	367	0	64
2025.11.27	05:30:00	6828.33	6829.38	6826.42	6827.13	417	0	64
2025.11.27	06:00:00	6827.13	6827.59	6823.38	6825.34	453	0	64
2025.11.27	06:30:00	6825.37	6825.37	6821.63	6821.84	567	0	64
2025.11.27	07:00:00	6821.88	6825.11	6821.38	6824.34	477	0	64
2025.11.27	07:30:00	6824.36	6826.84	6821.42	6826.09	662	0	64
2025.11.27	08:00:00	6825.95	6828.92	6820.80	6828.04	1269	0	64
2025.11.27	08:30:00	6827.94	6828.72	6823.07	6823.07	861	0	64
2025.11.27	09:00:00	6823.05	6825.89	6822.29	6825.89	773	0	64
2025.11.27	09:30:00	6826.14	6827.92	6821.53	6821.67	555	0	64
2025.11.27	10:00:00	6821.54	6824.18	6820.51	6823.02	523	0	72
2025.11.27	10:30:00	6823.06	6825.16	6822.03	6824.66	394	0	64
2025.11.27	11:00:00	6824.50	6825.70	6821.54	6822.67	388	0	64
2025.11.27	11:30:00	6822.70	6825.92	6822.06	6823.81	426	0	72
2025.11.27	12:00:00	6823.81	6826.66	6823.05	6824.26	426	0	72
2025.11.27	12:30:00	6824.15	6825.43	6822.77	6823.65	431	0	64
2025.11.27	13:00:00	6823.65	6824.47	6821.30	6823.24	425	0	64
2025.11.27	13:30:00	6823.20	6826.73	6823.10	6824.60	702	0	64
2025.11.27	14:00:00	6824.47	6827.01	6823.07	6825.71	568	0	64
2025.11.27	14:30:00	6825.84	6828.18	6822.55	6823.97	591	0	72
2025.11.27	15:00:00	6823.81	6825.48	6822.55	6824.48	435	0	72
2025.11.27	15:30:00	6824.32	6824.48	6821.80	6823.72	382	0	72
2025.11.27	16:00:00	6823.95	6825.22	6821.56	6824.71	403	0	72
2025.11.27	16:30:00	6824.56	6825.23	6821.81	6823.45	344	0	72
2025.11.27	17:00:00	6823.49	6824.11	6822.31	6823.26	183	0	64
2025.11.27	17:30:00	6823.46	6824.89	6823.46	6824.89	216	0	64
2025.11.27	23:00:00	6827.31	6831.89	6826.57	6831.62	627	0	72
2025.11.27	23:30:00	6831.64	6833.63	6829.64	6833.50	311	0	64
2025.11.28	00:00:00	6833.41	6836.39	6832.43	6834.35	513	0	64
2025.11.28	00:30:00	6834.40	6835.18	6832.51	6833.68	294	0	64
2025.11.28	01:00:00	6833.68	6838.37	6833.22	6837.21	282	0	64
2025.11.28	01:30:00	6836.96	6836.96	6831.90	6832.43	332	0	72
2025.11.28	02:00:00	6832.40	6833.64	6829.96	6833.59	263	0	72
2025.11.28	02:30:00	6833.62	6834.31	6831.96	6831.96	95	0	72
2025.11.28	13:30:00	6839.81	6841.47	6833.51	6834.68	846	0	86
2025.11.28	14:00:00	6834.55	6837.05	6830.64	6831.56	1050	0	64
2025.11.28	14:30:00	6831.77	6841.55	6828.90	6836.05	4873	0	64
2025.11.28	15:00:00	6835.91	6847.18	6833.91	6840.64	3341	0	64
2025.11.28	15:30:00	6840.84	6850.06	6839.92	6848.54	3594	0	64
2025.11.28	16:00:00	6848.41	6853.31	6840.43	6845.40	3054	0	64
2025.11.28	16:30:00	6845.52	6853.27	6842.02	6851.90	2636	0	64
2025.11.28	17:00:00	6852.04	6854.32	6846.64	6847.25	2580	0	64
2025.11.28	17:30:00	6847.13	6861.06	6842.85	6857.48	4046	0	64
2025.11.28	18:00:00	6857.73	6861.00	6852.78	6854.76	1722	0	72
2025.11.30	23:00:00	6858.73	6863.40	6853.15	6859.44	2059	0	72
2025.11.30	23:30:00	6859.30	6859.65	6847.55	6851.94	2128	0	64
2025.12.01	00:00:00	6852.10	6853.23	6833.77	6838.52	3592	0	64
2025.12.01	00:30:00	6838.48	6839.67	6825.27	6827.73	3770	0	64
2025.12.01	01:00:00	6827.87	6829.23	6816.34	6825.30	5327	0	64
2025.12.01	01:30:00	6825.39	6829.73	6821.52	6824.27	3269	0	64
2025.12.01	02:00:00	6824.44	6825.94	6818.80	6820.73	2303	0	64
2025.12.01	02:30:00	6820.73	6823.73	6816.26	6818.74	2034	0	64
2025.12.01	03:00:00	6818.54	6818.72	6811.73	6814.19	1548	0	64
2025.12.01	03:30:00	6814.03	6816.90	6811.23	6814.43	1455	0	64
2025.12.01	04:00:00	6814.26	6815.39	6810.53	6811.68	1347	0	64
2025.12.01	04:30:00	6811.53	6813.39	6807.43	6807.43	1226	0	64
2025.12.01	05:00:00	6807.60	6808.10	6803.08	6803.37	1699	0	64
2025.12.01	05:30:00	6803.53	6811.44	6801.14	6810.72	1473	0	64
2025.12.01	06:00:00	6810.73	6812.94	6807.28	6811.94	1612	0	64
2025.12.01	06:30:00	6812.15	6814.48	6809.11	6814.16	1298	0	64
2025.12.01	07:00:00	6814.02	6816.44	6807.98	6815.19	1822	0	64
2025.12.01	07:30:00	6815.42	6816.19	6811.78	6814.94	1480	0	64
2025.12.01	08:00:00	6814.79	6826.26	6811.54	6823.94	2248	0	64
2025.12.01	08:30:00	6824.04	6826.01	6820.65	6822.07	1652	0	64
2025.12.01	09:00:00	6821.93	6828.68	6820.41	6824.32	1848	0	64
2025.12.01	09:30:00	6824.27	6824.42	6814.10	6815.30	1811	0	64
2025.12.01	10:00:00	6815.33	6824.08	6815.33	6821.66	1296	0	64
2025.12.01	10:30:00	6821.45	6824.53	6818.90	6819.55	1372	0	64
2025.12.01	11:00:00	6819.50	6820.56	6814.90	6817.27	1534	0	64
2025.12.01	11:30:00	6817.16	6819.63	6814.89	6818.55	1425	0	64
2025.12.01	12:00:00	6818.67	6820.32	6809.36	6811.11	2163	0	64
2025.12.01	12:30:00	6811.15	6811.55	6804.11	6807.87	1959	0	64
2025.12.01	13:00:00	6807.92	6815.92	6806.15	6813.12	1993	0	64
2025.12.01	13:30:00	6813.17	6816.99	6810.55	6816.10	1590	0	64
2025.12.01	14:00:00	6816.25	6822.01	6810.86	6812.38	1793	0	72
2025.12.01	14:30:00	6812.51	6843.08	6811.89	6839.01	17105	0	64
2025.12.01	15:00:00	6839.10	6841.77	6820.49	6822.85	12613	0	64
2025.12.01	15:30:00	6822.64	6842.77	6812.92	6841.03	10666	0	64
2025.12.01	16:00:00	6840.86	6842.53	6825.60	6835.11	7101	0	72
2025.12.01	16:30:00	6835.26	6848.78	6835.10	6844.00	4438	0	64
2025.12.01	17:00:00	6844.24	6849.53	6837.60	6844.50	4038	0	72
2025.12.01	17:30:00	6844.36	6852.49	6841.85	6844.78	3101	0	64
2025.12.01	18:00:00	6844.99	6852.27	6844.35	6848.97	2298	0	72
2025.12.01	18:30:00	6849.20	6854.53	6849.08	6852.92	1832	0	64
2025.12.01	19:00:00	6852.68	6853.06	6829.38	6830.52	3974	0	64
2025.12.01	19:30:00	6830.75	6835.28	6822.60	6826.61	5400	0	72
2025.12.01	20:00:00	6826.38	6834.53	6824.86	6831.60	4057	0	72
2025.12.01	20:30:00	6831.77	6835.03	6818.37	6828.13	5518	0	64
2025.12.01	21:00:00	6827.88	6828.77	6823.89	6826.77	1242	0	72
2025.12.01	21:30:00	6827.00	6827.27	6825.62	6825.77	248	0	64
2025.12.01	23:00:00	6828.08	6830.41	6821.61	6828.54	1513	0	64
2025.12.01	23:30:00	6828.76	6830.54	6824.08	6824.41	1103	0	64
2025.12.02	00:00:00	6824.53	6826.29	6821.85	6825.25	1563	0	64
2025.12.02	00:30:00	6825.49	6828.54	6825.08	6825.88	1039	0	64
2025.12.02	01:00:00	6825.83	6832.78	6824.84	6831.38	1788	0	64
2025.12.02	01:30:00	6831.35	6831.35	6826.60	6826.77	1679	0	64
2025.12.02	02:00:00	6826.62	6827.00	6822.62	6824.87	1483	0	64
2025.12.02	02:30:00	6824.84	6830.79	6823.33	6828.79	779	0	64
2025.12.02	03:00:00	6828.64	6829.08	6817.62	6818.94	917	0	64
2025.12.02	03:30:00	6818.87	6826.58	6815.08	6823.79	1875	0	64
2025.12.02	04:00:00	6824.02	6825.52	6822.91	6823.88	953	0	64
2025.12.02	04:30:00	6823.83	6825.50	6819.41	6820.33	782	0	64
2025.12.02	05:00:00	6820.33	6822.52	6818.39	6820.37	1153	0	64
2025.12.02	05:30:00	6820.54	6821.54	6819.12	6820.53	846	0	64
2025.12.02	06:00:00	6820.38	6820.54	6813.88	6814.54	1055	0	64
2025.12.02	06:30:00	6814.76	6823.78	6814.76	6820.54	1143	0	64
2025.12.02	07:00:00	6820.77	6824.08	6820.58	6823.79	1164	0	64
2025.12.02	07:30:00	6824.01	6824.47	6817.12	6818.79	1138	0	64
2025.12.02	08:00:00	6818.73	6819.32	6811.94	6818.77	1857	0	64
2025.12.02	08:30:00	6818.87	6830.11	6818.13	6829.24	1399	0	64
2025.12.02	09:00:00	6829.13	6836.33	6828.71	6834.97	1284	0	64
2025.12.02	09:30:00	6835.10	6835.89	6830.01	6834.16	1078	0	64
2025.12.02	10:00:00	6834.00	6837.37	6832.72	6836.71	813	0	64
2025.12.02	10:30:00	6836.49	6846.34	6836.24	6844.78	831	0	72
2025.12.02	11:00:00	6844.76	6846.84	6842.70	6846.62	804	0	64
2025.12.02	11:30:00	6846.74	6848.36	6842.20	6842.85	819	0	72
2025.12.02	12:00:00	6842.72	6844.60	6839.00	6843.49	1077	0	64
2025.12.02	12:30:00	6843.24	6845.36	6836.79	6844.96	1082	0	64
2025.12.02	13:00:00	6844.76	6845.16	6841.84	6844.51	840	0	64
2025.12.02	13:30:00	6844.59	6848.11	6841.96	6847.96	1227	0	64
2025.12.02	14:00:00	6847.76	6850.70	6842.47	6843.34	1365	0	64
2025.12.02	14:30:00	6843.59	6854.16	6839.45	6847.72	12383	0	64
2025.12.02	15:00:00	6847.88	6857.36	6838.46	6840.12	8047	0	64
2025.12.02	15:30:00	6839.96	6861.37	6832.72	6859.71	8283	0	64
2025.12.02	16:00:00	6859.87	6862.88	6820.99	6824.20	12729	0	72
2025.12.02	16:30:00	6823.99	6836.87	6817.46	6829.96	10807	0	64
2025.12.02	17:00:00	6829.73	6850.84	6828.68	6848.71	5157	0	72
2025.12.02	17:30:00	6848.87	6852.60	6825.71	6825.71	4769	0	72
2025.12.02	18:00:00	6825.48	6840.35	6823.73	6834.71	5210	0	72
2025.12.02	18:30:00	6834.48	6837.88	6826.45	6835.21	4806	0	72
2025.12.02	19:00:00	6834.98	6843.62	6831.88	6838.21	3826	0	72
2025.12.02	19:30:00	6838.08	6850.13	6837.23	6847.73	3484	0	72
2025.12.02	20:00:00	6847.87	6851.34	6844.23	6849.21	2686	0	72
2025.12.02	20:30:00	6848.98	6853.10	6837.71	6838.87	4369	0	72
2025.12.02	21:00:00	6838.71	6842.13	6837.73	6841.97	754	0	72
2025.12.02	21:30:00	6842.11	6842.13	6839.85	6841.86	302	0	72
2025.12.02	23:00:00	6844.96	6846.75	6841.66	6845.85	659	0	72
2025.12.02	23:30:00	6845.88	6847.88	6844.18	6845.93	713	0	64
2025.12.03	00:00:00	6845.93	6848.68	6837.49	6838.66	1628	0	64
2025.12.03	00:30:00	6838.54	6850.89	6837.98	6848.49	1434	0	64
2025.12.03	01:00:00	6848.64	6850.93	6847.72	6849.42	1161	0	64
2025.12.03	01:30:00	6849.43	6851.89	6848.93	6849.64	909	0	64
2025.12.03	02:00:00	6849.86	6855.86	6849.18	6854.18	827	0	64
2025.12.03	02:30:00	6854.02	6854.18	6850.18	6851.98	754	0	64
2025.12.03	03:00:00	6852.14	6854.89	6850.18	6854.89	617	0	64
2025.12.03	03:30:00	6855.08	6856.89	6854.98	6855.93	504	0	64
2025.12.03	04:00:00	6855.77	6856.86	6855.43	6855.63	297	0	64
2025.12.03	04:30:00	6855.47	6855.68	6854.18	6854.64	310	0	64
2025.12.03	05:00:00	6854.47	6857.61	6854.24	6856.93	524	0	64
2025.12.03	05:30:00	6856.93	6857.14	6852.98	6853.72	494	0	64
2025.12.03	06:00:00	6853.89	6854.89	6851.68	6852.14	612	0	64
2025.12.03	06:30:00	6851.99	6856.22	6849.43	6853.17	853	0	64
2025.12.03	07:00:00	6853.37	6857.14	6852.93	6855.89	621	0	64
2025.12.03	07:30:00	6855.72	6855.89	6850.70	6852.51	781	0	64
2025.12.03	08:00:00	6852.64	6855.23	6846.90	6848.15	1465	0	64
2025.12.03	08:30:00	6848.25	6856.00	6846.16	6855.40	1143	0	64
2025.12.03	09:00:00	6855.34	6855.51	6847.66	6848.51	1216	0	64
2025.12.03	09:30:00	6848.69	6852.73	6847.36	6852.06	1044	0	64
2025.12.03	10:00:00	6852.15	6854.72	6851.62	6853.97	566	0	64
2025.12.03	10:30:00	6853.81	6853.97	6846.57	6849.85	815	0	64
2025.12.03	11:00:00	6849.98	6853.46	6847.30	6852.97	714	0	64
2025.12.03	11:30:00	6852.83	6853.93	6850.34	6850.55	581	0	72
2025.12.03	12:00:00	6850.44	6856.23	6846.81	6855.71	909	0	72
2025.12.03	12:30:00	6855.94	6860.48	6855.56	6858.32	556	0	72
2025.12.03	13:00:00	6858.44	6862.20	6854.30	6858.79	1358	0	72
2025.12.03	13:30:00	6858.60	6860.48	6855.57	6855.71	1060	0	64
2025.12.03	14:00:00	6855.60	6856.50	6817.80	6829.56	11459	0	64
2025.12.03	14:30:00	6829.34	6838.69	6820.34	6832.87	20272	0	64
2025.12.03	15:00:00	6832.71	6847.27	6831.44	6840.57	11806	0	64
2025.12.03	15:30:00	6840.70	6853.48	6837.09	6847.19	9864	0	64
2025.12.03	16:00:00	6847.05	6853.73	6840.56	6847.72	6479	0	72
2025.12.03	16:30:00	6847.93	6859.72	6840.30	6845.97	5484	0	64
2025.12.03	17:00:00	6846.20	6861.01	6844.81	6859.77	4653	0	64
2025.12.03	17:30:00	6859.61	6865.22	6856.80	6862.94	2838	0	64
2025.12.03	18:00:00	6863.19	6865.98	6858.21	6862.84	2372	0	64
2025.12.03	18:30:00	6862.99	6868.60	6861.47	6862.71	2001	0	64
2025.12.03	19:00:00	6862.48	6867.88	6861.96	6866.84	1613	0	72
2025.12.03	19:30:00	6866.73	6871.08	6865.20	6869.65	1065	0	72
2025.12.03	20:00:00	6869.86	6872.52	6865.46	6868.71	988	0	72
2025.12.03	20:30:00	6868.47	6869.55	6858.88	6861.96	2460	0	72
2025.12.03	21:00:00	6862.12	6864.62	6861.46	6862.27	938	0	64
2025.12.03	21:30:00	6862.13	6864.62	6861.99	6864.42	161	0	64
2025.12.03	23:00:00	6864.77	6865.61	6860.91	6863.55	717	0	72
2025.12.03	23:30:00	6863.59	6864.63	6861.94	6863.37	612	0	64
2025.12.04	00:00:00	6863.38	6866.58	6861.92	6864.13	1039	0	64
2025.12.04	00:30:00	6864.13	6865.06	6857.68	6859.34	761	0	64
2025.12.04	01:00:00	6859.23	6864.88	6858.65	6864.63	1137	0	64
2025.12.04	01:30:00	6864.63	6864.63	6859.88	6861.12	834	0	64
2025.12.04	02:00:00	6861.13	6862.09	6857.38	6860.38	942	0	64
2025.12.04	02:30:00	6860.24	6864.34	6860.17	6863.12	377	0	64
2025.12.04	03:00:00	6863.13	6863.13	6858.93	6859.47	488	0	64
2025.12.04	03:30:00	6859.41	6860.38	6856.88	6860.19	569	0	64
2025.12.04	04:00:00	6860.33	6861.29	6858.43	6860.30	482	0	64
2025.12.04	04:30:00	6860.32	6863.38	6860.13	6862.84	368	0	64
2025.12.04	05:00:00	6862.67	6864.13	6860.68	6861.38	519	0	64
2025.12.04	05:30:00	6861.21	6863.13	6860.96	6862.62	456	0	64
2025.12.04	06:00:00	6862.82	6864.87	6861.63	6864.38	442	0	64
2025.12.04	06:30:00	6864.27	6866.29	6863.64	6865.13	370	0	64
2025.12.04	07:00:00	6865.18	6868.31	6864.38	6866.59	509	0	64
2025.12.04	07:30:00	6866.42	6866.83	6864.42	6865.38	487	0	64
2025.12.04	08:00:00	6865.21	6865.34	6854.16	6856.77	1515	0	64
2025.12.04	08:30:00	6856.55	6861.68	6855.56	6858.82	1066	0	64
2025.12.04	09:00:00	6858.95	6862.46	6855.80	6862.46	1186	0	64
2025.12.04	09:30:00	6862.59	6869.72	6862.33	6868.30	1140	0	64
2025.12.04	10:00:00	6868.35	6869.02	6866.27	6867.55	535	0	64
2025.12.04	10:30:00	6867.39	6867.39	6861.55	6862.43	801	0	64
2025.12.04	11:00:00	6862.29	6864.16	6860.06	6861.40	1058	0	64
2025.12.04	11:30:00	6861.31	6865.42	6860.54	6865.17	771	0	64
2025.12.04	12:00:00	6865.01	6869.18	6864.53	6868.17	649	0	72
2025.12.04	12:30:00	6868.04	6870.95	6867.00	6868.19	748	0	64
2025.12.04	13:00:00	6867.98	6868.64	6864.34	6867.80	789	0	64
2025.12.04	13:30:00	6868.04	6870.23	6862.01	6864.10	1638	0	64
2025.12.04	14:00:00	6864.38	6880.66	6864.38	6875.91	1808	0	64
2025.12.04	14:30:00	6876.14	6876.68	6850.25	6853.26	15656	0	64
2025.12.04	15:00:00	6853.40	6860.92	6844.50	6858.56	9632	0	64
2025.12.04	15:30:00	6858.71	6868.43	6854.25	6855.76	7403	0	64
2025.12.04	16:00:00	6855.63	6860.39	6844.77	6856.18	6799	0	64
2025.12.04	16:30:00	6856.02	6868.42	6851.51	6867.02	5099	0	64
2025.12.04	17:00:00	6866.81	6868.64	6856.50	6863.17	3969	0	64
2025.12.04	17:30:00	6863.01	6867.88	6859.01	6866.01	2935	0	64
2025.12.04	18:00:00	6865.79	6870.72	6857.50	6869.79	2881	0	64
2025.12.04	18:30:00	6869.58	6870.47	6862.01	6864.25	2633	0	64
2025.12.04	19:00:00	6864.14	6865.18	6836.29	6844.76	6105	0	64
2025.12.04	19:30:00	6844.92	6862.45	6842.75	6855.27	5419	0	64
2025.12.04	20:00:00	6855.05	6857.39	6846.01	6850.43	4536	0	72
2025.12.04	20:30:00	6850.26	6868.68	6850.00	6867.01	3973	0	72
2025.12.04	21:00:00	6867.16	6868.14	6863.73	6867.22	583	0	72
2025.12.04	21:30:00	6866.98	6867.42	6865.01	6865.42	162	0	72
2025.12.04	23:00:00	6866.13	6868.98	6864.10	6865.50	679	0	72
2025.12.04	23:30:00	6865.73	6865.79	6861.08	6863.38	836	0	64
2025.12.05	00:00:00	6863.35	6868.79	6861.58	6867.52	1427	0	64
2025.12.05	00:30:00	6867.58	6870.82	6866.58	6870.52	953	0	64
2025.12.05	01:00:00	6870.56	6873.54	6869.59	6872.18	1080	0	64
2025.12.05	01:30:00	6872.29	6875.33	6871.88	6875.01	621	0	64
2025.12.05	02:00:00	6874.87	6880.51	6874.16	6880.12	535	0	64
2025.12.05	02:30:00	6880.09	6880.09	6874.38	6875.48	538	0	64
2025.12.05	03:00:00	6875.73	6877.19	6874.32	6876.12	600	0	64
2025.12.05	03:30:00	6876.28	6878.78	6874.33	6877.63	540	0	64
2025.12.05	04:00:00	6877.60	6880.33	6877.08	6878.83	536	0	64
2025.12.05	04:30:00	6878.96	6879.83	6877.38	6879.54	438	0	64
2025.12.05	05:00:00	6879.57	6881.08	6879.37	6879.63	426	0	64
2025.12.05	05:30:00	6879.78	6881.58	6878.87	6881.58	375	0	64
2025.12.05	06:00:00	6881.41	6883.63	6881.12	6881.33	414	0	64
2025.12.05	06:30:00	6881.36	6882.34	6879.13	6880.57	554	0	64
2025.12.05	07:00:00	6880.61	6883.61	6879.70	6882.86	652	0	64
2025.12.05	07:30:00	6882.88	6883.57	6880.22	6881.63	544	0	64
2025.12.05	08:00:00	6881.80	6886.18	6880.31	6881.71	1297	0	64
2025.12.05	08:30:00	6881.56	6883.47	6878.50	6878.52	845	0	64
2025.12.05	09:00:00	6878.39	6881.23	6877.26	6881.23	813	0	72
2025.12.05	09:30:00	6881.07	6881.22	6876.86	6878.85	511	0	64
2025.12.05	10:00:00	6878.90	6881.35	6877.81	6879.61	509	0	64
2025.12.05	10:30:00	6879.55	6880.85	6877.45	6877.71	381	0	72
2025.12.05	11:00:00	6877.87	6881.12	6876.08	6880.71	569	0	72
2025.12.05	11:30:00	6880.84	6882.08	6879.60	6880.12	472	0	72
2025.12.05	12:00:00	6880.34	6882.13	6876.20	6879.36	886	0	64
2025.12.05	12:30:00	6879.23	6880.63	6877.45	6879.47	575	0	72
2025.12.05	13:00:00	6879.34	6880.63	6875.21	6876.73	600	0	72
2025.12.05	13:30:00	6876.51	6876.88	6856.96	6863.96	2597	0	64
2025.12.05	14:00:00	6864.11	6875.59	6863.74	6875.22	1218	0	72
2025.12.05	14:30:00	6875.36	6891.12	6874.21	6889.61	9890	0	64
2025.12.05	15:00:00	6889.75	6903.91	6888.21	6899.90	5482	0	64
2025.12.05	15:30:00	6899.75	6904.92	6883.46	6887.63	6043	0	64
2025.12.05	16:00:00	6887.46	6892.13	6877.97	6880.38	8263	0	64
2025.12.05	16:30:00	6880.22	6887.12	6871.13	6880.96	7120	0	64
2025.12.05	17:00:00	6880.54	6883.34	6873.24	6874.61	4761	0	72
2025.12.05	17:30:00	6874.84	6885.08	6866.47	6883.45	3749	0	72
2025.12.05	18:00:00	6883.24	6887.87	6875.95	6886.48	2899	0	64
2025.12.05	18:30:00	6886.61	6890.38	6881.71	6882.46	2655	0	72
2025.12.05	19:00:00	6882.84	6884.84	6877.21	6880.21	2962	0	72
2025.12.05	19:30:00	6880.28	6884.62	6876.49	6883.42	2177	0	64
2025.12.05	20:00:00	6883.26	6883.87	6876.74	6880.87	2297	0	64
2025.12.05	20:30:00	6880.71	6880.87	6866.96	6876.70	3851	0	64
2025.12.05	21:00:00	6876.86	6881.84	6876.47	6880.49	701	0	72
2025.12.05	21:30:00	6880.34	6881.34	6880.21	6880.37	130	0	72
2025.12.07	23:00:00	6885.97	6887.81	6879.11	6883.59	1250	0	72
2025.12.07	23:30:00	6883.41	6885.29	6882.42	6882.88	813	0	64
2025.12.08	00:00:00	6883.04	6883.09	6874.73	6879.92	2075	0	64
2025.12.08	00:30:00	6879.89	6883.63	6878.93	6882.68	934	0	64
2025.12.08	01:00:00	6882.84	6886.09	6881.88	6882.43	1071	0	64
2025.12.08	01:30:00	6882.38	6886.07	6882.38	6885.34	753	0	64
2025.12.08	02:00:00	6885.37	6888.38	6884.41	6887.42	579	0	64
2025.12.08	02:30:00	6887.58	6889.34	6886.63	6889.31	408	0	64
2025.12.08	03:00:00	6889.49	6891.13	6888.17	6890.18	341	0	64
2025.12.08	03:30:00	6890.15	6891.63	6889.63	6890.42	363	0	64
2025.12.08	04:00:00	6890.57	6892.63	6890.43	6892.13	275	0	64
2025.12.08	04:30:00	6892.28	6893.32	6891.38	6892.63	209	0	64
2025.12.08	05:00:00	6892.63	6893.84	6891.63	6893.13	316	0	64
2025.12.08	05:30:00	6893.25	6893.88	6891.20	6892.13	269	0	64
2025.12.08	06:00:00	6891.98	6893.54	6890.42	6892.93	407	0	64
2025.12.08	06:30:00	6892.89	6893.88	6889.54	6889.75	322	0	64
2025.12.08	07:00:00	6889.58	6894.58	6888.09	6893.64	733	0	64
2025.12.08	07:30:00	6893.60	6895.31	6891.58	6892.33	542	0	64
2025.12.08	08:00:00	6892.47	6892.66	6888.22	6889.52	1205	0	64
2025.12.08	08:30:00	6889.51	6890.25	6884.70	6886.00	909	0	72
2025.12.08	09:00:00	6886.12	6890.62	6885.71	6890.33	801	0	64
2025.12.08	09:30:00	6890.23	6891.36	6885.49	6886.14	661	0	72
2025.12.08	10:00:00	6886.34	6888.37	6883.96	6888.36	702	0	72
2025.12.08	10:30:00	6888.58	6889.87	6887.21	6888.76	539	0	72
2025.12.08	11:00:00	6888.49	6888.62	6883.22	6883.59	590	0	72
2025.12.08	11:30:00	6883.84	6885.13	6882.70	6884.11	561	0	72
2025.12.08	12:00:00	6884.34	6888.12	6882.22	6886.74	757	0	64
2025.12.08	12:30:00	6886.49	6890.88	6886.49	6889.23	566	0	64
2025.12.08	13:00:00	6889.39	6894.62	6888.51	6890.76	848	0	64
2025.12.08	13:30:00	6890.84	6891.43	6886.49	6890.09	930	0	64
2025.12.08	14:00:00	6890.34	6893.12	6887.22	6887.29	1099	0	64
2025.12.08	14:30:00	6887.41	6887.58	6871.00	6875.48	8786	0	64
2025.12.08	15:00:00	6875.62	6878.91	6859.45	6866.67	5506	0	64
2025.12.08	15:30:00	6866.51	6871.34	6856.95	6857.87	4862	0	64
2025.12.08	16:00:00	6858.00	6862.42	6850.21	6862.26	5285	0	64
2025.12.08	16:30:00	6862.03	6862.43	6851.76	6855.15	3391	0	72
2025.12.08	17:00:00	6855.01	6855.01	6843.57	6848.40	3498	0	72
2025.12.08	17:30:00	6848.24	6864.76	6847.56	6862.98	3660	0	64
2025.12.08	18:00:00	6862.83	6865.72	6849.81	6850.32	4262	0	64
2025.12.08	18:30:00	6850.09	6853.18	6837.35	6842.97	4064	0	72
2025.12.08	19:00:00	6843.19	6847.99	6838.64	6844.36	3474	0	72
2025.12.08	19:30:00	6844.13	6850.25	6843.61	6845.40	2463	0	64
2025.12.08	20:00:00	6845.56	6849.73	6843.63	6848.36	1977	0	64
2025.12.08	20:30:00	6848.52	6860.27	6842.61	6859.26	2904	0	64
2025.12.08	21:00:00	6859.11	6862.20	6855.64	6861.80	976	0	64
2025.12.08	21:30:00	6861.95	6866.92	6860.89	6866.63	1218	0	64
2025.12.08	23:00:00	6867.34	6869.64	6864.43	6865.39	1055	0	64
2025.12.08	23:30:00	6865.23	6871.68	6863.43	6871.39	803	0	64
2025.12.09	00:00:00	6871.42	6871.43	6868.43	6868.86	777	0	64
2025.12.09	00:30:00	6868.91	6870.88	6867.73	6869.98	545	0	64
2025.12.09	01:00:00	6869.95	6871.15	6866.43	6866.68	1024	0	64
2025.12.09	01:30:00	6866.86	6868.16	6862.93	6864.93	983	0	64
2025.12.09	02:00:00	6864.93	6868.37	6862.22	6865.93	783	0	64
2025.12.09	02:30:00	6865.97	6866.62	6863.68	6865.61	721	0	64
2025.12.09	03:00:00	6865.48	6866.43	6864.18	6865.17	527	0	64
2025.12.09	03:30:00	6865.37	6866.63	6863.93	6865.93	643	0	64
2025.12.09	04:00:00	6865.93	6866.18	6864.47	6865.39	367	0	64
2025.12.09	04:30:00	6865.22	6865.43	6863.48	6864.39	385	0	64
2025.12.09	05:00:00	6864.42	6864.68	6861.23	6861.47	543	0	64
2025.12.09	05:30:00	6861.44	6863.60	6860.99	6860.99	400	0	64
2025.12.09	06:00:00	6861.14	6861.18	6858.43	6860.68	562	0	64
2025.12.09	06:30:00	6860.68	6866.18	6860.22	6865.18	750	0	64
2025.12.09	07:00:00	6865.18	6866.92	6864.48	6865.92	687	0	64
2025.12.09	07:30:00	6865.93	6867.92	6864.18	6867.38	672	0	64
2025.12.09	08:00:00	6867.23	6871.21	6866.24	6867.84	1153	0	64
2025.12.09	08:30:00	6867.61	6868.72	6865.30	6866.91	887	0	64
2025.12.09	09:00:00	6866.83	6867.02	6861.31	6862.91	1087	0	64
2025.12.09	09:30:00	6862.81	6864.73	6859.55	6860.48	699	0	72
2025.12.09	10:00:00	6860.33	6865.97	6859.56	6865.71	716	0	72
2025.12.09	10:30:00	6865.66	6865.98	6848.51	6864.12	2899	0	64
2025.12.09	11:00:00	6864.09	6864.73	6855.82	6863.51	1819	0	64
2025.12.09	11:30:00	6863.70	6865.48	6861.85	6864.86	871	0	64
2025.12.09	12:00:00	6865.01	6865.50	6862.60	6863.52	794	0	72
2025.12.09	12:30:00	6863.75	6864.76	6858.61	6862.36	960	0	72
2025.12.09	13:00:00	6862.14	6863.96	6858.37	6860.61	955	0	72
2025.12.09	13:30:00	6860.39	6860.77	6852.36	6853.85	1355	0	72
2025.12.09	14:00:00	6853.65	6855.50	6848.41	6853.90	1603	0	64
2025.12.09	14:30:00	6854.03	6867.82	6850.64	6866.64	9753	0	64
2025.12.09	15:00:00	6866.53	6871.82	6859.88	6864.27	5815	0	64
2025.12.09	15:30:00	6864.50	6868.25	6858.10	6867.36	4201	0	64
2025.12.09	16:00:00	6867.14	6875.81	6866.85	6870.31	2900	0	64
2025.12.09	16:30:00	6870.54	6876.29	6867.60	6872.13	2602	0	64
2025.12.09	17:00:00	6872.27	6875.82	6865.14	6868.91	2453	0	64
2025.12.09	17:30:00	6869.04	6870.81	6858.68	6865.11	3073	0	64
2025.12.09	18:00:00	6864.89	6867.27	6861.11	6864.78	2298	0	64
2025.12.09	18:30:00	6864.65	6865.81	6856.11	6862.90	2724	0	64
2025.12.09	19:00:00	6863.06	6863.79	6858.86	6859.55	2181	0	64
2025.12.09	19:30:00	6859.50	6860.55	6854.36	6858.52	1752	0	64
2025.12.09	20:00:00	6858.36	6860.82	6855.15	6855.40	1508	0	64
2025.12.09	20:30:00	6855.18	6858.03	6848.11	6852.77	2767	0	64
2025.12.09	21:00:00	6852.61	6853.00	6847.40	6848.86	802	0	64
2025.12.09	21:30:00	6848.63	6851.05	6848.40	6849.83	235	0	72
2025.12.09	23:00:00	6851.11	6852.81	6850.65	6851.88	605	0	64
2025.12.09	23:30:00	6851.83	6852.27	6850.35	6850.59	260	0	64
2025.12.10	00:00:00	6850.59	6855.02	6849.37	6851.51	681	0	64
2025.12.10	00:30:00	6851.56	6852.04	6847.38	6847.53	501	0	64
2025.12.10	01:00:00	6847.58	6850.03	6846.58	6848.61	783	0	64
2025.12.10	01:30:00	6848.38	6849.75	6847.13	6848.27	480	0	72
2025.12.10	02:00:00	6848.11	6852.27	6848.11	6851.36	272	0	72
2025.12.10	02:30:00	6851.13	6853.02	6850.61	6851.47	245	0	72
2025.12.10	03:00:00	6851.70	6853.22	6849.56	6849.81	219	0	72
2025.12.10	03:30:00	6849.58	6851.47	6849.08	6851.31	220	0	72
2025.12.10	04:00:00	6851.47	6854.22	6851.47	6853.72	244	0	72
2025.12.10	04:30:00	6853.95	6858.19	6853.80	6855.56	282	0	72
2025.12.10	05:00:00	6855.33	6855.47	6850.08	6851.72	379	0	72
2025.12.10	05:30:00	6851.56	6852.97	6851.06	6852.22	314	0	72
2025.12.10	06:00:00	6852.45	6856.72	6852.08	6855.56	364	0	72
2025.12.10	06:30:00	6855.72	6857.22	6854.58	6855.62	290	0	72
2025.12.10	07:00:00	6855.57	6857.58	6854.14	6857.08	444	0	64
2025.12.10	07:30:00	6857.24	6859.83	6856.59	6859.53	430	0	64
2025.12.10	08:00:00	6859.77	6863.39	6858.25	6860.54	1021	0	64
2025.12.10	08:30:00	6860.64	6862.11	6855.72	6858.76	1090	0	64
2025.12.10	09:00:00	6858.90	6861.42	6854.48	6856.60	1140	0	64
2025.12.10	09:30:00	6856.85	6858.67	6855.24	6856.45	616	0	64
2025.12.10	10:00:00	6856.24	6861.31	6841.50	6841.63	1724	0	64
2025.12.10	10:30:00	6841.48	6848.91	6838.47	6845.00	1667	0	64
2025.12.10	11:00:00	6844.79	6853.82	6843.23	6848.51	1838	0	64
2025.12.10	11:30:00	6848.38	6850.33	6846.59	6849.11	828	0	64
2025.12.10	12:00:00	6849.34	6849.81	6843.21	6845.85	1185	0	64
2025.12.10	12:30:00	6845.83	6847.62	6842.47	6847.23	664	0	72
2025.12.10	13:00:00	6847.00	6860.37	6845.48	6857.96	1038	0	72
2025.12.10	13:30:00	6858.19	6859.72	6850.71	6850.87	1506	0	64
2025.12.10	14:00:00	6850.71	6852.13	6844.20	6847.35	1572	0	64
2025.12.10	14:30:00	6847.58	6855.17	6834.74	6853.11	10930	0	64
2025.12.10	15:00:00	6852.96	6856.37	6848.99	6851.77	5930	0	64
2025.12.10	15:30:00	6851.52	6853.87	6838.45	6844.17	5787	0	64
2025.12.10	16:00:00	6844.38	6860.63	6836.21	6859.21	4549	0	64
2025.12.10	16:30:00	6858.98	6860.41	6851.96	6857.91	3096	0	64
2025.12.10	17:00:00	6857.75	6858.91	6851.45	6853.21	2445	0	64
2025.12.10	17:30:00	6853.37	6864.08	6851.20	6860.37	2424	0	72
2025.12.10	18:00:00	6860.21	6862.37	6848.74	6850.71	2647	0	72
2025.12.10	18:30:00	6850.50	6855.58	6846.25	6850.36	2989	0	72
2025.12.10	19:00:00	6850.48	6879.26	6848.80	6863.91	15568	0	64
2025.12.10	19:30:00	6863.78	6903.06	6855.38	6901.56	19957	0	64
2025.12.10	20:00:00	6901.41	6910.56	6893.64	6904.07	11123	0	64
2025.12.10	20:30:00	6904.28	6912.55	6894.43	6898.07	6500	0	64
2025.12.10	21:00:00	6897.91	6899.82	6889.92	6896.98	2100	0	64
2025.12.10	21:30:00	6896.83	6900.57	6894.95	6897.88	474	0	64
2025.12.10	23:00:00	6894.05	6896.42	6885.88	6887.13	1199	0	64
2025.12.10	23:30:00	6886.98	6889.63	6886.35	6888.14	596	0	64
2025.12.11	00:00:00	6888.13	6888.55	6883.44	6886.68	1274	0	64
2025.12.11	00:30:00	6886.65	6886.65	6877.18	6879.86	1093	0	64
2025.12.11	01:00:00	6879.71	6880.59	6876.92	6879.14	1274	0	64
2025.12.11	01:30:00	6879.32	6880.59	6874.43	6875.09	1007	0	64
2025.12.11	02:00:00	6874.92	6875.09	6864.71	6865.62	1414	0	64
2025.12.11	02:30:00	6865.85	6866.37	6853.23	6857.35	2515	0	72
2025.12.11	03:00:00	6857.60	6857.62	6823.39	6840.12	6672	0	72
2025.12.11	03:30:00	6839.96	6843.12	6832.48	6840.98	2764	0	72
2025.12.11	04:00:00	6841.12	6847.37	6838.46	6842.12	1757	0	72
2025.12.11	04:30:00	6841.96	6845.85	6839.71	6843.21	1184	0	72
2025.12.11	05:00:00	6842.98	6844.35	6836.78	6837.17	1279	0	72
2025.12.11	05:30:00	6837.01	6843.92	6835.76	6842.26	1157	0	72
2025.12.11	06:00:00	6842.42	6844.17	6834.76	6835.18	1202	0	72
2025.12.11	06:30:00	6835.01	6843.02	6835.01	6842.64	1259	0	72
2025.12.11	07:00:00	6842.79	6843.38	6834.65	6843.09	1612	0	64
2025.12.11	07:30:00	6843.13	6847.80	6842.63	6846.75	1490	0	64
2025.12.11	08:00:00	6846.66	6847.34	6835.28	6836.27	3085	0	64
2025.12.11	08:30:00	6836.42	6848.19	6834.06	6847.30	2175	0	64
2025.12.11	09:00:00	6847.09	6856.71	6845.56	6853.45	1964	0	64
2025.12.11	09:30:00	6853.32	6863.18	6852.93	6860.54	1528	0	64
2025.12.11	10:00:00	6860.71	6862.42	6856.09	6860.73	1610	0	64
2025.12.11	10:30:00	6860.91	6861.22	6857.00	6858.06	1069	0	64
2025.12.11	11:00:00	6858.17	6861.91	6856.65	6860.57	948	0	64
2025.12.11	11:30:00	6860.49	6869.45	6858.79	6867.94	1142	0	64
2025.12.11	12:00:00	6867.64	6879.68	6867.25	6878.90	1494	0	64
2025.12.11	12:30:00	6879.13	6882.18	6877.00	6879.52	1492	0	64
2025.12.11	13:00:00	6879.30	6880.68	6874.51	6875.25	1209	0	64
2025.12.11	13:30:00	6875.15	6876.67	6867.77	6869.67	1910	0	64
2025.12.11	14:00:00	6869.90	6878.66	6868.50	6873.80	1766	0	64
2025.12.11	14:30:00	6873.65	6880.45	6844.78	6848.02	17767	0	64
2025.12.11	15:00:00	6848.18	6890.14	6843.50	6884.70	12099	0	64
2025.12.11	15:30:00	6884.56	6886.67	6862.54	6879.26	10750	0	64
2025.12.11	16:00:00	6879.42	6883.33	6866.00	6868.02	8613	0	64
2025.12.11	16:30:00	6867.79	6891.92	6867.29	6877.01	7708	0	72
2025.12.11	17:00:00	6877.17	6901.16	6876.00	6895.67	6119	0	64
2025.12.11	17:30:00	6895.90	6902.42	6891.76	6895.00	4178	0	64
2025.12.11	18:00:00	6894.79	6903.93	6893.05	6898.16	4135	0	72
2025.12.11	18:30:00	6898.01	6908.38	6895.17	6901.77	3871	0	64
2025.12.11	19:00:00	6901.92	6910.17	6900.55	6908.77	3048	0	64
2025.12.11	19:30:00	6908.92	6914.68	6908.01	6910.54	2379	0	64
2025.12.11	20:00:00	6910.68	6913.66	6906.04	6906.21	2419	0	64
2025.12.11	20:30:00	6906.05	6913.93	6902.05	6913.51	4053	0	64
2025.12.11	21:00:00	6913.67	6929.41	6912.51	6927.67	3694	0	64
2025.12.11	21:30:00	6927.91	6934.13	6922.51	6930.27	1050	0	64
2025.12.11	23:00:00	6917.00	6921.05	6908.79	6909.23	1677	0	64
2025.12.11	23:30:00	6909.37	6912.73	6909.35	6909.82	704	0	64
2025.12.12	00:00:00	6909.40	6910.53	6904.33	6909.71	1762	0	64
2025.12.12	00:30:00	6909.76	6913.28	6905.86	6906.78	1352	0	64
2025.12.12	01:00:00	6906.65	6912.74	6906.59	6912.49	1494	0	64
2025.12.12	01:30:00	6912.32	6912.53	6909.28	6912.39	967	0	64
2025.12.12	02:00:00	6912.13	6916.72	6911.58	6914.28	1041	0	64
2025.12.12	02:30:00	6914.46	6917.47	6913.80	6915.32	684	0	64
2025.12.12	03:00:00	6915.49	6916.28	6910.54	6911.59	828	0	64
2025.12.12	03:30:00	6911.55	6914.98	6911.05	6912.29	790	0	64
2025.12.12	04:00:00	6912.28	6912.78	6909.07	6909.83	551	0	64
2025.12.12	04:30:00	6909.98	6911.97	6909.57	6910.49	575	0	64
2025.12.12	05:00:00	6910.32	6913.47	6910.28	6912.53	926	0	64
2025.12.12	05:30:00	6912.70	6919.13	6912.32	6917.65	708	0	64
2025.12.12	06:00:00	6917.45	6919.57	6917.38	6918.59	707	0	64
2025.12.12	06:30:00	6918.47	6918.88	6913.18	6913.92	757	0	64
2025.12.12	07:00:00	6913.88	6914.33	6911.20	6912.33	765	0	64
2025.12.12	07:30:00	6912.18	6914.04	6910.88	6911.88	829	0	64
2025.12.12	08:00:00	6911.75	6917.28	6910.07	6916.26	1589	0	64
2025.12.12	08:30:00	6916.13	6919.22	6913.56	6916.36	1082	0	64
2025.12.12	09:00:00	6916.05	6917.26	6904.84	6904.95	1955	0	64
2025.12.12	09:30:00	6904.86	6906.23	6899.81	6904.45	1853	0	64
2025.12.12	10:00:00	6904.68	6909.96	6902.84	6903.82	1393	0	64
2025.12.12	10:30:00	6903.87	6906.47	6899.81	6905.79	1003	0	72
2025.12.12	11:00:00	6905.60	6908.26	6903.05	6904.84	956	0	64
2025.12.12	11:30:00	6904.84	6906.50	6897.81	6900.52	1551	0	64
2025.12.12	12:00:00	6900.62	6905.86	6897.35	6904.85	1481	0	64
2025.12.12	12:30:00	6904.61	6909.00	6900.80	6904.63	1785	0	64
2025.12.12	13:00:00	6904.40	6911.72	6902.90	6909.42	1406	0	64
2025.12.12	13:30:00	6909.67	6915.77	6907.06	6915.60	1263	0	64
2025.12.12	14:00:00	6915.74	6916.48	6903.23	6903.73	1598	0	64
2025.12.12	14:30:00	6903.89	6910.73	6893.60	6896.72	10533	0	64
2025.12.12	15:00:00	6896.57	6897.20	6857.86	6858.82	12605	0	64
2025.12.12	15:30:00	6858.59	6877.48	6834.35	6838.56	15453	0	64
2025.12.12	16:00:00	6838.36	6845.97	6817.76	6833.76	21336	0	64
2025.12.12	16:30:00	6833.99	6833.99	6812.80	6827.47	12727	0	64
2025.12.12	17:00:00	6827.31	6851.46	6824.52	6835.98	8116	0	64
2025.12.12	17:30:00	6835.82	6853.47	6830.83	6847.93	6132	0	72
2025.12.12	18:00:00	6847.90	6864.51	6845.05	6859.72	7887	0	64
2025.12.12	18:30:00	6859.93	6860.22	6846.06	6846.81	5231	0	72
2025.12.12	19:00:00	6846.97	6847.97	6833.70	6836.23	6070	0	64
2025.12.12	19:30:00	6836.25	6844.35	6835.96	6841.32	5388	0	64
2025.12.12	20:00:00	6841.23	6846.35	6832.09	6834.57	4764	0	64
2025.12.12	20:30:00	6834.72	6840.60	6821.71	6839.36	8864	0	64
2025.12.12	21:00:00	6839.58	6844.88	6837.71	6841.48	2216	0	64
2025.12.12	21:30:00	6841.33	6843.50	6840.70	6841.86	625	0	64
2025.12.14	23:00:00	6843.70	6846.50	6827.16	6836.93	2765	0	64
2025.12.14	23:30:00	6836.93	6843.37	6836.73	6841.83	1363	0	64
2025.12.15	00:00:00	6841.72	6846.93	6840.18	6846.48	2263	0	64
2025.12.15	00:30:00	6846.63	6852.87	6846.47	6851.43	1245	0	64
2025.12.15	01:00:00	6851.43	6852.41	6847.93	6850.93	1630	0	64
2025.12.15	01:30:00	6850.93	6856.68	6850.72	6856.24	1580	0	64
2025.12.15	02:00:00	6856.39	6858.64	6854.26	6857.91	1019	0	64
2025.12.15	02:30:00	6857.93	6859.87	6853.46	6855.25	861	0	64
2025.12.15	03:00:00	6855.39	6857.39	6852.97	6853.71	703	0	64
2025.12.15	03:30:00	6853.69	6855.39	6852.68	6855.01	696	0	64
2025.12.15	04:00:00	6855.11	6855.88	6850.99	6854.97	645	0	64
2025.12.15	04:30:00	6855.12	6859.93	6853.78	6858.93	650	0	64
2025.12.15	05:00:00	6858.81	6859.61	6855.72	6858.05	669	0	64
2025.12.15	05:30:00	6857.94	6860.64	6857.43	6859.46	603	0	64
2025.12.15	06:00:00	6859.27	6859.39	6854.31	6856.71	793	0	64
2025.12.15	06:30:00	6856.51	6860.68	6854.47	6858.89	701	0	64
2025.12.15	07:00:00	6858.72	6860.88	6852.43	6853.73	1111	0	64
2025.12.15	07:30:00	6853.69	6856.61	6852.47	6854.24	1594	0	64
2025.12.15	08:00:00	6854.36	6857.52	6850.85	6855.89	2223	0	64
2025.12.15	08:30:00	6855.98	6865.52	6855.24	6863.35	1355	0	64
2025.12.15	09:00:00	6863.14	6869.02	6860.85	6867.98	1398	0	64
2025.12.15	09:30:00	6867.85	6871.72	6867.22	6870.85	946	0	64
2025.12.15	10:00:00	6870.74	6874.02	6869.35	6872.47	880	0	64
2025.12.15	10:30:00	6872.38	6874.02	6870.09	6873.51	702	0	64
2025.12.15	11:00:00	6873.62	6874.01	6871.48	6872.76	615	0	64
2025.12.15	11:30:00	6872.71	6875.71	6872.33	6874.22	566	0	64
2025.12.15	12:00:00	6874.09	6874.23	6867.89	6869.11	929	0	64
2025.12.15	12:30:00	6869.25	6875.95	6868.98	6873.57	927	0	64
2025.12.15	13:00:00	6873.62	6874.01	6869.35	6872.85	944	0	64
2025.12.15	13:30:00	6873.00	6877.24	6871.86	6876.61	1098	0	64
2025.12.15	14:00:00	6876.38	6881.47	6875.09	6880.00	1597	0	64
2025.12.15	14:30:00	6880.20	6880.61	6844.85	6846.26	16496	0	64
2025.12.15	15:00:00	6846.13	6847.48	6813.34	6818.84	15846	0	64
2025.12.15	15:30:00	6818.99	6842.76	6816.56	6832.35	12841	0	64
2025.12.15	16:00:00	6832.49	6851.51	6827.10	6848.73	9503	0	64
2025.12.15	16:30:00	6848.95	6850.00	6821.59	6829.12	9549	0	64
2025.12.15	17:00:00	6829.23	6833.76	6822.40	6826.97	6755	0	64
2025.12.15	17:30:00	6826.81	6835.01	6814.05	6825.52	6645	0	64
2025.12.15	18:00:00	6825.36	6832.39	6815.50	6820.60	5601	0	64
2025.12.15	18:30:00	6820.47	6834.93	6816.69	6831.01	5336	0	64
2025.12.15	19:00:00	6830.85	6836.26	6825.09	6829.01	4545	0	64
2025.12.15	19:30:00	6828.95	6838.74	6825.05	6837.86	4351	0	64
2025.12.15	20:00:00	6837.64	6838.27	6827.56	6831.21	4007	0	64
2025.12.15	20:30:00	6831.44	6836.23	6826.05	6828.06	5674	0	64
2025.12.15	21:00:00	6827.83	6832.69	6826.56	6828.25	1501	0	64
2025.12.15	21:30:00	6828.12	6831.74	6828.12	6830.75	377	0	64
2025.12.15	23:00:00	6833.18	6835.14	6828.93	6830.14	809	0	72
2025.12.15	23:30:00	6830.31	6830.84	6819.95	6824.63	1455	0	64
2025.12.16	00:00:00	6824.68	6826.93	6812.93	6822.39	3262	0	64
2025.12.16	00:30:00	6822.42	6824.36	6815.47	6815.90	2131	0	64
2025.12.16	01:00:00	6816.09	6819.68	6812.93	6816.00	2323	0	64
2025.12.16	01:30:00	6815.95	6817.68	6788.25	6796.48	6854	0	64
2025.12.16	02:00:00	6796.43	6802.60	6791.72	6800.73	3010	0	64
2025.12.16	02:30:00	6800.50	6801.36	6792.74	6796.22	2452	0	64
2025.12.16	03:00:00	6796.34	6799.37	6791.53	6793.88	1568	0	64
2025.12.16	03:30:00	6794.08	6801.86	6788.93	6800.18	1705	0	64
2025.12.16	04:00:00	6800.00	6800.64	6793.22	6797.43	1572	0	64
2025.12.16	04:30:00	6797.43	6803.06	6796.72	6800.69	1245	0	64
2025.12.16	05:00:00	6800.49	6801.13	6795.68	6795.69	1574	0	64
2025.12.16	05:30:00	6795.68	6796.33	6787.48	6788.61	1465	0	64
2025.12.16	06:00:00	6788.66	6792.78	6787.22	6790.43	1686	0	64
2025.12.16	06:30:00	6790.43	6792.64	6788.18	6792.62	1181	0	64
2025.12.16	07:00:00	6792.86	6795.14	6790.73	6793.23	1375	0	64
2025.12.16	07:30:00	6793.39	6793.89	6782.50	6791.62	2773	0	64
2025.12.16	08:00:00	6791.86	6803.52	6791.24	6802.51	2555	0	64
2025.12.16	08:30:00	6802.36	6807.52	6799.82	6806.61	1871	0	64
2025.12.16	09:00:00	6806.75	6810.77	6803.86	6808.22	1531	0	64
2025.12.16	09:30:00	6808.37	6810.52	6796.55	6800.06	1831	0	64
2025.12.16	10:00:00	6800.21	6812.03	6797.05	6811.34	1583	0	64
2025.12.16	10:30:00	6811.50	6819.47	6809.05	6814.07	1181	0	64
2025.12.16	11:00:00	6814.12	6815.96	6812.06	6814.48	1256	0	64
2025.12.16	11:30:00	6814.73	6823.51	6812.56	6823.35	1298	0	64
2025.12.16	12:00:00	6823.49	6828.71	6820.61	6825.76	1409	0	64
2025.12.16	12:30:00	6825.89	6829.33	6824.06	6824.37	1458	0	64
2025.12.16	13:00:00	6824.14	6827.51	6818.06	6821.99	2393	0	64
2025.12.16	13:30:00	6822.13	6841.29	6814.59	6817.45	6997	0	64
2025.12.16	14:00:00	6817.30	6823.70	6809.85	6810.94	3683	0	64
2025.12.16	14:30:00	6811.19	6829.50	6795.49	6826.86	27463	0	64
2025.12.16	15:00:00	6827.02	6829.95	6782.34	6795.13	19860	0	64
2025.12.16	15:30:00	6794.98	6812.52	6788.30	6808.47	15384	0	64
2025.12.16	16:00:00	6808.32	6811.52	6786.19	6789.56	10861	0	64
2025.12.16	16:30:00	6789.43	6802.98	6784.10	6801.05	8593	0	64
2025.12.16	17:00:00	6801.22	6807.46	6787.85	6791.56	7109	0	72
2025.12.16	17:30:00	6791.36	6800.72	6771.99	6773.32	7060	0	64
2025.12.16	18:00:00	6773.09	6779.26	6767.00	6772.96	7701	0	64
2025.12.16	18:30:00	6772.81	6803.98	6772.56	6796.21	7198	0	64
2025.12.16	19:00:00	6796.06	6796.51	6775.31	6787.31	7600	0	64
2025.12.16	19:30:00	6787.09	6802.97	6786.10	6796.47	5727	0	64
2025.12.16	20:00:00	6796.31	6809.48	6795.07	6808.96	4222	0	72
2025.12.16	20:30:00	6808.91	6822.72	6804.74	6805.06	7526	0	64
2025.12.16	21:00:00	6805.20	6806.73	6794.45	6798.80	2484	0	72
2025.12.16	21:30:00	6798.59	6802.23	6796.51	6797.73	750	0	64
2025.12.16	23:00:00	6803.36	6804.44	6792.76	6800.44	1404	0	64
2025.12.16	23:30:00	6800.49	6805.03	6795.03	6795.63	1707	0	64
2025.12.17	00:00:00	6795.56	6796.03	6785.58	6793.28	3969	0	64
2025.12.17	00:30:00	6793.28	6798.49	6789.34	6793.74	2423	0	64
2025.12.17	01:00:00	6793.94	6803.94	6793.94	6800.24	2821	0	64
2025.12.17	01:30:00	6799.88	6805.99	6795.57	6805.58	2381	0	64
2025.12.17	02:00:00	6805.73	6805.99	6799.08	6805.23	2096	0	64
2025.12.17	02:30:00	6805.08	6807.03	6802.32	6804.98	1328	0	64
2025.12.17	03:00:00	6805.20	6807.53	6803.85	6806.94	1107	0	64
2025.12.17	03:30:00	6806.83	6807.03	6800.60	6801.97	1245	0	64
2025.12.17	04:00:00	6802.21	6806.21	6797.34	6799.18	1039	0	64
2025.12.17	04:30:00	6799.15	6799.99	6795.86	6796.98	1161	0	64
2025.12.17	05:00:00	6797.02	6799.51	6793.07	6795.53	1431	0	64
2025.12.17	05:30:00	6795.53	6804.03	6795.33	6803.11	1058	0	64
2025.12.17	06:00:00	6803.06	6813.74	6803.03	6812.24	1412	0	64
2025.12.17	06:30:00	6812.09	6813.98	6809.33	6809.99	851	0	64
2025.12.17	07:00:00	6810.02	6817.99	6808.29	6812.28	1768	0	64
2025.12.17	07:30:00	6812.45	6816.21	6809.80	6812.87	1343	0	64
2025.12.17	08:00:00	6812.91	6815.33	6807.96	6814.12	2839	0	64
2025.12.17	08:30:00	6813.97	6819.35	6811.49	6814.95	2081	0	64
2025.12.17	09:00:00	6814.76	6821.82	6812.45	6819.82	1946	0	64
2025.12.17	09:30:00	6819.68	6827.86	6818.80	6826.36	1393	0	64
2025.12.17	10:00:00	6826.20	6831.07	6825.20	6828.83	980	0	64
2025.12.17	10:30:00	6829.05	6832.56	6826.92	6830.90	1146	0	72
2025.12.17	11:00:00	6830.97	6832.78	6826.69	6828.43	1026	0	64
2025.12.17	11:30:00	6828.21	6832.07	6827.92	6831.40	925	0	64
2025.12.17	12:00:00	6831.56	6832.11	6827.73	6828.48	1147	0	64
2025.12.17	12:30:00	6828.47	6832.82	6827.91	6828.91	764	0	72
2025.12.17	13:00:00	6829.06	6830.82	6813.19	6823.60	3627	0	64
2025.12.17	13:30:00	6823.45	6830.72	6817.93	6823.87	2390	0	64
2025.12.17	14:00:00	6824.00	6828.04	6815.17	6815.66	2363	0	64
2025.12.17	14:30:00	6815.45	6821.33	6791.70	6808.36	20743	0	64
2025.12.17	15:00:00	6808.20	6812.36	6796.41	6804.57	14155	0	64
2025.12.17	15:30:00	6804.42	6807.08	6754.41	6760.23	17139	0	64
2025.12.17	16:00:00	6759.99	6771.28	6748.81	6760.73	15279	0	64
2025.12.17	16:30:00	6760.86	6762.00	6744.58	6756.31	11799	0	64
2025.12.17	17:00:00	6756.46	6764.73	6745.06	6755.45	8958	0	64
2025.12.17	17:30:00	6755.59	6764.97	6743.59	6751.87	7806	0	64
2025.12.17	18:00:00	6751.98	6762.67	6743.54	6747.08	6561	0	64
2025.12.17	18:30:00	6746.84	6749.69	6733.80	6738.47	6498	0	64
2025.12.17	19:00:00	6738.33	6743.47	6733.81	6738.08	5685	0	64
2025.12.17	19:30:00	6737.85	6746.23	6735.55	6744.70	5092	0	64
2025.12.17	20:00:00	6744.56	6746.47	6735.81	6738.57	4043	0	64
2025.12.17	20:30:00	6738.72	6743.73	6726.11	6726.77	6577	0	64
2025.12.17	21:00:00	6727.00	6744.81	6727.00	6738.67	2519	0	64
2025.12.17	21:30:00	6738.80	6742.06	6734.59	6736.59	1050	0	64
2025.12.17	23:00:00	6741.51	6743.47	6732.75	6738.14	1457	0	64
2025.12.17	23:30:00	6738.18	6742.39	6731.25	6732.89	1557	0	64
2025.12.18	00:00:00	6733.11	6741.64	6726.72	6735.14	5002	0	64
2025.12.18	00:30:00	6735.00	6743.43	6732.93	6742.89	2347	0	64
2025.12.18	01:00:00	6742.72	6743.68	6736.76	6740.63	2435	0	64
2025.12.18	01:30:00	6740.68	6742.18	6733.72	6735.36	2268	0	64
2025.12.18	02:00:00	6735.23	6745.55	6733.93	6737.47	2847	0	64
2025.12.18	02:30:00	6737.61	6741.40	6734.78	6736.20	1335	0	64
2025.12.18	03:00:00	6736.18	6736.68	6721.98	6724.36	1874	0	64
2025.12.18	03:30:00	6724.43	6732.93	6724.22	6730.72	1446	0	64
2025.12.18	04:00:00	6730.88	6735.83	6729.76	6734.64	1338	0	64
2025.12.18	04:30:00	6734.49	6739.64	6733.93	6739.18	909	0	64
2025.12.18	05:00:00	6739.34	6739.86	6733.48	6735.11	1131	0	64
2025.12.18	05:30:00	6735.18	6739.38	6733.93	6736.47	1118	0	64
2025.12.18	06:00:00	6736.63	6737.88	6734.70	6736.72	1024	0	64
2025.12.18	06:30:00	6736.51	6738.37	6731.20	6736.47	1236	0	64
2025.12.18	07:00:00	6736.64	6745.35	6736.27	6744.20	1924	0	64
2025.12.18	07:30:00	6744.00	6746.18	6742.51	6744.22	1178	0	64
2025.12.18	08:00:00	6744.18	6748.02	6739.86	6741.60	2342	0	64
2025.12.18	08:30:00	6741.74	6751.52	6740.86	6749.13	1998	0	64
2025.12.18	09:00:00	6748.89	6751.52	6745.61	6749.56	1788	0	64
2025.12.18	09:30:00	6749.61	6758.27	6749.58	6758.09	1230	0	64
2025.12.18	10:00:00	6758.24	6758.73	6753.09	6755.98	743	0	64
2025.12.18	10:30:00	6755.83	6758.97	6754.14	6755.81	898	0	64
2025.12.18	11:00:00	6755.95	6761.02	6754.79	6759.11	756	0	64
2025.12.18	11:30:00	6758.86	6762.26	6757.59	6761.48	776	0	64
2025.12.18	12:00:00	6761.52	6762.75	6757.11	6757.11	1187	0	64
2025.12.18	12:30:00	6756.98	6759.21	6754.29	6755.83	1183	0	64
2025.12.18	13:00:00	6755.99	6760.93	6751.65	6759.59	1373	0	64
2025.12.18	13:30:00	6759.73	6788.83	6759.73	6780.45	7028	0	64
2025.12.18	14:00:00	6780.22	6791.56	6779.71	6791.04	2726	0	64
2025.12.18	14:30:00	6791.28	6801.36	6771.96	6795.66	19979	0	64
2025.12.18	15:00:00	6795.83	6806.36	6776.15	6805.35	13644	0	64
2025.12.18	15:30:00	6805.22	6821.82	6801.93	6816.12	8650	0	64
2025.12.18	16:00:00	6815.96	6822.54	6810.91	6813.19	6333	0	64
2025.12.18	16:30:00	6813.32	6822.92	6808.91	6811.07	5292	0	64
2025.12.18	17:00:00	6810.91	6811.30	6763.16	6771.92	14256	0	64
2025.12.18	17:30:00	6772.08	6801.83	6769.18	6798.41	9778	0	64
2025.12.18	18:00:00	6798.57	6805.54	6790.43	6803.16	6076	0	64
2025.12.18	18:30:00	6803.32	6811.86	6794.95	6797.11	5545	0	64
2025.12.18	19:00:00	6796.95	6797.57	6780.40	6786.07	8769	0	64
2025.12.18	19:30:00	6786.29	6787.57	6767.54	6771.92	7311	0	64
2025.12.18	20:00:00	6771.70	6793.62	6769.18	6791.32	6846	0	64
2025.12.18	20:30:00	6791.16	6801.07	6779.43	6779.66	6926	0	72
2025.12.18	21:00:00	6779.82	6780.81	6771.40	6774.55	1651	0	72
2025.12.18	21:30:00	6774.78	6775.53	6771.67	6774.44	405	0	72
2025.12.18	23:00:00	6777.29	6780.58	6771.58	6774.42	1233	0	64
2025.12.18	23:30:00	6774.47	6781.53	6773.32	6781.53	1110	0	64
2025.12.19	00:00:00	6781.60	6782.96	6775.03	6777.57	2090	0	64
2025.12.19	00:30:00	6777.74	6781.49	6774.58	6780.03	1265	0	64
2025.12.19	01:00:00	6780.03	6780.28	6773.82	6778.07	1540	0	64
2025.12.19	01:30:00	6778.04	6784.73	6774.03	6782.37	1592	0	64
2025.12.19	02:00:00	6782.12	6784.24	6779.04	6782.14	1090	0	64
2025.12.19	02:30:00	6782.07	6785.01	6777.28	6777.57	1113	0	64
2025.12.19	03:00:00	6777.55	6787.73	6774.09	6783.53	1855	0	64
2025.12.19	03:30:00	6783.37	6788.53	6781.58	6786.23	1605	0	64
2025.12.19	04:00:00	6786.46	6788.27	6783.09	6784.99	1053	0	64
2025.12.19	04:30:00	6784.83	6786.60	6782.66	6785.78	786	0	64
2025.12.19	05:00:00	6785.63	6786.22	6780.28	6782.24	755	0	64
2025.12.19	05:30:00	6782.46	6785.24	6779.03	6779.53	841	0	64
2025.12.19	06:00:00	6779.53	6782.51	6777.54	6778.53	854	0	64
2025.12.19	06:30:00	6778.53	6780.25	6772.40	6778.98	1019	0	64
2025.12.19	07:00:00	6779.21	6793.02	6779.07	6789.58	1558	0	64
2025.12.19	07:30:00	6789.34	6792.03	6785.07	6791.63	1203	0	64
2025.12.19	08:00:00	6791.37	6799.80	6789.47	6793.23	2588	0	64
2025.12.19	08:30:00	6793.00	6803.09	6792.96	6799.95	1649	0	64
2025.12.19	09:00:00	6799.83	6804.86	6796.46	6804.31	1842	0	64
2025.12.19	09:30:00	6804.26	6806.07	6801.75	6804.70	1147	0	64
2025.12.19	10:00:00	6804.83	6805.06	6797.69	6803.11	1229	0	64
2025.12.19	10:30:00	6802.96	6804.08	6797.49	6798.54	1119	0	64
2025.12.19	11:00:00	6798.36	6798.83	6789.45	6797.27	1663	0	64
2025.12.19	11:30:00	6797.27	6799.52	6792.40	6793.91	1123	0	64
2025.12.19	12:00:00	6794.08	6797.68	6788.40	6792.97	1783	0	64
2025.12.19	12:30:00	6792.98	6794.77	6780.92	6781.81	1700	0	64
2025.12.19	13:00:00	6781.67	6786.62	6780.71	6786.55	1453	0	64
2025.12.19	13:30:00	6786.51	6792.33	6783.12	6787.66	1817	0	72
2025.12.19	14:00:00	6787.71	6800.82	6783.41	6799.27	3092	0	64
2025.12.19	14:30:00	6799.47	6833.11	6797.65	6832.27	14600	0	64
2025.12.19	15:00:00	6831.96	6839.28	6818.69	6826.16	10190	0	64
2025.12.19	15:30:00	6825.95	6835.57	6820.91	6824.07	7463	0	64
2025.12.19	16:00:00	6823.91	6837.10	6819.91	6836.16	5329	0	64
2025.12.19	16:30:00	6836.32	6839.82	6827.90	6831.35	4414	0	64
2025.12.19	17:00:00	6831.58	6842.86	6830.72	6841.09	3273	0	64
2025.12.19	17:30:00	6841.33	6844.87	6837.47	6840.95	2523	0	64
2025.12.19	18:00:00	6841.01	6845.37	6838.91	6841.83	2092	0	64
2025.12.19	18:30:00	6842.08	6842.83	6835.95	6836.57	2006	0	64
2025.12.19	19:00:00	6836.41	6842.36	6836.41	6840.70	1755	0	64
2025.12.19	19:30:00	6840.47	6844.32	6839.45	6840.33	1397	0	64
2025.12.19	20:00:00	6840.29	6842.57	6837.96	6839.57	1912	0	64
2025.12.19	20:30:00	6839.41	6842.32	6831.16	6840.41	4414	0	72
2025.12.19	21:00:00	6840.18	6843.07	6838.16	6842.34	784	0	72
2025.12.19	21:30:00	6842.11	6846.82	6841.34	6844.19	360	0	72
2025.12.21	23:00:00	6858.97	6862.43	6854.34	6856.05	1239	0	72
2025.12.21	23:30:00	6855.89	6860.84	6855.84	6859.64	622	0	64
2025.12.22	00:00:00	6859.63	6861.10	6853.93	6854.69	1118	0	64
2025.12.22	00:30:00	6854.79	6856.59	6853.93	6854.13	693	0	64
2025.12.22	01:00:00	6854.31	6861.80	6854.18	6861.13	1004	0	64
2025.12.22	01:30:00	6861.13	6862.36	6860.14	6860.40	593	0	64
2025.12.22	02:00:00	6860.38	6861.32	6858.64	6860.18	420	0	64
2025.12.22	02:30:00	6860.34	6861.59	6859.40	6861.42	352	0	64
2025.12.22	03:00:00	6861.59	6862.38	6858.13	6858.34	363	0	64
2025.12.22	03:30:00	6858.19	6858.87	6857.38	6857.83	358	0	64
2025.12.22	04:00:00	6858.02	6859.82	6856.97	6858.59	352	0	64
2025.12.22	04:30:00	6858.62	6859.12	6857.43	6857.84	231	0	64
2025.12.22	05:00:00	6857.68	6858.63	6855.13	6855.13	402	0	64
2025.12.22	05:30:00	6855.03	6857.38	6854.88	6856.63	222	0	64
2025.12.22	06:00:00	6856.63	6858.82	6856.63	6857.88	250	0	64
2025.12.22	06:30:00	6857.73	6861.13	6857.14	6860.09	300	0	64
2025.12.22	07:00:00	6860.12	6864.83	6859.93	6862.65	505	0	64
2025.12.22	07:30:00	6862.80	6865.11	6862.68	6863.68	373	0	64
2025.12.22	08:00:00	6863.80	6866.40	6861.98	6864.28	972	0	64
2025.12.22	08:30:00	6864.44	6864.96	6858.28	6859.17	822	0	64
2025.12.22	09:00:00	6859.11	6864.71	6858.75	6863.80	882	0	64
2025.12.22	09:30:00	6863.85	6865.71	6863.30	6863.97	644	0	64
2025.12.22	10:00:00	6864.16	6865.72	6863.06	6864.71	486	0	64
2025.12.22	10:30:00	6864.55	6865.46	6863.80	6864.28	460	0	64
2025.12.22	11:00:00	6864.46	6866.95	6864.29	6866.20	468	0	64
2025.12.22	11:30:00	6866.15	6866.45	6863.34	6864.20	522	0	64
2025.12.22	12:00:00	6864.43	6867.22	6862.76	6867.04	616	0	64
2025.12.22	12:30:00	6866.83	6868.70	6865.05	6868.07	645	0	64
2025.12.22	13:00:00	6868.20	6872.41	6867.27	6871.68	547	0	64
2025.12.22	13:30:00	6871.52	6872.92	6868.01	6872.51	630	0	72
2025.12.22	14:00:00	6872.28	6876.93	6872.25	6875.01	1010	0	64
2025.12.22	14:30:00	6875.17	6881.19	6865.05	6875.54	11597	0	64
2025.12.22	15:00:00	6875.69	6876.96	6864.29	6873.29	6370	0	64
2025.12.22	15:30:00	6873.42	6875.39	6862.25	6872.04	4974	0	64
2025.12.22	16:00:00	6872.20	6885.67	6872.00	6882.67	2751	0	64
2025.12.22	16:30:00	6882.90	6885.47	6879.28	6885.47	1916	0	64
2025.12.22	17:00:00	6885.68	6886.72	6881.05	6882.20	1496	0	64
2025.12.22	17:30:00	6882.43	6889.72	6881.54	6888.21	1446	0	64
2025.12.22	18:00:00	6888.06	6888.23	6879.05	6882.71	1641	0	64
2025.12.22	18:30:00	6882.55	6884.68	6879.31	6880.69	1261	0	64
2025.12.22	19:00:00	6880.55	6883.21	6877.79	6883.05	1379	0	64
2025.12.22	19:30:00	6883.21	6885.72	6882.30	6883.46	1269	0	64
2025.12.22	20:00:00	6883.69	6885.97	6882.29	6884.81	1243	0	64
2025.12.22	20:30:00	6884.96	6886.96	6881.58	6883.07	2371	0	64
2025.12.22	21:00:00	6882.82	6885.94	6882.53	6882.95	528	0	64
2025.12.22	21:30:00	6883.18	6883.98	6882.33	6883.98	143	0	64
2025.12.22	23:00:00	6884.74	6887.49	6883.84	6885.79	586	0	72
2025.12.22	23:30:00	6885.79	6887.33	6884.04	6885.03	320	0	64
2025.12.23	00:00:00	6884.88	6886.19	6883.83	6884.88	510	0	64
2025.12.23	00:30:00	6884.69	6886.58	6883.83	6886.58	340	0	64
2025.12.23	01:00:00	6886.43	6887.58	6884.41	6885.07	525	0	64
2025.12.23	01:30:00	6884.93	6887.33	6882.65	6885.33	618	0	64
2025.12.23	02:00:00	6885.33	6889.83	6885.08	6887.37	478	0	64
2025.12.23	02:30:00	6887.34	6888.78	6885.33	6887.04	453	0	64
2025.12.23	03:00:00	6887.08	6888.22	6884.83	6885.33	353	0	64
2025.12.23	03:30:00	6885.52	6886.06	6884.08	6884.51	263	0	64
2025.12.23	04:00:00	6884.37	6884.98	6882.91	6883.33	266	0	64
2025.12.23	04:30:00	6883.33	6883.83	6879.58	6880.08	247	0	64
2025.12.23	05:00:00	6880.08	6881.31	6878.83	6880.88	360	0	64
2025.12.23	05:30:00	6880.84	6881.05	6879.08	6879.08	261	0	64
2025.12.23	06:00:00	6879.08	6879.99	6876.83	6877.10	445	0	64
2025.12.23	06:30:00	6877.08	6878.77	6876.58	6878.51	398	0	64
2025.12.23	07:00:00	6878.58	6879.83	6877.14	6879.33	390	0	64
2025.12.23	07:30:00	6879.48	6881.04	6877.64	6879.41	341	0	64
2025.12.23	08:00:00	6879.53	6886.38	6878.68	6884.49	891	0	64
2025.12.23	08:30:00	6884.55	6885.67	6882.50	6883.50	655	0	64
2025.12.23	09:00:00	6883.31	6888.65	6883.14	6888.02	686	0	64
2025.12.23	09:30:00	6888.15	6890.91	6888.00	6889.64	446	0	64
2025.12.23	10:00:00	6890.18	6890.61	6885.71	6887.47	366	0	64
2025.12.23	10:30:00	6887.24	6887.63	6885.22	6886.91	449	0	64
2025.12.23	11:00:00	6886.77	6887.51	6883.47	6885.23	386	0	64
2025.12.23	11:30:00	6885.36	6886.61	6883.79	6884.45	378	0	64
2025.12.23	12:00:00	6884.25	6885.87	6879.50	6879.71	713	0	72
2025.12.23	12:30:00	6879.52	6882.38	6878.20	6882.20	539	0	72
2025.12.23	13:00:00	6882.00	6882.62	6878.73	6880.98	598	0	72
2025.12.23	13:30:00	6880.86	6882.75	6867.70	6870.09	2184	0	72
2025.12.23	14:00:00	6869.94	6873.71	6868.26	6873.55	1741	0	64
2025.12.23	14:30:00	6873.72	6897.68	6873.08	6889.32	8687	0	64
2025.12.23	15:00:00	6889.41	6890.46	6878.54	6887.50	6329	0	64
2025.12.23	15:30:00	6887.66	6900.71	6887.51	6899.20	2982	0	64
2025.12.23	16:00:00	6899.05	6903.43	6898.54	6900.76	2122	0	64
2025.12.23	16:30:00	6900.92	6905.97	6899.55	6905.05	1629	0	64
2025.12.23	17:00:00	6904.83	6908.21	6902.55	6906.80	1117	0	64
2025.12.23	17:30:00	6906.96	6907.97	6903.79	6905.75	1137	0	64
2025.12.23	18:00:00	6905.94	6913.21	6905.30	6911.42	1104	0	64
2025.12.23	18:30:00	6911.62	6912.98	6911.04	6911.22	766	0	64
2025.12.23	19:00:00	6911.43	6915.43	6911.05	6914.95	1010	0	64
2025.12.23	19:30:00	6914.80	6915.46	6913.29	6914.57	817	0	64
2025.12.23	20:00:00	6914.71	6916.43	6913.83	6914.46	831	0	64
2025.12.23	20:30:00	6914.30	6917.97	6912.30	6914.51	2311	0	64
2025.12.23	21:00:00	6914.68	6916.18	6911.80	6912.35	849	0	64
2025.12.23	21:30:00	6912.63	6913.19	6911.51	6912.46	175	0	72
2025.12.23	23:00:00	6912.46	6913.71	6910.98	6911.51	502	0	72
2025.12.23	23:30:00	6911.39	6912.54	6910.79	6912.08	345	0	64
2025.12.24	00:00:00	6912.21	6914.47	6912.08	6912.58	628	0	64
2025.12.24	00:30:00	6912.43	6913.78	6911.93	6913.04	300	0	64
2025.12.24	01:00:00	6912.87	6914.75	6911.59	6912.71	358	0	64
2025.12.24	01:30:00	6912.62	6914.04	6910.58	6911.14	381	0	64
2025.12.24	02:00:00	6911.10	6911.82	6909.88	6910.33	278	0	64
2025.12.24	02:30:00	6910.15	6911.03	6908.89	6909.83	257	0	64
2025.12.24	03:00:00	6909.83	6910.33	6908.63	6910.33	266	0	64
2025.12.24	03:30:00	6910.33	6911.28	6909.88	6910.34	226	0	64
2025.12.24	04:00:00	6910.15	6911.08	6909.33	6909.58	161	0	64
2025.12.24	04:30:00	6909.58	6909.83	6908.43	6908.58	163	0	64
2025.12.24	05:00:00	6908.75	6909.54	6907.44	6908.79	199	0	64
2025.12.24	05:30:00	6908.62	6910.70	6908.38	6909.35	196	0	64
2025.12.24	06:00:00	6909.16	6910.08	6908.83	6909.58	134	0	64
2025.12.24	06:30:00	6909.42	6910.08	6908.68	6909.83	136	0	64
2025.12.24	07:00:00	6909.83	6910.24	6907.66	6908.28	209	0	64
2025.12.24	07:30:00	6908.13	6909.57	6908.13	6908.67	155	0	64
2025.12.24	08:00:00	6908.78	6910.92	6908.63	6910.13	277	0	64
2025.12.24	08:30:00	6910.01	6910.65	6909.23	6909.81	264	0	64
2025.12.24	09:00:00	6909.73	6913.87	6909.24	6912.51	326	0	64
2025.12.24	09:30:00	6912.31	6912.67	6911.23	6911.49	159	0	64
2025.12.24	10:00:00	6911.29	6912.15	6909.74	6911.15	261	0	64
2025.12.24	10:30:00	6911.28	6912.63	6910.99	6911.92	219	0	64
2025.12.24	11:00:00	6911.75	6912.89	6910.79	6911.74	248	0	64
2025.12.24	11:30:00	6911.62	6912.13	6910.75	6911.63	247	0	64
2025.12.24	12:00:00	6911.78	6915.66	6911.26	6913.36	279	0	64
2025.12.24	12:30:00	6913.28	6915.42	6913.25	6915.25	279	0	64
2025.12.24	13:00:00	6915.06	6915.13	6912.01	6914.11	324	0	64
2025.12.24	13:30:00	6913.98	6917.83	6913.95	6916.69	485	0	72
2025.12.24	14:00:00	6916.86	6917.13	6913.21	6913.96	389	0	72
2025.12.24	14:30:00	6913.73	6922.16	6912.25	6920.88	4033	0	64
2025.12.24	15:00:00	6920.75	6927.16	6920.00	6926.77	1991	0	64
2025.12.24	15:30:00	6926.54	6930.16	6925.28	6930.00	1283	0	64
2025.12.24	16:00:00	6930.14	6935.16	6929.02	6934.91	1286	0	64
2025.12.24	16:30:00	6935.13	6940.41	6934.24	6939.02	1327	0	64
2025.12.24	17:00:00	6939.16	6941.41	6937.46	6939.98	906	0	64
2025.12.24	17:30:00	6940.12	6942.87	6936.22	6937.63	2218	0	64
2025.12.24	18:00:00	6937.47	6938.05	6931.89	6935.02	1003	0	72
2025.12.25	23:00:00	6939.73	6945.47	6936.52	6939.31	1224	0	72
2025.12.25	23:30:00	6939.34	6941.55	6938.48	6940.56	506	0	72
2025.12.26	00:00:00	6940.59	6944.63	6939.88	6943.88	709	0	64
2025.12.26	00:30:00	6943.88	6944.38	6942.16	6943.50	347	0	64
2025.12.26	01:00:00	6943.59	6944.59	6941.13	6941.23	547	0	64
2025.12.26	01:30:00	6941.14	6942.08	6937.43	6938.40	451	0	64
2025.12.26	02:00:00	6938.38	6939.13	6936.74	6937.46	235	0	64
2025.12.26	02:30:00	6937.22	6939.84	6937.13	6939.08	266	0	64
2025.12.26	03:00:00	6939.11	6940.07	6938.13	6938.18	154	0	64
2025.12.26	03:30:00	6937.97	6938.59	6937.00	6937.11	194	0	64
2025.12.26	04:00:00	6936.96	6937.38	6935.43	6936.92	229	0	64
2025.12.26	04:30:00	6937.09	6937.58	6936.38	6936.88	162	0	64
2025.12.26	05:00:00	6936.88	6938.05	6936.64	6937.33	151	0	64
2025.12.26	05:30:00	6937.18	6937.18	6934.90	6935.90	230	0	64
2025.12.26	06:00:00	6935.88	6936.63	6935.22	6935.56	206	0	64
2025.12.26	06:30:00	6935.61	6936.30	6934.46	6934.88	271	0	64
2025.12.26	07:00:00	6935.05	6935.37	6930.73	6933.14	277	0	64
2025.12.26	07:30:00	6933.13	6934.55	6932.19	6932.88	252	0	64
2025.12.26	08:00:00	6932.76	6933.46	6930.07	6932.01	406	0	64
2025.12.26	08:30:00	6931.89	6934.08	6930.51	6933.29	333	0	64
2025.12.26	09:00:00	6933.11	6936.15	6932.75	6933.93	431	0	64
2025.12.26	09:30:00	6933.87	6935.93	6933.51	6935.32	226	0	64
2025.12.26	10:00:00	6935.37	6937.83	6935.29	6936.44	396	0	64
2025.12.26	10:30:00	6936.58	6937.46	6935.05	6935.94	244	0	64
2025.12.26	11:00:00	6936.07	6936.79	6934.54	6934.54	247	0	64
2025.12.26	11:30:00	6934.35	6934.83	6931.26	6933.51	324	0	64
2025.12.26	12:00:00	6933.56	6936.14	6932.64	6935.68	366	0	72
2025.12.26	12:30:00	6935.78	6937.62	6935.26	6936.15	279	0	72
2025.12.26	13:00:00	6936.04	6938.43	6934.76	6936.52	407	0	72
2025.12.26	13:30:00	6936.67	6941.18	6936.51	6938.16	546	0	72
2025.12.26	14:00:00	6938.39	6940.42	6936.99	6939.17	634	0	72
2025.12.26	14:30:00	6939.30	6949.67	6935.29	6940.55	6503	0	64
2025.12.26	15:00:00	6940.71	6940.97	6929.00	6939.67	5376	0	64
2025.12.26	15:30:00	6939.51	6942.42	6936.50	6940.71	2767	0	64
2025.12.26	16:00:00	6940.55	6941.91	6930.05	6935.56	2585	0	64
2025.12.26	16:30:00	6935.72	6936.22	6930.61	6932.76	1510	0	64
2025.12.26	17:00:00	6932.60	6934.52	6926.85	6934.51	1657	0	64
2025.12.26	17:30:00	6934.47	6935.01	6928.11	6931.04	1504	0	64
2025.12.26	18:00:00	6931.29	6933.56	6925.60	6930.00	1291	0	64
2025.12.26	18:30:00	6929.86	6936.08	6929.61	6935.40	1114	0	64
2025.12.26	19:00:00	6935.17	6937.79	6932.89	6933.56	1033	0	64
2025.12.26	19:30:00	6933.79	6936.06	6933.44	6934.31	972	0	64
2025.12.26	20:00:00	6934.25	6936.27	6933.39	6934.93	880	0	64
2025.12.26	20:30:00	6934.68	6937.82	6933.60	6936.40	1849	0	64
2025.12.26	21:00:00	6936.56	6937.27	6933.36	6934.26	467	0	64
2025.12.26	21:30:00	6934.11	6934.49	6933.10	6934.02	176	0	72
2025.12.28	23:00:00	6938.45	6940.57	6935.27	6938.15	762	0	72
2025.12.28	23:30:00	6937.98	6941.12	6937.73	6937.98	426	0	72
2025.12.29	00:00:00	6938.15	6938.92	6935.69	6937.68	1010	0	64
2025.12.29	00:30:00	6937.73	6943.23	6937.00	6942.77	647	0	64
2025.12.29	01:00:00	6942.54	6943.14	6936.77	6936.98	678	0	64
2025.12.29	01:30:00	6936.82	6937.71	6932.02	6933.23	737	0	64
2025.12.29	02:00:00	6933.23	6934.43	6932.53	6932.81	406	0	64
2025.12.29	02:30:00	6932.74	6934.65	6931.32	6933.02	372	0	64
2025.12.29	03:00:00	6933.19	6934.89	6931.48	6932.48	335	0	64
2025.12.29	03:30:00	6932.48	6936.18	6932.48	6935.75	320	0	64
2025.12.29	04:00:00	6935.91	6937.21	6935.73	6936.23	217	0	64
2025.12.29	04:30:00	6936.38	6937.72	6934.81	6934.93	199	0	64
2025.12.29	05:00:00	6934.98	6934.98	6929.55	6930.47	704	0	64
2025.12.29	05:30:00	6930.67	6932.68	6929.73	6930.41	427	0	64
2025.12.29	06:00:00	6930.28	6935.19	6929.08	6933.93	591	0	64
2025.12.29	06:30:00	6933.98	6934.69	6929.48	6930.23	500	0	64
2025.12.29	07:00:00	6930.23	6931.64	6925.81	6930.67	797	0	64
2025.12.29	07:30:00	6930.71	6930.93	6927.59	6927.59	557	0	64
2025.12.29	08:00:00	6927.61	6928.23	6923.62	6924.13	1541	0	64
2025.12.29	08:30:00	6924.26	6925.54	6916.12	6917.51	1420	0	64
2025.12.29	09:00:00	6917.64	6924.06	6917.62	6923.64	1277	0	64
2025.12.29	09:30:00	6923.43	6923.57	6917.87	6922.91	719	0	64
2025.12.29	10:00:00	6922.65	6925.08	6920.40	6922.90	701	0	64
2025.12.29	10:30:00	6923.04	6923.56	6920.88	6921.05	579	0	64
2025.12.29	11:00:00	6921.19	6922.27	6918.60	6919.87	655	0	64
2025.12.29	11:30:00	6920.01	6925.01	6919.86	6924.54	558	0	64
2025.12.29	12:00:00	6924.41	6924.82	6921.63	6921.86	706	0	64
2025.12.29	12:30:00	6921.63	6922.97	6915.10	6918.35	764	0	72
2025.12.29	13:00:00	6918.14	6921.47	6916.12	6917.85	733	0	72
2025.12.29	13:30:00	6917.91	6918.03	6904.11	6910.52	1493	0	72
2025.12.29	14:00:00	6910.38	6911.23	6900.66	6909.87	1868	0	72
2025.12.29	14:30:00	6910.02	6926.28	6906.10	6909.89	11009	0	64
2025.12.29	15:00:00	6909.65	6914.52	6902.10	6913.52	5257	0	64
2025.12.29	15:30:00	6913.35	6918.06	6902.85	6907.62	4540	0	64
2025.12.29	16:00:00	6907.39	6910.25	6903.36	6905.63	3120	0	64
2025.12.29	16:30:00	6905.49	6908.78	6900.65	6904.91	2571	0	64
2025.12.29	17:00:00	6905.06	6906.27	6894.61	6896.53	1818	0	64
2025.12.29	17:30:00	6896.37	6905.05	6895.61	6904.17	1836	0	64
2025.12.29	18:00:00	6903.93	6909.51	6901.93	6907.52	1463	0	64
2025.12.29	18:30:00	6907.37	6913.06	6905.88	6906.36	1390	0	64
2025.12.29	19:00:00	6906.51	6909.04	6902.89	6908.81	1368	0	64
2025.12.29	19:30:00	6909.04	6919.07	6908.68	6917.57	1830	0	64
2025.12.29	20:00:00	6917.43	6920.80	6915.78	6916.91	1183	0	64
2025.12.29	20:30:00	6917.06	6919.31	6909.11	6913.61	2224	0	64
2025.12.29	21:00:00	6913.77	6915.26	6910.61	6915.11	561	0	72
2025.12.29	21:30:00	6915.27	6915.27	6913.61	6915.08	158	0	72
2025.12.29	23:00:00	6916.11	6916.24	6909.47	6909.48	629	0	72
2025.12.29	23:30:00	6909.60	6913.52	6909.44	6910.14	509	0	64
2025.12.30	00:00:00	6910.17	6913.13	6909.68	6912.93	466	0	64
2025.12.30	00:30:00	6912.93	6913.43	6908.75	6908.89	411	0	64
2025.12.30	01:00:00	6908.91	6911.64	6907.68	6909.95	557	0	64
2025.12.30	01:30:00	6909.93	6912.68	6909.23	6912.63	511	0	64
2025.12.30	02:00:00	6912.66	6913.11	6908.94	6908.94	505	0	64
2025.12.30	02:30:00	6908.75	6910.18	6907.73	6909.17	383	0	64
2025.12.30	03:00:00	6909.37	6911.89	6909.22	6911.72	369	0	64
2025.12.30	03:30:00	6911.69	6915.14	6911.68	6913.43	437	0	64
2025.12.30	04:00:00	6913.55	6916.68	6912.27	6915.27	373	0	64
2025.12.30	04:30:00	6915.38	6916.36	6915.22	6915.73	218	0	64
2025.12.30	05:00:00	6915.88	6916.61	6913.68	6913.68	363	0	64
2025.12.30	05:30:00	6913.68	6915.61	6911.25	6914.89	422	0	64
2025.12.30	06:00:00	6914.72	6914.72	6909.48	6909.66	392	0	64
2025.12.30	06:30:00	6909.68	6912.68	6909.59	6911.38	289	0	64
2025.12.30	07:00:00	6911.23	6911.38	6903.46	6905.23	520	0	64
2025.12.30	07:30:00	6905.20	6906.43	6902.75	6905.68	382	0	64
2025.12.30	08:00:00	6905.81	6911.97	6905.81	6910.10	836	0	64
2025.12.30	08:30:00	6910.09	6914.73	6909.86	6913.96	464	0	64
2025.12.30	09:00:00	6913.81	6916.01	6912.59	6915.85	449	0	64
2025.12.30	09:30:00	6915.98	6916.26	6912.35	6913.81	399	0	64
2025.12.30	10:00:00	6913.97	6914.94	6912.55	6913.72	359	0	72
2025.12.30	10:30:00	6913.58	6914.02	6910.29	6910.81	440	0	64
2025.12.30	11:00:00	6910.97	6910.99	6906.07	6907.05	478	0	64
2025.12.30	11:30:00	6907.20	6913.27	6906.58	6912.23	411	0	64
2025.12.30	12:00:00	6912.48	6915.02	6911.39	6912.02	457	0	64
2025.12.30	12:30:00	6911.87	6913.47	6908.80	6911.06	650	0	64
2025.12.30	13:00:00	6910.86	6914.93	6910.06	6912.42	500	0	72
2025.12.30	13:30:00	6912.33	6912.48	6907.31	6911.56	761	0	72
2025.12.30	14:00:00	6911.43	6912.71	6908.37	6909.02	947	0	64
2025.12.30	14:30:00	6909.23	6919.77	6903.31	6915.37	6335	0	64
2025.12.30	15:00:00	6915.51	6916.24	6901.58	6903.47	4099	0	64
2025.12.30	15:30:00	6903.31	6911.75	6899.81	6910.51	2589	0	64
2025.12.30	16:00:00	6910.37	6920.50	6909.60	6917.46	2288	0	64
2025.12.30	16:30:00	6917.31	6917.77	6906.59	6906.85	1900	0	64
2025.12.30	17:00:00	6906.62	6908.20	6902.60	6907.70	1713	0	64
2025.12.30	17:30:00	6907.56	6911.23	6906.05	6910.35	1130	0	64
2025.12.30	18:00:00	6910.51	6911.98	6906.06	6911.81	1019	0	64
2025.12.30	18:30:00	6911.58	6913.43	6908.85	6911.95	985	0	64
2025.12.30	19:00:00	6911.84	6913.01	6908.61	6912.27	1175	0	64
2025.12.30	19:30:00	6912.46	6913.52	6907.60	6909.26	1165	0	64
2025.12.30	20:00:00	6909.10	6911.02	6903.87	6909.01	1300	0	64
2025.12.30	20:30:00	6908.85	6912.26	6901.56	6904.06	2035	0	64
2025.12.30	21:00:00	6904.22	6905.97	6902.06	6904.45	740	0	64
2025.12.30	21:30:00	6904.31	6905.48	6904.05	6904.70	161	0	72
2025.12.30	23:00:00	6905.83	6907.52	6901.44	6902.17	624	0	72
2025.12.30	23:30:00	6902.19	6902.94	6898.49	6901.94	398	0	72
2025.12.31	00:00:00	6901.77	6901.77	6897.52	6900.23	466	0	64
2025.12.31	00:30:00	6900.23	6900.23	6891.73	6893.15	640	0	64
2025.12.31	01:00:00	6892.98	6894.69	6888.01	6893.39	1108	0	72
2025.12.31	01:30:00	6893.44	6894.14	6891.03	6892.94	662	0	64
2025.12.31	02:00:00	6892.77	6895.73	6892.02	6895.69	543	0	64
2025.12.31	02:30:00	6895.52	6897.19	6892.99	6896.70	604	0	64
2025.12.31	03:00:00	6896.59	6898.38	6895.02	6895.03	385	0	64
2025.12.31	03:30:00	6895.00	6895.40	6893.73	6894.65	284	0	64
2025.12.31	04:00:00	6894.71	6897.48	6894.55	6896.46	224	0	64
2025.12.31	04:30:00	6896.48	6896.92	6893.78	6894.29	213	0	64
2025.12.31	05:00:00	6894.43	6895.48	6893.02	6894.28	319	0	64
2025.12.31	05:30:00	6894.23	6895.43	6889.00	6889.72	414	0	64
2025.12.31	06:00:00	6889.91	6890.72	6886.39	6887.27	523	0	64
2025.12.31	06:30:00	6887.39	6889.19	6887.21	6888.89	368	0	64
2025.12.31	07:00:00	6888.74	6890.44	6885.78	6890.40	642	0	64
2025.12.31	07:30:00	6890.43	6892.15	6888.23	6889.73	402	0	64
2025.12.31	08:00:00	6889.73	6891.26	6886.86	6886.86	556	0	64
2025.12.31	08:30:00	6886.98	6887.04	6881.89	6883.02	780	0	64
2025.12.31	09:00:00	6882.87	6887.76	6882.40	6885.11	799	0	64
2025.12.31	09:30:00	6885.17	6886.78	6883.86	6884.25	379	0	72
2025.12.31	10:00:00	6884.48	6886.73	6882.37	6886.52	367	0	72
2025.12.31	10:30:00	6886.64	6887.76	6884.85	6886.22	293	0	72
2025.12.31	11:00:00	6886.47	6889.51	6886.15	6888.97	370	0	72
2025.12.31	11:30:00	6888.89	6891.06	6888.37	6890.65	391	0	64
2025.12.31	12:00:00	6890.42	6895.25	6888.86	6894.52	557	0	64
2025.12.31	12:30:00	6894.74	6896.28	6894.10	6895.69	476	0	72
2025.12.31	13:00:00	6895.89	6899.03	6894.65	6898.75	399	0	72
2025.12.31	13:30:00	6898.63	6910.76	6897.36	6908.53	1040	0	72
2025.12.31	14:00:00	6908.47	6910.52	6904.65	6904.86	757	0	72
2025.12.31	14:30:00	6904.63	6906.78	6884.86	6891.62	6813	0	64
2025.12.31	15:00:00	6891.77	6892.52	6881.10	6887.37	4390	0	64
2025.12.31	15:30:00	6887.14	6888.24	6873.35	6874.85	2813	0	64
2025.12.31	16:00:00	6874.64	6883.37	6874.36	6883.21	2048	0	72
2025.12.31	16:30:00	6883.37	6886.84	6879.71	6885.96	1557	0	64
2025.12.31	17:00:00	6886.12	6886.87	6878.71	6882.37	1481	0	72
2025.12.31	17:30:00	6882.21	6885.62	6879.20	6880.50	1273	0	64
2025.12.31	18:00:00	6880.28	6886.59	6879.71	6886.36	1075	0	64
2025.12.31	18:30:00	6886.23	6893.37	6885.20	6891.24	1309	0	64
2025.12.31	19:00:00	6891.40	6895.39	6882.71	6882.97	1531	0	64
2025.12.31	19:30:00	6883.12	6883.88	6872.46	6873.35	2539	0	72
2025.12.31	20:00:00	6873.22	6874.08	6857.45	6859.20	3397	0	72
2025.12.31	20:30:00	6859.36	6869.13	6850.20	6851.72	4921	0	64
2025.12.31	21:00:00	6851.87	6857.88	6851.70	6855.19	1756	0	64
2025.12.31	21:30:00	6855.26	6855.36	6852.72	6853.96	267	0	72
2026.01.01	23:00:00	6860.50	6864.44	6857.25	6861.73	1076	0	72
2026.01.01	23:30:00	6861.91	6864.99	6860.50	6862.99	509	0	72
2026.01.02	00:00:00	6862.99	6864.72	6858.50	6864.49	709	0	64
2026.01.02	00:30:00	6864.49	6864.99	6861.80	6864.99	436	0	64
2026.01.02	01:00:00	6864.99	6871.25	6864.99	6870.11	842	0	64
2026.01.02	01:30:00	6870.06	6873.53	6870.06	6873.28	593	0	64
2026.01.02	02:00:00	6873.28	6878.17	6873.08	6877.57	606	0	64
2026.01.02	02:30:00	6877.55	6880.03	6876.78	6879.53	430	0	64
2026.01.02	03:00:00	6879.36	6880.50	6878.64	6880.50	345	0	64
2026.01.02	03:30:00	6880.53	6883.73	6879.33	6883.58	403	0	64
2026.01.02	04:00:00	6883.73	6884.97	6882.78	6883.73	270	0	64
2026.01.02	04:30:00	6883.76	6883.97	6881.87	6882.53	288	0	64
2026.01.02	05:00:00	6882.53	6883.74	6880.58	6883.46	360	0	64
2026.01.02	05:30:00	6883.51	6884.99	6882.64	6884.55	184	0	64
2026.01.02	06:00:00	6884.53	6885.99	6884.29	6885.33	208	0	64
2026.01.02	06:30:00	6885.49	6885.99	6883.83	6883.98	244	0	64
2026.01.02	07:00:00	6883.83	6884.98	6880.78	6882.92	466	0	64
2026.01.02	07:30:00	6882.82	6883.53	6881.04	6882.07	417	0	64
2026.01.02	08:00:00	6882.23	6889.94	6881.85	6887.41	1058	0	64
2026.01.02	08:30:00	6887.21	6892.82	6885.66	6891.33	896	0	64
2026.01.02	09:00:00	6891.27	6897.53	6890.91	6896.77	1158	0	64
2026.01.02	09:30:00	6897.02	6898.07	6895.15	6897.39	646	0	64
2026.01.02	10:00:00	6897.55	6898.58	6893.15	6893.55	654	0	72
2026.01.02	10:30:00	6893.52	6897.06	6891.16	6896.15	417	0	72
2026.01.02	11:00:00	6895.94	6898.30	6892.40	6892.90	532	0	72
2026.01.02	11:30:00	6893.06	6895.19	6892.19	6893.42	459	0	64
2026.01.02	12:00:00	6893.19	6893.86	6888.19	6891.07	806	0	64
2026.01.02	12:30:00	6890.90	6893.32	6889.55	6891.57	554	0	72
2026.01.02	13:00:00	6891.51	6891.84	6888.17	6889.02	599	0	72
2026.01.02	13:30:00	6888.94	6890.57	6886.16	6888.66	799	0	72
2026.01.02	14:00:00	6888.43	6891.58	6884.16	6888.15	1482	0	72
2026.01.02	14:30:00	6887.94	6898.97	6871.97	6892.81	12293	0	64
2026.01.02	15:00:00	6893.04	6899.82	6845.67	6854.16	12764	0	64
2026.01.02	15:30:00	6853.73	6876.04	6840.66	6844.15	12671	0	64
2026.01.02	16:00:00	6844.31	6853.56	6833.45	6847.56	14345	0	64
2026.01.02	16:30:00	6847.41	6856.06	6831.65	6840.69	10228	0	64
2026.01.02	17:00:00	6840.48	6854.33	6835.40	6853.80	6458	0	64
2026.01.02	17:30:00	6853.94	6857.58	6838.90	6840.82	5418	0	64
2026.01.02	18:00:00	6840.66	6846.82	6835.40	6838.66	4049	0	64
2026.01.02	18:30:00	6838.82	6842.57	6826.93	6834.16	4226	0	64
2026.01.02	19:00:00	6834.32	6860.32	6832.46	6858.54	5458	0	72
2026.01.02	19:30:00	6858.41	6868.81	6858.15	6860.66	4317	0	72
2026.01.02	20:00:00	6860.82	6866.33	6857.91	6861.65	3687	0	72
2026.01.02	20:30:00	6861.44	6863.33	6849.66	6860.57	5263	0	64
2026.01.02	21:00:00	6860.41	6865.54	6860.41	6863.12	1295	0	64
2026.01.02	21:30:00	6863.05	6863.57	6857.94	6859.31	170	0	64
2026.01.04	23:00:00	6871.09	6871.89	6862.06	6870.54	1805	0	64
2026.01.04	23:30:00	6870.42	6870.42	6862.94	6869.63	1665	0	64
2026.01.05	00:00:00	6869.49	6872.83	6866.13	6871.34	2197	0	64
2026.01.05	00:30:00	6871.37	6871.63	6864.93	6870.39	1466	0	64
2026.01.05	01:00:00	6870.56	6874.34	6868.68	6871.88	1808	0	64
2026.01.05	01:30:00	6871.70	6874.58	6870.13	6871.09	1191	0	64
2026.01.05	02:00:00	6870.92	6874.88	6870.92	6872.38	809	0	64
2026.01.05	02:30:00	6872.57	6874.88	6870.73	6873.63	674	0	64
2026.01.05	03:00:00	6873.48	6874.60	6871.91	6872.95	484	0	64
2026.01.05	03:30:00	6872.90	6872.90	6869.38	6869.68	546	0	64
2026.01.05	04:00:00	6869.84	6871.38	6868.93	6869.83	438	0	64
2026.01.05	04:30:00	6869.67	6875.08	6869.43	6874.13	433	0	64
2026.01.05	05:00:00	6874.25	6874.38	6869.88	6872.39	684	0	64
2026.01.05	05:30:00	6872.38	6874.88	6871.63	6874.64	442	0	64
2026.01.05	06:00:00	6874.63	6875.88	6870.39	6870.67	640	0	64
2026.01.05	06:30:00	6870.83	6877.88	6868.94	6877.42	699	0	64
2026.01.05	07:00:00	6877.59	6878.13	6869.17	6870.43	832	0	64
2026.01.05	07:30:00	6870.40	6873.59	6868.63	6872.09	864	0	64
2026.01.05	08:00:00	6872.29	6882.93	6870.45	6879.46	2000	0	64
2026.01.05	08:30:00	6879.29	6882.95	6877.78	6878.56	1479	0	64
2026.01.05	09:00:00	6878.54	6882.19	6874.27	6874.56	1292	0	64
2026.01.05	09:30:00	6874.45	6879.67	6874.05	6876.43	1065	0	64
2026.01.05	10:00:00	6876.36	6884.17	6876.26	6881.54	832	0	64
2026.01.05	10:30:00	6881.29	6883.42	6879.76	6882.51	634	0	72
2026.01.05	11:00:00	6882.67	6884.93	6880.77	6881.53	569	0	72
2026.01.05	11:30:00	6881.56	6885.80	6881.56	6884.54	620	0	72
2026.01.05	12:00:00	6884.66	6888.14	6882.05	6882.77	688	0	72
2026.01.05	12:30:00	6882.90	6886.03	6880.26	6883.27	741	0	72
2026.01.05	13:00:00	6883.42	6884.93	6874.55	6876.26	1114	0	72
2026.01.05	13:30:00	6876.32	6887.92	6876.32	6885.16	1225	0	72
2026.01.05	14:00:00	6885.39	6897.92	6885.03	6896.54	1840	0	64
2026.01.05	14:30:00	6896.67	6909.97	6895.01	6901.78	18797	0	64
2026.01.05	15:00:00	6901.90	6917.47	6897.26	6916.51	10255	0	64
2026.01.05	15:30:00	6916.67	6919.72	6911.00	6914.55	5014	0	64
2026.01.05	16:00:00	6914.71	6919.96	6911.32	6917.56	3571	0	64
2026.01.05	16:30:00	6917.69	6925.89	6915.55	6920.16	2620	0	64
2026.01.05	17:00:00	6920.39	6922.47	6913.24	6914.68	2868	0	64
2026.01.05	17:30:00	6914.55	6918.97	6913.29	6916.90	2406	0	64
2026.01.05	18:00:00	6916.76	6918.72	6907.50	6914.92	2790	0	64
2026.01.05	18:30:00	6914.89	6918.97	6914.26	6916.74	1572	0	64
2026.01.05	19:00:00	6916.94	6918.46	6912.32	6913.05	1707	0	64
2026.01.05	19:30:00	6912.82	6913.95	6903.75	6907.01	2256	0	64
2026.01.05	20:00:00	6906.78	6913.43	6906.08	6910.55	1780	0	64
2026.01.05	20:30:00	6910.32	6911.96	6902.51	6908.40	2976	0	64
2026.01.05	21:00:00	6908.63	6909.14	6905.03	6908.26	555	0	72
2026.01.05	21:30:00	6908.42	6908.66	6905.72	6906.03	150	0	72
2026.01.05	23:00:00	6907.46	6910.34	6906.69	6908.61	698	0	72
2026.01.05	23:30:00	6908.64	6908.77	6904.02	6904.46	657	0	64
2026.01.06	00:00:00	6904.43	6907.38	6903.18	6905.92	960	0	64
2026.01.06	00:30:00	6905.93	6906.18	6902.23	6904.10	657	0	64
2026.01.06	01:00:00	6903.98	6910.92	6903.18	6909.98	907	0	64
2026.01.06	01:30:00	6909.93	6911.39	6909.74	6910.39	704	0	64
2026.01.06	02:00:00	6910.42	6911.57	6909.02	6911.00	463	0	64
2026.01.06	02:30:00	6911.14	6913.93	6910.23	6913.72	391	0	64
2026.01.06	03:00:00	6913.89	6914.16	6912.76	6913.43	283	0	64
2026.01.06	03:30:00	6913.58	6914.63	6912.93	6913.49	238	0	64
2026.01.06	04:00:00	6913.63	6916.67	6913.48	6916.67	304	0	64
2026.01.06	04:30:00	6916.68	6917.38	6915.24	6916.68	322	0	64
2026.01.06	05:00:00	6916.82	6917.43	6915.72	6916.39	341	0	64
2026.01.06	05:30:00	6916.43	6916.93	6915.27	6915.68	250	0	64
2026.01.06	06:00:00	6915.57	6918.82	6915.43	6917.68	273	0	64
2026.01.06	06:30:00	6917.87	6921.43	6917.68	6919.93	457	0	64
2026.01.06	07:00:00	6919.77	6919.88	6916.18	6916.89	310	0	64
2026.01.06	07:30:00	6916.92	6917.59	6914.57	6915.98	297	0	64
2026.01.06	08:00:00	6915.95	6915.95	6897.84	6898.35	2052	0	64
2026.01.06	08:30:00	6898.14	6900.76	6893.80	6899.59	1689	0	64
2026.01.06	09:00:00	6899.75	6903.72	6898.57	6900.10	1328	0	64
2026.01.06	09:30:00	6899.90	6906.91	6898.55	6902.00	990	0	64
2026.01.06	10:00:00	6902.13	6904.33	6901.05	6902.06	608	0	72
2026.01.06	10:30:00	6901.94	6904.47	6901.60	6902.97	396	0	72
2026.01.06	11:00:00	6903.10	6905.23	6902.84	6903.56	354	0	72
2026.01.06	11:30:00	6903.72	6904.97	6901.60	6902.59	395	0	72
2026.01.06	12:00:00	6902.72	6906.72	6901.84	6906.39	414	0	72
2026.01.06	12:30:00	6906.41	6911.72	6905.29	6910.55	506	0	72
2026.01.06	13:00:00	6910.44	6911.94	6906.56	6907.18	631	0	72
2026.01.06	13:30:00	6907.16	6909.71	6901.48	6906.26	849	0	72
2026.01.06	14:00:00	6906.22	6909.34	6902.53	6909.17	1213	0	72
2026.01.06	14:30:00	6909.61	6932.51	6908.36	6931.76	8804	0	64
2026.01.06	15:00:00	6931.89	6939.76	6930.82	6937.76	4570	0	64
2026.01.06	15:30:00	6937.70	6937.70	6917.35	6921.55	5007	0	64
2026.01.06	16:00:00	6921.34	6925.26	6913.09	6920.84	4805	0	64
2026.01.06	16:30:00	6920.96	6925.48	6916.58	6924.60	3528	0	64
2026.01.06	17:00:00	6924.38	6936.50	6921.85	6934.26	2596	0	64
2026.01.06	17:30:00	6934.47	6941.73	6934.09	6940.26	2173	0	64
2026.01.06	18:00:00	6940.48	6942.78	6936.34	6939.62	1519	0	64
2026.01.06	18:30:00	6939.39	6948.23	6937.31	6948.09	1579	0	64
2026.01.06	19:00:00	6948.25	6952.27	6947.60	6950.35	1444	0	64
2026.01.06	19:30:00	6950.22	6952.52	6949.08	6949.35	1071	0	64
2026.01.06	20:00:00	6949.50	6953.25	6949.10	6950.60	1154	0	64
2026.01.06	20:30:00	6950.37	6953.98	6949.06	6949.22	2237	0	64
2026.01.06	21:00:00	6949.06	6951.73	6948.81	6949.82	638	0	64
2026.01.06	21:30:00	6949.59	6951.69	6949.06	6951.31	92	0	72
2026.01.06	23:00:00	6952.44	6954.72	6950.38	6951.51	651	0	72
2026.01.06	23:30:00	6951.39	6951.83	6949.70	6950.34	570	0	64
2026.01.07	00:00:00	6950.55	6953.58	6949.88	6952.58	1130	0	64
2026.01.07	00:30:00	6952.44	6953.63	6950.38	6951.93	696	0	64
2026.01.07	01:00:00	6952.09	6952.88	6949.64	6950.38	724	0	64
2026.01.07	01:30:00	6950.45	6952.80	6950.18	6951.45	709	0	64
2026.01.07	02:00:00	6951.59	6954.33	6950.67	6950.67	472	0	64
2026.01.07	02:30:00	6950.48	6952.13	6949.66	6950.59	382	0	64
2026.01.07	03:00:00	6950.62	6952.62	6950.62	6951.63	382	0	64
2026.01.07	03:30:00	6951.63	6951.87	6949.42	6949.67	319	0	64
2026.01.07	04:00:00	6949.84	6950.31	6947.46	6947.46	485	0	64
2026.01.07	04:30:00	6947.58	6949.83	6947.43	6948.18	342	0	64
2026.01.07	05:00:00	6948.34	6949.34	6946.88	6949.10	414	0	64
2026.01.07	05:30:00	6949.12	6950.13	6946.93	6947.42	424	0	64
2026.01.07	06:00:00	6947.59	6950.53	6947.42	6948.06	316	0	64
2026.01.07	06:30:00	6947.92	6949.34	6944.52	6944.88	426	0	64
2026.01.07	07:00:00	6944.75	6946.86	6944.21	6946.04	382	0	64
2026.01.07	07:30:00	6945.89	6946.34	6944.09	6944.14	337	0	64
2026.01.07	08:00:00	6944.30	6948.21	6943.55	6945.28	784	0	64
2026.01.07	08:30:00	6945.41	6946.14	6942.26	6942.53	578	0	64
2026.01.07	09:00:00	6942.33	6943.17	6939.31	6941.60	819	0	64
2026.01.07	09:30:00	6941.34	6943.08	6940.29	6942.20	595	0	64
2026.01.07	10:00:00	6942.14	6944.70	6939.33	6939.54	580	0	64
2026.01.07	10:30:00	6939.52	6941.68	6938.79	6941.68	526	0	64
2026.01.07	11:00:00	6941.54	6943.68	6940.62	6942.13	389	0	64
2026.01.07	11:30:00	6942.37	6945.68	6941.85	6945.66	463	0	64
2026.01.07	12:00:00	6945.53	6947.92	6945.27	6947.00	569	0	64
2026.01.07	12:30:00	6946.89	6948.18	6943.28	6947.06	668	0	72
2026.01.07	13:00:00	6946.81	6949.93	6944.02	6949.61	787	0	72
2026.01.07	13:30:00	6949.89	6953.18	6948.55	6952.67	780	0	72
2026.01.07	14:00:00	6952.51	6952.88	6948.26	6952.51	977	0	72
2026.01.07	14:30:00	6952.29	6961.43	6947.51	6956.02	6499	0	64
2026.01.07	15:00:00	6956.16	6957.53	6941.28	6947.01	6170	0	64
2026.01.07	15:30:00	6947.17	6956.22	6939.68	6955.32	6274	0	64
2026.01.07	16:00:00	6955.45	6958.47	6949.55	6952.79	2702	0	64
2026.01.07	16:30:00	6952.91	6965.71	6952.01	6965.21	2779	0	64
2026.01.07	17:00:00	6965.34	6969.96	6965.07	6967.05	1783	0	64
2026.01.07	17:30:00	6967.20	6968.44	6958.02	6960.26	2206	0	64
2026.01.07	18:00:00	6960.03	6960.21	6950.50	6951.50	2626	0	64
2026.01.07	18:30:00	6951.66	6961.71	6951.66	6958.42	2268	0	64
2026.01.07	19:00:00	6958.65	6959.18	6944.76	6946.91	3351	0	64
2026.01.07	19:30:00	6947.14	6951.67	6946.01	6947.67	1921	0	72
2026.01.07	20:00:00	6947.51	6948.39	6931.02	6933.53	3599	0	64
2026.01.07	20:30:00	6933.39	6933.63	6923.34	6926.06	4310	0	72
2026.01.07	21:00:00	6926.22	6926.48	6921.82	6924.95	748	0	72
2026.01.07	21:30:00	6924.80	6930.68	6924.55	6930.49	240	0	72
2026.01.07	23:00:00	6933.79	6933.79	6928.48	6929.47	801	0	72
2026.01.07	23:30:00	6929.66	6930.72	6927.99	6928.79	355	0	72
2026.01.08	00:00:00	6928.94	6929.96	6926.58	6927.28	720	0	64
2026.01.08	00:30:00	6927.28	6932.78	6927.28	6932.78	615	0	64
2026.01.08	01:00:00	6932.78	6932.98	6928.28	6931.74	682	0	64
2026.01.08	01:30:00	6931.57	6932.52	6928.59	6932.11	692	0	64
2026.01.08	02:00:00	6932.24	6932.91	6928.07	6928.58	681	0	64
2026.01.08	02:30:00	6928.73	6929.02	6919.53	6921.83	1049	0	64
2026.01.08	03:00:00	6921.99	6922.52	6918.84	6920.48	672	0	64
2026.01.08	03:30:00	6920.51	6921.78	6918.03	6919.03	619	0	64
2026.01.08	04:00:00	6919.03	6921.24	6917.78	6919.57	565	0	64
2026.01.08	04:30:00	6919.35	6919.99	6918.07	6918.78	492	0	64
2026.01.08	05:00:00	6918.90	6919.74	6915.32	6916.11	579	0	64
2026.01.08	05:30:00	6916.24	6916.24	6910.32	6910.33	723	0	64
2026.01.08	06:00:00	6910.46	6910.97	6899.78	6899.99	1564	0	64
2026.01.08	06:30:00	6900.20	6906.49	6899.82	6905.99	1321	0	64
2026.01.08	07:00:00	6906.02	6921.84	6900.78	6913.73	2245	0	64
2026.01.08	07:30:00	6913.60	6917.92	6911.29	6912.23	1541	0	64
2026.01.08	08:00:00	6912.10	6918.62	6912.09	6918.45	1572	0	64
2026.01.08	08:30:00	6918.59	6921.05	6915.69	6916.05	1090	0	64
2026.01.08	09:00:00	6916.28	6919.53	6913.16	6915.07	932	0	72
2026.01.08	09:30:00	6915.01	6915.32	6910.21	6913.81	829	0	64
2026.01.08	10:00:00	6913.67	6913.82	6908.67	6909.40	775	0	72
2026.01.08	10:30:00	6909.46	6914.58	6908.95	6914.43	699	0	72
2026.01.08	11:00:00	6914.47	6917.52	6913.54	6915.67	556	0	64
2026.01.08	11:30:00	6915.54	6916.83	6908.14	6913.02	1049	0	72
2026.01.08	12:00:00	6912.93	6916.07	6909.16	6915.41	1106	0	72
2026.01.08	12:30:00	6915.21	6915.32	6910.68	6913.42	760	0	64
2026.01.08	13:00:00	6913.20	6922.32	6911.91	6921.49	1006	0	72
2026.01.08	13:30:00	6921.81	6923.82	6917.69	6920.65	1119	0	72
2026.01.08	14:00:00	6920.44	6922.02	6915.20	6916.97	1310	0	72
2026.01.08	14:30:00	6917.16	6922.12	6903.80	6911.92	15973	0	64
2026.01.08	15:00:00	6911.81	6929.72	6907.81	6925.37	10293	0	64
2026.01.08	15:30:00	6925.21	6928.90	6914.51	6928.05	8372	0	72
2026.01.08	16:00:00	6928.22	6929.25	6915.76	6920.51	6611	0	64
2026.01.08	16:30:00	6920.29	6930.43	6914.00	6928.46	5477	0	72
2026.01.08	17:00:00	6928.23	6929.36	6920.45	6922.59	3566	0	72
2026.01.08	17:30:00	6922.84	6935.41	6922.46	6930.06	2943	0	64
2026.01.08	18:00:00	6929.89	6931.34	6916.95	6924.65	3486	0	72
2026.01.08	18:30:00	6924.51	6927.67	6917.51	6918.51	2601	0	72
2026.01.08	19:00:00	6918.29	6923.12	6912.53	6918.91	2958	0	72
2026.01.08	19:30:00	6919.14	6923.17	6915.53	6918.56	2262	0	72
2026.01.08	20:00:00	6918.66	6926.43	6917.25	6925.67	2406	0	64
2026.01.08	20:30:00	6925.89	6930.42	6922.51	6923.89	3210	0	72
2026.01.08	21:00:00	6924.14	6930.67	6923.78	6930.67	644	0	72
2026.01.08	21:30:00	6930.87	6940.81	6930.87	6934.60	458	0	72
2026.01.08	23:00:00	6936.73	6937.22	6930.79	6930.83	526	0	72
2026.01.08	23:30:00	6930.99	6931.50	6926.67	6927.58	491	0	64
2026.01.09	00:00:00	6927.58	6931.03	6926.83	6928.91	906	0	64
2026.01.09	00:30:00	6929.01	6930.26	6924.64	6925.04	761	0	64
2026.01.09	01:00:00	6924.87	6926.78	6918.90	6919.79	1350	0	64
2026.01.09	01:30:00	6920.01	6921.88	6917.88	6921.57	959	0	64
2026.01.09	02:00:00	6921.80	6928.05	6920.88	6927.38	824	0	64
2026.01.09	02:30:00	6927.22	6928.56	6924.70	6926.38	687	0	64
2026.01.09	03:00:00	6926.38	6927.59	6924.21	6925.01	606	0	64
2026.01.09	03:30:00	6924.92	6926.56	6923.71	6924.83	581	0	64
2026.01.09	04:00:00	6924.87	6925.63	6921.70	6923.67	479	0	64
2026.01.09	04:30:00	6923.64	6925.88	6923.38	6925.31	479	0	64
2026.01.09	05:00:00	6925.36	6927.12	6924.42	6925.63	709	0	64
2026.01.09	05:30:00	6925.63	6927.33	6922.42	6926.84	626	0	64
2026.01.09	06:00:00	6926.67	6928.55	6923.17	6924.79	599	0	64
2026.01.09	06:30:00	6924.85	6929.13	6924.71	6927.12	489	0	64
2026.01.09	07:00:00	6927.32	6927.38	6920.14	6921.07	629	0	64
2026.01.09	07:30:00	6920.91	6925.63	6919.84	6924.17	690	0	64
2026.01.09	08:00:00	6924.34	6928.89	6923.92	6925.35	1547	0	64
2026.01.09	08:30:00	6925.44	6926.22	6920.01	6921.29	1193	0	64
2026.01.09	09:00:00	6921.04	6926.93	6920.26	6926.91	972	0	64
2026.01.09	09:30:00	6927.04	6931.42	6927.02	6930.91	878	0	64
2026.01.09	10:00:00	6931.14	6932.45	6929.76	6931.46	645	0	64
2026.01.09	10:30:00	6931.69	6932.08	6929.30	6930.04	505	0	64
2026.01.09	11:00:00	6930.20	6933.67	6929.00	6933.41	633	0	64
2026.01.09	11:30:00	6933.64	6936.41	6931.00	6931.55	677	0	64
2026.01.09	12:00:00	6931.39	6934.16	6929.50	6930.28	643	0	72
2026.01.09	12:30:00	6930.40	6935.17	6928.51	6935.17	602	0	72
2026.01.09	13:00:00	6935.01	6940.12	6933.02	6938.64	1176	0	72
2026.01.09	13:30:00	6938.41	6951.92	6937.66	6950.16	3136	0	72
2026.01.09	14:00:00	6950.36	6952.93	6931.75	6933.76	3166	0	64
2026.01.09	14:30:00	6933.91	6950.71	6932.27	6942.71	19042	0	64
2026.01.09	15:00:00	6942.78	6961.71	6919.29	6959.46	15926	0	64
2026.01.09	15:30:00	6959.69	6962.93	6940.69	6947.02	9604	0	64
2026.01.09	16:00:00	6947.16	6964.89	6947.01	6956.68	5829	0	64
2026.01.09	16:30:00	6956.61	6969.00	6953.81	6967.50	4060	0	64
2026.01.09	17:00:00	6967.37	6972.44	6965.84	6970.97	2407	0	64
2026.01.09	17:30:00	6970.81	6973.47	6968.30	6968.35	2032	0	64
2026.01.09	18:00:00	6968.12	6968.51	6961.80	6967.06	2253	0	64
2026.01.09	18:30:00	6967.22	6977.48	6967.05	6973.88	2132	0	64
2026.01.09	19:00:00	6974.01	6977.01	6972.10	6976.51	1486	0	64
2026.01.09	19:30:00	6976.74	6980.51	6975.59	6977.35	1406	0	64
2026.01.09	20:00:00	6977.14	6981.26	6975.87	6978.47	1346	0	64
2026.01.09	20:30:00	6978.32	6979.47	6966.70	6967.71	2974	0	64
2026.01.09	21:00:00	6967.86	6969.11	6965.90	6966.18	863	0	64
2026.01.09	21:30:00	6966.35	6967.32	6965.15	6967.32	139	0	64
2026.01.11	23:00:00	6970.03	6970.03	6956.78	6964.54	1637	0	72
2026.01.11	23:30:00	6964.58	6966.54	6963.13	6963.18	790	0	64
2026.01.12	00:00:00	6963.13	6964.00	6956.68	6957.95	1884	0	64
2026.01.12	00:30:00	6958.06	6958.06	6940.32	6944.11	3022	0	64
2026.01.12	01:00:00	6944.09	6944.80	6935.89	6938.17	3128	0	64
2026.01.12	01:30:00	6937.95	6944.63	6932.17	6942.38	1956	0	64
2026.01.12	02:00:00	6942.22	6942.34	6933.99	6935.58	1511	0	64
2026.01.12	02:30:00	6935.43	6939.11	6933.40	6934.83	850	0	64
2026.01.12	03:00:00	6934.88	6936.05	6932.94	6934.92	759	0	64
2026.01.12	03:30:00	6935.09	6936.13	6929.44	6932.62	849	0	64
2026.01.12	04:00:00	6932.81	6933.29	6929.13	6932.12	709	0	64
2026.01.12	04:30:00	6932.13	6933.63	6931.13	6931.34	524	0	64
2026.01.12	05:00:00	6931.17	6933.58	6925.13	6926.68	932	0	64
2026.01.12	05:30:00	6926.44	6927.34	6923.38	6927.34	845	0	64
2026.01.12	06:00:00	6927.37	6931.63	6926.39	6929.32	682	0	64
2026.01.12	06:30:00	6929.17	6931.33	6928.18	6929.59	604	0	64
2026.01.12	07:00:00	6929.42	6935.09	6929.13	6932.09	980	0	64
2026.01.12	07:30:00	6931.91	6932.37	6929.18	6932.37	608	0	64
2026.01.12	08:00:00	6932.26	6935.68	6920.76	6921.91	2147	0	64
2026.01.12	08:30:00	6921.76	6921.92	6915.06	6918.01	2027	0	64
2026.01.12	09:00:00	6918.06	6922.93	6917.25	6918.17	1618	0	64
2026.01.12	09:30:00	6918.03	6923.93	6916.53	6922.66	821	0	72
2026.01.12	10:00:00	6922.78	6924.22	6920.50	6923.26	768	0	72
2026.01.12	10:30:00	6923.41	6926.66	6922.01	6923.42	555	0	72
2026.01.12	11:00:00	6923.63	6929.17	6922.51	6927.01	793	0	72
2026.01.12	11:30:00	6926.79	6927.68	6924.80	6925.62	583	0	72
2026.01.12	12:00:00	6925.54	6932.41	6925.54	6930.55	938	0	72
2026.01.12	12:30:00	6930.67	6935.16	6929.02	6933.47	869	0	64
2026.01.12	13:00:00	6933.67	6934.63	6929.32	6933.91	890	0	64
2026.01.12	13:30:00	6933.76	6934.17	6929.95	6931.54	881	0	72
2026.01.12	14:00:00	6931.67	6934.93	6929.52	6934.42	1417	0	64
2026.01.12	14:30:00	6934.26	6967.47	6933.54	6964.80	10340	0	64
2026.01.12	15:00:00	6964.96	6966.40	6958.51	6964.00	6147	0	64
2026.01.12	15:30:00	6964.16	6969.18	6958.00	6967.79	4042	0	64
2026.01.12	16:00:00	6967.95	6975.65	6965.26	6970.92	2495	0	64
2026.01.12	16:30:00	6971.15	6977.39	6969.53	6974.46	2076	0	64
2026.01.12	17:00:00	6974.31	6977.14	6971.50	6974.16	1523	0	64
2026.01.12	17:30:00	6974.01	6976.18	6969.76	6975.40	1288	0	64
2026.01.12	18:00:00	6975.27	6980.94	6974.75	6979.96	1332	0	64
2026.01.12	18:30:00	6980.19	6982.63	6978.29	6981.05	1001	0	64
2026.01.12	19:00:00	6980.83	6983.47	6978.55	6982.06	1042	0	64
2026.01.12	19:30:00	6981.83	6989.46	6981.83	6988.79	1297	0	64
2026.01.12	20:00:00	6988.59	6989.94	6980.80	6982.30	1354	0	64
2026.01.12	20:30:00	6982.08	6986.71	6980.75	6980.92	2199	0	64
2026.01.12	21:00:00	6980.76	6983.43	6979.51	6982.67	544	0	72
2026.01.12	21:30:00	6982.51	6982.67	6974.68	6976.34	420	0	72
2026.01.12	23:00:00	6978.51	6978.51	6972.27	6975.65	972	0	72
2026.01.12	23:30:00	6975.48	6976.69	6971.20	6971.27	723	0	64
2026.01.13	00:00:00	6971.44	6972.44	6968.74	6969.24	1024	0	64
2026.01.13	00:30:00	6969.21	6970.66	6967.30	6968.06	683	0	64
2026.01.13	01:00:00	6967.99	6969.73	6967.23	6968.03	659	0	64
2026.01.13	01:30:00	6968.00	6973.64	6964.29	6971.44	1071	0	64
2026.01.13	02:00:00	6971.27	6974.73	6970.52	6971.94	910	0	64
2026.01.13	02:30:00	6971.78	6974.23	6971.27	6972.48	552	0	64
2026.01.13	03:00:00	6972.63	6974.96	6971.27	6973.75	520	0	64
2026.01.13	03:30:00	6973.56	6973.92	6970.51	6972.69	561	0	64
2026.01.13	04:00:00	6972.72	6975.17	6971.54	6973.90	490	0	64
2026.01.13	04:30:00	6973.95	6974.48	6971.73	6973.98	355	0	64
2026.01.13	05:00:00	6974.14	6975.91	6972.04	6975.77	542	0	64
2026.01.13	05:30:00	6975.93	6976.19	6972.73	6975.24	476	0	64
2026.01.13	06:00:00	6975.05	6976.72	6974.98	6976.22	397	0	64
2026.01.13	06:30:00	6976.42	6979.44	6975.48	6976.63	524	0	64
2026.01.13	07:00:00	6976.69	6978.43	6974.82	6976.66	603	0	64
2026.01.13	07:30:00	6976.73	6977.23	6975.19	6976.52	381	0	64
2026.01.13	08:00:00	6976.11	6976.57	6972.86	6975.02	1059	0	64
2026.01.13	08:30:00	6974.96	6975.48	6971.11	6973.86	633	0	64
2026.01.13	09:00:00	6974.00	6977.77	6974.00	6975.85	622	0	72
2026.01.13	09:30:00	6975.65	6976.03	6971.36	6973.86	478	0	72
2026.01.13	10:00:00	6973.74	6974.04	6967.86	6969.87	661	0	72
2026.01.13	10:30:00	6970.01	6972.52	6969.67	6970.61	462	0	72
2026.01.13	11:00:00	6970.77	6973.03	6970.25	6972.27	427	0	72
2026.01.13	11:30:00	6972.13	6975.52	6969.36	6975.52	697	0	72
2026.01.13	12:00:00	6975.36	6976.52	6973.60	6975.87	507	0	72
2026.01.13	12:30:00	6975.64	6976.76	6971.11	6972.02	553	0	72
2026.01.13	13:00:00	6971.86	6974.50	6970.78	6973.18	736	0	72
2026.01.13	13:30:00	6973.16	7001.45	6973.16	6985.26	4929	0	72
2026.01.13	14:00:00	6984.80	6992.78	6983.31	6983.76	1577	0	72
2026.01.13	14:30:00	6983.42	6989.53	6970.67	6970.90	12290	0	64
2026.01.13	15:00:00	6970.74	6973.51	6948.86	6955.37	9687	0	64
2026.01.13	15:30:00	6955.14	6968.53	6953.61	6965.77	7104	0	64
2026.01.13	16:00:00	6965.61	6971.02	6952.08	6963.23	5468	0	64
2026.01.13	16:30:00	6963.13	6980.49	6960.64	6977.77	4204	0	72
2026.01.13	17:00:00	6977.63	6980.07	6967.86	6974.11	3137	0	64
2026.01.13	17:30:00	6974.27	6975.76	6953.61	6957.61	5478	0	72
2026.01.13	18:00:00	6957.39	6963.27	6952.64	6957.61	4858	0	72
2026.01.13	18:30:00	6957.38	6964.78	6953.64	6956.36	3503	0	72
2026.01.13	19:00:00	6956.52	6959.24	6950.60	6958.51	4707	0	72
2026.01.13	19:30:00	6958.36	6960.53	6954.10	6957.77	2910	0	72
2026.01.13	20:00:00	6957.61	6957.77	6948.10	6948.61	2758	0	64
2026.01.13	20:30:00	6948.38	6968.52	6942.11	6966.12	4490	0	64
2026.01.13	21:00:00	6966.27	6969.52	6965.61	6967.28	789	0	72
2026.01.13	21:30:00	6967.13	6967.28	6963.64	6964.20	211	0	72
2026.01.13	23:00:00	6966.33	6967.67	6962.86	6963.35	757	0	72
2026.01.13	23:30:00	6963.31	6966.00	6963.29	6963.75	527	0	72
2026.01.14	00:00:00	6963.65	6968.54	6962.33	6968.29	1465	0	64
2026.01.14	00:30:00	6968.32	6968.45	6965.16	6965.53	459	0	64
2026.01.14	01:00:00	6965.39	6966.54	6962.83	6965.87	965	0	64
2026.01.14	01:30:00	6965.84	6966.06	6958.33	6958.67	1215	0	64
2026.01.14	02:00:00	6958.78	6961.25	6957.12	6960.87	798	0	64
2026.01.14	02:30:00	6961.04	6961.27	6959.08	6960.83	539	0	64
2026.01.14	03:00:00	6960.68	6965.03	6960.58	6964.55	474	0	64
2026.01.14	03:30:00	6964.58	6966.06	6963.37	6964.37	537	0	64
2026.01.14	04:00:00	6964.34	6965.27	6960.33	6960.62	568	0	64
2026.01.14	04:30:00	6960.79	6961.04	6955.35	6956.58	545	0	64
2026.01.14	05:00:00	6956.58	6957.58	6953.84	6954.54	836	0	64
2026.01.14	05:30:00	6954.57	6955.49	6951.58	6952.38	603	0	64
2026.01.14	06:00:00	6952.53	6952.78	6949.41	6951.03	929	0	64
2026.01.14	06:30:00	6951.26	6954.99	6949.83	6954.99	944	0	64
2026.01.14	07:00:00	6955.21	6956.04	6952.38	6954.37	753	0	64
2026.01.14	07:30:00	6954.54	6956.26	6953.39	6955.04	558	0	64
2026.01.14	08:00:00	6955.23	6958.06	6953.98	6955.97	1264	0	64
2026.01.14	08:30:00	6956.11	6956.36	6951.99	6955.71	852	0	72
2026.01.14	09:00:00	6955.49	6959.98	6954.94	6957.85	757	0	72
2026.01.14	09:30:00	6957.71	6958.61	6952.71	6956.10	659	0	72
2026.01.14	10:00:00	6955.96	6956.11	6941.25	6943.43	1505	0	72
2026.01.14	10:30:00	6943.28	6943.93	6933.46	6937.79	2286	0	72
2026.01.14	11:00:00	6937.63	6943.16	6932.70	6942.02	1534	0	72
2026.01.14	11:30:00	6942.07	6943.62	6937.54	6938.57	1092	0	72
2026.01.14	12:00:00	6938.51	6945.91	6930.06	6944.55	1696	0	72
2026.01.14	12:30:00	6944.29	6947.43	6941.23	6942.43	773	0	72
2026.01.14	13:00:00	6942.28	6945.31	6937.46	6944.85	1782	0	72
2026.01.14	13:30:00	6945.55	6946.40	6933.23	6937.16	2481	0	72
2026.01.14	14:00:00	6937.01	6940.92	6936.00	6938.18	1794	0	64
2026.01.14	14:30:00	6938.38	6945.66	6914.76	6915.13	20494	0	64
2026.01.14	15:00:00	6914.97	6936.92	6904.14	6916.04	21362	0	64
2026.01.14	15:30:00	6915.83	6918.67	6893.04	6899.76	10718	0	64
2026.01.14	16:00:00	6899.91	6921.93	6898.00	6920.26	6314	0	72
2026.01.14	16:30:00	6920.04	6923.18	6889.54	6894.52	7512	0	64
2026.01.14	17:00:00	6894.29	6901.91	6890.69	6899.42	5816	0	64
2026.01.14	17:30:00	6899.26	6902.92	6890.26	6894.67	5552	0	64
2026.01.14	18:00:00	6894.52	6904.88	6893.29	6904.42	5055	0	72
2026.01.14	18:30:00	6904.29	6910.92	6891.04	6909.65	5083	0	72
2026.01.14	19:00:00	6909.53	6911.67	6904.76	6909.76	4680	0	72
2026.01.14	19:30:00	6909.93	6914.68	6906.27	6909.41	3684	0	72
2026.01.14	20:00:00	6909.26	6925.90	6902.04	6920.75	9367	0	64
2026.01.14	20:30:00	6920.92	6936.42	6916.00	6934.44	7875	0	64
2026.01.14	21:00:00	6934.21	6936.92	6926.96	6927.85	1498	0	72
2026.01.14	21:30:00	6927.69	6929.60	6911.44	6926.76	1572	0	72
2026.01.14	23:00:00	6924.63	6927.79	6916.49	6924.77	1652	0	72
2026.01.14	23:30:00	6924.69	6927.89	6922.49	6926.66	959	0	72
2026.01.15	00:00:00	6926.69	6926.90	6922.53	6924.16	1006	0	64
2026.01.15	00:30:00	6924.21	6926.87	6922.98	6925.03	597	0	64
2026.01.15	01:00:00	6925.14	6932.14	6924.99	6927.55	1831	0	64
2026.01.15	01:30:00	6927.50	6931.48	6919.59	6931.18	2250	0	64
2026.01.15	02:00:00	6931.22	6931.68	6927.03	6927.23	1085	0	64
2026.01.15	02:30:00	6927.41	6928.17	6924.98	6927.02	883	0	64
2026.01.15	03:00:00	6927.19	6929.98	6925.73	6925.77	848	0	64
2026.01.15	03:30:00	6925.36	6928.65	6923.23	6923.73	1165	0	64
2026.01.15	04:00:00	6923.91	6926.98	6923.23	6925.69	937	0	64
2026.01.15	04:30:00	6925.53	6926.21	6922.64	6924.00	731	0	64
2026.01.15	05:00:00	6923.81	6930.96	6923.73	6929.77	1099	0	64
2026.01.15	05:30:00	6929.94	6935.18	6928.50	6930.27	1450	0	64
2026.01.15	06:00:00	6930.25	6944.65	6928.48	6940.44	2562	0	64
2026.01.15	06:30:00	6940.48	6944.16	6937.50	6940.73	1626	0	64
2026.01.15	07:00:00	6940.90	6941.96	6936.58	6936.94	1232	0	64
2026.01.15	07:30:00	6936.94	6939.94	6936.44	6938.57	1172	0	64
2026.01.15	08:00:00	6938.54	6946.76	6935.39	6940.64	2295	0	64
2026.01.15	08:30:00	6940.41	6945.80	6940.36	6945.16	1133	0	64
2026.01.15	09:00:00	6945.04	6956.22	6944.15	6955.02	1516	0	64
2026.01.15	09:30:00	6955.24	6959.52	6954.38	6955.24	1052	0	72
2026.01.15	10:00:00	6955.12	6957.74	6953.98	6955.45	942	0	72
2026.01.15	10:30:00	6955.66	6958.27	6954.84	6956.49	643	0	72
2026.01.15	11:00:00	6956.47	6960.27	6956.24	6957.61	908	0	72
2026.01.15	11:30:00	6957.77	6960.39	6956.49	6957.68	613	0	72
2026.01.15	12:00:00	6957.44	6958.28	6954.40	6956.42	1049	0	64
2026.01.15	12:30:00	6956.55	6960.73	6954.39	6959.61	856	0	64
2026.01.15	13:00:00	6959.41	6963.63	6956.36	6962.90	1123	0	72
2026.01.15	13:30:00	6962.93	6968.77	6959.87	6965.11	1926	0	72
2026.01.15	14:00:00	6965.27	6978.02	6964.10	6975.87	1634	0	64
2026.01.15	14:30:00	6976.02	6976.53	6961.60	6966.11	14478	0	64
2026.01.15	15:00:00	6965.89	6976.78	6962.36	6969.02	9227	0	64
2026.01.15	15:30:00	6969.24	6978.77	6959.37	6974.38	8462	0	64
2026.01.15	16:00:00	6974.15	6981.27	6973.10	6977.86	4610	0	64
2026.01.15	16:30:00	6977.65	6983.31	6974.60	6980.11	3389	0	64
2026.01.15	17:00:00	6979.88	6984.27	6973.40	6974.02	2856	0	64
2026.01.15	17:30:00	6974.16	6979.74	6968.60	6969.27	3415	0	72
2026.01.15	18:00:00	6969.13	6978.22	6968.36	6978.06	2715	0	64
2026.01.15	18:30:00	6977.85	6981.70	6975.34	6976.30	2204	0	64
2026.01.15	19:00:00	6976.08	6976.22	6964.06	6965.07	4222	0	64
2026.01.15	19:30:00	6964.94	6966.22	6954.60	6956.56	6457	0	64
2026.01.15	20:00:00	6956.35	6959.19	6941.56	6946.96	5784	0	64
2026.01.15	20:30:00	6946.81	6951.47	6942.06	6950.73	6149	0	64
2026.01.15	21:00:00	6950.94	6952.63	6947.80	6948.77	819	0	72
2026.01.15	21:30:00	6948.91	6950.73	6948.10	6950.56	168	0	72
2026.01.15	23:00:00	6952.81	6956.49	6950.11	6956.28	812	0	72
2026.01.15	23:30:00	6956.25	6957.99	6953.54	6956.80	475	0	72
2026.01.16	00:00:00	6956.76	6958.92	6955.03	6957.75	1019	0	64
2026.01.16	00:30:00	6957.78	6959.74	6957.53	6959.28	414	0	64
2026.01.16	01:00:00	6959.28	6961.98	6956.03	6958.74	955	0	64
2026.01.16	01:30:00	6958.57	6962.44	6958.57	6960.57	1032	0	64
2026.01.16	02:00:00	6960.64	6963.69	6959.08	6963.69	642	0	64
2026.01.16	02:30:00	6963.58	6965.49	6963.53	6964.53	432	0	64
2026.01.16	03:00:00	6964.53	6967.03	6964.11	6965.52	361	0	64
2026.01.16	03:30:00	6965.53	6966.74	6965.05	6965.53	294	0	64
2026.01.16	04:00:00	6965.68	6970.47	6965.28	6968.78	467	0	64
2026.01.16	04:30:00	6968.61	6970.28	6967.53	6970.28	334	0	64
2026.01.16	05:00:00	6970.28	6970.99	6968.57	6970.74	442	0	64
2026.01.16	05:30:00	6970.58	6971.03	6968.10	6968.71	405	0	64
2026.01.16	06:00:00	6968.58	6969.49	6967.53	6968.52	383	0	64
2026.01.16	06:30:00	6968.72	6971.24	6968.07	6970.78	338	0	64
2026.01.16	07:00:00	6970.95	6971.93	6969.61	6970.82	377	0	64
2026.01.16	07:30:00	6970.79	6972.53	6967.83	6970.32	565	0	64
2026.01.16	08:00:00	6970.46	6974.11	6967.15	6968.46	859	0	64
2026.01.16	08:30:00	6968.39	6970.03	6963.94	6967.40	717	0	72
2026.01.16	09:00:00	6967.20	6971.09	6965.92	6970.97	835	0	64
2026.01.16	09:30:00	6971.04	6971.19	6965.17	6965.32	558	0	72
2026.01.16	10:00:00	6965.26	6969.08	6964.65	6968.67	536	0	72
2026.01.16	10:30:00	6968.72	6970.84	6968.21	6968.96	686	0	64
2026.01.16	11:00:00	6969.06	6971.27	6966.93	6970.80	576	0	64
2026.01.16	11:30:00	6970.68	6971.32	6959.13	6960.43	831	0	72
2026.01.16	12:00:00	6960.22	6963.07	6957.20	6959.92	949	0	72
2026.01.16	12:30:00	6960.05	6964.52	6954.66	6959.09	966	0	72
2026.01.16	13:00:00	6958.93	6960.57	6956.16	6959.66	1217	0	72
2026.01.16	13:30:00	6959.80	6962.54	6955.95	6958.22	1144	0	72
2026.01.16	14:00:00	6958.32	6966.46	6957.64	6963.61	2290	0	72
2026.01.16	14:30:00	6963.75	6969.31	6946.23	6946.48	10673	0	64
2026.01.16	15:00:00	6946.23	6954.87	6941.94	6943.41	7335	0	64
2026.01.16	15:30:00	6943.18	6945.57	6928.00	6945.41	7698	0	64
2026.01.16	16:00:00	6945.01	6955.57	6942.44	6954.55	5311	0	64
2026.01.16	16:30:00	6954.78	6962.32	6948.66	6954.04	3657	0	64
2026.01.16	17:00:00	6953.91	6957.07	6951.65	6952.66	3382	0	72
2026.01.16	17:30:00	6952.53	6956.33	6946.16	6946.57	2969	0	72
2026.01.16	18:00:00	6946.42	6959.08	6945.41	6957.41	2546	0	64
2026.01.16	18:30:00	6957.18	6959.86	6953.41	6954.07	1762	0	64
2026.01.16	19:00:00	6953.91	6964.62	6946.99	6947.99	3333	0	64
2026.01.16	19:30:00	6948.11	6957.57	6947.51	6954.13	2409	0	72
2026.01.16	20:00:00	6953.97	6956.12	6949.25	6949.27	2133	0	64
2026.01.16	20:30:00	6949.05	6952.37	6942.20	6943.46	5345	0	64
2026.01.16	21:00:00	6943.23	6947.12	6940.70	6945.14	1117	0	72
2026.01.16	21:30:00	6945.11	6945.31	6942.92	6945.14	150	0	86
2026.01.18	23:00:00	6888.72	6903.92	6882.18	6897.98	4936	0	67
2026.01.18	23:30:00	6897.99	6902.95	6892.04	6902.69	2483	0	72
2026.01.19	00:00:00	6902.54	6902.95	6883.82	6888.08	3584	0	64
2026.01.19	00:30:00	6888.21	6895.48	6886.03	6892.44	2183	0	64
2026.01.19	01:00:00	6892.33	6896.22	6887.78	6890.22	2376	0	64
2026.01.19	01:30:00	6890.07	6892.46	6883.49	6885.08	2053	0	64
2026.01.19	02:00:00	6885.24	6890.74	6885.11	6889.58	1662	0	64
2026.01.19	02:30:00	6889.39	6891.78	6888.03	6891.57	841	0	64
2026.01.19	03:00:00	6891.54	6892.03	6884.82	6886.49	1003	0	64
2026.01.19	03:30:00	6886.52	6889.03	6884.08	6886.84	1047	0	64
2026.01.19	04:00:00	6886.98	6887.71	6885.05	6886.98	643	0	64
2026.01.19	04:30:00	6887.03	6887.53	6883.60	6884.48	441	0	64
2026.01.19	05:00:00	6884.33	6889.26	6882.03	6889.26	871	0	64
2026.01.19	05:30:00	6889.28	6889.99	6885.28	6886.03	659	0	64
2026.01.19	06:00:00	6886.03	6889.24	6885.57	6887.74	635	0	64
2026.01.19	06:30:00	6887.78	6890.98	6884.78	6885.21	910	0	64
2026.01.19	07:00:00	6885.07	6886.03	6877.76	6881.85	1860	0	64
2026.01.19	07:30:00	6881.99	6882.70	6873.79	6877.48	1865	0	64
2026.01.19	08:00:00	6877.71	6892.58	6877.57	6886.93	2770	0	64
2026.01.19	08:30:00	6887.07	6893.58	6885.55	6889.95	1494	0	64
2026.01.19	09:00:00	6890.11	6891.10	6867.85	6872.93	2249	0	64
2026.01.19	09:30:00	6872.80	6875.07	6859.67	6863.92	2583	0	64
2026.01.19	10:00:00	6863.69	6872.57	6860.93	6870.41	1597	0	64
2026.01.19	10:30:00	6870.29	6871.02	6861.40	6862.66	1359	0	64
2026.01.19	11:00:00	6862.80	6869.55	6860.70	6868.80	1355	0	64
2026.01.19	11:30:00	6868.68	6868.94	6865.17	6867.67	1118	0	72
2026.01.19	12:00:00	6867.45	6870.83	6864.41	6869.67	1108	0	72
2026.01.19	12:30:00	6869.73	6878.84	6869.15	6874.94	1048	0	72
2026.01.19	13:00:00	6874.71	6877.08	6865.67	6868.01	1166	0	72
2026.01.19	13:30:00	6868.02	6875.56	6866.67	6871.79	998	0	72
2026.01.19	14:00:00	6871.66	6876.00	6863.65	6865.83	1745	0	64
2026.01.19	14:30:00	6865.67	6869.07	6856.95	6869.07	2357	0	64
2026.01.19	15:00:00	6868.93	6873.77	6864.39	6868.93	1725	0	72
2026.01.19	15:30:00	6869.06	6872.29	6865.81	6871.22	1653	0	72
2026.01.19	16:00:00	6871.45	6881.32	6869.41	6871.32	1546	0	72
2026.01.19	16:30:00	6871.19	6880.04	6871.05	6879.46	1064	0	72
2026.01.19	17:00:00	6879.21	6885.32	6877.65	6885.32	748	0	72
2026.01.19	17:30:00	6885.53	6886.05	6881.66	6882.33	765	0	72
2026.01.19	23:00:00	6883.95	6886.09	6879.96	6882.17	1382	0	72
2026.01.19	23:30:00	6882.03	6882.69	6875.75	6876.79	712	0	72
2026.01.20	00:00:00	6876.94	6877.24	6866.03	6866.99	1505	0	64
2026.01.20	00:30:00	6866.84	6880.44	6866.34	6873.69	1512	0	64
2026.01.20	01:00:00	6873.93	6882.58	6873.93	6881.84	2451	0	64
2026.01.20	01:30:00	6881.97	6882.83	6879.83	6880.57	1348	0	64
2026.01.20	02:00:00	6880.77	6882.33	6873.84	6876.81	1394	0	64
2026.01.20	02:30:00	6876.99	6883.74	6876.99	6882.08	902	0	64
2026.01.20	03:00:00	6882.08	6883.32	6880.83	6882.09	695	0	64
2026.01.20	03:30:00	6881.89	6882.54	6880.08	6880.54	788	0	64
2026.01.20	04:00:00	6880.37	6881.04	6876.58	6877.85	603	0	64
2026.01.20	04:30:00	6877.83	6879.24	6871.83	6873.37	754	0	64
2026.01.20	05:00:00	6873.34	6879.54	6871.88	6878.33	1244	0	64
2026.01.20	05:30:00	6878.33	6879.26	6873.86	6874.83	1137	0	64
2026.01.20	06:00:00	6874.66	6875.51	6855.87	6857.37	2045	0	64
2026.01.20	06:30:00	6857.15	6859.04	6848.83	6858.08	2749	0	64
2026.01.20	07:00:00	6858.24	6859.74	6847.48	6853.99	2440	0	64
2026.01.20	07:30:00	6854.04	6855.04	6848.12	6852.58	2183	0	64
2026.01.20	08:00:00	6852.70	6853.74	6838.73	6840.87	3656	0	64
2026.01.20	08:30:00	6840.73	6840.87	6826.97	6834.48	3360	0	64
2026.01.20	09:00:00	6834.62	6838.61	6823.20	6824.33	3672	0	64
2026.01.20	09:30:00	6824.54	6825.29	6816.67	6822.10	3327	0	64
2026.01.20	10:00:00	6821.95	6837.83	6817.27	6836.02	2477	0	64
2026.01.20	10:30:00	6836.45	6837.76	6830.30	6832.46	1919	0	64
2026.01.20	11:00:00	6832.20	6844.07	6831.66	6837.92	2202	0	64
2026.01.20	11:30:00	6837.69	6843.58	6833.95	6839.57	1801	0	72
2026.01.20	12:00:00	6839.42	6849.06	6836.09	6844.91	2777	0	64
2026.01.20	12:30:00	6844.68	6856.81	6843.41	6850.75	2198	0	64
2026.01.20	13:00:00	6850.86	6854.82	6844.15	6847.16	2659	0	64
2026.01.20	13:30:00	6847.31	6847.79	6830.39	6837.07	5160	0	64
2026.01.20	14:00:00	6836.92	6842.78	6835.17	6842.07	3384	0	72
2026.01.20	14:30:00	6841.92	6859.62	6840.91	6848.66	27568	0	64
2026.01.20	15:00:00	6848.44	6866.62	6835.41	6865.45	18862	0	64
2026.01.20	15:30:00	6865.22	6874.24	6855.90	6864.65	11703	0	64
2026.01.20	16:00:00	6864.42	6872.30	6852.15	6865.02	10973	0	64
2026.01.20	16:30:00	6864.87	6870.31	6849.66	6863.55	9789	0	64
2026.01.20	17:00:00	6863.40	6865.81	6847.65	6850.27	8906	0	64
2026.01.20	17:30:00	6850.11	6850.11	6830.61	6836.85	7674	0	64
2026.01.20	18:00:00	6836.64	6841.03	6828.40	6828.89	5283	0	64
2026.01.20	18:30:00	6828.68	6829.99	6806.31	6813.53	6170	0	64
2026.01.20	19:00:00	6813.36	6818.97	6803.11	6806.79	5668	0	64
2026.01.20	19:30:00	6806.64	6811.03	6799.11	6804.57	6912	0	64
2026.01.20	20:00:00	6804.78	6807.62	6795.60	6800.02	6778	0	64
2026.01.20	20:30:00	6800.25	6803.75	6792.46	6803.75	7512	0	64
2026.01.20	21:00:00	6803.61	6810.27	6799.27	6807.39	1899	0	64
2026.01.20	21:30:00	6807.24	6808.02	6802.39	6807.38	663	0	72
2026.01.20	23:00:00	6808.36	6813.93	6806.80	6808.98	1086	0	72
2026.01.20	23:30:00	6808.83	6811.25	6800.11	6802.82	1212	0	64
2026.01.21	00:00:00	6803.12	6811.26	6803.12	6810.82	1395	0	64
2026.01.21	00:30:00	6810.83	6815.57	6810.23	6814.33	733	0	64
2026.01.21	01:00:00	6814.51	6821.20	6814.33	6819.56	852	0	64
2026.01.21	01:30:00	6819.77	6822.03	6817.83	6819.58	979	0	64
2026.01.21	02:00:00	6819.74	6820.29	6815.92	6816.04	922	0	64
2026.01.21	02:30:00	6815.88	6817.32	6813.59	6815.43	1163	0	64
2026.01.21	03:00:00	6815.54	6825.05	6815.34	6825.03	1046	0	64
2026.01.21	03:30:00	6825.08	6825.08	6818.15	6819.32	1052	0	64
2026.01.21	04:00:00	6819.20	6822.78	6816.63	6821.33	969	0	64
2026.01.21	04:30:00	6821.16	6822.04	6819.62	6819.92	662	0	64
2026.01.21	05:00:00	6819.86	6823.95	6817.31	6821.34	809	0	64
2026.01.21	05:30:00	6821.33	6824.33	6821.33	6823.54	514	0	64
2026.01.21	06:00:00	6823.38	6825.07	6822.09	6823.54	680	0	64
2026.01.21	06:30:00	6823.77	6825.79	6817.79	6817.85	712	0	64
2026.01.21	07:00:00	6817.81	6827.33	6817.36	6827.33	965	0	64
2026.01.21	07:30:00	6827.19	6828.24	6821.87	6823.38	745	0	64
2026.01.21	08:00:00	6823.15	6827.07	6819.25	6824.77	1854	0	64
2026.01.21	08:30:00	6824.49	6827.08	6822.75	6823.26	1041	0	64
2026.01.21	09:00:00	6823.10	6825.76	6818.24	6820.25	1414	0	64
2026.01.21	09:30:00	6820.13	6820.36	6807.20	6807.36	1594	0	64
2026.01.21	10:00:00	6807.57	6817.12	6805.71	6816.82	1609	0	64
2026.01.21	10:30:00	6817.07	6819.83	6812.49	6812.67	996	0	64
2026.01.21	11:00:00	6812.52	6813.15	6809.24	6809.71	1107	0	64
2026.01.21	11:30:00	6809.86	6811.85	6789.25	6790.10	2365	0	64
2026.01.21	12:00:00	6790.54	6799.13	6786.77	6795.46	2631	0	64
2026.01.21	12:30:00	6795.61	6796.80	6785.36	6796.23	1992	0	64
2026.01.21	13:00:00	6796.40	6799.66	6791.48	6792.07	1976	0	64
2026.01.21	13:30:00	6791.98	6802.63	6786.57	6795.40	3764	0	64
2026.01.21	14:00:00	6795.19	6835.43	6792.46	6822.77	10341	0	72
2026.01.21	14:30:00	6822.62	6853.06	6815.68	6851.40	21857	0	64
2026.01.21	15:00:00	6851.19	6860.82	6842.90	6856.82	14051	0	64
2026.01.21	15:30:00	6857.03	6878.77	6856.15	6874.65	7597	0	64
2026.01.21	16:00:00	6874.70	6875.80	6865.40	6869.65	7141	0	64
2026.01.21	16:30:00	6869.80	6870.31	6825.43	6826.87	14435	0	64
2026.01.21	17:00:00	6826.65	6833.79	6807.45	6824.88	13260	0	64
2026.01.21	17:30:00	6825.02	6836.06	6816.37	6832.81	12214	0	64
2026.01.21	18:00:00	6832.67	6834.28	6812.64	6832.13	11269	0	64
2026.01.21	18:30:00	6832.25	6841.50	6823.44	6836.46	8972	0	64
2026.01.21	19:00:00	6836.19	6876.57	6825.12	6870.59	10009	0	64
2026.01.21	19:30:00	6870.44	6914.17	6870.05	6911.71	19936	0	64
2026.01.21	20:00:00	6911.94	6914.43	6879.51	6879.96	12586	0	64
2026.01.21	20:30:00	6879.92	6887.92	6872.75	6880.17	10742	0	64
2026.01.21	21:00:00	6880.01	6888.66	6879.53	6885.40	1537	0	72
2026.01.21	21:30:00	6885.62	6885.68	6882.28	6884.60	599	0	64
2026.01.21	23:00:00	6889.94	6898.04	6889.94	6896.33	968	0	86
2026.01.21	23:30:00	6896.55	6896.55	6889.41	6893.99	798	0	72
2026.01.22	00:00:00	6894.15	6899.69	6892.02	6897.19	1471	0	64
2026.01.22	00:30:00	6897.22	6899.23	6893.28	6896.91	1176	0	64
2026.01.22	01:00:00	6896.96	6902.48	6895.54	6902.23	1157	0	64
2026.01.22	01:30:00	6902.23	6904.19	6900.77	6903.05	916	0	64
2026.01.22	02:00:00	6903.19	6904.71	6901.00	6901.73	677	0	64
2026.01.22	02:30:00	6901.56	6901.56	6898.48	6899.40	676	0	64
2026.01.22	03:00:00	6899.45	6903.71	6899.45	6902.43	633	0	64
2026.01.22	03:30:00	6902.27	6902.94	6900.49	6902.21	549	0	64
2026.01.22	04:00:00	6902.23	6902.23	6898.48	6899.96	542	0	64
2026.01.22	04:30:00	6899.98	6900.43	6897.88	6899.53	391	0	64
2026.01.22	05:00:00	6899.69	6900.23	6896.98	6897.52	538	0	64
2026.01.22	05:30:00	6897.49	6897.72	6889.75	6890.69	816	0	64
2026.01.22	06:00:00	6890.54	6893.41	6881.23	6882.19	1756	0	64
2026.01.22	06:30:00	6882.02	6893.38	6881.78	6891.89	1065	0	64
2026.01.22	07:00:00	6891.73	6894.10	6884.78	6891.43	1569	0	64
2026.01.22	07:30:00	6891.48	6901.88	6891.23	6899.98	1741	0	64
2026.01.22	08:00:00	6899.74	6916.48	6898.80	6913.20	2451	0	64
2026.01.22	08:30:00	6913.07	6923.33	6911.09	6918.22	1999	0	72
2026.01.22	09:00:00	6918.34	6926.96	6917.26	6922.58	1345	0	72
2026.01.22	09:30:00	6922.62	6926.98	6922.30	6924.20	740	0	72
2026.01.22	10:00:00	6924.43	6925.21	6917.60	6921.14	1175	0	72
2026.01.22	10:30:00	6921.08	6923.65	6920.74	6922.31	727	0	72
2026.01.22	11:00:00	6922.45	6926.00	6915.95	6920.07	1431	0	64
2026.01.22	11:30:00	6920.21	6923.92	6915.30	6916.21	1401	0	72
2026.01.22	12:00:00	6916.06	6918.97	6913.05	6917.35	1291	0	72
2026.01.22	12:30:00	6917.18	6919.96	6914.69	6918.67	1206	0	72
2026.01.22	13:00:00	6918.57	6922.47	6916.10	6921.92	1451	0	64
2026.01.22	13:30:00	6921.80	6929.16	6917.31	6928.78	2052	0	64
2026.01.22	14:00:00	6928.63	6929.22	6923.81	6926.88	1543	0	72
2026.01.22	14:30:00	6927.13	6934.78	6901.51	6906.93	15613	0	64
2026.01.22	15:00:00	6907.20	6913.76	6896.85	6912.13	15580	0	64
2026.01.22	15:30:00	6912.24	6922.94	6908.10	6914.22	8284	0	64
2026.01.22	16:00:00	6914.06	6928.76	6913.81	6926.27	5929	0	64
2026.01.22	16:30:00	6926.11	6933.18	6924.34	6925.44	3801	0	64
2026.01.22	17:00:00	6925.31	6933.96	6922.32	6930.72	4318	0	64
2026.01.22	17:30:00	6930.94	6939.22	6930.80	6938.10	2655	0	64
2026.01.22	18:00:00	6937.87	6939.41	6931.05	6932.86	3045	0	64
2026.01.22	18:30:00	6932.63	6936.76	6926.56	6928.32	2450	0	64
2026.01.22	19:00:00	6928.47	6937.73	6928.06	6934.70	2375	0	64
2026.01.22	19:30:00	6934.56	6935.48	6915.55	6915.81	3579	0	64
2026.01.22	20:00:00	6915.58	6923.19	6909.31	6909.47	3966	0	64
2026.01.22	20:30:00	6909.31	6918.47	6903.59	6917.31	5430	0	64
2026.01.22	21:00:00	6917.08	6919.47	6912.59	6917.31	1556	0	72
2026.01.22	21:30:00	6917.38	6917.48	6907.03	6910.70	461	0	72
2026.01.22	23:00:00	6911.82	6913.99	6905.25	6912.44	1290	0	72
2026.01.22	23:30:00	6912.28	6915.24	6909.78	6912.28	678	0	72
2026.01.23	00:00:00	6912.05	6917.48	6908.87	6915.97	1375	0	64
2026.01.23	00:30:00	6915.87	6921.03	6915.12	6921.03	465	0	64
2026.01.23	01:00:00	6920.87	6925.78	6920.18	6922.54	1125	0	64
2026.01.23	01:30:00	6922.70	6928.01	6921.79	6927.83	1046	0	64
2026.01.23	02:00:00	6927.98	6928.03	6925.13	6925.62	528	0	64
2026.01.23	02:30:00	6925.56	6925.56	6922.61	6923.04	458	0	64
2026.01.23	03:00:00	6923.03	6929.78	6923.03	6928.88	653	0	64
2026.01.23	03:30:00	6928.98	6929.24	6926.62	6927.79	523	0	64
2026.01.23	04:00:00	6927.62	6928.52	6926.11	6927.78	464	0	64
2026.01.23	04:30:00	6927.78	6930.22	6926.82	6929.28	501	0	64
2026.01.23	05:00:00	6929.44	6931.69	6928.28	6930.15	566	0	64
2026.01.23	05:30:00	6930.07	6932.02	6929.53	6931.78	362	0	64
2026.01.23	06:00:00	6931.78	6934.53	6931.53	6932.29	604	0	64
2026.01.23	06:30:00	6932.10	6933.03	6928.56	6928.78	612	0	64
2026.01.23	07:00:00	6928.89	6931.72	6926.85	6930.27	689	0	64
2026.01.23	07:30:00	6930.28	6930.28	6924.30	6926.23	985	0	64
2026.01.23	08:00:00	6926.08	6926.08	6914.16	6915.86	1869	0	64
2026.01.23	08:30:00	6916.05	6917.03	6906.66	6909.23	1918	0	64
2026.01.23	09:00:00	6909.43	6914.02	6907.87	6910.31	1916	0	64
2026.01.23	09:30:00	6910.26	6910.56	6896.90	6900.66	2028	0	64
2026.01.23	10:00:00	6900.46	6902.56	6898.21	6899.50	1453	0	64
2026.01.23	10:30:00	6899.49	6901.07	6896.96	6901.07	1108	0	64
2026.01.23	11:00:00	6900.93	6913.55	6900.89	6913.45	2465	0	64
2026.01.23	11:30:00	6913.23	6914.83	6902.96	6904.72	1171	0	64
2026.01.23	12:00:00	6904.50	6909.31	6903.72	6908.43	1413	0	64
2026.01.23	12:30:00	6908.48	6913.58	6902.40	6911.65	1211	0	64
2026.01.23	13:00:00	6911.79	6911.79	6899.19	6899.27	1402	0	64
2026.01.23	13:30:00	6899.52	6905.03	6897.33	6898.94	1850	0	64
2026.01.23	14:00:00	6898.93	6907.54	6895.94	6906.09	2058	0	64
2026.01.23	14:30:00	6905.92	6912.92	6896.49	6912.72	13019	0	64
2026.01.23	15:00:00	6912.82	6923.58	6907.91	6918.06	8855	0	64
2026.01.23	15:30:00	6918.20	6932.36	6916.95	6930.11	4498	0	64
2026.01.23	16:00:00	6930.34	6935.05	6924.67	6926.22	4050	0	64
2026.01.23	16:30:00	6925.97	6931.57	6919.36	6922.91	4734	0	64
2026.01.23	17:00:00	6923.07	6929.07	6918.92	6927.57	3770	0	64
2026.01.23	17:30:00	6927.80	6928.32	6902.41	6904.78	5496	0	72
2026.01.23	18:00:00	6904.66	6916.32	6903.65	6914.32	5537	0	64
2026.01.23	18:30:00	6914.55	6917.97	6908.91	6914.91	4130	0	72
2026.01.23	19:00:00	6915.07	6927.32	6914.41	6920.92	3369	0	64
2026.01.23	19:30:00	6920.69	6924.07	6914.69	6920.82	3080	0	64
2026.01.23	20:00:00	6920.66	6921.32	6910.41	6913.81	3749	0	64
2026.01.23	20:30:00	6913.66	6921.36	6910.93	6916.91	4824	0	64
2026.01.23	21:00:00	6916.68	6917.07	6903.66	6905.35	1184	0	72
2026.01.23	21:30:00	6905.57	6907.77	6904.09	6905.24	363	0	72
2026.01.25	23:00:00	6866.04	6883.62	6852.62	6882.38	4311	0	67
2026.01.25	23:30:00	6882.25	6889.69	6874.19	6887.90	3026	0	72
2026.01.26	00:00:00	6887.74	6898.19	6885.23	6897.48	3006	0	64
2026.01.26	00:30:00	6897.16	6898.23	6890.03	6893.14	1805	0	64
2026.01.26	01:00:00	6893.03	6906.69	6890.79	6903.73	2998	0	64
2026.01.26	01:30:00	6903.57	6906.68	6900.23	6903.65	2143	0	64
2026.01.26	02:00:00	6903.52	6906.23	6902.48	6903.73	1911	0	64
2026.01.26	02:30:00	6903.83	6903.98	6893.48	6896.18	2013	0	64
2026.01.26	03:00:00	6896.18	6905.13	6896.18	6900.92	1724	0	64
2026.01.26	03:30:00	6900.93	6902.43	6898.76	6900.73	1511	0	64
2026.01.26	04:00:00	6900.73	6903.05	6897.70	6902.82	879	0	64
2026.01.26	04:30:00	6903.05	6904.07	6897.11	6899.66	1120	0	72
2026.01.26	05:00:00	6899.43	6905.07	6898.18	6904.16	798	0	72
2026.01.26	05:30:00	6903.93	6906.80	6902.91	6906.18	702	0	72
2026.01.26	06:00:00	6906.32	6911.79	6906.16	6910.34	1104	0	72
2026.01.26	06:30:00	6910.50	6911.13	6905.88	6907.04	1232	0	64
2026.01.26	07:00:00	6906.88	6912.63	6906.16	6912.13	1044	0	64
2026.01.26	07:30:00	6912.13	6915.79	6909.23	6913.55	891	0	64
2026.01.26	08:00:00	6914.12	6921.88	6913.64	6919.76	1522	0	64
2026.01.26	08:30:00	6919.53	6921.95	6918.10	6920.76	1106	0	64
2026.01.26	09:00:00	6920.91	6922.97	6916.00	6916.45	1414	0	64
2026.01.26	09:30:00	6916.41	6916.71	6894.71	6901.16	2268	0	64
2026.01.26	10:00:00	6901.11	6907.55	6900.26	6906.84	1558	0	64
2026.01.26	10:30:00	6906.68	6911.43	6905.76	6907.28	1283	0	64
2026.01.26	11:00:00	6907.43	6908.97	6905.32	6906.51	970	0	64
2026.01.26	11:30:00	6906.66	6910.28	6905.26	6909.75	747	0	72
2026.01.26	12:00:00	6909.64	6917.62	6909.15	6913.78	1131	0	72
2026.01.26	12:30:00	6913.83	6914.68	6911.00	6913.49	899	0	72
2026.01.26	13:00:00	6913.65	6920.91	6912.03	6916.47	1374	0	64
2026.01.26	13:30:00	6916.32	6925.33	6910.52	6924.52	1476	0	64
2026.01.26	14:00:00	6924.65	6930.68	6923.81	6930.67	1417	0	72
2026.01.26	14:30:00	6930.51	6952.71	6925.01	6949.26	8914	0	64
2026.01.26	15:00:00	6949.03	6960.89	6944.04	6951.92	5454	0	64
2026.01.26	15:30:00	6951.77	6959.89	6948.78	6956.52	4856	0	64
2026.01.26	16:00:00	6956.67	6959.77	6948.75	6958.36	4077	0	64
2026.01.26	16:30:00	6958.52	6961.07	6955.10	6958.58	3091	0	64
2026.01.26	17:00:00	6958.52	6964.61	6957.70	6962.62	2051	0	64
2026.01.26	17:30:00	6962.45	6963.55	6957.91	6959.82	1952	0	64
2026.01.26	18:00:00	6959.66	6966.04	6956.48	6965.41	2042	0	64
2026.01.26	18:30:00	6965.19	6969.11	6960.95	6963.32	2219	0	64
2026.01.26	19:00:00	6963.16	6967.33	6961.86	6965.65	1910	0	64
2026.01.26	19:30:00	6965.42	6967.31	6962.40	6963.06	1639	0	64
2026.01.26	20:00:00	6962.90	6964.52	6961.35	6962.56	1704	0	64
2026.01.26	20:30:00	6962.40	6965.04	6953.11	6954.02	3288	0	64
2026.01.26	21:00:00	6954.64	6956.27	6951.10	6955.85	1012	0	72
2026.01.26	21:30:00	6955.64	6955.64	6949.81	6950.00	396	0	72
2026.01.26	23:00:00	6951.29	6957.53	6946.33	6952.23	964	0	72
2026.01.26	23:30:00	6952.15	6955.32	6950.93	6955.32	777	0	64
2026.01.27	00:00:00	6955.39	6956.68	6951.83	6955.38	964	0	64
2026.01.27	00:30:00	6955.23	6957.93	6954.53	6957.77	514	0	64
2026.01.27	01:00:00	6957.31	6960.61	6956.14	6959.95	675	0	64
2026.01.27	01:30:00	6959.93	6962.39	6959.45	6961.64	490	0	64
2026.01.27	02:00:00	6961.48	6968.16	6961.43	6967.14	579	0	64
2026.01.27	02:30:00	6967.17	6971.39	6966.05	6970.98	523	0	64
2026.01.27	03:00:00	6970.95	6971.89	6970.23	6970.93	411	0	64
2026.01.27	03:30:00	6970.93	6972.89	6970.69	6972.47	428	0	64
2026.01.27	04:00:00	6972.63	6977.39	6972.22	6974.91	518	0	64
2026.01.27	04:30:00	6974.93	6975.43	6974.68	6974.74	223	0	64
2026.01.27	05:00:00	6974.70	6974.88	6971.18	6972.39	444	0	64
2026.01.27	05:30:00	6972.62	6977.18	6972.62	6977.13	348	0	64
2026.01.27	06:00:00	6976.97	6980.87	6976.97	6979.18	561	0	64
2026.01.27	06:30:00	6979.18	6979.28	6974.43	6974.86	527	0	64
2026.01.27	07:00:00	6974.91	6976.93	6973.69	6974.98	607	0	64
2026.01.27	07:30:00	6974.95	6978.10	6973.39	6976.18	671	0	64
2026.01.27	08:00:00	6976.07	6977.27	6970.84	6971.11	1537	0	64
2026.01.27	08:30:00	6971.09	6972.96	6968.56	6971.51	1031	0	64
2026.01.27	09:00:00	6971.16	6973.40	6969.81	6971.21	944	0	64
2026.01.27	09:30:00	6971.06	6972.71	6968.82	6969.45	891	0	72
2026.01.27	10:00:00	6969.32	6973.47	6969.12	6973.30	587	0	64
2026.01.27	10:30:00	6973.19	6974.50	6971.81	6973.22	480	0	64
2026.01.27	11:00:00	6973.08	6973.46	6971.05	6972.47	646	0	64
2026.01.27	11:30:00	6972.41	6977.72	6972.09	6976.18	736	0	72
2026.01.27	12:00:00	6975.87	6976.43	6969.30	6969.55	706	0	72
2026.01.27	12:30:00	6969.71	6973.51	6968.80	6971.37	831	0	64
2026.01.27	13:00:00	6971.45	6973.68	6970.60	6971.06	748	0	64
2026.01.27	13:30:00	6970.86	6972.97	6968.31	6969.23	840	0	72
2026.01.27	14:00:00	6969.43	6971.71	6966.10	6968.31	1031	0	72
2026.01.27	14:30:00	6968.11	6981.94	6962.59	6979.06	7881	0	64
2026.01.27	15:00:00	6979.22	6981.80	6972.06	6974.46	5293	0	64
2026.01.27	15:30:00	6974.30	6988.46	6973.80	6987.05	3394	0	64
2026.01.27	16:00:00	6987.21	6991.94	6986.82	6989.06	2282	0	64
2026.01.27	16:30:00	6989.20	6992.18	6986.78	6986.78	1830	0	64
2026.01.27	17:00:00	6986.91	6988.14	6980.25	6986.21	2484	0	64
2026.01.27	17:30:00	6986.35	6987.12	6980.27	6980.60	2077	0	64
2026.01.27	18:00:00	6980.88	6986.13	6975.49	6984.41	2249	0	64
2026.01.27	18:30:00	6984.64	6988.67	6983.56	6987.02	1427	0	64
2026.01.27	19:00:00	6986.79	6988.67	6984.21	6988.50	1322	0	64
2026.01.27	19:30:00	6988.66	6990.42	6986.99	6987.50	1178	0	64
2026.01.27	20:00:00	6987.28	6990.91	6986.24	6986.66	1298	0	64
2026.01.27	20:30:00	6986.50	6988.09	6980.96	6982.50	2306	0	64
2026.01.27	21:00:00	6982.66	6984.13	6979.24	6981.64	1045	0	64
2026.01.27	21:30:00	6981.69	6985.35	6981.43	6982.76	274	0	72
2026.01.27	23:00:00	6984.55	6988.82	6984.46	6987.55	872	0	72
2026.01.27	23:30:00	6987.61	6987.82	6986.39	6986.89	375	0	64
2026.01.28	00:00:00	6986.92	6993.68	6986.68	6993.39	678	0	64
2026.01.28	00:30:00	6993.22	7000.09	6993.03	6998.89	1015	0	64
2026.01.28	01:00:00	6998.89	7001.62	6998.89	7000.64	834	0	64
2026.01.28	01:30:00	7000.67	7000.87	6996.68	6997.43	736	0	64
2026.01.28	02:00:00	6997.43	7000.62	6997.20	6999.20	596	0	64
2026.01.28	02:30:00	6999.18	7001.33	6998.98	6999.93	485	0	64
2026.01.28	03:00:00	6999.93	7001.18	6998.22	6999.13	357	0	64
2026.01.28	03:30:00	6999.16	7000.36	6998.18	6998.38	584	0	64
2026.01.28	04:00:00	6998.41	7001.89	6998.41	7001.70	369	0	64
2026.01.28	04:30:00	7001.86	7001.86	6999.95	7001.11	206	0	64
2026.01.28	05:00:00	7001.34	7004.11	7001.20	7003.20	309	0	64
2026.01.28	05:30:00	7003.36	7006.43	7002.95	7005.72	365	0	64
2026.01.28	06:00:00	7007.41	7015.44	7007.41	7010.53	2549	0	64
2026.01.28	06:30:00	7010.68	7017.39	7008.94	7008.99	1569	0	64
2026.01.28	07:00:00	7009.14	7011.46	7007.45	7008.68	1195	0	64
2026.01.28	07:30:00	7008.53	7011.53	7004.84	7011.49	1034	0	64
2026.01.28	08:00:00	7011.36	7013.60	7003.95	7007.21	1827	0	64
2026.01.28	08:30:00	7007.09	7008.61	7000.66	7002.05	1283	0	64
2026.01.28	09:00:00	7002.27	7006.19	7001.16	7002.91	1414	0	64
2026.01.28	09:30:00	7003.05	7007.81	7001.66	7006.49	873	0	72
2026.01.28	10:00:00	7006.56	7008.06	7004.36	7006.30	751	0	72
2026.01.28	10:30:00	7006.53	7010.83	7005.96	7010.18	722	0	64
2026.01.28	11:00:00	7010.23	7010.32	7003.53	7007.91	795	0	72
2026.01.28	11:30:00	7008.07	7009.83	7006.70	7007.69	739	0	72
2026.01.28	12:00:00	7007.72	7008.34	6996.96	6999.75	2081	0	64
2026.01.28	12:30:00	6999.74	7003.27	6997.69	6997.71	1499	0	64
2026.01.28	13:00:00	6997.86	7001.57	6993.82	6995.31	1510	0	64
2026.01.28	13:30:00	6995.18	6997.53	6992.70	6997.10	1400	0	64
2026.01.28	14:00:00	6996.96	6998.32	6992.91	6997.17	1622	0	64
2026.01.28	14:30:00	6997.32	7005.64	6996.19	6998.34	10135	0	64
2026.01.28	15:00:00	6998.21	7000.29	6987.42	6992.06	6615	0	64
2026.01.28	15:30:00	6992.29	6994.82	6982.20	6982.45	5357	0	64
2026.01.28	16:00:00	6982.22	6990.12	6981.21	6988.20	4199	0	64
2026.01.28	16:30:00	6988.00	6988.11	6971.66	6973.95	4543	0	64
2026.01.28	17:00:00	6974.11	6983.57	6973.58	6975.35	3669	0	64
2026.01.28	17:30:00	6975.20	6981.12	6971.69	6975.34	3061	0	64
2026.01.28	18:00:00	6975.20	6981.11	6972.20	6978.36	2848	0	64
2026.01.28	18:30:00	6978.58	6979.81	6974.44	6977.43	2422	0	64
2026.01.28	19:00:00	6977.30	6982.97	6967.08	6968.07	6632	0	64
2026.01.28	19:30:00	6968.29	6987.33	6966.18	6975.70	15378	0	64
2026.01.28	20:00:00	6975.84	6989.61	6974.74	6981.18	5863	0	64
2026.01.28	20:30:00	6980.94	6988.57	6974.08	6980.87	5345	0	64
2026.01.28	21:00:00	6981.00	6996.32	6952.10	6996.06	8146	0	64
2026.01.28	21:30:00	6995.91	6997.78	6988.91	6991.92	1847	0	72
2026.01.28	23:00:00	6994.83	6996.77	6972.39	6980.35	2868	0	72
2026.01.28	23:30:00	6980.39	6982.56	6969.86	6971.35	2741	0	72
2026.01.29	00:00:00	6971.21	6974.18	6960.93	6974.18	4232	0	64
2026.01.29	00:30:00	6974.18	6974.18	6966.99	6974.18	2346	0	64
2026.01.29	01:00:00	6974.21	6974.93	6962.43	6967.14	2998	0	64
2026.01.29	01:30:00	6967.18	6969.93	6964.18	6969.89	3021	0	64
2026.01.29	02:00:00	6969.92	6980.87	6968.72	6980.14	1972	0	64
2026.01.29	02:30:00	6980.37	6981.36	6976.43	6978.13	1534	0	64
2026.01.29	03:00:00	6978.14	6983.93	6978.14	6981.93	1237	0	64
2026.01.29	03:30:00	6981.93	6984.91	6980.98	6983.75	1241	0	64
2026.01.29	04:00:00	6983.89	6988.59	6983.18	6986.48	1006	0	64
2026.01.29	04:30:00	6986.63	6991.36	6986.63	6990.64	624	0	64
2026.01.29	05:00:00	6990.48	6991.64	6987.47	6991.37	1065	0	64
2026.01.29	05:30:00	6991.41	6994.93	6991.41	6992.91	850	0	64
2026.01.29	06:00:00	6992.93	6998.92	6992.72	6995.97	899	0	64
2026.01.29	06:30:00	6995.75	6997.84	6992.44	6994.93	1037	0	64
2026.01.29	07:00:00	6994.93	6996.89	6992.91	6996.89	1126	0	64
2026.01.29	07:30:00	6996.72	7004.52	6996.23	7001.68	929	0	64
2026.01.29	08:00:00	7001.53	7004.44	6994.06	7002.21	2223	0	64
2026.01.29	08:30:00	7002.08	7003.95	6997.32	6999.92	1682	0	72
2026.01.29	09:00:00	6999.90	7004.46	6999.68	7000.32	1417	0	72
2026.01.29	09:30:00	7000.30	7004.19	6993.93	6994.30	1165	0	64
2026.01.29	10:00:00	6994.44	6998.44	6992.86	6996.73	1353	0	64
2026.01.29	10:30:00	6996.94	6997.23	6988.05	6988.92	1051	0	72
2026.01.29	11:00:00	6989.18	6994.22	6985.32	6992.44	1489	0	72
2026.01.29	11:30:00	6992.33	6996.97	6992.06	6994.46	1762	0	64
2026.01.29	12:00:00	6994.31	6998.94	6994.06	6997.74	1260	0	64
2026.01.29	12:30:00	6997.58	6997.98	6989.06	6994.10	1564	0	64
2026.01.29	13:00:00	6993.94	6997.23	6990.31	6995.21	1673	0	72
2026.01.29	13:30:00	6995.08	7001.73	6992.31	6998.69	1313	0	72
2026.01.29	14:00:00	6998.64	6998.97	6987.85	6989.97	2116	0	64
2026.01.29	14:30:00	6990.18	6996.71	6940.80	6941.47	21066	0	64
2026.01.29	15:00:00	6941.58	6942.47	6914.01	6915.31	20830	0	64
2026.01.29	15:30:00	6915.09	6918.40	6877.65	6886.28	14724	0	64
2026.01.29	16:00:00	6886.49	6912.31	6873.65	6905.14	15960	0	64
2026.01.29	16:30:00	6904.99	6916.24	6904.09	6912.99	13549	0	64
2026.01.29	17:00:00	6912.87	6939.76	6912.36	6936.38	8001	0	72
2026.01.29	17:30:00	6936.52	6943.03	6913.10	6914.74	8601	0	64
2026.01.29	18:00:00	6914.89	6937.53	6913.14	6935.52	9618	0	64
2026.01.29	18:30:00	6935.74	6944.02	6927.86	6931.90	7746	0	64
2026.01.29	19:00:00	6932.00	6948.06	6928.36	6946.86	5976	0	64
2026.01.29	19:30:00	6946.63	6948.27	6936.86	6937.40	6689	0	64
2026.01.29	20:00:00	6937.55	6946.53	6936.65	6941.87	4699	0	64
2026.01.29	20:30:00	6942.02	6974.27	6940.11	6965.30	6247	0	64
2026.01.29	21:00:00	6964.97	6970.95	6960.75	6964.72	2612	0	72
2026.01.29	21:30:00	6965.36	6977.88	6963.29	6965.20	3659	0	72
2026.01.29	23:00:00	6968.19	6969.40	6944.09	6957.12	2738	0	72
2026.01.29	23:30:00	6956.90	6970.39	6956.62	6962.14	2514	0	72
2026.01.30	00:00:00	6962.32	6965.62	6950.35	6954.14	3129	0	64
2026.01.30	00:30:00	6954.09	6966.28	6950.40	6952.67	2617	0	64
2026.01.30	01:00:00	6952.65	6953.57	6942.40	6943.23	2498	0	64
2026.01.30	01:30:00	6943.34	6944.14	6927.92	6938.39	3720	0	64
2026.01.30	02:00:00	6938.51	6939.84	6921.18	6921.25	4497	0	64
2026.01.30	02:30:00	6921.34	6936.88	6918.96	6936.63	3342	0	64
2026.01.30	03:00:00	6936.85	6946.39	6936.48	6940.69	2914	0	64
2026.01.30	03:30:00	6940.49	6947.27	6939.93	6941.85	2617	0	64
2026.01.30	04:00:00	6941.74	6949.07	6941.14	6945.85	1878	0	64
2026.01.30	04:30:00	6946.07	6948.90	6939.93	6941.39	1631	0	64
2026.01.30	05:00:00	6941.25	6945.64	6938.18	6940.16	1951	0	64
2026.01.30	05:30:00	6939.93	6940.35	6932.23	6932.38	1599	0	64
2026.01.30	06:00:00	6932.42	6933.60	6916.48	6921.75	2433	0	64
2026.01.30	06:30:00	6921.56	6927.39	6911.23	6913.16	2943	0	64
2026.01.30	07:00:00	6912.91	6925.33	6911.90	6916.09	3052	0	72
2026.01.30	07:30:00	6915.95	6919.38	6903.93	6905.11	3197	0	72
2026.01.30	08:00:00	6905.28	6918.83	6901.61	6913.85	4100	0	72
2026.01.30	08:30:00	6913.65	6920.98	6902.06	6916.84	3125	0	64
2026.01.30	09:00:00	6916.59	6920.73	6905.12	6907.58	3358	0	64
2026.01.30	09:30:00	6907.71	6911.23	6893.62	6902.48	3168	0	64
2026.01.30	10:00:00	6902.47	6911.77	6902.11	6907.85	2732	0	64
2026.01.30	10:30:00	6908.01	6919.62	6907.85	6914.87	2054	0	72
2026.01.30	11:00:00	6915.01	6928.76	6914.16	6928.63	2052	0	72
2026.01.30	11:30:00	6928.77	6946.71	6926.00	6944.82	2776	0	64
2026.01.30	12:00:00	6944.63	6951.52	6939.36	6941.58	2836	0	72
2026.01.30	12:30:00	6941.68	6947.76	6933.01	6937.35	2622	0	72
2026.01.30	13:00:00	6937.27	6946.02	6934.13	6938.18	2817	0	64
2026.01.30	13:30:00	6938.52	6940.56	6923.83	6932.99	5128	0	72
2026.01.30	14:00:00	6932.86	6943.23	6930.90	6942.61	4215	0	72
2026.01.30	14:30:00	6942.75	6961.27	6936.42	6941.18	26000	0	64
2026.01.30	15:00:00	6941.31	6964.80	6936.60	6938.16	21240	0	64
2026.01.30	15:30:00	6937.94	6966.45	6932.91	6945.60	16389	0	64
2026.01.30	16:00:00	6945.39	6951.25	6926.60	6934.51	13436	0	64
2026.01.30	16:30:00	6934.23	6948.27	6927.65	6930.53	14002	0	64
2026.01.30	17:00:00	6930.37	6935.81	6911.11	6934.82	13926	0	64
2026.01.30	17:30:00	6935.03	6939.49	6915.11	6915.36	14043	0	64
2026.01.30	18:00:00	6915.14	6926.52	6894.86	6918.25	12549	0	64
2026.01.30	18:30:00	6918.38	6944.76	6902.11	6937.73	13197	0	64
2026.01.30	19:00:00	6937.61	6951.27	6936.85	6937.28	11313	0	64
2026.01.30	19:30:00	6937.13	6946.73	6928.31	6929.27	13274	0	64
2026.01.30	20:00:00	6929.49	6936.00	6916.86	6924.13	10556	0	64
2026.01.30	20:30:00	6924.26	6952.46	6923.38	6943.03	12169	0	64
2026.01.30	21:00:00	6943.19	6949.19	6933.85	6939.21	3190	0	72
2026.01.30	21:30:00	6939.05	6939.94	6933.55	6937.80	673	0	86
2026.02.01	23:00:00	6916.02	6923.12	6896.13	6907.59	5123	0	67
2026.02.01	23:30:00	6907.43	6929.97	6905.14	6924.54	3445	0	72
2026.02.02	00:00:00	6924.38	6938.09	6916.14	6934.59	4277	0	64
2026.02.02	00:30:00	6934.42	6943.52	6931.91	6936.39	2849	0	72
2026.02.02	01:00:00	6936.55	6940.76	6910.14	6919.31	6177	0	64
2026.02.02	01:30:00	6919.56	6920.33	6893.36	6895.22	7039	0	64
2026.02.02	02:00:00	6895.19	6902.17	6890.13	6894.89	5339	0	64
2026.02.02	02:30:00	6895.02	6900.10	6883.17	6884.20	4094	0	64
2026.02.02	03:00:00	6884.34	6887.88	6873.67	6876.18	3337	0	64
2026.02.02	03:30:00	6876.26	6878.06	6860.96	6863.84	4951	0	64
2026.02.02	04:00:00	6864.07	6871.09	6851.38	6866.68	5031	0	64
2026.02.02	04:30:00	6866.81	6880.35	6866.25	6875.14	3092	0	64
2026.02.02	05:00:00	6875.18	6875.92	6861.72	6862.93	3711	0	64
2026.02.02	05:30:00	6862.93	6865.37	6855.79	6858.72	3908	0	64
2026.02.02	06:00:00	6858.89	6863.12	6846.93	6855.23	3999	0	64
2026.02.02	06:30:00	6855.03	6857.31	6842.68	6853.39	3975	0	64
2026.02.02	07:00:00	6853.56	6867.43	6853.14	6866.86	3747	0	64
2026.02.02	07:30:00	6866.87	6875.11	6863.00	6874.84	3476	0	64
2026.02.02	08:00:00	6874.74	6888.49	6873.33	6885.58	4153	0	64
2026.02.02	08:30:00	6885.69	6898.95	6884.80	6895.64	2531	0	72
2026.02.02	09:00:00	6895.62	6905.68	6885.55	6901.31	3341	0	64
2026.02.02	09:30:00	6901.12	6906.47	6899.79	6903.36	2294	0	64
2026.02.02	10:00:00	6903.50	6907.47	6900.05	6902.58	2248	0	64
2026.02.02	10:30:00	6902.40	6904.72	6892.58	6895.49	2267	0	64
2026.02.02	11:00:00	6895.61	6910.34	6894.24	6910.34	1798	0	64
2026.02.02	11:30:00	6910.09	6915.21	6906.88	6909.85	1736	0	64
2026.02.02	12:00:00	6909.73	6920.46	6909.30	6920.05	2048	0	64
2026.02.02	12:30:00	6919.93	6922.98	6912.64	6914.59	1774	0	64
2026.02.02	13:00:00	6914.48	6916.96	6908.20	6911.61	2741	0	64
2026.02.02	13:30:00	6911.75	6922.98	6907.87	6920.59	2477	0	64
2026.02.02	14:00:00	6920.63	6925.17	6919.56	6921.83	2687	0	64
2026.02.02	14:30:00	6922.17	6964.48	6920.09	6952.44	20438	0	64
2026.02.02	15:00:00	6952.59	6982.94	6948.99	6973.07	10338	0	64
2026.02.02	15:30:00	6973.21	6983.48	6969.56	6973.31	7938	0	64
2026.02.02	16:00:00	6973.08	6982.70	6965.07	6981.46	6641	0	64
2026.02.02	16:30:00	6981.32	6984.47	6970.80	6983.47	4621	0	64
2026.02.02	17:00:00	6983.15	6991.45	6982.36	6988.22	3251	0	64
2026.02.02	17:30:00	6988.38	6995.47	6986.55	6989.97	2202	0	64
2026.02.02	18:00:00	6990.20	6992.98	6982.69	6986.56	2215	0	64
2026.02.02	18:30:00	6986.72	6993.75	6986.30	6991.10	1919	0	64
2026.02.02	19:00:00	6990.87	6994.97	6989.84	6993.98	1789	0	64
2026.02.02	19:30:00	6993.87	6994.02	6979.55	6980.97	3272	0	64
2026.02.02	20:00:00	6981.20	6990.72	6976.31	6983.80	7721	0	64
2026.02.02	20:30:00	6983.59	6985.19	6976.84	6980.73	4519	0	64
2026.02.02	21:00:00	6980.95	6985.22	6975.75	6982.47	2130	0	72
2026.02.02	21:30:00	6982.41	6983.98	6980.23	6981.17	591	0	72
2026.02.02	23:00:00	6984.53	6995.17	6981.43	6993.49	1491	0	72
2026.02.02	23:30:00	6993.32	7000.97	6992.49	6994.36	1312	0	72
2026.02.03	00:00:00	6994.29	7002.22	6988.59	6999.79	1885	0	64
2026.02.03	00:30:00	6999.79	7000.99	6994.97	6997.33	1094	0	64
2026.02.03	01:00:00	6997.33	7002.52	6996.08	6999.61	1384	0	64
2026.02.03	01:30:00	6999.36	6999.72	6994.12	6996.31	1579	0	64
2026.02.03	02:00:00	6996.33	6996.33	6990.64	6991.13	1527	0	64
2026.02.03	02:30:00	6991.10	6992.78	6987.33	6991.92	1754	0	64
2026.02.03	03:00:00	6991.67	6995.30	6989.64	6993.79	1270	0	64
2026.02.03	03:30:00	6993.65	6997.78	6992.08	6996.54	1423	0	64
2026.02.03	04:00:00	6996.37	6999.79	6995.85	6997.00	876	0	64
2026.02.03	04:30:00	6997.25	7002.03	6997.25	7001.14	782	0	64
2026.02.03	05:00:00	7001.28	7001.54	6995.12	6997.54	1221	0	64
2026.02.03	05:30:00	6997.57	7002.46	6996.83	7000.54	736	0	64
2026.02.03	06:00:00	7000.57	7003.27	6998.06	7000.38	844	0	64
2026.02.03	06:30:00	7000.34	7003.25	6999.39	7000.63	952	0	64
2026.02.03	07:00:00	7000.74	7002.79	6998.04	6999.58	988	0	64
2026.02.03	07:30:00	6999.76	7004.83	6998.67	7002.62	1084	0	64
2026.02.03	08:00:00	7002.41	7006.29	6998.45	7001.64	1917	0	64
2026.02.03	08:30:00	7001.51	7001.99	6995.21	6996.47	1532	0	64
2026.02.03	09:00:00	6996.64	7002.11	6993.54	6994.15	1704	0	64
2026.02.03	09:30:00	6994.38	6996.11	6991.21	6993.25	1390	0	64
2026.02.03	10:00:00	6993.40	6997.16	6992.72	6993.59	969	0	64
2026.02.03	10:30:00	6993.56	6993.56	6989.21	6990.37	938	0	72
2026.02.03	11:00:00	6990.22	6992.48	6987.51	6989.88	1173	0	64
2026.02.03	11:30:00	6989.78	6991.12	6986.01	6990.01	1274	0	64
2026.02.03	12:00:00	6990.10	6999.63	6987.00	6998.73	1478	0	64
2026.02.03	12:30:00	6998.86	7002.09	6998.26	6999.13	1103	0	64
2026.02.03	13:00:00	6999.33	7000.41	6995.25	6999.52	1384	0	64
2026.02.03	13:30:00	6999.63	7001.10	6994.57	6995.09	1466	0	64
2026.02.03	14:00:00	6994.89	6996.44	6987.30	6989.06	1848	0	64
2026.02.03	14:30:00	6988.84	6996.51	6959.74	6961.47	21778	0	64
2026.02.03	15:00:00	6961.59	6963.40	6934.10	6948.01	23624	0	64
2026.02.03	15:30:00	6947.85	6960.51	6935.36	6957.58	17256	0	64
2026.02.03	16:00:00	6957.69	6958.20	6932.85	6934.01	13698	0	64
2026.02.03	16:30:00	6934.23	6940.50	6928.84	6932.47	11043	0	64
2026.02.03	17:00:00	6932.31	6933.47	6912.03	6914.21	12725	0	64
2026.02.03	17:30:00	6914.07	6915.22	6899.81	6902.81	10401	0	64
2026.02.03	18:00:00	6902.60	6911.12	6888.11	6889.59	9898	0	64
2026.02.03	18:30:00	6889.39	6889.95	6874.04	6874.32	7208	0	64
2026.02.03	19:00:00	6874.13	6897.97	6866.09	6887.73	14102	0	64
2026.02.03	19:30:00	6887.57	6896.47	6877.06	6894.31	15861	0	64
2026.02.03	20:00:00	6894.11	6903.98	6888.59	6901.31	9461	0	64
2026.02.03	20:30:00	6901.37	6923.72	6900.84	6920.14	8226	0	64
2026.02.03	21:00:00	6920.37	6925.36	6911.56	6920.13	3207	0	64
2026.02.03	21:30:00	6920.00	6920.47	6913.61	6918.42	1673	0	72
2026.02.03	23:00:00	6915.44	6924.96	6912.09	6915.84	1444	0	72
2026.02.03	23:30:00	6915.70	6923.82	6914.39	6923.10	1102	0	72
2026.02.04	00:00:00	6923.33	6924.14	6915.93	6919.01	2685	0	64
2026.02.04	00:30:00	6919.13	6922.93	6914.18	6914.73	1489	0	64
2026.02.04	01:00:00	6914.88	6927.13	6914.88	6925.94	2459	0	64
2026.02.04	01:30:00	6925.93	6927.56	6921.43	6925.24	2033	0	64
2026.02.04	02:00:00	6925.03	6931.84	6922.18	6923.98	2050	0	64
2026.02.04	02:30:00	6923.93	6926.18	6920.27	6923.13	1576	0	64
2026.02.04	03:00:00	6923.35	6926.64	6921.27	6924.80	1613	0	64
2026.02.04	03:30:00	6924.84	6930.15	6922.97	6927.42	1451	0	64
2026.02.04	04:00:00	6927.43	6928.64	6924.70	6925.76	1041	0	64
2026.02.04	04:30:00	6925.88	6929.14	6925.18	6926.77	916	0	64
2026.02.04	05:00:00	6926.71	6927.43	6924.22	6926.18	991	0	64
2026.02.04	05:30:00	6926.34	6929.41	6922.52	6929.41	921	0	64
2026.02.04	06:00:00	6929.43	6933.42	6927.97	6931.30	1194	0	64
2026.02.04	06:30:00	6931.55	6939.56	6930.20	6935.89	1048	0	64
2026.02.04	07:00:00	6935.89	6940.11	6934.96	6938.89	991	0	64
2026.02.04	07:30:00	6938.72	6941.43	6936.18	6939.48	917	0	64
2026.02.04	08:00:00	6939.25	6940.51	6923.37	6924.32	3000	0	64
2026.02.04	08:30:00	6923.96	6931.00	6921.81	6926.97	2738	0	72
2026.02.04	09:00:00	6926.82	6930.90	6914.82	6918.40	3195	0	64
2026.02.04	09:30:00	6918.43	6922.48	6913.12	6921.47	2395	0	64
2026.02.04	10:00:00	6921.53	6930.19	6919.61	6929.32	2054	0	64
2026.02.04	10:30:00	6929.37	6934.77	6928.31	6930.73	1679	0	64
2026.02.04	11:00:00	6930.85	6933.48	6928.07	6931.59	1465	0	64
2026.02.04	11:30:00	6931.62	6945.65	6930.33	6941.83	2008	0	64
2026.02.04	12:00:00	6941.96	6945.46	6934.31	6935.97	1863	0	64
2026.02.04	12:30:00	6935.82	6939.21	6931.07	6932.81	1951	0	64
2026.02.04	13:00:00	6932.61	6934.22	6927.06	6932.56	2531	0	64
2026.02.04	13:30:00	6932.61	6939.52	6925.32	6926.97	2972	0	64
2026.02.04	14:00:00	6926.88	6930.68	6921.44	6930.06	3008	0	64
2026.02.04	14:30:00	6929.66	6941.22	6904.60	6908.34	30813	0	64
2026.02.04	15:00:00	6907.75	6934.09	6891.34	6925.45	33193	0	64
2026.02.04	15:30:00	6925.79	6929.08	6899.43	6911.86	27937	0	64
2026.02.04	16:00:00	6912.09	6915.28	6890.20	6909.70	18997	0	64
2026.02.04	16:30:00	6910.01	6911.03	6869.42	6891.91	14695	0	64
2026.02.04	17:00:00	6891.71	6897.04	6858.09	6862.65	16558	0	64
2026.02.04	17:30:00	6862.80	6873.65	6843.41	6862.56	16834	0	64
2026.02.04	18:00:00	6862.42	6876.36	6849.26	6874.45	15042	0	64
2026.02.04	18:30:00	6874.61	6881.42	6857.45	6872.70	15104	0	64
2026.02.04	19:00:00	6872.49	6880.14	6859.96	6879.67	15336	0	64
2026.02.04	19:30:00	6879.52	6911.17	6879.21	6909.22	13713	0	64
2026.02.04	20:00:00	6909.35	6911.12	6894.02	6901.91	10325	0	64
2026.02.04	20:30:00	6901.77	6910.95	6882.89	6887.77	7766	0	64
2026.02.04	21:00:00	6887.65	6906.37	6873.16	6901.75	8249	0	72
2026.02.04	21:30:00	6901.43	6922.31	6900.44	6909.64	3720	0	72
2026.02.04	23:00:00	6899.38	6907.66	6897.18	6906.09	1353	0	72
2026.02.04	23:30:00	6905.97	6910.62	6895.47	6899.93	1886	0	72
2026.02.05	00:00:00	6899.99	6910.29	6894.04	6909.12	2422	0	64
2026.02.05	00:30:00	6909.04	6912.33	6906.41	6906.54	1402	0	64
2026.02.05	01:00:00	6906.76	6916.29	6905.65	6910.53	2684	0	64
2026.02.05	01:30:00	6910.58	6917.26	6909.62	6912.88	2477	0	64
2026.02.05	02:00:00	6913.03	6914.58	6880.85	6897.05	5772	0	64
2026.02.05	02:30:00	6897.24	6903.76	6877.83	6878.75	4913	0	64
2026.02.05	03:00:00	6878.96	6891.06	6876.31	6887.08	5374	0	64
2026.02.05	03:30:00	6887.19	6888.26	6871.09	6873.14	4451	0	64
2026.02.05	04:00:00	6873.28	6880.75	6870.15	6875.51	3658	0	64
2026.02.05	04:30:00	6875.76	6888.79	6874.08	6886.08	2566	0	64
2026.02.05	05:00:00	6886.25	6888.32	6875.87	6883.60	2924	0	64
2026.02.05	05:30:00	6883.76	6890.96	6880.37	6882.40	2779	0	64
2026.02.05	06:00:00	6882.54	6891.58	6881.87	6887.41	2723	0	64
2026.02.05	06:30:00	6887.16	6895.28	6885.63	6894.58	2189	0	64
2026.02.05	07:00:00	6894.73	6898.39	6892.06	6897.23	2386	0	64
2026.02.05	07:30:00	6897.28	6898.76	6889.12	6889.82	2636	0	64
2026.02.05	08:00:00	6889.99	6905.55	6889.78	6899.42	4196	0	64
2026.02.05	08:30:00	6899.06	6903.82	6882.60	6882.60	3986	0	64
2026.02.05	09:00:00	6882.75	6895.38	6877.17	6894.95	4163	0	64
2026.02.05	09:30:00	6895.00	6900.32	6882.88	6887.07	2947	0	64
2026.02.05	10:00:00	6887.23	6899.92	6884.92	6899.06	2345	0	64
2026.02.05	10:30:00	6899.26	6899.80	6885.91	6889.70	2379	0	64
2026.02.05	11:00:00	6889.79	6898.34	6886.41	6890.96	2181	0	64
2026.02.05	11:30:00	6891.07	6897.28	6886.16	6896.56	2634	0	64
2026.02.05	12:00:00	6896.44	6902.11	6864.32	6868.72	4918	0	64
2026.02.05	12:30:00	6868.44	6871.50	6837.79	6851.70	12785	0	72
2026.02.05	13:00:00	6851.54	6858.35	6844.94	6848.69	7916	0	86
2026.02.05	13:30:00	6848.85	6860.30	6836.76	6838.57	7269	0	64
2026.02.05	14:00:00	6838.72	6850.07	6828.50	6834.66	7572	0	64
2026.02.05	14:30:00	6834.82	6862.66	6812.80	6831.64	48707	0	64
2026.02.05	15:00:00	6831.53	6838.57	6787.26	6791.55	35411	0	64
2026.02.05	15:30:00	6791.42	6809.76	6784.41	6798.38	28099	0	64
2026.02.05	16:00:00	6798.51	6823.81	6783.94	6821.98	20905	0	64
2026.02.05	16:30:00	6821.87	6841.13	6815.18	6838.18	21167	0	64
2026.02.05	17:00:00	6838.32	6845.81	6815.95	6841.40	16030	0	64
2026.02.05	17:30:00	6841.55	6852.56	6828.10	6830.79	16342	0	64
2026.02.05	18:00:00	6830.66	6839.52	6814.94	6817.86	13047	0	64
2026.02.05	18:30:00	6817.64	6826.27	6802.50	6808.71	9372	0	64
2026.02.05	19:00:00	6808.57	6840.07	6805.80	6827.84	10570	0	64
2026.02.05	19:30:00	6827.71	6827.82	6809.34	6816.24	10951	0	64
2026.02.05	20:00:00	6816.10	6834.47	6801.81	6803.27	11253	0	64
2026.02.05	20:30:00	6803.11	6808.70	6787.06	6799.23	11989	0	64
2026.02.05	21:00:00	6799.07	6809.20	6781.85	6786.78	10951	0	64
2026.02.05	21:30:00	6786.88	6787.27	6767.01	6770.66	4601	0	64
2026.02.05	23:00:00	6768.69	6775.99	6755.69	6768.85	3384	0	72
2026.02.05	23:30:00	6768.70	6770.84	6746.17	6752.96	4296	0	64
2026.02.06	00:00:00	6752.70	6760.47	6733.82	6757.74	6679	0	64
2026.02.06	00:30:00	6757.61	6766.28	6754.04	6764.74	5267	0	64
2026.02.06	01:00:00	6764.95	6771.72	6751.11	6756.49	5647	0	64
2026.02.06	01:30:00	6756.32	6786.74	6756.32	6785.57	4529	0	64
2026.02.06	02:00:00	6785.73	6792.97	6784.28	6790.92	4269	0	64
2026.02.06	02:30:00	6790.84	6792.73	6780.82	6786.62	3913	0	64
2026.02.06	03:00:00	6786.37	6790.74	6777.82	6782.13	3513	0	64
2026.02.06	03:30:00	6782.21	6787.98	6772.07	6783.32	3667	0	64
2026.02.06	04:00:00	6783.49	6783.49	6775.79	6776.83	2387	0	64
2026.02.06	04:30:00	6776.99	6777.53	6764.84	6769.83	3372	0	64
2026.02.06	05:00:00	6769.98	6775.24	6764.58	6774.88	3531	0	64
2026.02.06	05:30:00	6774.99	6795.73	6774.57	6792.49	2635	0	64
2026.02.06	06:00:00	6792.53	6797.91	6791.85	6795.24	2473	0	64
2026.02.06	06:30:00	6795.08	6798.28	6786.04	6787.54	2209	0	64
2026.02.06	07:00:00	6787.30	6793.13	6779.78	6791.95	3185	0	64
2026.02.06	07:30:00	6791.85	6793.48	6785.82	6791.69	2961	0	64
2026.02.06	08:00:00	6791.48	6799.77	6779.18	6790.02	4965	0	64
2026.02.06	08:30:00	6790.19	6803.06	6787.49	6798.52	3826	0	64
2026.02.06	09:00:00	6798.43	6821.06	6793.67	6820.24	4274	0	64
2026.02.06	09:30:00	6820.36	6831.11	6819.94	6825.46	3540	0	64
2026.02.06	10:00:00	6825.46	6826.29	6817.93	6818.91	2534	0	64
2026.02.06	10:30:00	6818.96	6832.11	6817.40	6831.45	1979	0	64
2026.02.06	11:00:00	6831.32	6843.82	6830.71	6839.00	2266	0	64
2026.02.06	11:30:00	6838.90	6852.07	6837.48	6848.06	2555	0	64
2026.02.06	12:00:00	6847.92	6849.74	6835.65	6837.58	2894	0	64
2026.02.06	12:30:00	6837.42	6843.56	6828.15	6832.38	2650	0	64
2026.02.06	13:00:00	6832.45	6845.98	6829.05	6840.52	3085	0	64
2026.02.06	13:30:00	6840.41	6846.54	6831.81	6839.15	4159	0	64
2026.02.06	14:00:00	6838.90	6844.08	6835.14	6838.50	4027	0	64
2026.02.06	14:30:00	6838.34	6889.35	6832.62	6872.22	36186	0	64
2026.02.06	15:00:00	6872.65	6882.08	6855.19	6880.60	35783	0	64
2026.02.06	15:30:00	6880.81	6894.83	6867.49	6882.34	20888	0	64
2026.02.06	16:00:00	6882.20	6901.22	6878.42	6895.42	10148	0	64
2026.02.06	16:30:00	6895.27	6904.61	6893.56	6898.66	6895	0	64
2026.02.06	17:00:00	6898.82	6909.36	6895.69	6908.70	6037	0	64
2026.02.06	17:30:00	6908.87	6920.11	6902.67	6914.56	4805	0	64
2026.02.06	18:00:00	6914.71	6919.93	6911.21	6914.59	3678	0	64
2026.02.06	18:30:00	6914.83	6921.93	6913.96	6915.78	2943	0	64
2026.02.06	19:00:00	6915.96	6920.11	6912.61	6919.52	3120	0	64
2026.02.06	19:30:00	6919.75	6922.27	6913.91	6918.16	2840	0	64
2026.02.06	20:00:00	6918.22	6925.69	6915.65	6921.51	2683	0	64
2026.02.06	20:30:00	6921.38	6946.88	6919.77	6930.61	5906	0	64
2026.02.06	21:00:00	6930.77	6933.95	6925.05	6926.14	2293	0	72
2026.02.06	21:30:00	6925.90	6927.76	6923.87	6925.89	491	0	72
2026.02.08	23:00:00	6943.10	6958.08	6942.04	6951.75	2470	0	67
2026.02.08	23:30:00	6951.84	6961.96	6949.69	6957.09	3476	0	64
2026.02.09	00:00:00	6956.87	6963.72	6955.31	6955.41	4642	0	64
2026.02.09	00:30:00	6955.50	6961.29	6952.14	6953.62	2574	0	64
2026.02.09	01:00:00	6953.79	6954.03	6948.41	6948.83	2834	0	64
2026.02.09	01:30:00	6948.83	6952.91	6942.06	6945.11	3184	0	64
2026.02.09	02:00:00	6944.92	6950.13	6941.13	6943.28	2306	0	64
2026.02.09	02:30:00	6943.35	6950.38	6943.35	6944.59	1669	0	64
2026.02.09	03:00:00	6944.62	6946.83	6941.79	6941.88	1414	0	64
2026.02.09	03:30:00	6941.74	6944.79	6939.68	6940.18	1895	0	64
2026.02.09	04:00:00	6939.94	6945.63	6939.93	6944.33	1367	0	64
2026.02.09	04:30:00	6944.36	6944.57	6940.63	6941.63	1074	0	64
2026.02.09	05:00:00	6941.63	6946.88	6939.88	6944.38	1393	0	64
2026.02.09	05:30:00	6944.38	6947.05	6941.88	6946.09	1247	0	64
2026.02.09	06:00:00	6946.12	6946.61	6936.07	6937.63	3211	0	64
2026.02.09	06:30:00	6937.81	6943.59	6936.19	6937.86	2160	0	64
2026.02.09	07:00:00	6937.84	6939.50	6932.10	6932.43	1660	0	72
2026.02.09	07:30:00	6932.51	6939.33	6929.88	6935.89	1557	0	64
2026.02.09	08:00:00	6936.03	6948.22	6934.83	6942.02	2649	0	64
2026.02.09	08:30:00	6941.97	6943.51	6936.11	6939.41	1937	0	64
2026.02.09	09:00:00	6939.29	6943.00	6936.37	6938.80	2061	0	64
2026.02.09	09:30:00	6938.73	6940.02	6924.36	6926.73	2023	0	64
2026.02.09	10:00:00	6926.79	6927.76	6916.15	6916.51	2269	0	64
2026.02.09	10:30:00	6916.66	6920.01	6903.87	6918.61	3407	0	64
2026.02.09	11:00:00	6918.74	6922.23	6913.91	6921.21	2223	0	64
2026.02.09	11:30:00	6921.14	6922.46	6915.12	6917.76	2022	0	64
2026.02.09	12:00:00	6917.98	6926.77	6911.41	6926.02	2703	0	64
2026.02.09	12:30:00	6925.87	6928.76	6922.36	6928.76	1802	0	64
2026.02.09	13:00:00	6928.76	6937.05	6928.49	6930.76	2122	0	64
2026.02.09	13:30:00	6930.61	6931.27	6920.39	6921.27	2303	0	64
2026.02.09	14:00:00	6921.47	6923.52	6912.61	6918.02	2620	0	72
2026.02.09	14:30:00	6918.24	6940.32	6907.15	6928.42	28016	0	64
2026.02.09	15:00:00	6928.19	6953.55	6926.36	6943.52	13149	0	64
2026.02.09	15:30:00	6943.74	6968.78	6943.61	6966.62	5966	0	64
2026.02.09	16:00:00	6966.76	6972.03	6964.86	6971.10	3594	0	64
2026.02.09	16:30:00	6971.26	6980.05	6967.11	6977.80	2612	0	64
2026.02.09	17:00:00	6977.58	6979.99	6975.35	6975.59	2322	0	64
2026.02.09	17:30:00	6975.65	6978.94	6968.87	6970.02	2335	0	64
2026.02.09	18:00:00	6970.25	6974.33	6960.04	6966.77	4794	0	64
2026.02.09	18:30:00	6966.99	6976.52	6964.37	6971.15	3232	0	64
2026.02.09	19:00:00	6971.20	6983.25	6969.41	6982.03	2117	0	64
2026.02.09	19:30:00	6982.24	6983.06	6978.23	6978.79	1527	0	64
2026.02.09	20:00:00	6978.66	6981.82	6967.91	6970.60	2380	0	64
2026.02.09	20:30:00	6970.46	6974.92	6963.15	6963.46	5014	0	64
2026.02.09	21:00:00	6963.62	6969.55	6963.20	6967.21	1447	0	72
2026.02.09	21:30:00	6967.28	6969.35	6965.80	6966.90	325	0	72
2026.02.09	23:00:00	6968.05	6972.73	6963.65	6965.43	1260	0	72
2026.02.09	23:30:00	6965.37	6968.26	6959.45	6962.13	1282	0	64
2026.02.10	00:00:00	6962.13	6965.13	6957.19	6959.58	1866	0	64
2026.02.10	00:30:00	6959.42	6963.06	6957.67	6961.57	1323	0	64
2026.02.10	01:00:00	6961.63	6963.56	6959.13	6959.84	2135	0	64
2026.02.10	01:30:00	6959.70	6966.58	6956.88	6964.08	2332	0	64
2026.02.10	02:00:00	6964.03	6964.32	6959.96	6961.92	1613	0	64
2026.02.10	02:30:00	6962.09	6962.61	6956.38	6959.88	1508	0	64
2026.02.10	03:00:00	6959.88	6960.09	6955.69	6958.18	1014	0	64
2026.02.10	03:30:00	6958.34	6962.12	6957.67	6960.13	1181	0	64
2026.02.10	04:00:00	6959.97	6964.34	6959.97	6963.69	971	0	64
2026.02.10	04:30:00	6963.84	6967.59	6962.42	6967.18	925	0	64
2026.02.10	05:00:00	6967.32	6967.63	6961.70	6962.38	857	0	64
2026.02.10	05:30:00	6962.25	6969.56	6961.68	6968.09	1205	0	64
2026.02.10	06:00:00	6968.31	6968.37	6961.74	6962.09	1104	0	64
2026.02.10	06:30:00	6961.93	6963.34	6957.68	6961.11	1170	0	64
2026.02.10	07:00:00	6961.31	6967.34	6960.49	6965.68	1061	0	64
2026.02.10	07:30:00	6965.44	6968.29	6964.45	6968.13	756	0	64
2026.02.10	08:00:00	6968.22	6970.97	6962.80	6966.80	2210	0	64
2026.02.10	08:30:00	6966.60	6970.70	6965.56	6968.82	1780	0	64
2026.02.10	09:00:00	6968.60	6980.93	6968.60	6979.31	1551	0	64
2026.02.10	09:30:00	6979.11	6979.33	6970.31	6972.20	1239	0	64
2026.02.10	10:00:00	6972.08	6973.22	6968.30	6971.96	1787	0	64
2026.02.10	10:30:00	6971.80	6975.71	6968.82	6972.53	1187	0	64
2026.02.10	11:00:00	6972.39	6973.67	6968.06	6971.80	1297	0	64
2026.02.10	11:30:00	6971.83	6975.70	6971.26	6975.06	888	0	64
2026.02.10	12:00:00	6975.20	6978.46	6974.82	6978.45	1158	0	64
2026.02.10	12:30:00	6978.68	6979.47	6961.06	6961.20	2570	0	64
2026.02.10	13:00:00	6961.42	6963.66	6954.00	6962.02	2824	0	64
2026.02.10	13:30:00	6960.87	6967.71	6955.81	6967.26	2927	0	64
2026.02.10	14:00:00	6967.40	6974.18	6967.01	6973.33	1659	0	64
2026.02.10	14:30:00	6973.08	6985.17	6958.55	6981.55	16939	0	64
2026.02.10	15:00:00	6981.71	6988.17	6970.76	6983.30	11489	0	64
2026.02.10	15:30:00	6983.08	6989.49	6973.00	6977.76	8387	0	64
2026.02.10	16:00:00	6977.92	6980.64	6965.00	6971.82	8840	0	64
2026.02.10	16:30:00	6971.97	6978.15	6967.50	6971.75	6840	0	64
2026.02.10	17:00:00	6971.93	6980.96	6966.02	6976.66	4405	0	64
2026.02.10	17:30:00	6976.51	6982.14	6972.50	6978.71	2915	0	64
2026.02.10	18:00:00	6978.57	6978.92	6957.76	6958.46	5771	0	64
2026.02.10	18:30:00	6958.30	6962.42	6952.30	6960.26	6329	0	64
2026.02.10	19:00:00	6960.42	6963.21	6955.26	6962.67	4504	0	64
2026.02.10	19:30:00	6962.90	6965.43	6957.51	6961.78	3161	0	64
2026.02.10	20:00:00	6961.55	6963.93	6955.03	6956.91	3243	0	64
2026.02.10	20:30:00	6956.77	6959.43	6940.27	6944.86	5572	0	64
2026.02.10	21:00:00	6944.69	6950.18	6942.68	6948.04	1469	0	72
2026.02.10	21:30:00	6948.17	6954.07	6948.17	6953.83	351	0	72
2026.02.10	23:00:00	6955.62	6959.52	6955.30	6958.35	556	0	86
2026.02.10	23:30:00	6958.11	6959.78	6957.09	6958.59	550	0	72
2026.02.11	00:00:00	6958.59	6961.05	6957.70	6959.63	624	0	64
2026.02.11	00:30:00	6959.63	6962.34	6959.42	6961.44	412	0	64
2026.02.11	01:00:00	6961.59	6965.37	6961.59	6963.67	885	0	64
2026.02.11	01:30:00	6963.49	6967.37	6963.13	6965.38	750	0	64
2026.02.11	02:00:00	6965.53	6966.88	6964.38	6965.59	779	0	64
2026.02.11	02:30:00	6965.42	6966.86	6963.18	6965.67	556	0	64
2026.02.11	03:00:00	6965.84	6966.85	6963.13	6966.40	560	0	64
2026.02.11	03:30:00	6966.38	6969.78	6965.40	6968.93	544	0	64
2026.02.11	04:00:00	6968.90	6969.59	6965.63	6965.71	521	0	64
2026.02.11	04:30:00	6965.82	6965.88	6961.21	6963.43	702	0	64
2026.02.11	05:00:00	6963.40	6967.08	6962.64	6963.09	651	0	64
2026.02.11	05:30:00	6962.92	6963.36	6958.71	6960.12	784	0	64
2026.02.11	06:00:00	6960.29	6964.58	6957.96	6958.34	1135	0	64
2026.02.11	06:30:00	6958.38	6960.63	6957.38	6957.88	765	0	64
2026.02.11	07:00:00	6957.88	6961.38	6954.67	6960.63	899	0	64
2026.02.11	07:30:00	6960.63	6960.81	6956.64	6958.11	953	0	64
2026.02.11	08:00:00	6958.29	6959.78	6947.79	6953.11	2182	0	64
2026.02.11	08:30:00	6953.21	6959.47	6953.21	6956.61	1251	0	64
2026.02.11	09:00:00	6956.44	6961.72	6955.05	6958.94	1503	0	64
2026.02.11	09:30:00	6959.17	6959.46	6949.58	6949.72	1616	0	64
2026.02.11	10:00:00	6949.57	6949.91	6936.71	6945.62	2549	0	64
2026.02.11	10:30:00	6945.49	6948.72	6941.31	6948.60	1530	0	64
2026.02.11	11:00:00	6948.73	6956.86	6948.61	6956.29	1286	0	64
2026.02.11	11:30:00	6956.29	6956.29	6947.57	6948.28	1497	0	64
2026.02.11	12:00:00	6948.06	6954.96	6946.76	6951.70	2055	0	64
2026.02.11	12:30:00	6951.57	6952.68	6948.06	6951.33	1539	0	64
2026.02.11	13:00:00	6951.36	6959.21	6950.54	6956.19	1623	0	64
2026.02.11	13:30:00	6956.29	6990.16	6956.29	6988.53	6138	0	64
2026.02.11	14:00:00	6988.64	6991.16	6982.95	6987.76	2376	0	64
2026.02.11	14:30:00	6987.93	6995.18	6961.51	6964.63	21732	0	64
2026.02.11	15:00:00	6964.50	6971.21	6914.99	6919.85	19431	0	64
2026.02.11	15:30:00	6920.08	6949.15	6918.47	6946.49	18427	0	64
2026.02.11	16:00:00	6946.38	6957.62	6936.71	6941.36	11928	0	64
2026.02.11	16:30:00	6941.22	6956.67	6938.22	6943.57	10151	0	64
2026.02.11	17:00:00	6943.83	6961.61	6936.95	6959.22	9104	0	64
2026.02.11	17:30:00	6959.09	6963.09	6948.70	6950.70	6342	0	64
2026.02.11	18:00:00	6950.87	6952.75	6937.25	6950.99	7216	0	64
2026.02.11	18:30:00	6951.15	6953.13	6943.26	6950.41	6280	0	64
2026.02.11	19:00:00	6950.25	6962.61	6944.16	6960.48	4980	0	64
2026.02.11	19:30:00	6960.55	6961.62	6947.13	6952.23	4932	0	64
2026.02.11	20:00:00	6951.99	6953.87	6945.15	6945.17	3647	0	64
2026.02.11	20:30:00	6944.94	6952.55	6941.19	6942.21	5264	0	72
2026.02.11	21:00:00	6942.37	6950.34	6941.92	6948.97	1634	0	72
2026.02.11	21:30:00	6949.10	6951.08	6946.47	6946.47	703	0	72
2026.02.11	23:00:00	6948.06	6952.11	6941.24	6941.29	1503	0	72
2026.02.11	23:30:00	6941.44	6943.19	6936.24	6941.29	1336	0	64
2026.02.12	00:00:00	6941.07	6944.95	6936.99	6939.95	1857	0	64
2026.02.12	00:30:00	6939.78	6948.25	6939.78	6947.49	1085	0	64
2026.02.12	01:00:00	6947.49	6951.87	6944.03	6950.82	1801	0	64
2026.02.12	01:30:00	6950.79	6957.98	6949.32	6954.55	2069	0	64
2026.02.12	02:00:00	6954.53	6956.78	6949.53	6951.32	1441	0	64
2026.02.12	02:30:00	6951.49	6956.28	6950.08	6955.43	1077	0	64
2026.02.12	03:00:00	6955.37	6958.53	6954.28	6958.53	945	0	64
2026.02.12	03:30:00	6958.53	6961.72	6958.07	6960.98	669	0	64
2026.02.12	04:00:00	6961.02	6966.98	6959.82	6966.32	849	0	64
2026.02.12	04:30:00	6966.30	6966.46	6961.84	6963.76	767	0	64
2026.02.12	05:00:00	6963.78	6967.98	6963.78	6965.56	682	0	64
2026.02.12	05:30:00	6965.37	6967.26	6964.30	6965.99	661	0	64
2026.02.12	06:00:00	6966.22	6966.70	6960.58	6962.46	1144	0	64
2026.02.12	06:30:00	6962.70	6964.66	6956.35	6960.08	1471	0	64
2026.02.12	07:00:00	6960.24	6966.46	6959.58	6965.00	1046	0	64
2026.02.12	07:30:00	6965.03	6966.53	6963.49	6965.57	807	0	64
2026.02.12	08:00:00	6965.33	6968.54	6961.93	6962.95	2169	0	64
2026.02.12	08:30:00	6962.76	6967.33	6958.69	6965.45	1603	0	64
2026.02.12	09:00:00	6965.34	6968.87	6964.44	6965.97	1581	0	64
2026.02.12	09:30:00	6966.09	6968.60	6962.66	6967.16	1045	0	64
2026.02.12	10:00:00	6967.23	6969.82	6959.96	6961.46	1133	0	64
2026.02.12	10:30:00	6961.46	6964.06	6961.21	6963.11	802	0	64
2026.02.12	11:00:00	6963.42	6968.11	6962.40	6967.49	849	0	64
2026.02.12	11:30:00	6967.24	6967.85	6962.91	6967.22	687	0	64
2026.02.12	12:00:00	6967.32	6967.32	6962.65	6966.71	1027	0	64
2026.02.12	12:30:00	6966.76	6970.29	6963.22	6963.75	1016	0	64
2026.02.12	13:00:00	6963.49	6963.82	6957.20	6961.67	1316	0	64
2026.02.12	13:30:00	6961.78	6975.04	6959.72	6970.16	1988	0	64
2026.02.12	14:00:00	6970.31	6970.54	6963.44	6965.16	1756	0	64
2026.02.12	14:30:00	6965.31	6976.31	6945.95	6950.67	20048	0	64
2026.02.12	15:00:00	6950.81	6959.57	6943.59	6953.20	16310	0	64
2026.02.12	15:30:00	6953.36	6957.32	6907.88	6908.60	12273	0	64
2026.02.12	16:00:00	6908.74	6910.07	6857.46	6857.86	16809	0	64
2026.02.12	16:30:00	6857.70	6880.23	6857.16	6868.20	21965	0	64
2026.02.12	17:00:00	6867.99	6874.60	6855.41	6863.08	15516	0	64
2026.02.12	17:30:00	6862.96	6877.62	6851.11	6851.57	13854	0	64
2026.02.12	18:00:00	6851.41	6862.86	6844.12	6853.36	13089	0	64
2026.02.12	18:30:00	6853.48	6875.37	6850.00	6869.40	12383	0	64
2026.02.12	19:00:00	6869.27	6876.35	6858.01	6863.96	10277	0	64
2026.02.12	19:30:00	6863.73	6881.88	6863.46	6873.76	8047	0	64
2026.02.12	20:00:00	6873.90	6877.62	6853.20	6854.21	8220	0	64
2026.02.12	20:30:00	6853.98	6855.90	6825.96	6835.10	11223	0	64
2026.02.12	21:00:00	6834.88	6843.61	6830.95	6843.45	3184	0	64
2026.02.12	21:30:00	6843.25	6849.09	6843.22	6845.80	991	0	64
2026.02.12	23:00:00	6846.44	6850.67	6838.81	6847.83	2039	0	72
2026.02.12	23:30:00	6847.91	6849.15	6831.17	6844.49	2932	0	64
2026.02.13	00:00:00	6844.32	6852.28	6833.27	6836.24	3867	0	64
2026.02.13	00:30:00	6836.28	6838.53	6824.35	6828.57	3788	0	64
2026.02.13	01:00:00	6828.73	6844.28	6828.57	6840.48	3499	0	64
2026.02.13	01:30:00	6840.37	6845.03	6835.26	6838.42	2903	0	64
2026.02.13	02:00:00	6838.26	6846.17	6838.26	6843.01	2566	0	72
2026.02.13	02:30:00	6843.17	6846.17	6840.21	6841.73	1320	0	64
2026.02.13	03:00:00	6841.95	6845.22	6835.81	6836.96	1131	0	72
2026.02.13	03:30:00	6836.80	6840.95	6830.51	6831.01	1570	0	72
2026.02.13	04:00:00	6831.17	6841.90	6829.76	6838.53	1617	0	72
2026.02.13	04:30:00	6838.67	6838.92	6831.76	6832.68	1402	0	72
2026.02.13	05:00:00	6832.90	6834.60	6819.99	6820.36	2204	0	64
2026.02.13	05:30:00	6820.49	6825.98	6819.07	6821.78	2947	0	64
2026.02.13	06:00:00	6821.61	6825.28	6814.40	6816.07	2867	0	64
2026.02.13	06:30:00	6816.23	6823.28	6808.26	6821.85	3023	0	64
2026.02.13	07:00:00	6821.98	6831.28	6821.98	6826.79	2208	0	64
2026.02.13	07:30:00	6826.78	6827.89	6820.54	6826.79	2116	0	64
2026.02.13	08:00:00	6826.94	6833.58	6811.17	6825.92	4701	0	64
2026.02.13	08:30:00	6825.72	6833.10	6820.96	6829.43	3228	0	64
2026.02.13	09:00:00	6829.56	6838.34	6820.71	6835.22	2973	0	64
2026.02.13	09:30:00	6835.35	6838.21	6829.15	6830.30	2312	0	64
2026.02.13	10:00:00	6830.25	6837.61	6828.21	6834.48	2096	0	64
2026.02.13	10:30:00	6834.53	6835.37	6821.45	6821.86	2350	0	64
2026.02.13	11:00:00	6822.06	6823.60	6807.90	6811.40	3782	0	64
2026.02.13	11:30:00	6811.20	6821.41	6804.01	6821.28	3968	0	64
2026.02.13	12:00:00	6821.14	6826.64	6811.72	6819.75	3510	0	64
2026.02.13	12:30:00	6819.80	6827.50	6813.67	6819.61	3839	0	64
2026.02.13	13:00:00	6819.31	6826.42	6805.71	6823.05	5283	0	64
2026.02.13	13:30:00	6822.61	6848.56	6822.49	6838.61	8789	0	64
2026.02.13	14:00:00	6838.38	6845.57	6828.74	6835.04	4467	0	64
2026.02.13	14:30:00	6835.29	6846.50	6793.15	6817.19	41014	0	64
2026.02.13	15:00:00	6817.29	6852.34	6816.65	6848.22	32601	0	64
2026.02.13	15:30:00	6848.35	6864.61	6826.24	6843.86	20554	0	64
2026.02.13	16:00:00	6844.09	6860.61	6836.95	6857.21	15730	0	64
2026.02.13	16:30:00	6857.35	6873.90	6847.64	6866.78	10834	0	64
2026.02.13	17:00:00	6866.53	6879.07	6863.72	6872.33	7441	0	64
2026.02.13	17:30:00	6872.48	6881.22	6867.36	6869.61	6817	0	64
2026.02.13	18:00:00	6869.78	6881.64	6859.24	6872.81	8642	0	64
2026.02.13	18:30:00	6873.01	6879.91	6862.50	6865.46	8099	0	64
2026.02.13	19:00:00	6865.62	6872.41	6860.21	6862.21	6738	0	64
2026.02.13	19:30:00	6862.35	6868.33	6841.55	6842.91	8474	0	64
2026.02.13	20:00:00	6842.70	6851.83	6822.48	6825.32	8506	0	64
2026.02.13	20:30:00	6825.54	6836.62	6817.21	6834.77	13488	0	64
2026.02.13	21:00:00	6835.02	6840.55	6829.49	6832.26	2188	0	72
2026.02.13	21:30:00	6832.38	6833.87	6829.75	6831.60	402	0	72
2026.02.15	23:00:00	6837.86	6845.74	6830.39	6842.85	2270	0	72
2026.02.15	23:30:00	6842.89	6847.10	6837.42	6846.96	1779	0	72
2026.02.16	00:00:00	6846.72	6850.13	6841.89	6849.37	2305	0	64
2026.02.16	00:30:00	6849.23	6851.35	6847.69	6849.10	900	0	64
2026.02.16	01:00:00	6848.98	6851.68	6847.50	6848.93	1075	0	64
2026.02.16	01:30:00	6848.84	6856.66	6847.75	6855.22	1120	0	64
2026.02.16	02:00:00	6855.18	6857.61	6849.77	6850.93	1224	0	64
2026.02.16	02:30:00	6850.76	6851.89	6848.25	6849.13	734	0	64
2026.02.16	03:00:00	6849.35	6849.96	6845.47	6845.93	654	0	64
2026.02.16	03:30:00	6846.07	6848.43	6844.68	6847.97	877	0	64
2026.02.16	04:00:00	6847.94	6851.43	6847.17	6849.72	790	0	64
2026.02.16	04:30:00	6849.89	6850.64	6846.93	6847.93	577	0	64
2026.02.16	05:00:00	6848.11	6849.18	6845.79	6849.14	626	0	64
2026.02.16	05:30:00	6848.97	6849.18	6842.50	6844.99	654	0	64
2026.02.16	06:00:00	6844.93	6847.39	6842.71	6846.74	747	0	64
2026.02.16	06:30:00	6846.50	6849.64	6844.19	6848.93	788	0	64
2026.02.16	07:00:00	6848.77	6855.93	6848.48	6854.39	810	0	64
2026.02.16	07:30:00	6854.43	6859.14	6853.72	6856.89	938	0	64
2026.02.16	08:00:00	6857.10	6864.79	6852.85	6858.48	1945	0	64
2026.02.16	08:30:00	6858.48	6866.23	6854.70	6864.55	1547	0	64
2026.02.16	09:00:00	6864.51	6871.19	6863.14	6869.77	1072	0	64
2026.02.16	09:30:00	6869.63	6872.01	6869.36	6869.93	783	0	64
2026.02.16	10:00:00	6869.70	6870.30	6864.04	6865.39	1085	0	64
2026.02.16	10:30:00	6865.54	6868.98	6862.44	6864.41	981	0	64
2026.02.16	11:00:00	6864.48	6865.01	6858.04	6864.16	1106	0	64
2026.02.16	11:30:00	6864.20	6865.29	6860.55	6862.42	742	0	64
2026.02.16	12:00:00	6862.64	6867.01	6859.79	6866.05	915	0	64
2026.02.16	12:30:00	6866.17	6866.17	6860.43	6862.53	1166	0	64
2026.02.16	13:00:00	6862.67	6863.03	6858.66	6861.71	1041	0	64
2026.02.16	13:30:00	6861.61	6864.37	6859.66	6859.87	1104	0	64
2026.02.16	14:00:00	6859.75	6859.89	6843.46	6845.34	2368	0	64
2026.02.16	14:30:00	6845.09	6847.57	6832.50	6845.10	4003	0	72
2026.02.16	15:00:00	6845.21	6849.72	6835.81	6835.81	2549	0	64
2026.02.16	15:30:00	6835.60	6839.21	6828.81	6829.95	2675	0	64
2026.02.16	16:00:00	6830.07	6843.94	6827.36	6838.82	2665	0	64
2026.02.16	16:30:00	6838.96	6842.50	6829.36	6838.67	2295	0	64
2026.02.16	17:00:00	6838.59	6841.43	6835.69	6840.67	1232	0	72
2026.02.16	17:30:00	6840.82	6845.71	6837.19	6840.15	1193	0	72
2026.02.16	23:00:00	6843.48	6850.37	6838.19	6848.73	1191	0	72
2026.02.16	23:30:00	6848.89	6855.64	6848.89	6850.26	1069	0	64
2026.02.17	00:00:00	6850.19	6853.88	6843.99	6849.94	2360	0	64
2026.02.17	00:30:00	6849.76	6850.65	6840.02	6841.48	1638	0	64
2026.02.17	01:00:00	6841.63	6848.19	6838.23	6838.77	1840	0	64
2026.02.17	01:30:00	6838.55	6841.39	6811.96	6815.99	3081	0	64
2026.02.17	02:00:00	6815.76	6819.90	6808.99	6818.66	3845	0	86
2026.02.17	02:30:00	6818.88	6821.25	6814.72	6817.34	1867	0	72
2026.02.17	03:00:00	6817.50	6817.75	6805.10	6810.59	2232	0	86
2026.02.17	03:30:00	6810.75	6810.98	6801.14	6807.86	2255	0	86
2026.02.17	04:00:00	6808.00	6811.32	6807.34	6810.18	1188	0	72
2026.02.17	04:30:00	6810.32	6810.32	6804.93	6809.91	921	0	72
2026.02.17	05:00:00	6810.07	6810.32	6799.43	6805.66	1758	0	72
2026.02.17	05:30:00	6805.82	6806.45	6796.79	6800.20	2183	0	72
2026.02.17	06:00:00	6800.43	6811.01	6800.28	6807.46	1340	0	64
2026.02.17	06:30:00	6807.59	6812.63	6805.64	6811.13	1060	0	64
2026.02.17	07:00:00	6811.13	6811.55	6801.16	6803.09	1850	0	64
2026.02.17	07:30:00	6803.12	6818.13	6801.14	6817.67	1820	0	64
2026.02.17	08:00:00	6817.81	6834.26	6816.19	6825.87	3210	0	64
2026.02.17	08:30:00	6825.66	6827.03	6815.98	6818.96	2829	0	64
2026.02.17	09:00:00	6819.10	6824.37	6816.73	6823.05	2699	0	64
2026.02.17	09:30:00	6823.28	6829.32	6822.70	6827.75	1745	0	64
2026.02.17	10:00:00	6827.81	6830.16	6820.77	6822.74	1466	0	64
2026.02.17	10:30:00	6822.74	6822.90	6810.39	6812.76	1848	0	64
2026.02.17	11:00:00	6812.77	6816.94	6807.51	6816.80	2143	0	64
2026.02.17	11:30:00	6816.93	6821.36	6813.56	6818.72	1892	0	64
2026.02.17	12:00:00	6818.57	6825.21	6813.80	6814.19	2346	0	64
2026.02.17	12:30:00	6814.33	6814.72	6804.56	6806.26	2603	0	64
2026.02.17	13:00:00	6806.20	6814.22	6792.59	6811.07	4267	0	64
2026.02.17	13:30:00	6811.30	6830.64	6806.45	6812.61	5587	0	64
2026.02.17	14:00:00	6812.40	6823.27	6812.37	6821.52	3618	0	64
2026.02.17	14:30:00	6821.64	6848.81	6785.40	6786.92	35269	0	64
2026.02.17	15:00:00	6787.05	6818.36	6783.67	6793.96	29370	0	64
2026.02.17	15:30:00	6794.10	6806.76	6777.85	6806.51	23221	0	64
2026.02.17	16:00:00	6806.37	6853.44	6804.60	6837.11	15151	0	64
2026.02.17	16:30:00	6836.88	6851.23	6829.06	6845.51	13585	0	64
2026.02.17	17:00:00	6845.36	6846.46	6825.36	6842.88	11911	0	64
2026.02.17	17:30:00	6843.03	6844.30	6812.15	6831.06	13439	0	64
2026.02.17	18:00:00	6831.27	6847.26	6819.88	6845.77	13461	0	64
2026.02.17	18:30:00	6845.98	6868.82	6842.11	6862.41	9296	0	64
2026.02.17	19:00:00	6862.18	6868.19	6857.44	6861.88	7974	0	64
2026.02.17	19:30:00	6861.99	6871.47	6856.10	6857.56	6300	0	64
2026.02.17	20:00:00	6857.33	6862.98	6848.81	6850.80	5472	0	64
2026.02.17	20:30:00	6850.59	6854.94	6841.13	6849.63	7531	0	64
2026.02.17	21:00:00	6849.78	6857.21	6845.48	6852.73	2953	0	64
2026.02.17	21:30:00	6852.57	6852.72	6847.05	6849.80	964	0	64
2026.02.17	23:00:00	6850.70	6852.42	6841.54	6845.29	1628	0	72
2026.02.17	23:30:00	6845.29	6847.04	6836.86	6838.24	1445	0	64
2026.02.18	00:00:00	6838.27	6847.40	6837.59	6843.20	1761	0	64
2026.02.18	00:30:00	6843.09	6846.05	6838.29	6840.50	1321	0	64
2026.02.18	01:00:00	6840.33	6844.05	6837.59	6839.63	1460	0	64
2026.02.18	01:30:00	6839.60	6845.32	6838.33	6845.08	1194	0	64
2026.02.18	02:00:00	6845.17	6848.83	6843.08	6845.08	1051	0	64
2026.02.18	02:30:00	6845.08	6849.79	6845.08	6847.04	717	0	64
2026.02.18	03:00:00	6847.27	6849.77	6842.98	6845.29	879	0	64
2026.02.18	03:30:00	6845.12	6855.33	6845.12	6854.40	1024	0	64
2026.02.18	04:00:00	6854.54	6858.52	6852.89	6857.83	989	0	64
2026.02.18	04:30:00	6857.83	6863.06	6857.42	6862.62	809	0	64
2026.02.18	05:00:00	6862.79	6863.83	6860.38	6862.38	675	0	64
2026.02.18	05:30:00	6862.53	6865.08	6860.44	6861.58	661	0	64
2026.02.18	06:00:00	6861.58	6863.25	6858.42	6862.12	819	0	64
2026.02.18	06:30:00	6861.92	6866.50	6859.33	6862.09	939	0	64
2026.02.18	07:00:00	6861.95	6863.24	6858.33	6862.54	1214	0	64
2026.02.18	07:30:00	6862.38	6866.82	6861.63	6865.40	954	0	64
2026.02.18	08:00:00	6865.49	6881.29	6865.38	6877.38	2363	0	64
2026.02.18	08:30:00	6877.58	6883.56	6876.98	6882.25	1585	0	64
2026.02.18	09:00:00	6882.41	6887.62	6881.97	6886.21	1586	0	64
2026.02.18	09:30:00	6886.37	6891.83	6884.58	6884.62	1256	0	64
2026.02.18	10:00:00	6884.75	6891.22	6884.10	6890.55	951	0	64
2026.02.18	10:30:00	6890.71	6891.22	6884.47	6886.97	899	0	72
2026.02.18	11:00:00	6886.83	6887.83	6881.32	6882.22	857	0	64
2026.02.18	11:30:00	6882.18	6883.43	6877.06	6878.04	999	0	64
2026.02.18	12:00:00	6878.12	6887.89	6875.09	6875.45	2312	0	72
2026.02.18	12:30:00	6875.59	6875.61	6863.33	6874.36	2338	0	64
2026.02.18	13:00:00	6874.40	6877.72	6871.32	6877.34	1745	0	64
2026.02.18	13:30:00	6877.63	6882.29	6859.59	6862.33	2480	0	64
2026.02.18	14:00:00	6862.46	6867.72	6858.55	6862.73	2368	0	64
2026.02.18	14:30:00	6862.58	6886.46	6850.24	6883.81	24815	0	64
2026.02.18	15:00:00	6883.95	6907.47	6883.31	6901.31	8340	0	64
2026.02.18	15:30:00	6901.38	6909.94	6895.56	6907.97	6132	0	64
2026.02.18	16:00:00	6907.81	6912.23	6902.84	6904.97	4264	0	64
2026.02.18	16:30:00	6905.20	6910.18	6897.55	6897.81	4109	0	72
2026.02.18	17:00:00	6897.97	6911.68	6896.32	6904.81	3891	0	72
2026.02.18	17:30:00	6904.98	6910.68	6901.59	6907.81	2961	0	64
2026.02.18	18:00:00	6907.59	6914.20	6897.32	6900.32	3098	0	64
2026.02.18	18:30:00	6900.47	6902.73	6882.53	6891.40	5625	0	64
2026.02.18	19:00:00	6891.55	6895.68	6882.76	6886.17	6270	0	64
2026.02.18	19:30:00	6886.04	6888.17	6862.04	6867.75	8328	0	64
2026.02.18	20:00:00	6867.53	6875.16	6860.76	6863.77	6140	0	72
2026.02.18	20:30:00	6863.54	6893.89	6862.75	6883.21	5898	0	72
2026.02.18	21:00:00	6883.34	6885.08	6877.94	6879.84	1093	0	72
2026.02.18	21:30:00	6879.79	6881.60	6877.97	6880.83	319	0	86
2026.02.18	23:00:00	6881.33	6890.44	6880.22	6887.03	950	0	64
2026.02.18	23:30:00	6887.18	6888.44	6882.50	6882.99	761	0	64
2026.02.19	00:00:00	6882.99	6884.49	6875.11	6876.89	1430	0	64
2026.02.19	00:30:00	6876.96	6881.19	6875.86	6880.07	1314	0	64
2026.02.19	01:00:00	6879.81	6889.78	6878.56	6883.77	1618	0	64
2026.02.19	01:30:00	6884.00	6885.75	6878.78	6885.22	1458	0	64
2026.02.19	02:00:00	6885.09	6887.73	6881.61	6887.54	1354	0	64
2026.02.19	02:30:00	6887.53	6887.99	6884.53	6886.01	734	0	64
2026.02.19	03:00:00	6886.03	6888.53	6885.11	6888.52	743	0	64
2026.02.19	03:30:00	6888.53	6889.49	6882.85	6886.10	892	0	64
2026.02.19	04:00:00	6886.24	6888.52	6884.57	6884.57	591	0	64
2026.02.19	04:30:00	6884.74	6886.74	6881.53	6881.82	921	0	64
2026.02.19	05:00:00	6881.99	6886.02	6878.57	6885.57	904	0	64
2026.02.19	05:30:00	6885.54	6891.97	6885.54	6890.24	796	0	64
2026.02.19	06:00:00	6890.07	6891.73	6888.37	6890.41	785	0	64
2026.02.19	06:30:00	6890.49	6894.91	6890.49	6894.47	918	0	64
2026.02.19	07:00:00	6894.49	6898.96	6892.00	6897.82	891	0	64
2026.02.19	07:30:00	6897.95	6899.97	6893.28	6893.73	956	0	64
2026.02.19	08:00:00	6893.64	6900.58	6891.68	6898.25	1896	0	64
2026.02.19	08:30:00	6898.36	6900.32	6877.95	6879.81	2029	0	64
2026.02.19	09:00:00	6880.00	6883.57	6874.72	6876.07	2491	0	64
2026.02.19	09:30:00	6876.27	6879.07	6860.36	6869.69	2601	0	64
2026.02.19	10:00:00	6869.55	6870.56	6855.58	6857.33	2919	0	64
2026.02.19	10:30:00	6857.19	6864.57	6854.67	6861.22	2047	0	64
2026.02.19	11:00:00	6861.00	6867.04	6857.45	6865.19	1533	0	64
2026.02.19	11:30:00	6865.31	6868.10	6859.67	6866.91	1508	0	64
2026.02.19	12:00:00	6866.79	6874.54	6856.41	6871.17	2607	0	64
2026.02.19	12:30:00	6871.04	6873.87	6866.97	6867.95	1642	0	64
2026.02.19	13:00:00	6868.00	6869.52	6855.55	6858.53	2273	0	64
2026.02.19	13:30:00	6859.39	6868.01	6852.22	6859.78	2971	0	64
2026.02.19	14:00:00	6859.75	6862.80	6853.60	6858.49	2345	0	64
2026.02.19	14:30:00	6858.74	6878.76	6844.90	6870.52	25563	0	64
2026.02.19	15:00:00	6870.36	6882.57	6858.65	6859.62	15146	0	64
2026.02.19	15:30:00	6859.39	6879.31	6857.86	6873.78	9722	0	64
2026.02.19	16:00:00	6874.02	6878.99	6859.62	6861.86	7861	0	64
2026.02.19	16:30:00	6862.02	6873.27	6847.60	6855.51	8726	0	64
2026.02.19	17:00:00	6855.73	6868.27	6847.11	6859.75	7184	0	72
2026.02.19	17:30:00	6859.62	6863.01	6841.39	6844.52	7310	0	64
2026.02.19	18:00:00	6844.36	6854.51	6835.60	6844.06	6956	0	64
2026.02.19	18:30:00	6844.00	6859.00	6840.36	6857.86	5288	0	64
2026.02.19	19:00:00	6857.64	6860.77	6850.39	6853.02	4386	0	64
2026.02.19	19:30:00	6852.88	6855.77	6838.90	6845.65	5834	0	64
2026.02.19	20:00:00	6845.44	6855.30	6845.41	6849.37	4456	0	64
2026.02.19	20:30:00	6849.14	6866.50	6848.61	6865.45	4595	0	64
2026.02.19	21:00:00	6865.67	6871.21	6862.52	6866.56	1448	0	72
2026.02.19	21:30:00	6866.34	6866.57	6859.79	6860.38	479	0	86
2026.02.19	23:00:00	6862.67	6867.49	6859.90	6865.99	1325	0	72
2026.02.19	23:30:00	6866.03	6871.01	6865.88	6868.58	1003	0	64
2026.02.20	00:00:00	6868.77	6872.33	6864.79	6871.33	1771	0	64
2026.02.20	00:30:00	6871.33	6876.29	6871.33	6875.56	848	0	64
2026.02.20	01:00:00	6875.79	6881.77	6874.92	6879.77	960	0	64
2026.02.20	01:30:00	6879.61	6880.00	6874.88	6877.20	772	0	72
2026.02.20	02:00:00	6877.43	6882.27	6873.38	6874.27	1267	0	64
2026.02.20	02:30:00	6874.11	6878.02	6872.93	6876.77	794	0	72
2026.02.20	03:00:00	6877.00	6878.68	6876.02	6877.33	608	0	64
2026.02.20	03:30:00	6877.19	6878.12	6875.16	6875.38	768	0	64
2026.02.20	04:00:00	6875.22	6879.87	6874.63	6878.13	784	0	64
2026.02.20	04:30:00	6878.24	6878.84	6876.67	6877.92	497	0	64
2026.02.20	05:00:00	6878.09	6883.59	6878.09	6883.36	822	0	64
2026.02.20	05:30:00	6883.56	6887.09	6882.92	6886.17	818	0	64
2026.02.20	06:00:00	6886.34	6888.63	6885.38	6886.92	614	0	64
2026.02.20	06:30:00	6886.89	6887.08	6883.67	6885.84	783	0	64
2026.02.20	07:00:00	6885.67	6887.80	6884.69	6884.88	999	0	64
2026.02.20	07:30:00	6884.70	6886.38	6879.13	6881.84	1224	0	64
2026.02.20	08:00:00	6881.88	6884.46	6876.27	6882.63	1778	0	64
2026.02.20	08:30:00	6882.79	6885.71	6876.29	6884.55	1143	0	64
2026.02.20	09:00:00	6884.61	6893.64	6884.06	6890.67	1178	0	64
2026.02.20	09:30:00	6890.61	6891.20	6880.56	6881.44	1224	0	64
2026.02.20	10:00:00	6881.40	6882.96	6877.78	6879.03	1041	0	64
2026.02.20	10:30:00	6879.08	6880.43	6871.75	6871.80	1236	0	64
2026.02.20	11:00:00	6871.96	6871.96	6859.03	6867.00	2316	0	64
2026.02.20	11:30:00	6866.90	6869.19	6854.72	6857.45	2117	0	64
2026.02.20	12:00:00	6857.52	6861.86	6851.24	6853.63	2448	0	72
2026.02.20	12:30:00	6853.56	6858.54	6849.26	6858.48	2341	0	64
2026.02.20	13:00:00	6858.29	6865.98	6856.50	6864.58	1716	0	64
2026.02.20	13:30:00	6864.39	6865.37	6839.42	6849.82	5132	0	64
2026.02.20	14:00:00	6849.66	6852.76	6836.45	6841.13	3562	0	64
2026.02.20	14:30:00	6841.34	6872.40	6835.99	6867.94	21921	0	64
2026.02.20	15:00:00	6867.78	6912.44	6860.37	6886.68	24781	0	64
2026.02.20	15:30:00	6886.70	6910.52	6873.63	6907.01	15487	0	64
2026.02.20	16:00:00	6906.87	6911.26	6879.37	6879.88	12984	0	64
2026.02.20	16:30:00	6879.64	6910.50	6877.35	6904.45	9258	0	64
2026.02.20	17:00:00	6904.31	6907.44	6859.06	6870.36	12871	0	64
2026.02.20	17:30:00	6870.51	6895.77	6867.85	6893.35	12584	0	64
2026.02.20	18:00:00	6893.24	6896.52	6875.89	6884.57	11563	0	64
2026.02.20	18:30:00	6884.35	6918.51	6876.33	6911.86	16355	0	64
2026.02.20	19:00:00	6912.01	6917.03	6901.66	6905.08	6881	0	64
2026.02.20	19:30:00	6905.30	6910.19	6896.80	6899.28	5131	0	64
2026.02.20	20:00:00	6899.50	6912.24	6898.99	6902.27	4473	0	64
2026.02.20	20:30:00	6902.49	6914.02	6901.38	6913.11	4984	0	72
2026.02.20	21:00:00	6912.88	6916.93	6910.32	6912.11	1324	0	72
2026.02.20	21:30:00	6911.99	6913.77	6911.39	6912.53	256	0	72
2026.02.22	23:00:00	6907.88	6913.41	6895.02	6897.43	2830	0	72
2026.02.22	23:30:00	6897.40	6899.84	6891.14	6896.93	2451	0	72
2026.02.23	00:00:00	6896.70	6896.70	6877.14	6881.13	2594	0	64
2026.02.23	00:30:00	6881.29	6881.93	6869.18	6869.88	2531	0	64
2026.02.23	01:00:00	6869.74	6875.51	6867.42	6871.52	3298	0	64
2026.02.23	01:30:00	6871.38	6874.08	6865.17	6865.92	2683	0	64
2026.02.23	02:00:00	6865.72	6869.18	6860.67	6864.96	2543	0	64
2026.02.23	02:30:00	6864.89	6867.09	6863.67	6864.92	1243	0	64
2026.02.23	03:00:00	6864.88	6868.34	6859.88	6863.11	1498	0	64
2026.02.23	03:30:00	6862.95	6863.82	6859.44	6863.14	1118	0	64
2026.02.23	04:00:00	6863.32	6865.52	6860.44	6862.13	847	0	64
2026.02.23	04:30:00	6861.96	6863.38	6858.21	6861.87	698	0	64
2026.02.23	05:00:00	6861.88	6862.09	6857.92	6861.13	1116	0	64
2026.02.23	05:30:00	6860.98	6865.13	6860.74	6864.42	763	0	64
2026.02.23	06:00:00	6864.39	6866.84	6863.38	6864.94	616	0	64
2026.02.23	06:30:00	6865.09	6869.94	6864.38	6869.58	591	0	64
2026.02.23	07:00:00	6869.43	6878.07	6868.93	6875.43	1361	0	64
2026.02.23	07:30:00	6875.20	6877.82	6873.63	6876.09	995	0	64
2026.02.23	08:00:00	6876.31	6878.72	6873.30	6876.69	1847	0	64
2026.02.23	08:30:00	6876.91	6882.20	6872.18	6881.55	1358	0	64
2026.02.23	09:00:00	6881.68	6895.20	6881.68	6894.94	1598	0	64
2026.02.23	09:30:00	6894.79	6900.18	6893.11	6898.07	1152	0	64
2026.02.23	10:00:00	6898.14	6902.59	6890.32	6896.15	1476	0	72
2026.02.23	10:30:00	6896.03	6899.70	6894.83	6896.88	1050	0	64
2026.02.23	11:00:00	6896.95	6901.64	6895.32	6896.17	874	0	64
2026.02.23	11:30:00	6896.11	6896.67	6883.28	6887.66	1166	0	72
2026.02.23	12:00:00	6887.51	6891.13	6880.53	6881.96	1724	0	64
2026.02.23	12:30:00	6882.16	6884.68	6877.27	6879.87	1857	0	64
2026.02.23	13:00:00	6879.75	6886.97	6876.77	6885.68	1896	0	64
2026.02.23	13:30:00	6885.82	6893.66	6882.77	6889.92	1678	0	64
2026.02.23	14:00:00	6890.05	6898.95	6889.90	6898.55	1603	0	64
2026.02.23	14:30:00	6898.71	6920.46	6883.00	6885.02	24149	0	64
2026.02.23	15:00:00	6885.34	6892.18	6862.59	6865.02	15972	0	64
2026.02.23	15:30:00	6864.80	6869.67	6841.54	6842.31	9576	0	64
2026.02.23	16:00:00	6842.44	6848.93	6823.51	6848.52	10442	0	64
2026.02.23	16:30:00	6848.29	6850.67	6837.59	6839.41	8972	0	64
2026.02.23	17:00:00	6839.26	6844.42	6835.28	6836.97	6288	0	64
2026.02.23	17:30:00	6836.81	6843.48	6825.84	6840.56	6396	0	64
2026.02.23	18:00:00	6840.43	6859.68	6839.56	6858.40	4736	0	64
2026.02.23	18:30:00	6858.48	6859.26	6838.85	6840.08	4536	0	64
2026.02.23	19:00:00	6840.22	6842.73	6831.82	6833.01	4842	0	64
2026.02.23	19:30:00	6832.85	6836.69	6825.33	6830.72	4251	0	64
2026.02.23	20:00:00	6830.60	6834.92	6825.96	6832.98	3861	0	64
2026.02.23	20:30:00	6833.12	6844.37	6828.50	6843.62	6206	0	64
2026.02.23	21:00:00	6843.85	6848.32	6841.17	6846.64	1489	0	72
2026.02.23	21:30:00	6846.79	6848.58	6845.34	6847.22	372	0	72
2026.02.23	23:00:00	6849.78	6852.37	6844.26	6850.16	1471	0	72
2026.02.23	23:30:00	6850.21	6853.78	6846.59	6846.99	1270	0	64
2026.02.24	00:00:00	6847.10	6851.53	6843.07	6844.98	2157	0	64
2026.02.24	00:30:00	6844.82	6852.89	6843.99	6851.11	1167	0	64
2026.02.24	01:00:00	6851.20	6852.99	6846.64	6851.28	2070	0	64
2026.02.24	01:30:00	6851.36	6853.28	6847.07	6851.57	2247	0	64
2026.02.24	02:00:00	6851.74	6860.28	6850.32	6859.82	1530	0	64
2026.02.24	02:30:00	6859.59	6861.68	6858.10	6860.03	1070	0	64
2026.02.24	03:00:00	6860.03	6862.26	6859.30	6861.32	745	0	64
2026.02.24	03:30:00	6861.29	6862.03	6859.78	6860.28	733	0	64
2026.02.24	04:00:00	6860.28	6862.24	6858.57	6861.53	678	0	64
2026.02.24	04:30:00	6861.65	6862.73	6859.07	6861.84	622	0	64
2026.02.24	05:00:00	6861.98	6864.71	6858.58	6859.81	961	0	64
2026.02.24	05:30:00	6859.58	6859.58	6852.53	6855.07	1259	0	64
2026.02.24	06:00:00	6855.24	6857.28	6851.61	6853.59	1191	0	64
2026.02.24	06:30:00	6853.74	6857.46	6851.78	6856.53	1030	0	64
2026.02.24	07:00:00	6856.36	6861.53	6855.59	6861.21	1319	0	64
2026.02.24	07:30:00	6861.26	6862.74	6855.33	6855.98	1303	0	64
2026.02.24	08:00:00	6855.83	6856.23	6843.40	6849.96	3528	0	64
2026.02.24	08:30:00	6850.09	6852.84	6840.16	6845.50	2424	0	64
2026.02.24	09:00:00	6845.26	6857.26	6845.26	6853.37	1991	0	64
2026.02.24	09:30:00	6853.21	6858.06	6847.47	6857.86	1308	0	64
2026.02.24	10:00:00	6857.81	6861.09	6854.91	6855.78	923	0	64
2026.02.24	10:30:00	6855.96	6856.82	6852.40	6855.82	1034	0	64
2026.02.24	11:00:00	6856.25	6858.85	6851.18	6852.56	1198	0	64
2026.02.24	11:30:00	6852.69	6854.58	6849.68	6854.31	1054	0	64
2026.02.24	12:00:00	6854.53	6861.12	6848.44	6848.98	2907	0	64
2026.02.24	12:30:00	6848.74	6849.10	6835.76	6840.56	2765	0	64
2026.02.24	13:00:00	6840.76	6848.02	6840.12	6848.02	2097	0	64
2026.02.24	13:30:00	6847.87	6856.72	6844.43	6853.75	1995	0	64
2026.02.24	14:00:00	6853.62	6853.78	6836.21	6838.32	2089	0	64
2026.02.24	14:30:00	6838.75	6874.05	6820.05	6852.02	24529	0	64
2026.02.24	15:00:00	6852.08	6884.42	6840.80	6883.77	25743	0	64
2026.02.24	15:30:00	6883.90	6886.17	6872.27	6874.26	9108	0	64
2026.02.24	16:00:00	6874.40	6889.43	6873.50	6881.57	7319	0	64
2026.02.24	16:30:00	6881.71	6887.67	6872.00	6885.26	6590	0	64
2026.02.24	17:00:00	6885.03	6898.91	6884.51	6896.21	4338	0	64
2026.02.24	17:30:00	6896.34	6897.37	6890.26	6894.46	2850	0	64
2026.02.24	18:00:00	6894.31	6901.86	6890.04	6890.96	3036	0	64
2026.02.24	18:30:00	6891.19	6899.47	6889.50	6895.00	2815	0	64
2026.02.24	19:00:00	6894.77	6896.41	6886.71	6889.23	3774	0	64
2026.02.24	19:30:00	6888.99	6896.88	6887.95	6891.75	3032	0	64
2026.02.24	20:00:00	6891.91	6893.67	6885.00	6885.74	3126	0	64
2026.02.24	20:30:00	6885.87	6903.84	6885.48	6894.14	4324	0	64
2026.02.24	21:00:00	6894.30	6895.77	6890.23	6891.62	866	0	72
2026.02.24	21:30:00	6891.84	6892.72	6890.46	6890.87	280	0	72
2026.02.24	23:00:00	6892.49	6893.79	6887.34	6892.84	953	0	64
2026.02.24	23:30:00	6892.83	6897.27	6891.58	6896.04	588	0	64
2026.02.25	00:00:00	6895.89	6895.89	6891.91	6892.65	945	0	64
2026.02.25	00:30:00	6892.77	6901.27	6890.88	6900.04	1030	0	64
2026.02.25	01:00:00	6900.08	6906.03	6898.58	6902.08	1840	0	64
2026.02.25	01:30:00	6901.98	6908.00	6900.58	6906.09	1437	0	64
2026.02.25	02:00:00	6906.08	6907.76	6903.86	6906.82	1664	0	64
2026.02.25	02:30:00	6907.02	6909.01	6905.63	6908.12	1316	0	64
2026.02.25	03:00:00	6908.29	6908.33	6897.83	6899.72	1593	0	64
2026.02.25	03:30:00	6899.98	6904.02	6884.52	6901.58	3004	0	64
2026.02.25	04:00:00	6901.58	6901.79	6894.91	6899.28	1504	0	64
2026.02.25	04:30:00	6899.13	6901.07	6897.33	6897.79	941	0	64
2026.02.25	05:00:00	6898.02	6901.83	6895.13	6896.29	1197	0	64
2026.02.25	05:30:00	6896.31	6899.24	6894.33	6896.04	969	0	64
2026.02.25	06:00:00	6895.87	6901.04	6894.33	6897.62	1049	0	64
2026.02.25	06:30:00	6897.47	6900.99	6896.42	6897.12	870	0	64
2026.02.25	07:00:00	6897.27	6899.58	6895.62	6896.88	1194	0	64
2026.02.25	07:30:00	6897.03	6897.27	6892.83	6895.29	1220	0	64
2026.02.25	08:00:00	6895.12	6905.91	6895.12	6903.39	2350	0	64
2026.02.25	08:30:00	6903.53	6905.85	6901.01	6903.76	1235	0	64
2026.02.25	09:00:00	6903.54	6906.15	6900.53	6903.61	1396	0	64
2026.02.25	09:30:00	6903.61	6907.15	6903.00	6906.57	995	0	64
2026.02.25	10:00:00	6906.64	6907.15	6902.48	6905.25	847	0	64
2026.02.25	10:30:00	6905.27	6908.82	6902.71	6903.87	645	0	72
2026.02.25	11:00:00	6903.72	6906.75	6902.71	6905.97	578	0	72
2026.02.25	11:30:00	6906.10	6915.64	6905.96	6915.36	705	0	72
2026.02.25	12:00:00	6915.22	6920.09	6911.85	6916.59	1264	0	64
2026.02.25	12:30:00	6916.47	6919.88	6914.45	6917.91	1107	0	64
2026.02.25	13:00:00	6917.73	6920.09	6915.88	6917.65	1013	0	64
2026.02.25	13:30:00	6917.50	6920.82	6913.72	6918.74	1197	0	64
2026.02.25	14:00:00	6918.84	6927.87	6918.16	6921.93	1983	0	64
2026.02.25	14:30:00	6921.70	6940.09	6920.90	6933.37	11787	0	64
2026.02.25	15:00:00	6933.59	6936.12	6923.11	6932.04	8186	0	64
2026.02.25	15:30:00	6932.20	6934.08	6922.26	6928.83	6002	0	64
2026.02.25	16:00:00	6928.59	6936.65	6927.55	6935.51	4256	0	64
2026.02.25	16:30:00	6935.28	6944.69	6934.79	6941.30	2945	0	64
2026.02.25	17:00:00	6941.42	6944.22	6938.91	6940.55	2124	0	64
2026.02.25	17:30:00	6940.70	6946.71	6939.29	6946.21	1826	0	64
2026.02.25	18:00:00	6946.44	6947.72	6942.80	6943.80	1486	0	64
2026.02.25	18:30:00	6943.96	6947.71	6942.79	6945.81	1001	0	64
2026.02.25	19:00:00	6945.58	6951.48	6945.56	6949.55	1408	0	64
2026.02.25	19:30:00	6949.32	6953.94	6949.32	6951.55	1290	0	64
2026.02.25	20:00:00	6951.32	6953.96	6948.80	6949.71	1214	0	64
2026.02.25	20:30:00	6949.55	6957.43	6947.82	6951.46	3210	0	64
2026.02.25	21:00:00	6951.30	6955.39	6950.08	6953.47	1922	0	64
2026.02.25	21:30:00	6953.67	6973.69	6952.20	6966.37	6601	0	64
2026.02.25	23:00:00	6954.42	6960.32	6950.12	6952.98	1607	0	72
2026.02.25	23:30:00	6952.84	6953.29	6933.34	6940.17	2469	0	64
2026.02.26	00:00:00	6940.24	6945.75	6937.60	6945.07	2312	0	64
2026.02.26	00:30:00	6945.08	6946.04	6939.87	6941.37	1431	0	64
2026.02.26	01:00:00	6941.54	6942.29	6934.87	6934.87	2290	0	64
2026.02.26	01:30:00	6934.49	6944.04	6933.16	6943.28	1776	0	64
2026.02.26	02:00:00	6943.13	6943.83	6938.08	6939.87	1210	0	64
2026.02.26	02:30:00	6940.04	6941.33	6938.12	6941.26	825	0	64
2026.02.26	03:00:00	6941.13	6942.04	6939.33	6941.16	644	0	64
2026.02.26	03:30:00	6941.10	6944.79	6940.16	6940.58	683	0	64
2026.02.26	04:00:00	6940.44	6941.83	6939.33	6939.77	720	0	64
2026.02.26	04:30:00	6939.81	6941.29	6938.85	6939.83	502	0	64
2026.02.26	05:00:00	6940.00	6940.07	6935.38	6937.04	956	0	64
2026.02.26	05:30:00	6937.08	6939.33	6936.33	6938.62	884	0	64
2026.02.26	06:00:00	6938.79	6943.02	6938.62	6939.79	1012	0	64
2026.02.26	06:30:00	6939.62	6945.33	6938.87	6941.32	971	0	64
2026.02.26	07:00:00	6941.33	6945.75	6941.10	6943.03	1112	0	64
2026.02.26	07:30:00	6942.88	6946.97	6942.33	6942.87	1023	0	64
2026.02.26	08:00:00	6943.02	6951.89	6942.27	6947.74	2168	0	64
2026.02.26	08:30:00	6947.90	6948.67	6942.47	6944.10	1394	0	64
2026.02.26	09:00:00	6944.28	6949.61	6943.25	6949.41	1321	0	64
2026.02.26	09:30:00	6949.35	6954.91	6948.53	6950.28	846	0	64
2026.02.26	10:00:00	6950.30	6952.11	6946.47	6946.73	814	0	64
2026.02.26	10:30:00	6946.77	6948.74	6943.21	6945.16	879	0	64
2026.02.26	11:00:00	6945.35	6948.82	6943.98	6948.21	979	0	64
2026.02.26	11:30:00	6948.00	6950.12	6945.32	6948.57	809	0	72
2026.02.26	12:00:00	6948.57	6955.32	6948.57	6955.10	998	0	72
2026.02.26	12:30:00	6955.23	6956.83	6951.84	6953.57	810	0	72
2026.02.26	13:00:00	6953.49	6958.12	6952.45	6957.98	1041	0	64
2026.02.26	13:30:00	6958.11	6961.93	6956.71	6957.96	1247	0	64
2026.02.26	14:00:00	6958.12	6959.82	6951.00	6952.75	1804	0	64
2026.02.26	14:30:00	6952.87	6952.87	6923.51	6926.15	20028	0	64
2026.02.26	15:00:00	6925.99	6929.62	6866.23	6875.67	18889	0	64
2026.02.26	15:30:00	6875.51	6900.86	6862.48	6896.27	17083	0	64
2026.02.26	16:00:00	6896.40	6910.32	6893.80	6907.04	10807	0	64
2026.02.26	16:30:00	6906.78	6908.31	6879.50	6881.38	8833	0	64
2026.02.26	17:00:00	6881.25	6889.38	6879.23	6881.78	6772	0	64
2026.02.26	17:30:00	6881.53	6889.87	6868.99	6873.71	5440	0	64
2026.02.26	18:00:00	6873.48	6878.42	6866.48	6875.70	5168	0	64
2026.02.26	18:30:00	6875.49	6901.16	6873.19	6893.12	6895	0	64
2026.02.26	19:00:00	6893.35	6912.62	6890.73	6905.62	5374	0	64
2026.02.26	19:30:00	6905.75	6916.17	6904.21	6909.76	3645	0	64
2026.02.26	20:00:00	6909.92	6917.49	6905.71	6906.11	3958	0	64
2026.02.26	20:30:00	6906.33	6914.62	6905.71	6912.87	4610	0	64
2026.02.26	21:00:00	6912.71	6913.87	6907.48	6908.37	1296	0	72
2026.02.26	21:30:00	6908.59	6909.37	6894.32	6895.31	994	0	72
2026.02.26	23:00:00	6888.02	6892.38	6875.16	6890.35	2866	0	64
2026.02.26	23:30:00	6890.18	6890.62	6879.89	6884.18	2073	0	64
2026.02.27	00:00:00	6884.18	6890.68	6881.54	6885.18	1736	0	64
2026.02.27	00:30:00	6885.18	6885.84	6874.89	6882.64	1733	0	64
2026.02.27	01:00:00	6882.66	6888.65	6880.72	6883.14	2174	0	64
2026.02.27	01:30:00	6882.97	6886.07	6879.68	6884.40	2605	0	64
2026.02.27	02:00:00	6884.27	6889.93	6884.27	6889.18	1344	0	64
2026.02.27	02:30:00	6889.18	6891.18	6884.93	6891.18	1122	0	64
2026.02.27	03:00:00	6891.18	6891.89	6887.44	6888.23	970	0	64
2026.02.27	03:30:00	6888.39	6891.43	6885.72	6889.97	1069	0	64
2026.02.27	04:00:00	6889.93	6892.39	6887.99	6890.68	952	0	64
2026.02.27	04:30:00	6890.68	6892.89	6889.47	6890.72	717	0	64
2026.02.27	05:00:00	6890.69	6897.86	6890.49	6897.48	867	0	64
2026.02.27	05:30:00	6897.63	6898.43	6892.95	6893.13	914	0	64
2026.02.27	06:00:00	6893.17	6894.93	6884.43	6887.39	1770	0	64
2026.02.27	06:30:00	6887.62	6894.17	6887.24	6892.02	1201	0	64
2026.02.27	07:00:00	6892.13	6899.87	6892.13	6899.22	1225	0	64
2026.02.27	07:30:00	6899.39	6899.89	6896.99	6898.72	1062	0	64
2026.02.27	08:00:00	6898.84	6902.24	6891.65	6897.61	2395	0	64
2026.02.27	08:30:00	6897.61	6901.22	6894.56	6898.92	1585	0	64
2026.02.27	09:00:00	6899.45	6907.22	6897.32	6902.71	2000	0	64
2026.02.27	09:30:00	6902.64	6902.71	6892.10	6893.25	1589	0	64
2026.02.27	10:00:00	6893.13	6894.00	6878.83	6888.98	2015	0	64
2026.02.27	10:30:00	6889.18	6893.91	6882.81	6886.30	1677	0	64
2026.02.27	11:00:00	6886.45	6888.08	6880.80	6883.06	1707	0	64
2026.02.27	11:30:00	6883.21	6885.17	6870.59	6876.64	2523	0	64
2026.02.27	12:00:00	6876.40	6885.25	6870.51	6881.96	2396	0	64
2026.02.27	12:30:00	6881.81	6884.42	6865.33	6869.44	2560	0	64
2026.02.27	13:00:00	6869.31	6874.03	6856.87	6860.34	3279	0	64
2026.02.27	13:30:00	6860.39	6860.39	6843.01	6857.01	6537	0	64
2026.02.27	14:00:00	6857.15	6857.97	6843.76	6846.64	3636	0	64
2026.02.27	14:30:00	6846.89	6858.65	6833.03	6844.71	28026	0	64
2026.02.27	15:00:00	6844.48	6871.43	6842.71	6861.77	18064	0	64
2026.02.27	15:30:00	6861.67	6877.04	6853.85	6868.81	9909	0	64
2026.02.27	16:00:00	6868.66	6877.61	6863.47	6870.82	9123	0	64
2026.02.27	16:30:00	6871.04	6879.86	6862.65	6865.71	8062	0	64
2026.02.27	17:00:00	6865.76	6879.82	6849.20	6857.65	7282	0	64
2026.02.27	17:30:00	6857.51	6867.66	6850.69	6860.42	8277	0	64
2026.02.27	18:00:00	6860.27	6863.41	6846.50	6853.36	6415	0	64
2026.02.27	18:30:00	6853.59	6858.12	6848.71	6855.67	5242	0	64
2026.02.27	19:00:00	6855.51	6865.92	6850.75	6851.92	4752	0	64
2026.02.27	19:30:00	6852.17	6856.39	6845.86	6849.31	4398	0	64
2026.02.27	20:00:00	6849.08	6876.97	6849.08	6872.06	4885	0	64
2026.02.27	20:30:00	6871.83	6884.47	6861.05	6878.41	9280	0	72
2026.02.27	21:00:00	6878.63	6879.48	6867.36	6869.50	3161	0	72
2026.02.27	21:30:00	6869.73	6871.73	6863.83	6865.86	759	0	72
2026.03.01	23:00:00	6808.69	6830.42	6804.56	6815.77	6863	0	67
2026.03.01	23:30:00	6815.62	6819.34	6806.22	6810.19	4346	0	72
2026.03.02	00:00:00	6810.35	6817.03	6801.36	6805.76	4829	0	72
2026.03.02	00:30:00	6805.51	6822.92	6800.98	6821.07	2985	0	64
2026.03.02	01:00:00	6821.10	6848.19	6820.50	6842.31	5527	0	64
2026.03.02	01:30:00	6842.51	6849.30	6839.98	6842.17	4300	0	64
2026.03.02	02:00:00	6842.13	6845.34	6830.63	6831.26	3392	0	64
2026.03.02	02:30:00	6831.18	6839.31	6829.23	6833.76	2830	0	64
2026.03.02	03:00:00	6833.90	6836.72	6830.31	6834.08	2348	0	72
2026.03.02	03:30:00	6834.25	6834.50	6827.93	6829.57	2204	0	72
2026.03.02	04:00:00	6829.80	6833.05	6819.79	6831.70	2513	0	64
2026.03.02	04:30:00	6831.93	6836.68	6822.36	6822.95	1727	0	86
2026.03.02	05:00:00	6822.79	6825.20	6816.38	6819.00	2300	0	72
2026.03.02	05:30:00	6819.25	6822.50	6807.04	6807.70	2250	0	64
2026.03.02	06:00:00	6807.54	6812.70	6798.49	6807.35	3254	0	72
2026.03.02	06:30:00	6807.58	6808.60	6779.01	6790.73	4373	0	64
2026.03.02	07:00:00	6790.51	6793.63	6775.59	6786.61	5423	0	72
2026.03.02	07:30:00	6786.36	6790.76	6774.06	6776.32	4385	0	64
2026.03.02	08:00:00	6776.71	6781.55	6760.36	6762.63	8228	0	64
2026.03.02	08:30:00	6762.76	6791.47	6761.86	6784.08	5426	0	64
2026.03.02	09:00:00	6783.56	6808.74	6780.98	6804.72	4406	0	64
2026.03.02	09:30:00	6804.56	6809.22	6798.88	6803.87	2922	0	64
2026.03.02	10:00:00	6803.64	6818.00	6803.50	6811.52	3193	0	72
2026.03.02	10:30:00	6811.64	6817.51	6807.00	6810.27	2448	0	64
2026.03.02	11:00:00	6810.28	6812.77	6804.12	6808.24	2375	0	64
2026.03.02	11:30:00	6808.12	6822.63	6808.12	6811.11	3138	0	64
2026.03.02	12:00:00	6811.10	6815.71	6800.35	6801.89	3430	0	64
2026.03.02	12:30:00	6802.01	6808.26	6796.61	6802.52	3104	0	64
2026.03.02	13:00:00	6802.74	6824.49	6799.37	6814.09	4304	0	64
2026.03.02	13:30:00	6813.99	6816.22	6795.92	6798.92	3855	0	64
2026.03.02	14:00:00	6799.20	6804.78	6793.69	6802.25	4179	0	64
2026.03.02	14:30:00	6802.48	6848.42	6795.86	6845.21	32327	0	64
2026.03.02	15:00:00	6845.06	6869.90	6835.06	6850.61	19749	0	64
2026.03.02	15:30:00	6850.52	6864.87	6840.26	6858.44	13923	0	64
2026.03.02	16:00:00	6858.30	6873.22	6846.31	6849.01	9331	0	64
2026.03.02	16:30:00	6849.23	6886.66	6845.90	6879.18	9624	0	64
2026.03.02	17:00:00	6879.07	6888.38	6873.71	6881.54	5709	0	64
2026.03.02	17:30:00	6881.30	6889.82	6877.25	6888.71	4922	0	64
2026.03.02	18:00:00	6888.87	6890.87	6877.74	6883.72	4046	0	64
2026.03.02	18:30:00	6883.87	6884.89	6868.45	6869.01	5346	0	64
2026.03.02	19:00:00	6869.16	6899.37	6868.27	6898.59	5911	0	64
2026.03.02	19:30:00	6898.74	6902.75	6896.46	6898.60	3031	0	64
2026.03.02	20:00:00	6898.46	6899.87	6864.96	6869.60	12932	0	64
2026.03.02	20:30:00	6869.83	6889.13	6868.25	6879.10	10471	0	64
2026.03.02	21:00:00	6878.96	6880.12	6870.72	6874.23	2685	0	72
2026.03.02	21:30:00	6874.36	6877.38	6870.65	6876.23	1122	0	72
2026.03.02	23:00:00	6876.98	6878.40	6863.20	6866.70	2458	0	72
2026.03.02	23:30:00	6866.69	6870.65	6863.73	6869.44	1706	0	64
2026.03.03	00:00:00	6869.44	6872.18	6860.24	6862.69	3368	0	64
2026.03.03	00:30:00	6862.72	6863.92	6858.73	6859.58	1757	0	64
2026.03.03	01:00:00	6859.69	6867.94	6854.23	6858.78	3567	0	64
2026.03.03	01:30:00	6858.84	6861.43	6845.98	6846.73	4186	0	64
2026.03.03	02:00:00	6846.56	6847.94	6832.52	6838.03	5916	0	64
2026.03.03	02:30:00	6838.09	6848.16	6837.28	6842.94	4213	0	64
2026.03.03	03:00:00	6843.16	6847.65	6835.75	6837.03	3167	0	64
2026.03.03	03:30:00	6837.19	6847.92	6834.02	6841.28	3953	0	64
2026.03.03	04:00:00	6841.23	6844.19	6830.61	6833.46	3285	0	64
2026.03.03	04:30:00	6833.38	6836.14	6827.27	6829.98	3614	0	64
2026.03.03	05:00:00	6830.13	6833.94	6827.28	6832.28	4443	0	64
2026.03.03	05:30:00	6832.41	6832.43	6820.36	6822.86	3647	0	64
2026.03.03	06:00:00	6823.09	6828.07	6817.68	6827.91	3244	0	64
2026.03.03	06:30:00	6827.68	6828.32	6816.35	6820.55	2586	0	72
2026.03.03	07:00:00	6820.31	6823.49	6805.96	6809.74	3510	0	64
2026.03.03	07:30:00	6809.74	6813.24	6805.11	6806.71	3295	0	64
2026.03.03	08:00:00	6806.58	6809.06	6784.72	6785.12	6577	0	64
2026.03.03	08:30:00	6784.98	6789.56	6768.12	6770.21	7288	0	64
2026.03.03	09:00:00	6770.03	6786.72	6770.03	6775.37	7075	0	64
2026.03.03	09:30:00	6775.51	6780.58	6758.96	6759.64	5703	0	64
2026.03.03	10:00:00	6759.75	6763.66	6751.35	6753.35	5731	0	64
2026.03.03	10:30:00	6753.24	6765.67	6742.48	6756.09	6756	0	64
2026.03.03	11:00:00	6755.94	6763.29	6736.36	6756.56	6841	0	64
2026.03.03	11:30:00	6756.44	6771.18	6756.44	6765.64	5751	0	64
2026.03.03	12:00:00	6765.20	6793.15	6763.39	6784.26	6331	0	64
2026.03.03	12:30:00	6784.14	6791.29	6778.30	6785.28	5386	0	64
2026.03.03	13:00:00	6785.46	6787.27	6771.52	6774.28	4757	0	64
2026.03.03	13:30:00	6774.42	6774.89	6751.67	6760.70	6744	0	64
2026.03.03	14:00:00	6760.64	6767.38	6751.29	6764.39	6598	0	64
2026.03.03	14:30:00	6764.28	6785.71	6733.52	6738.29	37037	0	64
2026.03.03	15:00:00	6738.18	6753.49	6710.81	6712.67	24910	0	64
2026.03.03	15:30:00	6712.82	6739.06	6711.93	6734.50	25573	0	64
2026.03.03	16:00:00	6734.18	6781.07	6732.00	6775.05	18818	0	64
2026.03.03	16:30:00	6774.83	6799.13	6760.71	6790.81	17463	0	64
2026.03.03	17:00:00	6790.67	6800.48	6778.92	6798.91	14188	0	64
2026.03.03	17:30:00	6799.05	6800.31	6776.66	6789.18	11867	0	64
2026.03.03	18:00:00	6789.28	6819.37	6789.28	6812.84	9917	0	64
2026.03.03	18:30:00	6812.99	6834.15	6811.50	6827.62	10853	0	64
2026.03.03	19:00:00	6827.74	6830.27	6811.71	6819.91	10052	0	64
2026.03.03	19:30:00	6820.11	6841.37	6807.75	6827.51	14472	0	64
2026.03.03	20:00:00	6827.64	6834.66	6816.49	6825.26	11648	0	64
2026.03.03	20:30:00	6825.41	6829.91	6807.22	6817.89	10758	0	64
2026.03.03	21:00:00	6817.66	6817.87	6807.45	6808.46	2361	0	72
2026.03.03	21:30:00	6808.52	6809.63	6801.14	6805.14	1577	0	72
2026.03.03	23:00:00	6804.55	6816.53	6797.63	6803.69	3006	0	72
2026.03.03	23:30:00	6803.85	6811.14	6801.93	6802.78	2960	0	72
2026.03.04	00:00:00	6803.06	6825.13	6798.21	6816.67	6381	0	64
2026.03.04	00:30:00	6816.81	6817.12	6800.22	6813.10	5836	0	64
2026.03.04	01:00:00	6813.32	6818.35	6788.42	6791.48	8178	0	64
2026.03.04	01:30:00	6791.60	6805.91	6787.48	6798.93	10479	0	64
2026.03.04	02:00:00	6799.06	6804.56	6786.22	6788.35	8550	0	64
2026.03.04	02:30:00	6788.23	6797.13	6779.94	6791.97	5773	0	64
2026.03.04	03:00:00	6792.14	6792.14	6775.47	6778.68	6516	0	64
2026.03.04	03:30:00	6778.68	6786.28	6769.68	6786.24	8663	0	64
2026.03.04	04:00:00	6786.07	6794.10	6783.22	6784.73	6970	0	64
2026.03.04	04:30:00	6784.50	6787.02	6778.11	6783.52	5987	0	64
2026.03.04	05:00:00	6783.36	6788.68	6771.61	6776.60	7006	0	72
2026.03.04	05:30:00	6776.77	6790.37	6773.11	6780.68	6070	0	64
2026.03.04	06:00:00	6780.74	6780.74	6764.81	6776.27	5771	0	64
2026.03.04	06:30:00	6776.11	6786.27	6775.11	6782.02	3395	0	72
2026.03.04	07:00:00	6782.16	6792.50	6774.14	6789.43	4717	0	64
2026.03.04	07:30:00	6789.34	6804.37	6787.89	6799.39	5139	0	64
2026.03.04	08:00:00	6799.61	6805.29	6787.86	6792.03	7613	0	64
2026.03.04	08:30:00	6792.18	6803.78	6790.51	6795.93	5777	0	64
2026.03.04	09:00:00	6796.12	6808.76	6789.38	6806.13	4738	0	64
2026.03.04	09:30:00	6806.26	6818.97	6803.46	6817.55	3576	0	64
2026.03.04	10:00:00	6817.44	6840.68	6814.42	6826.87	6522	0	64
2026.03.04	10:30:00	6826.65	6838.37	6826.60	6835.25	3480	0	72
2026.03.04	11:00:00	6835.14	6847.52	6834.79	6839.75	4146	0	72
2026.03.04	11:30:00	6839.95	6841.40	6824.85	6825.02	3188	0	64
2026.03.04	12:00:00	6825.48	6835.11	6806.60	6807.29	4635	0	64
2026.03.04	12:30:00	6807.11	6821.00	6805.61	6820.25	3951	0	72
2026.03.04	13:00:00	6820.28	6848.30	6819.62	6839.36	5068	0	64
2026.03.04	13:30:00	6839.51	6846.27	6834.28	6840.51	4606	0	64
2026.03.04	14:00:00	6840.37	6849.13	6833.38	6833.56	4887	0	64
2026.03.04	14:30:00	6833.72	6853.22	6814.01	6831.28	28368	0	64
2026.03.04	15:00:00	6831.39	6879.99	6825.66	6878.76	16423	0	64
2026.03.04	15:30:00	6878.96	6880.28	6855.86	6875.34	10885	0	64
2026.03.04	16:00:00	6875.40	6883.47	6858.81	6868.85	10154	0	64
2026.03.04	16:30:00	6868.91	6881.00	6865.35	6874.72	7228	0	64
2026.03.04	17:00:00	6874.92	6880.48	6870.07	6870.07	5131	0	64
2026.03.04	17:30:00	6870.27	6881.45	6862.57	6878.97	5140	0	64
2026.03.04	18:00:00	6879.19	6882.19	6870.81	6877.86	4310	0	64
2026.03.04	18:30:00	6878.17	6885.73	6878.06	6882.56	3318	0	64
2026.03.04	19:00:00	6882.72	6886.77	6881.05	6883.01	2744	0	64
2026.03.04	19:30:00	6883.23	6888.24	6881.55	6885.23	2301	0	64
2026.03.04	20:00:00	6885.10	6887.22	6871.56	6879.08	3584	0	64
2026.03.04	20:30:00	6879.11	6882.98	6867.56	6867.81	4817	0	64
2026.03.04	21:00:00	6867.58	6875.37	6860.24	6871.83	3510	0	72
2026.03.04	21:30:00	6871.97	6876.23	6869.85	6873.57	851	0	64
2026.03.04	23:00:00	6876.31	6882.39	6872.88	6876.89	1717	0	64
2026.03.04	23:30:00	6876.89	6883.64	6875.69	6880.18	1299	0	64
2026.03.05	00:00:00	6879.96	6895.34	6878.43	6889.05	2658	0	64
2026.03.05	00:30:00	6889.17	6893.14	6885.43	6887.14	2006	0	64
2026.03.05	01:00:00	6887.17	6887.87	6868.98	6871.25	3821	0	64
2026.03.05	01:30:00	6871.37	6876.39	6852.03	6858.23	7026	0	64
2026.03.05	02:00:00	6858.18	6862.13	6853.73	6855.98	4888	0	64
2026.03.05	02:30:00	6855.93	6867.84	6852.26	6860.10	3820	0	64
2026.03.05	03:00:00	6860.01	6862.63	6847.98	6850.37	3649	0	64
2026.03.05	03:30:00	6850.24	6855.18	6845.18	6851.07	4952	0	64
2026.03.05	04:00:00	6850.98	6861.62	6848.22	6861.62	3273	0	64
2026.03.05	04:30:00	6861.68	6864.14	6857.26	6863.18	2501	0	64
2026.03.05	05:00:00	6863.18	6863.43	6856.68	6858.63	2459	0	64
2026.03.05	05:30:00	6858.47	6859.60	6848.73	6849.13	2390	0	64
2026.03.05	06:00:00	6849.18	6850.39	6839.97	6844.39	3983	0	64
2026.03.05	06:30:00	6844.22	6861.60	6839.47	6861.39	3480	0	64
2026.03.05	07:00:00	6861.21	6862.84	6852.93	6861.68	3283	0	64
2026.03.05	07:30:00	6861.57	6861.93	6850.22	6857.76	2606	0	64
2026.03.05	08:00:00	6857.88	6859.11	6839.62	6841.05	6336	0	64
2026.03.05	08:30:00	6840.91	6854.31	6835.67	6853.66	5029	0	64
2026.03.05	09:00:00	6853.79	6889.26	6852.25	6870.53	7696	0	64
2026.03.05	09:30:00	6870.37	6874.18	6858.74	6867.09	4421	0	64
2026.03.05	10:00:00	6867.22	6873.58	6861.85	6872.08	3073	0	64
2026.03.05	10:30:00	6872.21	6873.71	6862.96	6865.39	2707	0	64
2026.03.05	11:00:00	6865.51	6875.97	6861.41	6872.33	2520	0	64
2026.03.05	11:30:00	6872.14	6875.45	6861.81	6862.59	2573	0	64
2026.03.05	12:00:00	6862.74	6876.33	6859.06	6868.21	3382	0	64
2026.03.05	12:30:00	6868.08	6870.07	6852.24	6858.54	3730	0	64
2026.03.05	13:00:00	6858.44	6859.72	6848.94	6855.44	3760	0	64
2026.03.05	13:30:00	6855.57	6858.51	6838.49	6840.37	5149	0	64
2026.03.05	14:00:00	6840.51	6843.54	6831.57	6837.70	5134	0	64
2026.03.05	14:30:00	6838.02	6867.57	6835.80	6867.57	24749	0	64
2026.03.05	15:00:00	6867.45	6871.82	6819.41	6824.32	16432	0	64
2026.03.05	15:30:00	6824.57	6842.05	6809.24	6837.74	15251	0	64
2026.03.05	16:00:00	6837.48	6840.04	6806.12	6811.16	13901	0	64
2026.03.05	16:30:00	6811.01	6829.28	6810.50	6826.27	12620	0	64
2026.03.05	17:00:00	6826.40	6840.03	6800.54	6800.58	11770	0	64
2026.03.05	17:30:00	6800.70	6803.47	6776.26	6780.15	15511	0	64
2026.03.05	18:00:00	6780.29	6797.97	6773.70	6779.55	16116	0	64
2026.03.05	18:30:00	6779.43	6796.58	6774.87	6781.70	12064	0	64
2026.03.05	19:00:00	6781.48	6793.33	6778.16	6782.20	10580	0	64
2026.03.05	19:30:00	6781.99	6792.79	6771.42	6786.09	10073	0	64
2026.03.05	20:00:00	6785.94	6820.34	6779.21	6810.45	12669	0	64
2026.03.05	20:30:00	6810.58	6832.53	6807.71	6829.05	11175	0	64
2026.03.05	21:00:00	6828.91	6829.48	6817.16	6822.19	2480	0	72
2026.03.05	21:30:00	6822.08	6822.47	6817.11	6821.53	1256	0	72
2026.03.05	23:00:00	6821.52	6831.75	6817.70	6830.38	1792	0	72
2026.03.05	23:30:00	6830.44	6838.44	6829.77	6836.45	1549	0	64
2026.03.06	00:00:00	6836.64	6845.11	6836.23	6837.88	2754	0	64
2026.03.06	00:30:00	6838.01	6839.98	6835.28	6836.82	2257	0	64
2026.03.06	01:00:00	6836.62	6839.99	6827.59	6830.82	3604	0	64
2026.03.06	01:30:00	6830.98	6837.74	6827.76	6832.73	4048	0	64
2026.03.06	02:00:00	6832.88	6841.78	6831.27	6840.28	2817	0	64
2026.03.06	02:30:00	6840.28	6840.53	6830.85	6831.07	2238	0	64
2026.03.06	03:00:00	6831.03	6837.21	6831.03	6834.01	2103	0	64
2026.03.06	03:30:00	6834.19	6842.00	6832.83	6841.82	1854	0	64
2026.03.06	04:00:00	6841.59	6842.26	6838.03	6838.33	1317	0	64
2026.03.06	04:30:00	6838.48	6847.03	6838.03	6841.49	1232	0	64
2026.03.06	05:00:00	6841.51	6845.24	6840.63	6843.57	1650	0	64
2026.03.06	05:30:00	6843.53	6847.99	6839.83	6841.74	1798	0	64
2026.03.06	06:00:00	6841.78	6844.98	6838.34	6838.98	1631	0	64
2026.03.06	06:30:00	6838.66	6841.23	6836.79	6838.21	1278	0	64
2026.03.06	07:00:00	6838.07	6844.45	6834.53	6842.24	1815	0	64
2026.03.06	07:30:00	6842.10	6844.76	6839.07	6841.81	1487	0	64
2026.03.06	08:00:00	6841.62	6841.99	6823.45	6823.95	4324	0	64
2026.03.06	08:30:00	6824.11	6840.60	6823.47	6832.13	3324	0	64
2026.03.06	09:00:00	6832.13	6834.59	6806.90	6807.80	5508	0	64
2026.03.06	09:30:00	6807.66	6811.79	6792.59	6799.41	6088	0	64
2026.03.06	10:00:00	6799.46	6815.79	6799.04	6814.17	4025	0	64
2026.03.06	10:30:00	6813.97	6814.69	6804.52	6808.80	3334	0	64
2026.03.06	11:00:00	6808.66	6811.54	6794.41	6809.47	4255	0	64
2026.03.06	11:30:00	6809.53	6810.02	6783.46	6787.94	5606	0	64
2026.03.06	12:00:00	6788.05	6796.07	6784.87	6789.95	5037	0	64
2026.03.06	12:30:00	6789.86	6790.68	6777.73	6783.55	4164	0	64
2026.03.06	13:00:00	6783.51	6795.45	6782.42	6793.51	4285	0	64
2026.03.06	13:30:00	6792.74	6798.30	6732.62	6739.01	12794	0	64
2026.03.06	14:00:00	6738.88	6746.21	6731.38	6746.21	8363	0	64
2026.03.06	14:30:00	6746.08	6752.48	6709.60	6720.60	34314	0	64
2026.03.06	15:00:00	6720.76	6755.72	6719.85	6754.06	26833	0	64
2026.03.06	15:30:00	6753.89	6771.78	6736.91	6762.00	16534	0	64
2026.03.06	16:00:00	6761.90	6772.75	6747.18	6756.56	16265	0	64
2026.03.06	16:30:00	6756.76	6772.51	6746.65	6762.11	15532	0	64
2026.03.06	17:00:00	6762.25	6771.21	6746.38	6750.76	13282	0	64
2026.03.06	17:30:00	6750.67	6754.31	6732.94	6743.55	11607	0	64
2026.03.06	18:00:00	6743.43	6773.98	6742.40	6759.30	13158	0	64
2026.03.06	18:30:00	6759.16	6765.78	6749.64	6753.17	12566	0	64
2026.03.06	19:00:00	6753.02	6767.03	6750.39	6762.03	10535	0	64
2026.03.06	19:30:00	6762.28	6769.24	6754.44	6762.65	9435	0	64
2026.03.06	20:00:00	6762.78	6772.56	6731.89	6734.65	12237	0	64
2026.03.06	20:30:00	6734.53	6746.38	6723.68	6736.52	18196	0	64
2026.03.06	21:00:00	6736.37	6739.27	6724.12	6728.22	3863	0	64
2026.03.06	21:30:00	6728.11	6737.92	6727.65	6737.55	1094	0	72
2026.03.08	22:00:00	6681.95	6687.43	6606.65	6624.19	9688	0	64
2026.03.08	22:30:00	6624.19	6634.75	6624.00	6633.68	3708	0	64
2026.03.08	23:00:00	6633.88	6639.70	6621.00	6629.51	3395	0	64
2026.03.08	23:30:00	6629.54	6630.95	6613.53	6621.45	6235	0	64
2026.03.09	00:00:00	6621.51	6630.78	6610.68	6618.46	8588	0	64
2026.03.09	00:30:00	6618.36	6628.03	6605.87	6611.91	5781	0	64
2026.03.09	01:00:00	6612.18	6615.74	6598.32	6598.82	6606	0	64
2026.03.09	01:30:00	6598.78	6610.22	6582.58	6583.63	6420	0	64
2026.03.09	02:00:00	6583.75	6592.46	6577.55	6588.35	7391	0	64
2026.03.09	02:30:00	6588.12	6602.08	6581.29	6596.84	5900	0	64
2026.03.09	03:00:00	6596.72	6604.99	6596.18	6598.85	4574	0	64
2026.03.09	03:30:00	6598.61	6607.32	6596.15	6602.11	5412	0	64
2026.03.09	04:00:00	6602.27	6613.25	6602.27	6612.52	4058	0	64
2026.03.09	04:30:00	6612.27	6614.12	6604.96	6604.96	2604	0	64
2026.03.09	05:00:00	6605.12	6631.35	6602.00	6629.05	6191	0	64
2026.03.09	05:30:00	6629.28	6637.10	6619.71	6635.87	6184	0	64
2026.03.09	06:00:00	6635.70	6644.14	6630.46	6638.81	4717	0	72
2026.03.09	06:30:00	6638.97	6641.72	6621.49	6625.23	3944	0	72
2026.03.09	07:00:00	6625.40	6640.90	6616.76	6637.73	5459	0	86
2026.03.09	07:30:00	6637.91	6640.40	6629.74	6635.20	5220	0	72
2026.03.09	08:00:00	6635.65	6649.00	6626.59	6640.18	13098	0	72
2026.03.09	08:30:00	6639.95	6653.42	6637.26	6648.85	8430	0	72
2026.03.09	09:00:00	6649.08	6676.65	6642.01	6673.81	7784	0	72
2026.03.09	09:30:00	6673.58	6694.65	6666.99	6676.15	9740	0	72
2026.03.09	10:00:00	6675.99	6679.40	6660.76	6661.74	6907	0	72
2026.03.09	10:30:00	6661.90	6671.15	6654.75	6659.99	6532	0	86
2026.03.09	11:00:00	6660.15	6670.63	6653.74	6656.14	5806	0	72
2026.03.09	11:30:00	6655.99	6669.90	6655.26	6661.10	5794	0	72
2026.03.09	12:00:00	6661.39	6683.03	6660.01	6681.90	5281	0	86
2026.03.09	12:30:00	6681.74	6682.91	6654.76	6663.38	5974	0	72
2026.03.09	13:00:00	6663.23	6677.15	6662.06	6674.73	8184	0	72
2026.03.09	13:30:00	6674.51	6686.63	6637.33	6651.81	38726	0	64
2026.03.09	14:00:00	6651.65	6670.32	6634.66	6651.46	25122	0	64
2026.03.09	14:30:00	6651.24	6693.38	6650.60	6686.76	17577	0	64
2026.03.09	15:00:00	6686.59	6710.27	6686.59	6708.85	11230	0	64
2026.03.09	15:30:00	6709.01	6710.23	6694.84	6705.61	10190	0	64
2026.03.09	16:00:00	6705.74	6727.86	6702.84	6720.40	8656	0	64
2026.03.09	16:30:00	6720.61	6738.62	6714.66	6728.61	7829	0	64
2026.03.09	17:00:00	6728.83	6729.33	6702.64	6703.93	8701	0	64
2026.03.09	17:30:00	6703.70	6708.86	6696.45	6703.90	8622	0	64
2026.03.09	18:00:00	6704.12	6724.59	6703.51	6716.75	7801	0	64
2026.03.09	18:30:00	6716.53	6729.04	6715.99	6717.21	6017	0	64
2026.03.09	19:00:00	6717.43	6791.57	6715.50	6790.53	14895	0	64
2026.03.09	19:30:00	6790.43	6815.86	6775.46	6799.08	25302	0	64
2026.03.09	20:00:00	6799.22	6806.18	6778.86	6790.27	5396	0	64
2026.03.09	20:30:00	6790.03	6793.84	6784.30	6791.76	3863	0	72
2026.03.09	22:00:00	6793.96	6795.46	6771.64	6784.64	6272	0	72
2026.03.09	22:30:00	6784.40	6784.72	6772.72	6775.39	2972	0	64
2026.03.09	23:00:00	6775.62	6779.65	6771.99	6777.81	2220	0	64
2026.03.09	23:30:00	6777.73	6777.98	6763.02	6768.77	2532	0	64
2026.03.10	00:00:00	6768.74	6778.40	6759.31	6778.25	5199	0	64
2026.03.10	00:30:00	6778.42	6788.42	6772.51	6779.28	4272	0	72
2026.03.10	01:00:00	6779.43	6788.15	6777.51	6781.67	5440	0	64
2026.03.10	01:30:00	6781.90	6792.41	6777.51	6788.88	4543	0	64
2026.03.10	02:00:00	6788.71	6791.14	6785.46	6787.25	2509	0	64
2026.03.10	02:30:00	6787.02	6787.66	6773.13	6775.89	3414	0	64
2026.03.10	03:00:00	6776.03	6784.77	6774.12	6776.68	3397	0	64
2026.03.10	03:30:00	6776.42	6777.04	6761.90	6770.08	4181	0	64
2026.03.10	04:00:00	6770.24	6774.74	6765.33	6771.03	2954	0	64
2026.03.10	04:30:00	6771.07	6777.76	6769.83	6774.89	2302	0	64
2026.03.10	05:00:00	6775.01	6787.00	6774.87	6782.78	3489	0	64
2026.03.10	05:30:00	6782.83	6788.32	6779.81	6787.33	2464	0	64
2026.03.10	06:00:00	6787.39	6789.28	6783.90	6789.04	2310	0	64
2026.03.10	06:30:00	6788.89	6792.58	6784.87	6787.84	2265	0	64
2026.03.10	07:00:00	6787.60	6814.83	6784.12	6813.89	4382	0	64
2026.03.10	07:30:00	6813.65	6817.19	6804.62	6816.45	4884	0	64
2026.03.10	08:00:00	6816.36	6828.43	6812.96	6825.30	6911	0	64
2026.03.10	08:30:00	6825.17	6831.26	6815.39	6817.17	4619	0	64
2026.03.10	09:00:00	6817.04	6829.29	6815.89	6822.69	4013	0	64
2026.03.10	09:30:00	6822.55	6826.69	6816.30	6816.86	3549	0	64
2026.03.10	10:00:00	6816.99	6817.96	6804.11	6813.21	4105	0	64
2026.03.10	10:30:00	6813.21	6815.71	6799.57	6810.74	4437	0	64
2026.03.10	11:00:00	6810.47	6820.40	6794.84	6799.56	5848	0	64
2026.03.10	11:30:00	6799.72	6800.43	6784.74	6787.86	4108	0	64
2026.03.10	12:00:00	6788.28	6788.68	6770.26	6773.20	5529	0	64
2026.03.10	12:30:00	6773.23	6790.34	6766.64	6783.57	4461	0	64
2026.03.10	13:00:00	6783.36	6794.42	6783.36	6792.72	5298	0	64
2026.03.10	13:30:00	6792.56	6803.70	6770.19	6773.50	27946	0	64
2026.03.10	14:00:00	6773.84	6795.58	6762.81	6791.83	19963	0	64
2026.03.10	14:30:00	6791.61	6827.98	6791.56	6827.62	10747	0	64
2026.03.10	15:00:00	6827.30	6833.01	6818.62	6827.32	7858	0	64
2026.03.10	15:30:00	6827.19	6835.50	6820.59	6829.85	7408	0	64
2026.03.10	16:00:00	6830.00	6830.01	6812.85	6822.51	8386	0	64
2026.03.10	16:30:00	6823.09	6834.73	6822.59	6831.25	6953	0	64
2026.03.10	17:00:00	6831.11	6850.80	6829.35	6848.87	7470	0	64
2026.03.10	17:30:00	6848.73	6848.73	6822.54	6836.52	11014	0	64
2026.03.10	18:00:00	6836.64	6837.87	6788.56	6808.59	18774	0	64
2026.03.10	18:30:00	6808.73	6819.01	6799.16	6800.34	16622	0	64
2026.03.10	19:00:00	6800.57	6810.91	6789.89	6790.29	12409	0	64
2026.03.10	19:30:00	6790.14	6798.26	6778.00	6786.13	15013	0	64
2026.03.10	20:00:00	6785.98	6799.12	6784.99	6795.62	3553	0	64
2026.03.10	20:30:00	6795.82	6797.34	6792.95	6795.66	1545	0	64
2026.03.10	22:00:00	6795.87	6795.97	6785.25	6785.39	1534	0	72
2026.03.10	22:30:00	6785.54	6787.30	6781.48	6785.88	969	0	64
2026.03.10	23:00:00	6785.75	6791.37	6784.68	6789.68	986	0	64
2026.03.10	23:30:00	6789.82	6797.93	6787.97	6795.70	1286	0	64
2026.03.11	00:00:00	6795.85	6812.10	6794.51	6807.45	3996	0	64
2026.03.11	00:30:00	6807.41	6810.64	6804.72	6807.34	1996	0	64
2026.03.11	01:00:00	6807.22	6813.16	6805.29	6811.97	2147	0	64
2026.03.11	01:30:00	6812.09	6817.02	6811.26	6814.27	1578	0	64
2026.03.11	02:00:00	6814.50	6817.41	6811.36	6814.11	1050	0	72
2026.03.11	02:30:00	6813.88	6814.72	6810.56	6813.95	793	0	72
2026.03.11	03:00:00	6813.80	6814.97	6811.81	6814.06	493	0	64
2026.03.11	03:30:00	6814.22	6820.20	6814.06	6819.22	674	0	72
2026.03.11	04:00:00	6819.45	6819.47	6816.31	6818.56	425	0	72
2026.03.11	04:30:00	6818.72	6818.72	6812.06	6812.97	578	0	72
2026.03.11	05:00:00	6812.81	6813.95	6805.56	6809.69	1627	0	64
2026.03.11	05:30:00	6809.68	6809.68	6800.75	6801.68	1999	0	64
2026.03.11	06:00:00	6801.68	6804.64	6797.23	6800.13	2382	0	64
2026.03.11	06:30:00	6800.01	6806.93	6800.00	6804.63	1349	0	64
2026.03.11	07:00:00	6804.68	6806.14	6794.98	6795.89	2741	0	64
2026.03.11	07:30:00	6795.72	6797.38	6782.47	6793.72	3437	0	64
2026.03.11	08:00:00	6793.51	6798.50	6790.60	6792.83	4739	0	64
2026.03.11	08:30:00	6792.96	6798.67	6774.11	6780.62	4533	0	64
2026.03.11	09:00:00	6780.73	6781.70	6770.33	6770.61	3832	0	64
2026.03.11	09:30:00	6770.50	6777.37	6767.17	6768.46	3010	0	64
2026.03.11	10:00:00	6768.36	6788.37	6767.74	6787.00	3180	0	64
2026.03.11	10:30:00	6786.88	6799.20	6785.32	6798.24	3155	0	64
2026.03.11	11:00:00	6798.12	6804.20	6786.05	6787.57	3158	0	64
2026.03.11	11:30:00	6787.37	6789.95	6771.95	6777.90	4522	0	64
2026.03.11	12:00:00	6777.77	6787.63	6775.55	6787.63	3343	0	64
2026.03.11	12:30:00	6787.31	6797.62	6761.94	6770.03	5471	0	64
2026.03.11	13:00:00	6770.14	6790.21	6769.51	6789.90	5484	0	64
2026.03.11	13:30:00	6790.13	6799.91	6776.30	6793.89	20175	0	64
2026.03.11	14:00:00	6793.58	6815.44	6766.75	6776.42	20246	0	64
2026.03.11	14:30:00	6776.27	6798.63	6766.76	6795.51	13793	0	64
2026.03.11	15:00:00	6795.28	6801.41	6760.76	6761.41	13301	0	64
2026.03.11	15:30:00	6761.26	6767.66	6751.24	6756.67	11306	0	64
2026.03.11	16:00:00	6756.51	6761.92	6749.78	6761.67	9630	0	64
2026.03.11	16:30:00	6761.53	6777.93	6760.99	6777.37	7603	0	64
2026.03.11	17:00:00	6777.22	6782.07	6767.70	6778.70	5984	0	64
2026.03.11	17:30:00	6778.84	6780.59	6747.49	6764.01	13404	0	64
2026.03.11	18:00:00	6764.32	6769.33	6751.20	6767.11	8187	0	64
2026.03.11	18:30:00	6766.96	6772.07	6761.96	6766.98	6443	0	64
2026.03.11	19:00:00	6767.11	6769.12	6757.69	6764.19	5436	0	64
2026.03.11	19:30:00	6764.35	6780.01	6761.94	6777.27	5116	0	64
2026.03.11	20:00:00	6777.50	6779.17	6769.03	6774.90	1529	0	72
2026.03.11	20:30:00	6774.65	6775.30	6765.54	6766.92	467	0	64
2026.03.11	22:00:00	6766.82	6767.35	6741.58	6745.27	2814	0	64
2026.03.11	22:30:00	6745.59	6747.47	6733.38	6739.55	2773	0	64
2026.03.11	23:00:00	6739.44	6740.79	6727.27	6727.80	3356	0	64
2026.03.11	23:30:00	6727.65	6728.01	6713.14	6727.07	4574	0	64
2026.03.12	00:00:00	6727.31	6727.59	6713.27	6720.38	5114	0	64
2026.03.12	00:30:00	6720.33	6729.30	6719.88	6725.84	2501	0	64
2026.03.12	01:00:00	6725.69	6730.56	6719.45	6730.22	4040	0	64
2026.03.12	01:30:00	6730.28	6736.33	6719.66	6724.63	2400	0	64
2026.03.12	02:00:00	6724.98	6726.83	6716.18	6716.84	2541	0	64
2026.03.12	02:30:00	6716.67	6717.59	6702.77	6710.39	3585	0	64
2026.03.12	03:00:00	6710.42	6716.36	6707.86	6708.63	1737	0	64
2026.03.12	03:30:00	6708.69	6711.67	6704.17	6711.43	2201	0	64
2026.03.12	04:00:00	6711.48	6718.41	6710.32	6716.50	1528	0	64
2026.03.12	04:30:00	6716.48	6716.98	6707.77	6708.80	1315	0	64
2026.03.12	05:00:00	6708.94	6721.65	6708.74	6717.02	3093	0	64
2026.03.12	05:30:00	6716.84	6720.62	6711.74	6718.81	2627	0	64
2026.03.12	06:00:00	6718.68	6722.48	6713.88	6722.28	2307	0	64
2026.03.12	06:30:00	6722.52	6729.59	6721.42	6728.33	1724	0	64
2026.03.12	07:00:00	6728.38	6735.99	6728.20	6734.84	2321	0	64
2026.03.12	07:30:00	6734.88	6744.13	6729.13	6744.00	2631	0	64
2026.03.12	08:00:00	6744.09	6754.71	6743.36	6743.74	3942	0	64
2026.03.12	08:30:00	6743.61	6751.90	6738.36	6748.11	2874	0	64
2026.03.12	09:00:00	6748.25	6749.62	6732.17	6741.60	2780	0	64
2026.03.12	09:30:00	6741.75	6756.50	6741.36	6755.64	3036	0	64
2026.03.12	10:00:00	6755.49	6757.99	6748.15	6749.40	2420	0	64
2026.03.12	10:30:00	6749.23	6758.43	6744.66	6746.86	2719	0	64
2026.03.12	11:00:00	6746.75	6748.20	6739.50	6745.94	2528	0	64
2026.03.12	11:30:00	6745.80	6758.74	6740.35	6740.90	3025	0	64
2026.03.12	12:00:00	6741.12	6742.26	6728.34	6737.51	3753	0	64
2026.03.12	12:30:00	6737.61	6737.68	6727.56	6735.87	3915	0	64
2026.03.12	13:00:00	6735.74	6739.34	6717.10	6725.01	6116	0	64
2026.03.12	13:30:00	6725.23	6729.96	6695.36	6701.89	21496	0	64
2026.03.12	14:00:00	6702.01	6725.70	6694.30	6694.33	14893	0	64
2026.03.12	14:30:00	6694.10	6718.96	6686.49	6698.87	15008	0	64
2026.03.12	15:00:00	6698.74	6701.67	6682.88	6695.74	10790	0	64
2026.03.12	15:30:00	6695.62	6716.77	6685.88	6707.09	15123	0	64
2026.03.12	16:00:00	6707.15	6727.38	6691.07	6702.34	13128	0	64
2026.03.12	16:30:00	6702.14	6716.66	6694.63	6702.46	12232	0	64
2026.03.12	17:00:00	6702.46	6717.26	6694.13	6700.17	10289	0	64
2026.03.12	17:30:00	6700.31	6712.31	6687.19	6696.20	8783	0	64
2026.03.12	18:00:00	6696.31	6706.82	6691.41	6696.64	7713	0	64
2026.03.12	18:30:00	6696.43	6699.34	6686.64	6687.92	6089	0	64
2026.03.12	19:00:00	6687.68	6698.53	6683.41	6694.56	7493	0	64
2026.03.12	19:30:00	6694.40	6701.29	6673.35	6674.51	8686	0	64
2026.03.12	20:00:00	6674.35	6681.42	6670.06	6678.41	2936	0	64
2026.03.12	20:30:00	6678.35	6685.71	6676.84	6683.57	846	0	64
2026.03.12	22:00:00	6684.27	6686.53	6675.50	6685.23	3062	0	64
2026.03.12	22:30:00	6685.09	6691.18	6683.99	6688.62	1483	0	64
2026.03.12	23:00:00	6688.86	6693.73	6684.23	6687.40	1688	0	64
2026.03.12	23:30:00	6687.23	6689.68	6677.53	6678.19	2348	0	64
2026.03.13	00:00:00	6678.03	6703.25	6668.93	6698.61	4886	0	64
2026.03.13	00:30:00	6698.94	6704.31	6696.46	6700.16	3032	0	64
2026.03.13	01:00:00	6700.00	6709.14	6700.00	6703.96	3099	0	64
2026.03.13	01:30:00	6704.19	6705.21	6698.55	6700.55	1862	0	64
2026.03.13	02:00:00	6700.71	6705.19	6697.55	6698.21	1836	0	64
2026.03.13	02:30:00	6698.44	6701.46	6694.05	6695.05	1770	0	64
2026.03.13	03:00:00	6695.21	6698.71	6691.30	6694.71	1791	0	64
2026.03.13	03:30:00	6694.55	6700.76	6691.30	6700.10	1504	0	64
2026.03.13	04:00:00	6699.87	6700.70	6688.96	6690.12	1203	0	64
2026.03.13	04:30:00	6689.96	6691.16	6686.02	6689.25	1227	0	64
2026.03.13	05:00:00	6689.41	6691.60	6684.71	6690.71	1605	0	64
2026.03.13	05:30:00	6690.87	6694.35	6688.21	6691.21	1446	0	64
2026.03.13	06:00:00	6690.98	6692.62	6679.52	6681.69	2224	0	64
2026.03.13	06:30:00	6681.91	6683.19	6665.53	6666.29	3011	0	64
2026.03.13	07:00:00	6666.05	6667.71	6648.53	6658.03	4884	0	64
2026.03.13	07:30:00	6657.98	6662.41	6649.03	6654.02	3975	0	64
2026.03.13	08:00:00	6654.17	6656.50	6638.16	6642.55	5971	0	64
2026.03.13	08:30:00	6642.67	6670.05	6642.40	6667.31	4354	0	64
2026.03.13	09:00:00	6667.51	6681.46	6667.16	6671.75	4703	0	64
2026.03.13	09:30:00	6671.62	6678.20	6668.60	6671.99	3138	0	64
2026.03.13	10:00:00	6672.11	6691.64	6671.00	6684.75	2983	0	64
2026.03.13	10:30:00	6685.03	6692.31	6680.66	6692.01	3244	0	64
2026.03.13	11:00:00	6691.71	6701.25	6688.65	6695.91	4065	0	64
2026.03.13	11:30:00	6695.80	6705.00	6693.29	6704.31	3056	0	64
2026.03.13	12:00:00	6704.52	6707.80	6695.91	6702.06	3062	0	64
2026.03.13	12:30:00	6701.99	6722.96	6697.68	6708.01	6461	0	64
2026.03.13	13:00:00	6707.87	6710.51	6700.35	6704.99	5237	0	64
2026.03.13	13:30:00	6704.86	6735.01	6701.11	6717.22	22991	0	64
2026.03.13	14:00:00	6717.42	6724.01	6688.85	6700.12	18337	0	64
2026.03.13	14:30:00	6700.25	6714.02	6661.59	6664.50	18143	0	64
2026.03.13	15:00:00	6664.73	6680.76	6656.09	6657.22	15163	0	64
2026.03.13	15:30:00	6657.10	6664.97	6642.42	6645.11	14375	0	64
2026.03.13	16:00:00	6644.90	6661.02	6644.90	6654.85	11986	0	64
2026.03.13	16:30:00	6654.62	6663.88	6642.94	6644.97	11180	0	64
2026.03.13	17:00:00	6644.82	6662.52	6642.84	6655.10	8669	0	64
2026.03.13	17:30:00	6654.88	6656.77	6632.09	6637.51	8999	0	64
2026.03.13	18:00:00	6637.70	6648.75	6635.87	6644.85	7147	0	64
2026.03.13	18:30:00	6644.64	6659.46	6642.36	6653.35	6127	0	64
2026.03.13	19:00:00	6653.51	6653.52	6632.88	6634.76	6462	0	64
2026.03.13	19:30:00	6634.69	6641.26	6624.85	6634.66	7055	0	64
2026.03.13	20:00:00	6634.49	6635.42	6625.75	6629.71	2128	0	64
2026.03.13	20:30:00	6629.86	6634.35	6623.52	6626.40	664	0	64
2026.03.15	22:00:00	6612.55	6640.59	6611.18	6624.53	7657	0	64
2026.03.15	22:30:00	6624.57	6656.63	6619.80	6654.40	4554	0	64
2026.03.15	23:00:00	6654.27	6661.23	6643.77	6644.93	5934	0	64
2026.03.15	23:30:00	6644.78	6651.23	6639.59	6647.55	4632	0	64
2026.03.16	00:00:00	6647.67	6668.55	6647.07	6659.29	6340	0	64
2026.03.16	00:30:00	6658.96	6666.08	6657.63	6663.78	3374	0	64
2026.03.16	01:00:00	6663.97	6667.53	6659.37	6660.88	4316	0	64
2026.03.16	01:30:00	6661.03	6670.47	6655.37	6668.62	4372	0	64
2026.03.16	02:00:00	6668.78	6669.27	6659.83	6660.58	3523	0	64
2026.03.16	02:30:00	6660.58	6663.99	6657.87	6660.83	2485	0	64
2026.03.16	03:00:00	6660.83	6666.81	6660.83	6666.65	1665	0	64
2026.03.16	03:30:00	6666.81	6673.74	6666.08	6671.87	1527	0	64
2026.03.16	04:00:00	6671.84	6675.02	6670.63	6671.33	1280	0	64
2026.03.16	04:30:00	6671.33	6671.53	6664.87	6665.04	1115	0	64
2026.03.16	05:00:00	6665.08	6669.76	6665.08	6666.88	1565	0	64
2026.03.16	05:30:00	6667.04	6678.04	6665.37	6677.28	1776	0	64
2026.03.16	06:00:00	6677.33	6679.76	6671.42	6672.31	1515	0	64
2026.03.16	06:30:00	6672.15	6679.27	6672.15	6678.83	1191	0	64
2026.03.16	07:00:00	6678.83	6682.77	6668.33	6669.25	2856	0	64
2026.03.16	07:30:00	6669.50	6672.28	6661.12	6664.13	3528	0	64
2026.03.16	08:00:00	6664.24	6678.66	6663.25	6669.05	4909	0	64
2026.03.16	08:30:00	6668.81	6672.42	6659.24	6666.16	3932	0	64
2026.03.16	09:00:00	6666.01	6667.52	6655.24	6661.92	3784	0	64
2026.03.16	09:30:00	6661.77	6662.91	6651.74	6656.00	3639	0	64
2026.03.16	10:00:00	6655.89	6678.41	6654.74	6675.49	3648	0	64
2026.03.16	10:30:00	6675.66	6685.90	6669.98	6684.65	3602	0	64
2026.03.16	11:00:00	6684.53	6684.65	6675.78	6677.00	3141	0	64
2026.03.16	11:30:00	6677.04	6690.16	6676.07	6687.88	3200	0	64
2026.03.16	12:00:00	6687.74	6701.15	6687.50	6695.78	3173	0	64
2026.03.16	12:30:00	6695.74	6703.64	6692.61	6694.49	4073	0	64
2026.03.16	13:00:00	6694.72	6700.49	6693.34	6697.01	3627	0	64
2026.03.16	13:30:00	6696.88	6723.02	6690.61	6721.99	16346	0	64
2026.03.16	14:00:00	6722.22	6728.50	6714.05	6717.27	11510	0	64
2026.03.16	14:30:00	6717.48	6718.13	6689.64	6712.50	13718	0	64
2026.03.16	15:00:00	6712.63	6717.52	6700.11	6714.75	9702	0	64
2026.03.16	15:30:00	6714.62	6720.76	6698.36	6698.73	8113	0	64
2026.03.16	16:00:00	6698.62	6705.76	6685.13	6688.02	10925	0	64
2026.03.16	16:30:00	6687.87	6704.76	6685.10	6698.26	9393	0	64
2026.03.16	17:00:00	6698.46	6712.02	6698.09	6706.49	8223	0	64
2026.03.16	17:30:00	6706.38	6710.00	6693.85	6701.38	5874	0	64
2026.03.16	18:00:00	6701.40	6715.02	6700.60	6712.36	6352	0	64
2026.03.16	18:30:00	6712.14	6717.22	6708.86	6710.11	3984	0	64
2026.03.16	19:00:00	6710.26	6734.76	6700.84	6706.57	11512	0	64
2026.03.16	19:30:00	6706.72	6707.97	6697.90	6704.10	8663	0	64
2026.03.16	20:00:00	6703.87	6708.28	6698.06	6698.47	2127	0	64
2026.03.16	20:30:00	6698.72	6701.16	6696.25	6699.47	1272	0	64
2026.03.16	22:00:00	6697.21	6701.03	6693.72	6699.77	1521	0	64
2026.03.16	22:30:00	6699.83	6700.24	6693.16	6694.12	977	0	64
2026.03.16	23:00:00	6694.28	6697.79	6693.87	6697.33	1126	0	64
2026.03.16	23:30:00	6697.52	6702.54	6696.59	6702.34	1126	0	64
2026.03.17	00:00:00	6702.49	6702.49	6688.41	6690.86	2450	0	64
2026.03.17	00:30:00	6691.02	6696.74	6684.42	6686.03	2187	0	64
2026.03.17	01:00:00	6686.08	6692.07	6685.62	6690.06	2204	0	64
2026.03.17	01:30:00	6690.08	6693.83	6686.65	6692.04	2000	0	64
2026.03.17	02:00:00	6691.87	6692.51	6687.83	6689.04	1323	0	64
2026.03.17	02:30:00	6688.87	6691.29	6682.58	6682.83	1440	0	64
2026.03.17	03:00:00	6682.83	6688.08	6681.83	6685.74	1296	0	64
2026.03.17	03:30:00	6685.62	6687.04	6680.62	6682.74	1457	0	64
2026.03.17	04:00:00	6682.82	6686.46	6681.93	6685.46	939	0	64
2026.03.17	04:30:00	6685.51	6694.63	6685.51	6691.32	1183	0	64
2026.03.17	05:00:00	6691.49	6694.40	6690.32	6692.33	1296	0	64
2026.03.17	05:30:00	6692.49	6693.48	6672.60	6673.08	2084	0	64
2026.03.17	06:00:00	6672.85	6674.98	6665.05	6672.53	3790	0	64
2026.03.17	06:30:00	6672.29	6674.44	6668.27	6670.94	2003	0	64
2026.03.17	07:00:00	6670.78	6681.19	6667.27	6680.69	2683	0	64
2026.03.17	07:30:00	6680.52	6684.90	6673.04	6675.69	2180	0	64
2026.03.17	08:00:00	6675.52	6683.50	6672.19	6673.04	4088	0	64
2026.03.17	08:30:00	6673.16	6683.31	6668.90	6677.68	3255	0	64
2026.03.17	09:00:00	6677.45	6696.56	6677.45	6695.79	2855	0	64
2026.03.17	09:30:00	6695.92	6697.32	6690.91	6696.91	2467	0	64
2026.03.17	10:00:00	6696.79	6696.91	6684.41	6688.39	2163	0	64
2026.03.17	10:30:00	6688.29	6695.93	6686.91	6695.65	1936	0	64
2026.03.17	11:00:00	6695.45	6700.80	6692.16	6697.65	2159	0	64
2026.03.17	11:30:00	6697.54	6700.56	6691.14	6692.03	2224	0	64
2026.03.17	12:00:00	6691.92	6715.82	6691.65	6714.83	2812	0	64
2026.03.17	12:30:00	6714.93	6723.31	6714.89	6721.20	2885	0	64
2026.03.17	13:00:00	6721.19	6740.79	6720.95	6737.31	3402	0	64
2026.03.17	13:30:00	6737.52	6757.82	6732.73	6752.54	10990	0	64
2026.03.17	14:00:00	6752.40	6752.80	6728.90	6739.14	9254	0	64
2026.03.17	14:30:00	6739.21	6748.26	6734.92	6743.81	7503	0	64
2026.03.17	15:00:00	6743.65	6746.31	6729.39	6729.68	7963	0	64
2026.03.17	15:30:00	6729.80	6735.31	6716.42	6723.15	8724	0	64
2026.03.17	16:00:00	6723.31	6729.07	6713.86	6725.56	7933	0	64
2026.03.17	16:30:00	6725.67	6730.06	6720.64	6723.04	5963	0	64
2026.03.17	17:00:00	6722.91	6732.81	6722.67	6728.90	4496	0	64
2026.03.17	17:30:00	6729.04	6733.56	6723.65	6730.56	3892	0	64
2026.03.17	18:00:00	6730.78	6736.77	6722.15	6722.64	3678	0	64
2026.03.17	18:30:00	6722.53	6728.06	6720.86	6724.57	3435	0	64
2026.03.17	19:00:00	6724.69	6729.81	6719.90	6723.90	2894	0	64
2026.03.17	19:30:00	6724.06	6726.31	6718.62	6721.65	3613	0	64
2026.03.17	20:00:00	6721.42	6724.03	6719.38	6723.61	1067	0	64
2026.03.17	20:30:00	6723.75	6725.49	6722.11	6723.76	366	0	64
2026.03.17	22:00:00	6724.33	6724.98	6717.83	6719.58	879	0	64
2026.03.17	22:30:00	6719.72	6721.04	6715.08	6718.27	758	0	64
2026.03.17	23:00:00	6718.12	6721.53	6715.87	6717.15	697	0	64
2026.03.17	23:30:00	6717.10	6719.03	6715.33	6716.53	480	0	64
2026.03.18	00:00:00	6716.58	6726.58	6715.33	6724.30	1376	0	64
2026.03.18	00:30:00	6724.32	6731.57	6722.87	6730.83	1116	0	64
2026.03.18	01:00:00	6730.83	6736.58	6730.83	6735.08	1313	0	64
2026.03.18	01:30:00	6735.08	6736.32	6732.70	6735.97	989	0	64
2026.03.18	02:00:00	6736.06	6743.61	6735.71	6742.72	1034	0	64
2026.03.18	02:30:00	6742.86	6744.82	6741.33	6742.28	702	0	64
2026.03.18	03:00:00	6742.13	6744.33	6740.58	6742.92	514	0	64
2026.03.18	03:30:00	6743.03	6748.79	6742.58	6747.33	592	0	64
2026.03.18	04:00:00	6747.19	6750.88	6747.19	6749.04	555	0	64
2026.03.18	04:30:00	6748.89	6751.08	6746.83	6749.08	542	0	64
2026.03.18	05:00:00	6749.21	6753.04	6748.08	6752.38	619	0	64
2026.03.18	05:30:00	6752.54	6754.79	6752.33	6754.37	764	0	64
2026.03.18	06:00:00	6754.54	6763.21	6753.63	6762.55	1096	0	64
2026.03.18	06:30:00	6762.32	6763.21	6757.71	6758.08	934	0	64
2026.03.18	07:00:00	6758.08	6760.76	6756.13	6758.04	1054	0	64
2026.03.18	07:30:00	6757.87	6759.52	6752.95	6753.54	1099	0	64
2026.03.18	08:00:00	6753.37	6760.66	6752.26	6754.36	1988	0	64
2026.03.18	08:30:00	6754.23	6758.86	6752.14	6756.35	1629	0	64
2026.03.18	09:00:00	6756.36	6759.86	6753.00	6757.84	1620	0	64
2026.03.18	09:30:00	6758.00	6759.93	6755.01	6756.17	1137	0	64
2026.03.18	10:00:00	6756.01	6761.64	6754.24	6759.03	1152	0	64
2026.03.18	10:30:00	6758.78	6760.90	6752.76	6753.27	1083	0	64
2026.03.18	11:00:00	6753.13	6757.37	6739.20	6739.45	2400	0	64
2026.03.18	11:30:00	6739.30	6751.51	6737.76	6742.90	3338	0	64
2026.03.18	12:00:00	6743.08	6744.40	6717.55	6723.90	4835	0	64
2026.03.18	12:30:00	6724.00	6724.00	6683.98	6686.89	8521	0	64
2026.03.18	13:00:00	6687.12	6699.62	6682.21	6696.25	5960	0	64
2026.03.18	13:30:00	6696.40	6709.64	6691.74	6705.92	15750	0	64
2026.03.18	14:00:00	6705.67	6707.50	6670.69	6673.23	12577	0	64
2026.03.18	14:30:00	6673.36	6685.36	6670.24	6685.11	8917	0	64
2026.03.18	15:00:00	6684.95	6694.11	6677.70	6682.96	8346	0	64
2026.03.18	15:30:00	6682.73	6690.12	6680.48	6684.35	6505	0	64
2026.03.18	16:00:00	6684.20	6689.87	6678.95	6684.70	5801	0	64
2026.03.18	16:30:00	6684.84	6686.82	6671.94	6679.21	5366	0	64
2026.03.18	17:00:00	6679.01	6680.11	6667.71	6671.91	4878	0	64
2026.03.18	17:30:00	6672.03	6682.51	6666.41	6681.16	5357	0	64
2026.03.18	18:00:00	6681.23	6688.60	6667.27	6674.70	9669	0	64
2026.03.18	18:30:00	6674.47	6676.33	6646.54	6647.19	11457	0	64
2026.03.18	19:00:00	6647.07	6660.36	6640.00	6642.39	7909	0	64
2026.03.18	19:30:00	6642.27	6645.42	6624.70	6628.20	7249	0	64
2026.03.18	20:00:00	6627.97	6630.58	6605.35	6609.35	4274	0	64
2026.03.18	20:30:00	6609.51	6619.51	6609.51	6614.90	1402	0	64
2026.03.18	22:00:00	6618.16	6623.24	6610.48	6611.62	1905	0	72
2026.03.18	22:30:00	6611.64	6614.98	6607.98	6614.78	1038	0	64
2026.03.18	23:00:00	6614.95	6622.53	6614.05	6622.35	686	0	64
2026.03.18	23:30:00	6622.48	6626.78	6616.46	6621.37	2272	0	64
2026.03.19	00:00:00	6621.49	6626.78	6616.79	6622.79	2790	0	64
2026.03.19	00:30:00	6622.78	6625.24	6612.74	6620.64	2588	0	64
2026.03.19	01:00:00	6620.89	6626.10	6616.75	6624.71	1904	0	64
2026.03.19	01:30:00	6624.87	6631.41	6622.96	6624.42	1859	0	64
2026.03.19	02:00:00	6624.65	6638.62	6616.66	6636.41	3334	0	64
2026.03.19	02:30:00	6636.64	6644.04	6634.73	6636.46	1607	0	64
2026.03.19	03:00:00	6636.62	6641.16	6636.62	6637.21	842	0	64
2026.03.19	03:30:00	6636.78	6636.78	6631.71	6631.71	1240	0	64
2026.03.19	04:00:00	6631.48	6631.63	6624.49	6625.91	1647	0	64
2026.03.19	04:30:00	6626.14	6627.87	6620.87	6626.71	1451	0	64
2026.03.19	05:00:00	6626.94	6629.92	6623.53	6623.93	1498	0	64
2026.03.19	05:30:00	6623.76	6625.15	6614.33	6617.98	2761	0	64
2026.03.19	06:00:00	6618.41	6630.20	6617.33	6621.47	2002	0	72
2026.03.19	06:30:00	6621.70	6623.96	6616.32	6622.78	2485	0	64
2026.03.19	07:00:00	6622.94	6626.73	6611.28	6619.00	4007	0	64
2026.03.19	07:30:00	6618.86	6620.24	6606.57	6610.48	4484	0	64
2026.03.19	08:00:00	6610.70	6619.13	6604.72	6607.46	5981	0	64
2026.03.19	08:30:00	6607.58	6615.07	6598.95	6608.98	5442	0	64
2026.03.19	09:00:00	6609.11	6620.97	6596.86	6600.77	6147	0	64
2026.03.19	09:30:00	6600.65	6633.35	6600.17	6628.09	6851	0	64
2026.03.19	10:00:00	6627.95	6628.33	6619.49	6623.80	3761	0	64
2026.03.19	10:30:00	6623.72	6626.32	6615.40	6618.91	3111	0	64
2026.03.19	11:00:00	6619.07	6624.68	6605.40	6610.55	3708	0	64
2026.03.19	11:30:00	6610.43	6613.05	6600.95	6611.43	3159	0	64
2026.03.19	12:00:00	6611.31	6613.04	6584.90	6589.62	6085	0	64
2026.03.19	12:30:00	6589.88	6595.55	6575.29	6580.92	6083	0	64
2026.03.19	13:00:00	6581.03	6597.53	6570.47	6580.82	7625	0	64
2026.03.19	13:30:00	6580.67	6602.12	6563.12	6599.15	23325	0	64
2026.03.19	14:00:00	6598.73	6609.37	6575.66	6578.64	16058	0	64
2026.03.19	14:30:00	6578.44	6606.80	6577.90	6594.26	13652	0	64
2026.03.19	15:00:00	6594.30	6613.63	6588.36	6593.64	10745	0	64
2026.03.19	15:30:00	6593.39	6595.77	6577.90	6595.51	13193	0	64
2026.03.19	16:00:00	6595.38	6607.01	6587.67	6596.06	10082	0	64
2026.03.19	16:30:00	6596.19	6603.81	6582.64	6587.71	7953	0	64
2026.03.19	17:00:00	6587.56	6591.39	6571.26	6587.14	6963	0	64
2026.03.19	17:30:00	6587.00	6594.42	6576.67	6588.41	6003	0	64
2026.03.19	18:00:00	6588.26	6602.38	6582.25	6587.35	5707	0	64
2026.03.19	18:30:00	6587.21	6604.32	6578.95	6600.35	5426	0	64
2026.03.19	19:00:00	6600.57	6645.80	6599.99	6617.44	20904	0	64
2026.03.19	19:30:00	6617.30	6622.47	6604.87	6612.37	13196	0	64
2026.03.19	20:00:00	6612.12	6628.23	6607.80	6625.32	3027	0	64
2026.03.19	20:30:00	6625.20	6625.98	6622.06	6623.65	943	0	64
2026.03.19	22:00:00	6627.59	6633.27	6621.57	6631.49	1370	0	64
2026.03.19	22:30:00	6631.64	6633.60	6627.97	6630.38	750	0	64
2026.03.19	23:00:00	6630.42	6635.42	6626.25	6627.88	1234	0	64
2026.03.19	23:30:00	6627.91	6630.43	6624.51	6626.90	1168	0	64
2026.03.20	00:00:00	6626.92	6633.14	6619.98	6622.99	2302	0	64
2026.03.20	00:30:00	6623.13	6626.12	6620.70	6623.10	1829	0	64
2026.03.20	01:00:00	6623.15	6631.11	6621.55	6628.92	2761	0	64
2026.03.20	01:30:00	6628.82	6639.14	6626.43	6628.65	1973	0	64
2026.03.20	02:00:00	6628.85	6632.33	6626.98	6629.43	1473	0	64
2026.03.20	02:30:00	6629.32	6633.10	6626.43	6628.18	1264	0	64
2026.03.20	03:00:00	6628.00	6628.89	6622.73	6624.99	1051	0	64
2026.03.20	03:30:00	6625.10	6629.71	6624.05	6625.55	908	0	64
2026.03.20	04:00:00	6625.71	6628.19	6621.28	6624.00	652	0	64
2026.03.20	04:30:00	6624.17	6624.90	6620.01	6620.26	562	0	64
2026.03.20	05:00:00	6620.03	6622.94	6615.05	6621.88	1486	0	64
2026.03.20	05:30:00	6622.14	6623.89	6619.23	6621.27	1115	0	64
2026.03.20	06:00:00	6621.23	6623.73	6612.23	6613.73	1391	0	64
2026.03.20	06:30:00	6613.90	6615.87	6605.22	6607.43	1537	0	64
2026.03.20	07:00:00	6607.26	6616.18	6597.00	6614.89	2851	0	64
2026.03.20	07:30:00	6614.72	6626.18	6614.43	6623.89	2447	0	64
2026.03.20	08:00:00	6623.72	6628.76	6616.63	6616.71	3176	0	64
2026.03.20	08:30:00	6616.88	6625.98	6614.76	6615.73	3215	0	64
2026.03.20	09:00:00	6615.77	6621.75	6600.99	6601.69	3606	0	64
2026.03.20	09:30:00	6601.88	6607.86	6581.14	6586.02	4727	0	64
2026.03.20	10:00:00	6586.14	6587.49	6561.54	6568.38	5623	0	64
2026.03.20	10:30:00	6568.50	6585.62	6567.98	6577.86	4012	0	64
2026.03.20	11:00:00	6577.98	6593.75	6576.00	6589.02	3969	0	64
2026.03.20	11:30:00	6589.13	6591.67	6578.89	6588.23	3344	0	64
2026.03.20	12:00:00	6588.10	6600.23	6582.79	6596.61	4335	0	64
2026.03.20	12:30:00	6596.75	6598.99	6584.57	6597.35	3906	0	64
2026.03.20	13:00:00	6597.22	6601.48	6588.09	6596.97	4159	0	64
2026.03.20	13:30:00	6597.19	6597.19	6559.38	6560.99	17781	0	64
2026.03.20	14:00:00	6560.86	6567.48	6543.84	6547.63	13392	0	64
2026.03.20	14:30:00	6547.76	6564.44	6541.32	6550.61	11155	0	64
2026.03.20	15:00:00	6550.75	6571.08	6544.36	6548.77	11606	0	64
2026.03.20	15:30:00	6548.60	6562.27	6547.20	6559.56	8609	0	64
2026.03.20	16:00:00	6559.76	6569.51	6557.70	6560.75	7511	0	64
2026.03.20	16:30:00	6560.98	6563.81	6549.09	6557.50	7043	0	64
2026.03.20	17:00:00	6557.35	6562.86	6547.38	6551.66	7566	0	64
2026.03.20	17:30:00	6551.44	6553.61	6535.13	6543.47	6196	0	64
2026.03.20	18:00:00	6543.31	6546.21	6515.69	6523.71	8358	0	64
2026.03.20	18:30:00	6523.54	6525.68	6506.10	6510.26	6919	0	64
2026.03.20	19:00:00	6510.49	6515.98	6497.30	6501.51	6804	0	64
2026.03.20	19:30:00	6501.74	6516.26	6477.61	6516.01	13475	0	64
2026.03.20	20:00:00	6516.24	6531.22	6513.30	6523.71	3951	0	64
2026.03.20	20:30:00	6523.56	6545.97	6522.58	6541.23	2087	0	64
2026.03.22	22:00:00	6471.47	6515.79	6466.50	6509.00	7714	0	64
2026.03.22	22:30:00	6509.04	6514.00	6497.06	6501.48	3619	0	64
2026.03.22	23:00:00	6501.65	6512.23	6499.19	6500.03	3116	0	64
2026.03.22	23:30:00	6499.97	6503.44	6487.68	6494.22	4672	0	64
2026.03.23	00:00:00	6494.39	6509.15	6487.86	6501.47	5388	0	64
2026.03.23	00:30:00	6501.31	6503.22	6477.90	6480.83	6699	0	64
2026.03.23	01:00:00	6480.98	6502.26	6477.80	6499.85	6406	0	64
2026.03.23	01:30:00	6500.01	6509.20	6496.60	6504.05	5501	0	64
2026.03.23	02:00:00	6504.21	6508.92	6498.53	6503.71	4159	0	64
2026.03.23	02:30:00	6503.55	6503.71	6490.30	6495.22	2917	0	64
2026.03.23	03:00:00	6495.45	6499.41	6486.33	6489.98	3147	0	64
2026.03.23	03:30:00	6490.11	6491.42	6478.72	6479.29	3470	0	64
2026.03.23	04:00:00	6479.38	6489.17	6477.99	6487.62	2799	0	64
2026.03.23	04:30:00	6487.50	6491.19	6485.43	6489.93	2082	0	64
2026.03.23	05:00:00	6489.77	6498.08	6487.12	6488.87	3182	0	64
2026.03.23	05:30:00	6488.83	6491.76	6476.10	6485.64	4295	0	64
2026.03.23	06:00:00	6485.39	6486.27	6473.87	6475.13	5350	0	64
2026.03.23	06:30:00	6475.26	6475.76	6452.66	6459.61	4022	0	64
2026.03.23	07:00:00	6459.82	6473.59	6438.75	6445.75	6737	0	64
2026.03.23	07:30:00	6445.58	6462.47	6443.08	6453.32	7363	0	64
2026.03.23	08:00:00	6453.13	6472.11	6452.87	6464.71	8986	0	64
2026.03.23	08:30:00	6464.83	6479.88	6463.71	6473.99	5923	0	64
2026.03.23	09:00:00	6474.38	6482.51	6464.62	6473.71	5614	0	64
2026.03.23	09:30:00	6473.50	6474.13	6453.96	6461.46	5023	0	64
2026.03.23	10:00:00	6461.60	6471.96	6452.44	6453.96	4769	0	64
2026.03.23	10:30:00	6453.76	6472.95	6445.45	6461.95	5420	0	64
2026.03.23	11:00:00	6462.45	6702.78	6461.24	6630.94	18228	0	64
2026.03.23	11:30:00	6631.15	6682.64	6587.49	6593.17	15727	0	86
2026.03.23	12:00:00	6593.40	6630.42	6579.75	6622.41	11891	0	72
2026.03.23	12:30:00	6622.18	6651.27	6606.43	6645.41	13364	0	64
2026.03.23	13:00:00	6645.57	6652.42	6612.26	6612.89	10378	0	64
2026.03.23	13:30:00	6613.09	6636.21	6593.35	6636.10	24820	0	64
2026.03.23	14:00:00	6636.25	6656.90	6619.25	6643.60	15404	0	64
2026.03.23	14:30:00	6643.76	6651.97	6633.39	6644.51	12660	0	64
2026.03.23	15:00:00	6644.64	6660.48	6641.10	6642.77	11841	0	64
2026.03.23	15:30:00	6642.97	6647.26	6591.40	6592.74	14793	0	64
2026.03.23	16:00:00	6592.97	6609.24	6571.85	6573.62	15388	0	64
2026.03.23	16:30:00	6573.21	6600.23	6572.38	6588.38	13162	0	64
2026.03.23	17:00:00	6588.51	6595.26	6575.60	6586.10	10178	0	64
2026.03.23	17:30:00	6585.99	6615.74	6585.10	6613.93	10203	0	64
2026.03.23	18:00:00	6614.07	6616.24	6598.32	6607.14	8767	0	64
2026.03.23	18:30:00	6607.14	6630.29	6607.14	6623.06	7831	0	64
2026.03.23	19:00:00	6622.92	6623.81	6603.65	6606.78	6018	0	64
2026.03.23	19:30:00	6606.76	6617.29	6587.90	6587.92	7954	0	64
2026.03.23	20:00:00	6587.69	6591.11	6577.12	6589.64	3751	0	64
2026.03.23	20:30:00	6589.78	6594.88	6585.71	6588.31	1182	0	64
2026.03.23	22:00:00	6590.23	6594.79	6580.52	6594.54	2098	0	72
2026.03.23	22:30:00	6594.37	6608.50	6590.64	6606.99	1597	0	64
2026.03.23	23:00:00	6606.83	6607.00	6601.34	6602.56	1772	0	64
2026.03.23	23:30:00	6602.59	6604.32	6594.37	6601.51	2816	0	64
2026.03.24	00:00:00	6601.41	6601.55	6562.71	6584.99	7210	0	64
2026.03.24	00:30:00	6585.03	6587.53	6553.97	6568.97	7030	0	64
2026.03.24	01:00:00	6569.22	6569.75	6552.69	6563.54	7757	0	64
2026.03.24	01:30:00	6563.38	6563.38	6547.13	6555.24	6890	0	64
2026.03.24	02:00:00	6555.12	6563.03	6546.33	6559.29	5990	0	64
2026.03.24	02:30:00	6559.51	6562.93	6551.28	6551.94	4454	0	64
2026.03.24	03:00:00	6552.14	6558.83	6548.49	6557.33	2926	0	64
2026.03.24	03:30:00	6557.33	6559.25	6548.43	6559.10	3505	0	64
2026.03.24	04:00:00	6559.08	6564.88	6554.18	6554.63	2477	0	64
2026.03.24	04:30:00	6554.48	6557.41	6551.18	6554.05	2228	0	64
2026.03.24	05:00:00	6554.08	6565.64	6539.11	6539.33	4565	0	64
2026.03.24	05:30:00	6539.18	6555.19	6538.64	6553.47	3927	0	64
2026.03.24	06:00:00	6553.71	6571.86	6552.85	6567.12	3697	0	64
2026.03.24	06:30:00	6566.89	6585.24	6566.89	6580.46	3402	0	64
2026.03.24	07:00:00	6580.14	6608.95	6578.82	6599.78	6650	0	64
2026.03.24	07:30:00	6599.64	6601.65	6592.32	6600.65	5135	0	64
2026.03.24	08:00:00	6600.33	6607.12	6581.17	6582.14	6938	0	64
2026.03.24	08:30:00	6582.43	6589.48	6574.86	6578.14	5883	0	64
2026.03.24	09:00:00	6578.34	6583.26	6559.90	6573.65	5503	0	64
2026.03.24	09:30:00	6573.54	6589.92	6570.17	6587.15	4272	0	64
2026.03.24	10:00:00	6587.30	6590.66	6575.54	6580.42	3858	0	64
2026.03.24	10:30:00	6580.55	6590.63	6576.51	6585.75	3827	0	64
2026.03.24	11:00:00	6585.86	6589.56	6576.01	6580.95	4055	0	64
2026.03.24	11:30:00	6580.74	6588.57	6560.17	6582.58	4617	0	64
2026.03.24	12:00:00	6582.90	6586.16	6567.19	6575.30	3881	0	64
2026.03.24	12:30:00	6575.16	6576.06	6551.63	6555.13	5435	0	64
2026.03.24	13:00:00	6554.97	6559.26	6535.24	6543.79	6220	0	64
2026.03.24	13:30:00	6543.96	6561.27	6529.12	6545.59	19221	0	64
2026.03.24	14:00:00	6545.28	6567.27	6543.10	6556.32	14733	0	64
2026.03.24	14:30:00	6556.17	6591.12	6553.14	6569.96	15201	0	64
2026.03.24	15:00:00	6570.19	6598.62	6569.79	6591.27	11632	0	64
2026.03.24	15:30:00	6591.39	6600.92	6579.18	6580.45	7609	0	64
2026.03.24	16:00:00	6580.62	6592.58	6572.97	6589.85	7958	0	64
2026.03.24	16:30:00	6589.72	6591.37	6569.90	6581.16	7468	0	64
2026.03.24	17:00:00	6580.93	6583.53	6555.41	6564.30	10237	0	64
2026.03.24	17:30:00	6564.09	6573.92	6554.05	6573.46	8675	0	64
2026.03.24	18:00:00	6573.58	6580.43	6562.59	6576.39	7526	0	64
2026.03.24	18:30:00	6576.54	6596.93	6573.87	6579.04	7752	0	64
2026.03.24	19:00:00	6579.22	6587.46	6573.69	6574.96	5375	0	64
2026.03.24	19:30:00	6574.82	6578.19	6555.85	6562.29	6881	0	64
2026.03.24	20:00:00	6562.45	6633.75	6561.25	6603.99	9658	0	64
2026.03.24	20:30:00	6603.84	6631.44	6594.82	6601.47	9140	0	64
2026.03.24	22:00:00	6605.28	6615.34	6596.99	6601.70	2984	0	72
2026.03.24	22:30:00	6601.85	6610.39	6601.85	6610.23	1523	0	64
2026.03.24	23:00:00	6610.23	6613.89	6603.78	6610.97	1824	0	64
2026.03.24	23:30:00	6610.98	6612.42	6605.29	6605.98	1939	0	64
2026.03.25	00:00:00	6606.15	6615.40	6600.77	6608.34	4215	0	64
2026.03.25	00:30:00	6608.38	6626.04	6599.55	6615.18	4091	0	64
2026.03.25	01:00:00	6615.33	6619.30	6610.67	6614.84	3679	0	64
2026.03.25	01:30:00	6614.70	6617.09	6605.70	6606.67	3364	0	64
2026.03.25	02:00:00	6606.83	6607.35	6597.19	6601.02	3191	0	64
2026.03.25	02:30:00	6600.94	6602.59	6592.88	6593.17	2265	0	64
2026.03.25	03:00:00	6593.29	6598.53	6590.03	6595.24	2311	0	64
2026.03.25	03:30:00	6595.07	6604.53	6593.59	6603.47	2024	0	64
2026.03.25	04:00:00	6603.33	6612.89	6602.57	6611.84	1776	0	64
2026.03.25	04:30:00	6611.73	6613.61	6607.76	6612.99	1392	0	64
2026.03.25	05:00:00	6613.02	6614.48	6607.57	6608.88	2193	0	64
2026.03.25	05:30:00	6608.95	6612.74	6601.57	6603.27	2622	0	64
2026.03.25	06:00:00	6603.46	6603.99	6595.03	6596.23	2424	0	64
2026.03.25	06:30:00	6596.08	6607.78	6592.57	6603.00	2541	0	64
2026.03.25	07:00:00	6602.77	6607.68	6597.53	6599.98	3437	0	64
2026.03.25	07:30:00	6600.16	6613.44	6599.23	6609.77	3576	0	64
2026.03.25	08:00:00	6609.88	6636.57	6609.40	6629.68	5022	0	64
2026.03.25	08:30:00	6629.80	6635.15	6609.27	6612.18	4332	0	64
2026.03.25	09:00:00	6612.19	6622.46	6608.25	6613.84	3215	0	64
2026.03.25	09:30:00	6614.00	6621.96	6606.12	6615.56	3328	0	64
2026.03.25	10:00:00	6615.79	6624.40	6612.46	6612.81	3121	0	64
2026.03.25	10:30:00	6612.66	6618.30	6610.45	6615.04	2562	0	64
2026.03.25	11:00:00	6615.18	6627.27	6614.92	6623.41	2532	0	64
2026.03.25	11:30:00	6623.55	6632.29	6612.87	6627.39	3588	0	64
2026.03.25	12:00:00	6627.28	6637.05	6602.03	6609.62	6921	0	64
2026.03.25	12:30:00	6609.89	6621.97	6595.61	6616.84	5504	0	64
2026.03.25	13:00:00	6617.00	6625.94	6610.68	6617.75	4394	0	64
2026.03.25	13:30:00	6617.98	6640.56	6595.40	6596.18	17463	0	64
2026.03.25	14:00:00	6596.30	6619.87	6587.68	6613.34	14898	0	64
2026.03.25	14:30:00	6613.52	6624.70	6608.62	6619.24	9535	0	64
2026.03.25	15:00:00	6619.47	6622.51	6573.56	6610.44	14167	0	64
2026.03.25	15:30:00	6610.30	6614.20	6592.59	6601.58	9277	0	64
2026.03.25	16:00:00	6601.33	6612.41	6591.30	6606.65	9836	0	64
2026.03.25	16:30:00	6606.54	6614.96	6602.29	6609.55	6797	0	64
2026.03.25	17:00:00	6609.71	6615.22	6601.05	6612.45	6672	0	64
2026.03.25	17:30:00	6612.68	6625.85	6605.56	6611.35	7133	0	64
2026.03.25	18:00:00	6611.41	6617.42	6606.34	6607.51	5075	0	64
2026.03.25	18:30:00	6607.36	6610.73	6588.52	6597.13	5501	0	64
2026.03.25	19:00:00	6596.88	6605.48	6587.81	6597.62	6045	0	64
2026.03.25	19:30:00	6597.37	6602.73	6589.85	6599.32	5749	0	64
2026.03.25	20:00:00	6599.08	6604.23	6593.30	6593.35	1509	0	64
2026.03.25	20:30:00	6593.50	6598.97	6592.64	6598.14	531	0	64
2026.03.25	22:00:00	6598.04	6598.04	6586.67	6587.68	1377	0	64
2026.03.25	22:30:00	6587.84	6592.88	6586.89	6587.59	976	0	64
2026.03.25	23:00:00	6587.43	6591.06	6581.43	6584.67	1500	0	64
2026.03.25	23:30:00	6584.65	6589.29	6579.45	6587.67	1514	0	64
2026.03.26	00:00:00	6588.04	6604.83	6586.95	6600.34	2718	0	64
2026.03.26	00:30:00	6600.17	6603.13	6588.63	6591.47	2188	0	64
2026.03.26	01:00:00	6591.58	6597.53	6587.42	6590.62	3345	0	64
2026.03.26	01:30:00	6590.45	6594.63	6589.42	6593.43	3003	0	64
2026.03.26	02:00:00	6593.19	6597.05	6585.72	6587.23	2559	0	64
2026.03.26	02:30:00	6587.23	6588.69	6570.73	6577.68	3530	0	64
2026.03.26	03:00:00	6577.44	6588.59	6577.17	6587.11	2165	0	64
2026.03.26	03:30:00	6587.13	6604.82	6586.67	6597.34	2410	0	64
2026.03.26	04:00:00	6597.37	6598.38	6591.13	6592.11	1666	0	64
2026.03.26	04:30:00	6592.31	6593.34	6583.16	6584.34	1540	0	64
2026.03.26	05:00:00	6584.17	6588.31	6572.17	6574.92	2990	0	64
2026.03.26	05:30:00	6575.07	6579.33	6569.70	6570.84	2849	0	64
2026.03.26	06:00:00	6570.70	6577.33	6566.13	6576.46	3385	0	64
2026.03.26	06:30:00	6576.21	6578.63	6572.68	6577.84	2854	0	64
2026.03.26	07:00:00	6577.88	6579.76	6559.06	6569.58	4216	0	64
2026.03.26	07:30:00	6569.52	6574.44	6566.23	6571.64	3187	0	64
2026.03.26	08:00:00	6571.53	6579.53	6558.22	6558.79	4857	0	64
2026.03.26	08:30:00	6558.93	6563.81	6549.81	6558.15	3844	0	64
2026.03.26	09:00:00	6558.31	6559.90	6546.09	6547.46	3960	0	64
2026.03.26	09:30:00	6547.02	6549.68	6537.62	6547.14	3781	0	64
2026.03.26	10:00:00	6547.08	6558.21	6542.37	6556.96	3097	0	64
2026.03.26	10:30:00	6557.01	6558.60	6546.72	6551.30	3348	0	64
2026.03.26	11:00:00	6551.36	6555.36	6541.92	6545.65	3047	0	64
2026.03.26	11:30:00	6545.42	6547.27	6535.65	6536.05	2889	0	64
2026.03.26	12:00:00	6535.92	6550.36	6530.61	6546.14	3140	0	64
2026.03.26	12:30:00	6546.36	6546.86	6533.10	6544.31	4225	0	64
2026.03.26	13:00:00	6544.15	6553.81	6543.65	6550.85	4593	0	64
2026.03.26	13:30:00	6550.42	6576.37	6537.85	6574.68	25522	0	64
2026.03.26	14:00:00	6574.45	6578.32	6563.39	6565.90	11871	0	64
2026.03.26	14:30:00	6565.70	6578.26	6537.14	6551.15	15655	0	64
2026.03.26	15:00:00	6551.30	6558.44	6544.94	6546.05	9671	0	64
2026.03.26	15:30:00	6545.90	6551.73	6537.89	6544.15	7945	0	64
2026.03.26	16:00:00	6544.29	6545.70	6521.40	6523.32	6732	0	64
2026.03.26	16:30:00	6522.97	6526.12	6517.49	6525.22	6290	0	64
2026.03.26	17:00:00	6525.36	6529.84	6508.14	6514.64	5271	0	64
2026.03.26	17:30:00	6514.44	6519.03	6492.65	6494.90	5505	0	64
2026.03.26	18:00:00	6494.78	6503.52	6492.86	6494.00	6129	0	64
2026.03.26	18:30:00	6493.87	6504.71	6493.87	6502.62	4664	0	64
2026.03.26	19:00:00	6502.74	6503.48	6486.36	6490.02	4802	0	64
2026.03.26	19:30:00	6490.23	6490.52	6476.37	6479.51	6013	0	64
2026.03.26	20:00:00	6479.35	6553.12	6473.32	6502.63	11621	0	64
2026.03.26	20:30:00	6502.76	6510.82	6490.44	6492.00	3803	0	64
2026.03.26	22:00:00	6496.35	6504.59	6492.81	6500.17	3488	0	64
2026.03.26	22:30:00	6500.13	6507.56	6496.38	6503.67	2601	0	64
2026.03.26	23:00:00	6503.44	6506.13	6499.09	6500.59	1960	0	64
2026.03.26	23:30:00	6500.63	6510.59	6500.63	6508.42	1711	0	64
2026.03.27	00:00:00	6508.58	6515.12	6494.69	6498.63	4420	0	64
2026.03.27	00:30:00	6498.68	6501.11	6491.53	6494.23	3772	0	64
2026.03.27	01:00:00	6494.18	6505.06	6491.49	6504.93	2891	0	64
2026.03.27	01:30:00	6504.93	6506.42	6499.72	6504.87	2602	0	64
2026.03.27	02:00:00	6504.72	6507.39	6497.93	6500.95	2350	0	64
2026.03.27	02:30:00	6501.08	6506.16	6498.22	6498.74	1883	0	64
2026.03.27	03:00:00	6498.89	6501.63	6495.47	6497.68	1825	0	64
2026.03.27	03:30:00	6497.76	6509.18	6497.73	6508.69	1784	0	64
2026.03.27	04:00:00	6508.68	6510.13	6505.43	6508.63	1312	0	64
2026.03.27	04:30:00	6508.47	6513.64	6507.98	6512.52	1193	0	64
2026.03.27	05:00:00	6512.64	6525.38	6512.64	6518.84	2380	0	64
2026.03.27	05:30:00	6518.87	6520.57	6516.13	6516.55	2249	0	64
2026.03.27	06:00:00	6516.42	6523.59	6513.32	6520.65	2432	0	64
2026.03.27	06:30:00	6520.81	6520.84	6508.95	6511.38	2136	0	64
2026.03.27	07:00:00	6511.50	6511.59	6499.20	6500.09	2135	0	64
2026.03.27	07:30:00	6499.92	6507.09	6498.69	6503.42	2669	0	64
2026.03.27	08:00:00	6503.59	6508.22	6484.54	6485.57	5374	0	64
2026.03.27	08:30:00	6485.71	6491.44	6479.30	6480.21	4008	0	64
2026.03.27	09:00:00	6480.41	6485.61	6465.49	6483.12	4482	0	64
2026.03.27	09:30:00	6483.28	6488.40	6470.56	6472.21	3278	0	64
2026.03.27	10:00:00	6472.15	6479.15	6468.80	6470.96	3380	0	64
2026.03.27	10:30:00	6471.18	6473.72	6451.30	6454.45	3562	0	64
2026.03.27	11:00:00	6454.57	6456.66	6446.60	6456.31	3930	0	64
2026.03.27	11:30:00	6456.36	6464.61	6452.00	6458.11	3371	0	64
2026.03.27	12:00:00	6458.35	6459.61	6448.25	6456.70	3797	0	64
2026.03.27	12:30:00	6456.59	6458.25	6445.29	6449.74	3750	0	64
2026.03.27	13:00:00	6449.97	6456.56	6439.11	6454.96	5321	0	64
2026.03.27	13:30:00	6454.91	6456.17	6414.84	6419.42	19721	0	64
2026.03.27	14:00:00	6419.01	6437.52	6415.69	6420.26	16745	0	64
2026.03.27	14:30:00	6420.09	6434.98	6412.36	6431.26	11495	0	64
2026.03.27	15:00:00	6431.12	6444.42	6418.90	6439.27	12490	0	64
2026.03.27	15:30:00	6439.14	6450.81	6430.65	6432.40	10110	0	64
2026.03.27	16:00:00	6432.55	6433.81	6415.40	6418.40	6709	0	64
2026.03.27	16:30:00	6418.17	6425.57	6409.84	6416.67	6977	0	64
2026.03.27	17:00:00	6416.43	6428.50	6395.10	6395.10	7634	0	64
2026.03.27	17:30:00	6394.87	6401.56	6388.13	6390.34	5409	0	64
2026.03.27	18:00:00	6390.13	6392.32	6380.39	6386.57	6039	0	64
2026.03.27	18:30:00	6386.40	6396.22	6381.13	6382.57	5410	0	64
2026.03.27	19:00:00	6382.41	6385.56	6373.94	6377.21	5348	0	64
2026.03.27	19:30:00	6377.34	6382.12	6359.35	6368.15	10242	0	64
2026.03.27	20:00:00	6368.30	6372.87	6351.02	6358.75	4766	0	64
2026.03.27	20:30:00	6358.91	6362.42	6355.49	6361.72	1567	0	64
2026.03.29	22:00:00	6339.73	6351.08	6326.64	6345.03	6704	0	64
2026.03.29	22:30:00	6345.18	6348.97	6331.35	6345.74	4017	0	64
2026.03.29	23:00:00	6345.58	6349.99	6336.32	6338.06	3245	0	64
2026.03.29	23:30:00	6338.03	6338.51	6326.50	6330.23	5398	0	64
2026.03.30	00:00:00	6330.39	6357.57	6323.21	6348.14	12220	0	64
2026.03.30	00:30:00	6348.35	6351.68	6326.97	6333.22	8874	0	64
2026.03.30	01:00:00	6333.38	6340.88	6330.63	6337.92	7226	0	64
2026.03.30	01:30:00	6338.08	6348.06	6336.92	6346.82	4461	0	64
2026.03.30	02:00:00	6347.05	6351.84	6342.70	6344.34	3598	0	64
2026.03.30	02:30:00	6344.18	6364.09	6344.18	6359.32	3526	0	64
2026.03.30	03:00:00	6359.17	6373.09	6358.96	6370.03	2746	0	64
2026.03.30	03:30:00	6370.10	6371.63	6366.96	6370.58	2552	0	64
2026.03.30	04:00:00	6370.62	6380.58	6368.92	6377.88	2107	0	64
2026.03.30	04:30:00	6377.88	6380.44	6372.17	6373.84	2129	0	64
2026.03.30	05:00:00	6373.71	6383.09	6373.67	6379.18	2780	0	64
2026.03.30	05:30:00	6379.42	6382.19	6375.37	6379.68	2771	0	64
2026.03.30	06:00:00	6379.68	6389.84	6378.25	6385.37	3674	0	64
2026.03.30	06:30:00	6385.61	6398.14	6385.22	6391.97	2805	0	64
2026.03.30	07:00:00	6391.78	6395.63	6386.47	6389.97	4334	0	64
2026.03.30	07:30:00	6390.12	6400.88	6385.68	6397.72	3785	0	64
2026.03.30	08:00:00	6397.69	6406.51	6391.98	6405.26	3560	0	64
2026.03.30	08:30:00	6405.11	6409.87	6401.16	6408.59	2646	0	64
2026.03.30	09:00:00	6408.65	6409.25	6396.88	6399.24	2962	0	64
2026.03.30	09:30:00	6399.47	6403.24	6394.85	6399.83	2558	0	64
2026.03.30	10:00:00	6400.01	6404.25	6397.10	6402.11	2315	0	64
2026.03.30	10:30:00	6401.99	6405.26	6395.64	6405.01	2344	0	64
2026.03.30	11:00:00	6405.12	6443.71	6404.84	6419.53	4254	0	64
2026.03.30	11:30:00	6419.73	6424.01	6409.32	6412.52	5841	0	64
2026.03.30	12:00:00	6412.63	6425.75	6406.78	6423.65	3260	0	64
2026.03.30	12:30:00	6423.50	6429.00	6421.63	6426.66	2947	0	64
2026.03.30	13:00:00	6426.48	6431.51	6418.84	6430.26	3703	0	64
2026.03.30	13:30:00	6430.47	6433.51	6376.49	6380.36	18412	0	64
2026.03.30	14:00:00	6380.15	6398.01	6379.89	6389.29	15554	0	64
2026.03.30	14:30:00	6389.08	6406.68	6378.05	6406.21	14398	0	64
2026.03.30	15:00:00	6406.07	6419.17	6386.30	6395.44	11056	0	64
2026.03.30	15:30:00	6395.30	6415.92	6391.29	6404.45	9941	0	64
2026.03.30	16:00:00	6404.30	6405.69	6382.29	6383.07	7820	0	64
2026.03.30	16:30:00	6383.21	6390.47	6380.31	6383.71	6227	0	64
2026.03.30	17:00:00	6383.54	6388.94	6362.80	6364.32	7251	0	64
2026.03.30	17:30:00	6364.44	6376.33	6357.31	6365.61	7406	0	64
2026.03.30	18:00:00	6365.45	6367.37	6352.99	6353.24	5856	0	64
2026.03.30	18:30:00	6353.30	6362.45	6344.99	6348.00	4874	0	64
2026.03.30	19:00:00	6347.87	6349.65	6322.53	6325.66	7082	0	64
2026.03.30	19:30:00	6325.88	6357.29	6323.54	6350.86	11209	0	64
2026.03.30	20:00:00	6351.02	6351.50	6340.15	6343.90	2781	0	64
2026.03.30	20:30:00	6344.06	6346.52	6341.67	6346.17	704	0	64
2026.03.30	22:00:00	6349.48	6355.69	6347.02	6350.81	1705	0	64
2026.03.30	22:30:00	6350.94	6351.44	6346.41	6347.29	1135	0	64
2026.03.30	23:00:00	6347.06	6347.06	6330.15	6336.48	3442	0	64
2026.03.30	23:30:00	6336.48	6337.19	6330.98	6335.77	2384	0	64
2026.03.31	00:00:00	6335.91	6343.16	6316.94	6328.54	6055	0	64
2026.03.31	00:30:00	6328.39	6389.96	6324.38	6374.56	13461	0	64
2026.03.31	01:00:00	6374.66	6402.00	6363.12	6399.48	10382	0	64
2026.03.31	01:30:00	6399.35	6417.02	6399.09	6405.31	10078	0	64
2026.03.31	02:00:00	6405.55	6413.59	6401.69	6411.34	5249	0	64
2026.03.31	02:30:00	6411.19	6425.10	6407.85	6414.20	3801	0	64
2026.03.31	03:00:00	6414.15	6423.53	6412.42	6413.55	3302	0	64
2026.03.31	03:30:00	6413.71	6416.29	6407.90	6408.56	2430	0	64
2026.03.31	04:00:00	6408.40	6413.49	6403.95	6405.97	2650	0	64
2026.03.31	04:30:00	6405.88	6409.59	6398.70	6399.67	2815	0	64
2026.03.31	05:00:00	6399.49	6403.12	6387.65	6399.31	3392	0	64
2026.03.31	05:30:00	6399.54	6409.56	6397.92	6403.67	4704	0	64
2026.03.31	06:00:00	6404.02	6405.55	6393.69	6399.07	5157	0	64
2026.03.31	06:30:00	6398.96	6403.05	6392.70	6398.82	5116	0	64
2026.03.31	07:00:00	6398.69	6402.31	6386.94	6395.83	6761	0	64
2026.03.31	07:30:00	6396.04	6420.84	6395.96	6420.34	4696	0	64
2026.03.31	08:00:00	6420.17	6421.82	6407.56	6409.07	4172	0	64
2026.03.31	08:30:00	6408.94	6410.82	6400.79	6405.70	3463	0	64
2026.03.31	09:00:00	6405.81	6415.15	6405.20	6407.20	3239	0	64
2026.03.31	09:30:00	6407.43	6411.46	6400.60	6403.81	3407	0	64
2026.03.31	10:00:00	6403.62	6410.96	6402.43	6406.45	2830	0	64
2026.03.31	10:30:00	6406.41	6407.97	6389.06	6400.68	3178	0	64
2026.03.31	11:00:00	6400.55	6431.79	6396.79	6415.92	7985	0	64
2026.03.31	11:30:00	6415.78	6424.20	6410.31	6418.78	4851	0	64
2026.03.31	12:00:00	6418.93	6434.88	6403.51	6425.30	7035	0	64
2026.03.31	12:30:00	6425.06	6433.05	6418.22	6418.23	4573	0	64
2026.03.31	13:00:00	6418.37	6427.60	6415.21	6422.36	4039	0	64
2026.03.31	13:30:00	6422.21	6459.52	6415.44	6459.33	19231	0	64
2026.03.31	14:00:00	6459.22	6462.09	6441.19	6457.35	14763	0	64
2026.03.31	14:30:00	6457.20	6458.85	6411.74	6418.72	12342	0	64
2026.03.31	15:00:00	6418.87	6455.11	6418.62	6439.11	12108	0	64
2026.03.31	15:30:00	6438.97	6445.11	6429.21	6430.01	10482	0	64
2026.03.31	16:00:00	6430.10	6458.82	6427.23	6453.74	7821	0	64
2026.03.31	16:30:00	6453.87	6528.70	6449.20	6499.96	25965	0	64
2026.03.31	17:00:00	6500.15	6519.17	6494.94	6503.55	17525	0	64
2026.03.31	17:30:00	6503.43	6517.68	6494.75	6497.33	13673	0	64
2026.03.31	18:00:00	6497.44	6515.71	6497.33	6510.47	9361	0	64
2026.03.31	18:30:00	6510.33	6522.47	6505.28	6519.81	7182	0	64
2026.03.31	19:00:00	6519.58	6532.18	6513.29	6526.96	6381	0	64
2026.03.31	19:30:00	6527.17	6548.47	6525.79	6535.36	12399	0	64
2026.03.31	20:00:00	6535.19	6542.39	6527.35	6541.15	5431	0	64
2026.03.31	20:30:00	6541.29	6541.93	6530.50	6532.87	1407	0	64
2026.03.31	22:00:00	6528.79	6542.91	6526.76	6539.54	3031	0	64
2026.03.31	22:30:00	6539.68	6541.53	6534.79	6538.53	1535	0	64
2026.03.31	23:00:00	6538.53	6541.95	6535.10	6540.85	1438	0	64
2026.03.31	23:30:00	6540.60	6557.97	6540.32	6555.89	2534	0	64
2026.04.01	00:00:00	6555.65	6558.49	6550.18	6553.33	4325	0	64
2026.04.01	00:30:00	6553.33	6558.81	6546.38	6558.76	3036	0	64
2026.04.01	01:00:00	6558.63	6560.28	6545.05	6554.53	5160	0	64
2026.04.01	01:30:00	6554.58	6555.53	6545.37	6547.53	2567	0	64
2026.04.01	02:00:00	6547.76	6551.33	6544.37	6544.87	1879	0	64
2026.04.01	02:30:00	6544.64	6547.33	6541.83	6544.58	1707	0	64
2026.04.01	03:00:00	6544.58	6548.54	6543.88	6546.04	1479	0	64
2026.04.01	03:30:00	6545.88	6549.28	6545.63	6546.62	1405	0	64
2026.04.01	04:00:00	6546.78	6550.79	6545.58	6550.58	1201	0	64
2026.04.01	04:30:00	6550.73	6554.01	6549.08	6551.78	939	0	64
2026.04.01	05:00:00	6551.81	6565.24	6550.87	6559.99	1647	0	64
2026.04.01	05:30:00	6560.21	6562.78	6556.10	6558.57	2021	0	64
2026.04.01	06:00:00	6558.74	6578.00	6558.33	6576.64	3343	0	64
2026.04.01	06:30:00	6576.41	6587.83	6575.16	6586.39	3890	0	64
2026.04.01	07:00:00	6586.49	6588.76	6578.10	6581.54	3758	0	64
2026.04.01	07:30:00	6581.37	6587.83	6564.63	6566.66	3999	0	64
2026.04.01	08:00:00	6566.41	6574.04	6556.24	6568.41	4449	0	64
2026.04.01	08:30:00	6568.11	6574.26	6556.60	6567.29	3505	0	64
2026.04.01	09:00:00	6567.42	6570.82	6552.19	6558.22	3369	0	64
2026.04.01	09:30:00	6558.00	6573.42	6558.00	6568.55	2941	0	64
2026.04.01	10:00:00	6568.69	6572.80	6564.46	6567.77	2632	0	64
2026.04.01	10:30:00	6568.00	6584.12	6566.30	6581.70	2894	0	64
2026.04.01	11:00:00	6581.86	6589.82	6580.44	6586.51	2539	0	64
2026.04.01	11:30:00	6586.61	6596.36	6585.59	6593.33	2634	0	64
2026.04.01	12:00:00	6593.49	6594.11	6575.43	6581.20	3068	0	64
2026.04.01	12:30:00	6581.78	6607.06	6559.19	6562.11	7337	0	64
2026.04.01	13:00:00	6561.88	6572.11	6555.94	6572.11	6282	0	64
2026.04.01	13:30:00	6571.95	6594.11	6563.70	6576.60	20249	0	64
2026.04.01	14:00:00	6576.72	6588.79	6572.73	6584.19	15620	0	64
2026.04.01	14:30:00	6584.08	6602.83	6570.69	6599.34	11727	0	64
2026.04.01	15:00:00	6599.20	6604.75	6597.15	6597.32	7264	0	64
2026.04.01	15:30:00	6597.16	6615.06	6593.16	6612.30	6139	0	64
2026.04.01	16:00:00	6612.53	6614.82	6604.64	6605.31	4851	0	64
2026.04.01	16:30:00	6605.53	6613.32	6601.94	6611.65	3113	0	64
2026.04.01	17:00:00	6611.81	6619.03	6610.65	6616.81	2671	0	64
2026.04.01	17:30:00	6617.04	6618.29	6601.14	6601.20	3430	0	64
2026.04.01	18:00:00	6601.28	6602.81	6571.43	6575.06	9384	0	64
2026.04.01	18:30:00	6575.17	6587.83	6568.75	6577.06	7859	0	64
2026.04.01	19:00:00	6576.91	6596.27	6575.65	6593.90	5304	0	64
2026.04.01	19:30:00	6593.78	6600.02	6580.46	6585.36	8031	0	64
2026.04.01	20:00:00	6585.59	6589.32	6581.90	6583.07	2377	0	64
2026.04.01	20:30:00	6583.29	6587.07	6582.88	6583.06	586	0	72
2026.04.01	22:00:00	6583.59	6587.62	6579.27	6583.68	1652	0	64
2026.04.01	22:30:00	6583.34	6584.91	6576.73	6578.57	1461	0	64
2026.04.01	23:00:00	6579.20	6585.17	6577.48	6584.69	1216	0	64
2026.04.01	23:30:00	6584.53	6584.66	6576.21	6580.52	1567	0	64
2026.04.02	00:00:00	6580.69	6580.92	6574.05	6575.28	4578	0	64
2026.04.02	00:30:00	6575.43	6598.23	6573.31	6596.73	4351	0	64
2026.04.02	01:00:00	6596.66	6597.35	6533.33	6537.24	13726	0	64
2026.04.02	01:30:00	6537.03	6538.17	6520.07	6526.83	13121	0	64
2026.04.02	02:00:00	6526.23	6531.74	6508.91	6509.78	7828	0	64
2026.04.02	02:30:00	6509.93	6518.18	6508.27	6516.32	4609	0	64
2026.04.02	03:00:00	6516.49	6517.99	6509.28	6514.42	3069	0	64
2026.04.02	03:30:00	6514.52	6515.18	6502.08	6503.53	3595	0	64
2026.04.02	04:00:00	6503.53	6507.24	6499.81	6501.34	3109	0	64
2026.04.02	04:30:00	6501.49	6503.53	6497.53	6499.56	2016	0	64
2026.04.02	05:00:00	6499.71	6504.78	6498.08	6503.20	2595	0	64
2026.04.02	05:30:00	6503.25	6506.21	6488.48	6488.69	3260	0	64
2026.04.02	06:00:00	6488.72	6497.15	6486.27	6493.77	3434	0	64
2026.04.02	06:30:00	6493.54	6499.23	6491.04	6498.77	3049	0	64
2026.04.02	07:00:00	6498.91	6503.11	6494.04	6501.77	4310	0	64
2026.04.02	07:30:00	6501.54	6515.55	6500.77	6515.03	2943	0	64
2026.04.02	08:00:00	6514.81	6515.81	6503.82	6508.40	2633	0	64
2026.04.02	08:30:00	6508.21	6516.63	6506.65	6508.09	2264	0	64
2026.04.02	09:00:00	6508.27	6513.58	6504.89	6511.02	2043	0	64
2026.04.02	09:30:00	6510.89	6511.19	6503.16	6506.82	1982	0	64
2026.04.02	10:00:00	6506.77	6509.30	6493.96	6494.73	2560	0	64
2026.04.02	10:30:00	6494.99	6504.51	6492.71	6502.27	2604	0	64
2026.04.02	11:00:00	6502.10	6503.92	6482.61	6483.38	3103	0	64
2026.04.02	11:30:00	6483.33	6489.61	6473.99	6474.09	3014	0	64
2026.04.02	12:00:00	6474.51	6484.68	6469.30	6482.54	3735	0	64
2026.04.02	12:30:00	6482.38	6489.92	6479.76	6482.02	3773	0	64
2026.04.02	13:00:00	6482.13	6495.80	6480.24	6493.42	5286	0	64
2026.04.02	13:30:00	6493.55	6528.56	6480.41	6526.04	18731	0	64
2026.04.02	14:00:00	6526.27	6540.81	6515.64	6533.92	15080	0	64
2026.04.02	14:30:00	6533.68	6609.66	6531.40	6584.80	22591	0	64
2026.04.02	15:00:00	6584.64	6590.02	6568.90	6583.42	16509	0	64
2026.04.02	15:30:00	6583.54	6589.78	6560.85	6570.84	11829	0	64
2026.04.02	16:00:00	6570.62	6577.48	6552.13	6557.60	9829	0	64
2026.04.02	16:30:00	6557.76	6579.67	6555.84	6566.01	9238	0	64
2026.04.02	17:00:00	6566.14	6580.77	6560.34	6576.60	6533	0	64
2026.04.02	17:30:00	6576.75	6577.77	6556.10	6562.75	6166	0	64
2026.04.02	18:00:00	6563.16	6574.70	6562.85	6565.50	6132	0	64
2026.04.02	18:30:00	6565.36	6580.74	6564.38	6574.85	4700	0	64
2026.04.02	19:00:00	6575.01	6583.01	6571.34	6573.76	4667	0	64
2026.04.02	19:30:00	6573.61	6590.76	6570.60	6588.54	6869	0	64
2026.04.02	20:00:00	6588.73	6594.20	6584.85	6593.62	2157	0	64
2026.04.02	20:30:00	6593.34	6593.72	6587.30	6589.68	858	0	72
2026.04.02	22:00:00	6587.18	6591.99	6585.29	6589.16	1198	0	64
2026.04.02	22:30:00	6589.06	6591.78	6588.85	6590.23	616	0	64
2026.04.02	23:00:00	6590.06	6590.97	6587.30	6590.31	449	0	72
2026.04.02	23:30:00	6590.47	6592.38	6588.83	6590.47	474	0	72
2026.04.03	00:00:00	6590.70	6598.88	6590.58	6593.65	1678	0	72
2026.04.03	00:30:00	6593.49	6593.72	6588.54	6590.47	1100	0	64
2026.04.03	01:00:00	6590.51	6591.28	6586.58	6589.28	1001	0	64
2026.04.03	01:30:00	6589.28	6589.76	6584.58	6585.03	820	0	64
2026.04.03	02:00:00	6585.03	6586.77	6578.60	6579.32	963	0	64
2026.04.03	02:30:00	6579.30	6583.13	6574.85	6579.78	1717	0	64
2026.04.03	03:00:00	6579.96	6583.24	6579.03	6579.28	901	0	64
2026.04.03	03:30:00	6579.28	6581.03	6577.32	6578.78	674	0	64
2026.04.03	04:00:00	6578.91	6581.51	6578.55	6580.24	695	0	64
2026.04.03	04:30:00	6580.07	6580.75	6575.53	6577.28	766	0	64
2026.04.03	05:00:00	6577.28	6580.97	6575.08	6577.48	824	0	64
2026.04.03	05:30:00	6577.52	6582.46	6577.52	6579.73	778	0	64
2026.04.03	06:00:00	6579.58	6580.03	6577.10	6578.03	617	0	64
2026.04.03	06:30:00	6578.03	6578.03	6568.82	6572.53	1047	0	64
2026.04.03	07:00:00	6572.34	6573.20	6564.83	6572.78	980	0	64
2026.04.03	07:30:00	6572.94	6577.03	6572.94	6573.45	653	0	64
2026.04.03	08:00:00	6573.50	6576.08	6570.45	6571.38	542	0	64
2026.04.03	08:30:00	6571.21	6573.69	6570.58	6572.22	404	0	64
2026.04.03	09:00:00	6572.19	6573.23	6568.96	6571.38	573	0	64
2026.04.03	09:30:00	6571.49	6572.63	6570.21	6570.47	309	0	64
2026.04.03	10:00:00	6570.51	6571.12	6567.98	6568.31	526	0	64
2026.04.03	10:30:00	6568.29	6571.12	6566.94	6570.36	438	0	64
2026.04.03	11:00:00	6570.20	6574.81	6564.66	6574.68	812	0	64
2026.04.03	11:30:00	6574.68	6577.30	6573.71	6573.95	683	0	64
2026.04.03	12:00:00	6574.09	6580.84	6569.68	6577.45	1584	0	64
2026.04.03	12:30:00	6577.67	6604.13	6564.88	6566.55	4289	0	64
2026.04.03	13:00:00	6566.40	6572.51	6564.90	6569.85	1023	0	72
2026.04.05	22:00:00	6554.74	6554.98	6535.56	6551.91	6102	0	64
2026.04.05	22:30:00	6551.72	6557.88	6547.96	6555.92	3903	0	64
2026.04.05	23:00:00	6556.06	6557.60	6547.19	6550.68	5410	0	64
2026.04.05	23:30:00	6550.83	6556.05	6550.14	6555.82	1683	0	64
2026.04.06	00:00:00	6555.70	6577.05	6554.73	6570.17	6186	0	64
2026.04.06	00:30:00	6570.32	6578.88	6570.13	6577.66	2676	0	64
2026.04.06	01:00:00	6577.76	6586.19	6576.67	6584.94	2339	0	64
2026.04.06	01:30:00	6584.77	6584.98	6575.42	6578.16	2000	0	64
2026.04.06	02:00:00	6577.91	6604.09	6576.95	6602.05	4628	0	64
2026.04.06	02:30:00	6602.29	6603.13	6584.18	6584.20	2737	0	64
2026.04.06	03:00:00	6584.22	6585.08	6563.74	6575.33	3514	0	64
2026.04.06	03:30:00	6575.17	6581.59	6573.38	6580.59	2204	0	64
2026.04.06	04:00:00	6580.63	6586.55	6579.71	6583.88	1762	0	64
2026.04.06	04:30:00	6583.88	6590.78	6582.74	6589.17	1600	0	64
2026.04.06	05:00:00	6589.34	6592.38	6588.88	6589.13	1384	0	64
2026.04.06	05:30:00	6589.13	6589.58	6581.68	6585.59	1931	0	64
2026.04.06	06:00:00	6585.42	6596.13	6583.18	6585.18	2371	0	64
2026.04.06	06:30:00	6584.97	6600.66	6583.17	6592.78	3096	0	64
2026.04.06	07:00:00	6593.01	6594.06	6582.55	6588.47	2298	0	64
2026.04.06	07:30:00	6588.40	6607.69	6587.81	6603.06	2239	0	64
2026.04.06	08:00:00	6603.20	6611.21	6603.06	6609.81	2623	0	64
2026.04.06	08:30:00	6609.70	6617.36	6608.59	6612.72	1728	0	64
2026.04.06	09:00:00	6612.75	6618.88	6612.20	6614.36	1716	0	64
2026.04.06	09:30:00	6614.32	6615.96	6603.91	6604.96	1784	0	64
2026.04.06	10:00:00	6605.10	6610.45	6601.46	6604.44	1674	0	64
2026.04.06	10:30:00	6604.33	6608.01	6588.30	6599.69	2612	0	64
2026.04.06	11:00:00	6599.90	6599.90	6592.84	6595.87	2577	0	64
2026.04.06	11:30:00	6596.01	6599.00	6594.33	6595.59	1639	0	64
2026.04.06	12:00:00	6595.59	6596.77	6591.57	6595.78	1683	0	64
2026.04.06	12:30:00	6595.76	6604.25	6593.92	6598.31	2167	0	64
2026.04.06	13:00:00	6598.16	6599.80	6588.34	6590.10	3091	0	64
2026.04.06	13:30:00	6590.25	6617.59	6586.65	6617.59	20439	0	64
2026.04.06	14:00:00	6617.75	6629.15	6592.55	6616.15	17623	0	64
2026.04.06	14:30:00	6616.39	6623.25	6599.14	6607.57	13353	0	64
2026.04.06	15:00:00	6607.77	6613.31	6598.85	6601.67	8205	0	64
2026.04.06	15:30:00	6601.81	6612.52	6595.64	6611.31	5900	0	64
2026.04.06	16:00:00	6611.44	6613.02	6604.91	6610.65	4032	0	64
2026.04.06	16:30:00	6610.44	6617.82	6608.42	6611.82	3977	0	64
2026.04.06	17:00:00	6612.02	6612.51	6587.91	6606.64	8386	0	64
2026.04.06	17:30:00	6606.70	6612.57	6596.64	6597.21	5072	0	64
2026.04.06	18:00:00	6597.42	6619.07	6594.90	6615.28	6976	0	64
2026.04.06	18:30:00	6615.43	6618.30	6610.14	6615.91	3680	0	64
2026.04.06	19:00:00	6616.06	6617.03	6611.39	6611.65	2864	0	64
2026.04.06	19:30:00	6611.43	6622.28	6610.78	6621.89	4243	0	64
2026.04.06	20:00:00	6622.06	6623.02	6615.40	6619.64	1785	0	64
2026.04.06	20:30:00	6619.71	6622.86	6618.24	6620.28	559	0	64
2026.04.06	22:00:00	6623.98	6630.19	6613.83	6617.54	2501	0	64
2026.04.06	22:30:00	6617.54	6618.83	6613.36	6614.29	1140	0	64
2026.04.06	23:00:00	6614.45	6620.79	6614.13	6615.84	832	0	64
2026.04.06	23:30:00	6615.65	6618.54	6612.66	6612.79	851	0	64
2026.04.07	00:00:00	6612.67	6625.77	6608.87	6618.38	4008	0	64
2026.04.07	00:30:00	6618.54	6619.27	6610.63	6612.08	2345	0	64
2026.04.07	01:00:00	6612.08	6614.53	6601.38	6607.04	3354	0	64
2026.04.07	01:30:00	6606.87	6607.78	6583.08	6585.00	3840	0	64
2026.04.07	02:00:00	6585.22	6589.04	6580.38	6588.08	3570	0	64
2026.04.07	02:30:00	6588.08	6593.83	6587.87	6592.08	1755	0	64
2026.04.07	03:00:00	6592.22	6593.83	6587.43	6592.10	1735	0	64
2026.04.07	03:30:00	6592.08	6595.52	6591.44	6593.33	1381	0	64
2026.04.07	04:00:00	6593.33	6596.54	6587.44	6592.68	1976	0	64
2026.04.07	04:30:00	6592.79	6600.04	6592.63	6597.08	1704	0	64
2026.04.07	05:00:00	6597.08	6599.83	6591.86	6592.59	1549	0	64
2026.04.07	05:30:00	6592.47	6594.79	6588.39	6593.83	2212	0	64
2026.04.07	06:00:00	6594.01	6598.03	6589.84	6597.67	2727	0	64
2026.04.07	06:30:00	6597.92	6598.83	6592.62	6598.04	2425	0	64
2026.04.07	07:00:00	6597.92	6601.41	6592.27	6593.80	3321	0	64
2026.04.07	07:30:00	6593.90	6600.54	6593.56	6598.93	2179	0	64
2026.04.07	08:00:00	6599.05	6625.37	6598.86	6618.73	6175	0	64
2026.04.07	08:30:00	6618.86	6630.23	6617.74	6625.86	3960	0	64
2026.04.07	09:00:00	6625.75	6637.65	6624.39	6635.40	3026	0	64
2026.04.07	09:30:00	6635.28	6638.11	6627.89	6631.89	2534	0	64
2026.04.07	10:00:00	6632.02	6635.16	6610.29	6622.86	5417	0	64
2026.04.07	10:30:00	6622.87	6623.88	6584.96	6589.15	5556	0	64
2026.04.07	11:00:00	6589.27	6602.38	6588.08	6594.37	4329	0	64
2026.04.07	11:30:00	6594.28	6595.15	6582.49	6590.75	3751	0	64
2026.04.07	12:00:00	6590.63	6599.66	6573.45	6599.14	5991	0	64
2026.04.07	12:30:00	6599.37	6612.01	6587.26	6595.15	4227	0	64
2026.04.07	13:00:00	6595.16	6602.90	6591.75	6600.53	4654	0	64
2026.04.07	13:30:00	6600.66	6610.30	6573.49	6574.00	19127	0	64
2026.04.07	14:00:00	6573.88	6581.41	6552.74	6577.78	16034	0	64
2026.04.07	14:30:00	6577.91	6587.06	6558.99	6559.36	12192	0	64
2026.04.07	15:00:00	6559.42	6571.74	6543.78	6565.75	12713	0	64
2026.04.07	15:30:00	6565.89	6577.06	6559.25	6571.88	8232	0	64
2026.04.07	16:00:00	6571.76	6603.93	6571.51	6592.98	12480	0	64
2026.04.07	16:30:00	6592.75	6602.67	6587.27	6594.52	6716	0	64
2026.04.07	17:00:00	6594.29	6602.67	6588.49	6591.66	6587	0	64
2026.04.07	17:30:00	6591.87	6617.52	6590.50	6601.16	7973	0	64
2026.04.07	18:00:00	6601.01	6603.90	6594.24	6595.40	5337	0	64
2026.04.07	18:30:00	6595.53	6597.15	6567.99	6573.61	6336	0	64
2026.04.07	19:00:00	6573.52	6615.89	6568.00	6600.77	14298	0	64
2026.04.07	19:30:00	6600.66	6629.94	6593.25	6626.71	15982	0	64
2026.04.07	20:00:00	6626.87	6638.77	6620.49	6628.35	5654	0	64
2026.04.07	20:30:00	6628.57	6644.55	6628.01	6634.54	4119	0	72
2026.04.07	22:00:00	6663.98	6704.57	6663.60	6682.08	8355	0	67
2026.04.07	22:30:00	6682.30	6764.49	6624.65	6762.87	11532	0	67
2026.04.07	23:00:00	6763.20	6789.24	6755.35	6779.49	6314	0	72
2026.04.07	23:30:00	6779.64	6782.62	6767.44	6774.56	4974	0	64
2026.04.08	00:00:00	6774.25	6780.23	6761.77	6764.00	6825	0	64
2026.04.08	00:30:00	6764.14	6776.24	6757.83	6772.13	4077	0	64
2026.04.08	01:00:00	6771.90	6779.49	6767.34	6769.44	3616	0	64
2026.04.08	01:30:00	6769.56	6781.03	6768.38	6777.44	2782	0	64
2026.04.08	02:00:00	6777.59	6782.99	6777.42	6779.81	1883	0	64
2026.04.08	02:30:00	6779.86	6786.13	6778.93	6785.84	1777	0	64
2026.04.08	03:00:00	6786.07	6787.34	6780.38	6781.88	1406	0	64
2026.04.08	03:30:00	6781.88	6783.86	6780.71	6783.59	1200	0	64
2026.04.08	04:00:00	6783.62	6792.34	6783.62	6790.88	1460	0	64
2026.04.08	04:30:00	6790.76	6792.88	6787.70	6788.08	1306	0	64
2026.04.08	05:00:00	6788.11	6796.73	6786.13	6796.14	2033	0	64
2026.04.08	05:30:00	6795.96	6805.07	6793.90	6803.83	2437	0	64
2026.04.08	06:00:00	6803.99	6805.53	6795.56	6797.66	2978	0	64
2026.04.08	06:30:00	6797.39	6801.07	6795.08	6796.53	2742	0	64
2026.04.08	07:00:00	6796.37	6799.36	6788.22	6792.57	4019	0	64
2026.04.08	07:30:00	6792.47	6792.61	6784.19	6785.22	2739	0	64
2026.04.08	08:00:00	6785.20	6793.15	6783.96	6791.16	2870	0	64
2026.04.08	08:30:00	6791.28	6801.04	6783.63	6800.50	2818	0	64
2026.04.08	09:00:00	6800.55	6807.15	6796.97	6802.10	2113	0	64
2026.04.08	09:30:00	6801.96	6804.33	6794.54	6798.65	2304	0	64
2026.04.08	10:00:00	6798.51	6801.76	6794.05	6801.05	2097	0	64
2026.04.08	10:30:00	6801.35	6804.11	6798.35	6800.11	1527	0	64
2026.04.08	11:00:00	6799.97	6813.40	6795.22	6811.77	2484	0	64
2026.04.08	11:30:00	6811.89	6813.63	6805.38	6805.88	2837	0	64
2026.04.08	12:00:00	6806.03	6811.88	6787.34	6797.73	4821	0	64
2026.04.08	12:30:00	6797.54	6801.67	6792.10	6798.25	3480	0	64
2026.04.08	13:00:00	6798.24	6803.13	6793.76	6796.22	3263	0	64
2026.04.08	13:30:00	6795.99	6803.03	6771.71	6778.45	18298	0	64
2026.04.08	14:00:00	6778.61	6784.87	6772.04	6772.91	12591	0	64
2026.04.08	14:30:00	6773.13	6775.56	6747.12	6760.53	12564	0	64
2026.04.08	15:00:00	6760.63	6771.63	6756.62	6762.16	9212	0	64
2026.04.08	15:30:00	6762.00	6782.88	6761.77	6780.66	5906	0	64
2026.04.08	16:00:00	6780.52	6788.64	6776.46	6781.66	4907	0	64
2026.04.08	16:30:00	6781.89	6794.12	6780.23	6792.53	3182	0	64
2026.04.08	17:00:00	6792.28	6796.16	6779.70	6782.43	4281	0	64
2026.04.08	17:30:00	6782.30	6790.45	6779.48	6789.72	4306	0	64
2026.04.08	18:00:00	6789.66	6798.14	6775.12	6780.71	7776	0	64
2026.04.08	18:30:00	6780.94	6785.21	6760.04	6761.08	6071	0	64
2026.04.08	19:00:00	6760.85	6777.03	6759.21	6766.84	6811	0	64
2026.04.08	19:30:00	6766.64	6791.97	6766.35	6790.71	6849	0	64
2026.04.08	20:00:00	6790.94	6793.98	6786.31	6786.70	2080	0	64
2026.04.08	20:30:00	6786.65	6787.48	6781.59	6783.33	755	0	64
2026.04.08	22:00:00	6783.17	6790.55	6777.63	6781.29	2024	0	64
2026.04.08	22:30:00	6781.54	6787.13	6781.54	6783.10	932	0	64
2026.04.08	23:00:00	6783.18	6788.13	6781.53	6782.44	1163	0	64
2026.04.08	23:30:00	6782.44	6783.36	6779.52	6780.16	1194	0	64
2026.04.09	00:00:00	6780.05	6783.65	6774.27	6779.33	2475	0	64
2026.04.09	00:30:00	6779.24	6784.87	6777.98	6779.24	2018	0	64
2026.04.09	01:00:00	6779.04	6781.43	6771.30	6773.53	2076	0	64
2026.04.09	01:30:00	6773.68	6779.73	6772.73	6778.52	1995	0	64
2026.04.09	02:00:00	6778.48	6781.16	6777.02	6777.73	1581	0	64
2026.04.09	02:30:00	6777.73	6782.23	6777.48	6777.74	1118	0	64
2026.04.09	03:00:00	6777.73	6779.44	6774.73	6775.27	921	0	64
2026.04.09	03:30:00	6775.24	6779.06	6773.69	6777.98	1135	0	64
2026.04.09	04:00:00	6778.15	6778.73	6775.23	6776.84	849	0	64
2026.04.09	04:30:00	6776.73	6778.69	6775.35	6776.23	797	0	64
2026.04.09	05:00:00	6776.23	6780.67	6772.52	6780.48	1531	0	64
2026.04.09	05:30:00	6780.48	6783.67	6777.52	6778.98	1368	0	64
2026.04.09	06:00:00	6779.14	6784.65	6777.02	6778.87	2020	0	64
2026.04.09	06:30:00	6778.74	6780.42	6773.73	6778.52	1924	0	64
2026.04.09	07:00:00	6778.68	6780.73	6767.69	6771.55	2106	0	64
2026.04.09	07:30:00	6771.65	6772.81	6761.65	6766.05	2005	0	64
2026.04.09	08:00:00	6766.16	6767.77	6760.14	6760.92	2090	0	64
2026.04.09	08:30:00	6761.05	6769.31	6760.91	6762.65	1742	0	64
2026.04.09	09:00:00	6762.70	6769.93	6760.14	6769.39	1590	0	64
2026.04.09	09:30:00	6769.19	6769.81	6765.65	6769.40	1197	0	64
2026.04.09	10:00:00	6769.54	6771.32	6766.14	6769.74	1862	0	64
2026.04.09	10:30:00	6769.75	6771.90	6762.40	6763.07	1691	0	64
2026.04.09	11:00:00	6762.91	6767.01	6761.91	6763.18	1866	0	64
2026.04.09	11:30:00	6763.18	6775.06	6763.13	6772.90	2284	0	64
2026.04.09	12:00:00	6773.04	6776.81	6772.20	6773.79	1887	0	64
2026.04.09	12:30:00	6773.75	6780.21	6768.41	6774.44	3056	0	64
2026.04.09	13:00:00	6774.44	6780.32	6771.90	6780.15	2698	0	64
2026.04.09	13:30:00	6779.92	6789.07	6776.40	6784.05	12717	0	64
2026.04.09	14:00:00	6783.92	6788.00	6770.64	6774.27	9104	0	64
2026.04.09	14:30:00	6774.17	6786.27	6769.29	6784.31	6559	0	64
2026.04.09	15:00:00	6784.17	6797.05	6777.42	6790.81	6502	0	64
2026.04.09	15:30:00	6790.66	6820.55	6788.66	6819.80	11016	0	64
2026.04.09	16:00:00	6819.65	6839.27	6819.65	6830.66	7025	0	64
2026.04.09	16:30:00	6830.80	6832.79	6821.40	6830.40	4881	0	64
2026.04.09	17:00:00	6830.55	6842.27	6829.12	6834.66	4106	0	64
2026.04.09	17:30:00	6834.81	6843.28	6828.10	6837.05	3961	0	64
2026.04.09	18:00:00	6837.28	6837.82	6817.58	6820.15	7802	0	64
2026.04.09	18:30:00	6819.92	6825.57	6816.43	6822.78	4609	0	64
2026.04.09	19:00:00	6823.03	6834.07	6821.14	6830.50	3787	0	64
2026.04.09	19:30:00	6830.38	6838.57	6829.15	6829.36	5379	0	64
2026.04.09	20:00:00	6829.52	6830.78	6823.85	6827.11	1546	0	64
2026.04.09	20:30:00	6827.27	6830.52	6825.25	6828.14	624	0	64
2026.04.09	22:00:00	6825.86	6829.75	6823.20	6823.24	1309	0	72
2026.04.09	22:30:00	6823.37	6826.97	6820.48	6821.41	1043	0	72
2026.04.09	23:00:00	6821.45	6822.70	6818.61	6821.53	578	0	64
2026.04.09	23:30:00	6821.56	6825.98	6820.83	6823.54	747	0	64
2026.04.10	00:00:00	6823.58	6825.83	6819.64	6825.58	1758	0	64
2026.04.10	00:30:00	6825.58	6832.99	6824.83	6831.87	1548	0	64
2026.04.10	01:00:00	6831.83	6833.33	6828.58	6833.29	1370	0	64
2026.04.10	01:30:00	6833.12	6836.79	6832.38	6833.79	1474	0	64
2026.04.10	02:00:00	6833.83	6834.33	6827.58	6829.29	1163	0	64
2026.04.10	02:30:00	6829.12	6831.54	6828.83	6830.63	626	0	64
2026.04.10	03:00:00	6830.78	6833.31	6830.12	6830.33	670	0	64
2026.04.10	03:30:00	6830.33	6835.76	6830.33	6834.12	780	0	64
2026.04.10	04:00:00	6834.10	6834.57	6831.58	6832.12	709	0	64
2026.04.10	04:30:00	6832.29	6832.58	6829.38	6830.12	614	0	64
2026.04.10	05:00:00	6830.28	6833.46	6830.28	6830.36	744	0	64
2026.04.10	05:30:00	6830.49	6832.58	6829.12	6829.58	953	0	64
2026.04.10	06:00:00	6829.44	6830.28	6824.35	6825.29	1124	0	64
2026.04.10	06:30:00	6825.48	6826.24	6821.89	6824.33	1163	0	64
2026.04.10	07:00:00	6824.15	6828.38	6822.71	6828.15	1305	0	64
2026.04.10	07:30:00	6828.28	6831.41	6826.02	6829.15	1262	0	64
2026.04.10	08:00:00	6829.38	6829.62	6820.80	6825.00	1458	0	64
2026.04.10	08:30:00	6824.81	6826.67	6817.66	6818.81	1252	0	64
2026.04.10	09:00:00	6819.07	6834.01	6818.95	6826.67	2322	0	64
2026.04.10	09:30:00	6826.51	6831.04	6822.01	6830.26	1777	0	64
2026.04.10	10:00:00	6830.40	6834.16	6825.50	6832.01	1225	0	64
2026.04.10	10:30:00	6832.15	6834.17	6829.37	6831.89	1270	0	64
2026.04.10	11:00:00	6832.12	6838.04	6831.99	6836.15	1254	0	64
2026.04.10	11:30:00	6836.03	6838.28	6829.99	6831.74	1217	0	64
2026.04.10	12:00:00	6832.07	6846.50	6830.03	6840.87	1776	0	64
2026.04.10	12:30:00	6840.70	6854.58	6835.44	6837.10	3787	0	64
2026.04.10	13:00:00	6837.06	6840.53	6834.94	6840.40	1931	0	64
2026.04.10	13:30:00	6840.75	6847.01	6829.43	6835.28	10693	0	64
2026.04.10	14:00:00	6835.08	6843.53	6828.10	6842.99	7162	0	64
2026.04.10	14:30:00	6843.27	6847.30	6831.78	6841.32	6566	0	64
2026.04.10	15:00:00	6840.98	6848.31	6836.85	6840.26	4670	0	64
2026.04.10	15:30:00	6840.13	6842.56	6819.14	6822.30	6755	0	64
2026.04.10	16:00:00	6822.17	6828.76	6818.66	6822.67	4536	0	64
2026.04.10	16:30:00	6822.77	6824.81	6812.73	6822.70	4313	0	64
2026.04.10	17:00:00	6822.47	6822.86	6813.69	6814.37	3284	0	64
2026.04.10	17:30:00	6814.21	6823.64	6812.20	6822.91	3113	0	64
2026.04.10	18:00:00	6822.74	6825.41	6816.76	6822.50	3005	0	64
2026.04.10	18:30:00	6822.66	6822.91	6816.96	6821.67	2098	0	64
2026.04.10	19:00:00	6821.51	6828.17	6821.27	6824.71	2045	0	64
2026.04.10	19:30:00	6824.87	6824.87	6814.99	6821.70	3939	0	64
2026.04.10	20:00:00	6821.49	6826.40	6817.21	6824.70	1455	0	64
2026.04.10	20:30:00	6824.76	6827.34	6824.36	6826.70	333	0	72
2026.04.12	22:00:00	6747.90	6761.89	6737.08	6738.98	6304	0	64
2026.04.12	22:30:00	6739.22	6746.83	6735.33	6746.51	2632	0	64
2026.04.12	23:00:00	6746.37	6746.51	6741.83	6744.32	1401	0	64
2026.04.12	23:30:00	6744.47	6752.75	6740.58	6752.38	1523	0	64
2026.04.13	00:00:00	6752.52	6757.98	6745.40	6755.81	3028	0	64
2026.04.13	00:30:00	6755.65	6768.27	6754.58	6768.21	1839	0	64
2026.04.13	01:00:00	6768.07	6775.67	6768.07	6772.26	2054	0	64
2026.04.13	01:30:00	6772.33	6775.07	6768.37	6773.09	1602	0	64
2026.04.13	02:00:00	6773.08	6773.31	6768.85	6770.58	1118	0	64
2026.04.13	02:30:00	6770.58	6774.29	6769.67	6773.58	840	0	64
2026.04.13	03:00:00	6773.74	6775.06	6769.62	6772.39	901	0	64
2026.04.13	03:30:00	6772.35	6772.58	6769.42	6769.88	732	0	64
2026.04.13	04:00:00	6769.88	6773.84	6767.96	6772.88	797	0	64
2026.04.13	04:30:00	6772.88	6779.08	6771.92	6775.92	946	0	64
2026.04.13	05:00:00	6776.08	6778.06	6772.56	6776.08	1103	0	64
2026.04.13	05:30:00	6776.12	6778.05	6773.38	6776.83	1167	0	64
2026.04.13	06:00:00	6776.87	6785.08	6776.87	6783.13	1617	0	64
2026.04.13	06:30:00	6783.28	6784.13	6780.38	6782.84	1326	0	64
2026.04.13	07:00:00	6783.06	6785.85	6779.08	6784.32	1654	0	64
2026.04.13	07:30:00	6784.35	6785.41	6779.04	6780.72	1357	0	64
2026.04.13	08:00:00	6780.66	6787.96	6780.31	6786.72	2048	0	64
2026.04.13	08:30:00	6786.58	6787.43	6778.59	6781.83	1582	0	64
2026.04.13	09:00:00	6781.87	6787.53	6781.81	6785.40	1463	0	64
2026.04.13	09:30:00	6785.31	6787.32	6780.61	6781.95	859	0	64
2026.04.13	10:00:00	6782.18	6782.97	6779.80	6781.86	917	0	64
2026.04.13	10:30:00	6781.96	6789.68	6779.54	6789.51	1169	0	64
2026.04.13	11:00:00	6789.28	6799.30	6783.19	6784.06	2045	0	64
2026.04.13	11:30:00	6783.96	6784.72	6772.28	6773.34	2305	0	64
2026.04.13	12:00:00	6773.45	6781.21	6770.78	6780.70	1886	0	64
2026.04.13	12:30:00	6780.92	6792.93	6779.80	6790.95	2083	0	64
2026.04.13	13:00:00	6791.18	6803.18	6790.28	6803.04	1727	0	64
2026.04.13	13:30:00	6803.10	6827.34	6795.05	6827.05	13638	0	64
2026.04.13	14:00:00	6827.22	6829.68	6813.52	6825.29	9772	0	64
2026.04.13	14:30:00	6825.44	6836.47	6822.80	6835.21	5761	0	64
2026.04.13	15:00:00	6835.44	6835.46	6824.16	6824.16	5379	0	64
2026.04.13	15:30:00	6824.32	6831.75	6821.46	6824.46	4328	0	64
2026.04.13	16:00:00	6824.30	6846.18	6819.79	6843.65	6098	0	64
2026.04.13	16:30:00	6843.88	6858.48	6836.98	6853.38	7996	0	64
2026.04.13	17:00:00	6853.50	6858.52	6851.12	6855.10	3033	0	64
2026.04.13	17:30:00	6855.16	6857.27	6849.10	6851.86	2556	0	64
2026.04.13	18:00:00	6852.01	6856.73	6851.85	6854.30	2031	0	64
2026.04.13	18:30:00	6854.08	6865.20	6853.09	6863.49	2443	0	64
2026.04.13	19:00:00	6863.35	6869.00	6860.84	6868.51	2218	0	64
2026.04.13	19:30:00	6868.35	6893.49	6866.88	6889.98	5457	0	64
2026.04.13	20:00:00	6890.20	6894.45	6888.06	6892.34	1747	0	64
2026.04.13	20:30:00	6892.19	6896.95	6892.04	6895.98	507	0	72
2026.04.13	22:00:00	6893.55	6898.95	6893.55	6895.23	833	0	64
2026.04.13	22:30:00	6895.08	6897.36	6894.53	6896.59	405	0	64
2026.04.13	23:00:00	6896.71	6900.70	6894.90	6897.28	755	0	64
2026.04.13	23:30:00	6897.12	6899.03	6894.53	6895.03	643	0	64
2026.04.14	00:00:00	6894.99	6894.99	6890.05	6892.49	1196	0	64
2026.04.14	00:30:00	6892.32	6897.01	6892.32	6895.19	888	0	64
2026.04.14	01:00:00	6895.08	6895.08	6891.57	6893.79	765	0	64
2026.04.14	01:30:00	6893.78	6895.24	6891.82	6893.07	672	0	64
2026.04.14	02:00:00	6893.04	6896.49	6892.53	6895.58	581	0	64
2026.04.14	02:30:00	6895.74	6896.53	6894.07	6895.03	482	0	64
2026.04.14	03:00:00	6894.85	6894.99	6891.58	6892.27	402	0	64
2026.04.14	03:30:00	6892.28	6893.98	6891.53	6893.30	399	0	64
2026.04.14	04:00:00	6893.45	6894.99	6892.80	6894.03	291	0	64
2026.04.14	04:30:00	6894.03	6894.74	6893.08	6894.53	261	0	64
2026.04.14	05:00:00	6894.53	6895.24	6892.57	6894.11	423	0	64
2026.04.14	05:30:00	6893.91	6893.99	6890.82	6891.08	538	0	64
2026.04.14	06:00:00	6891.23	6893.03	6889.54	6892.57	808	0	64
2026.04.14	06:30:00	6892.53	6896.74	6891.78	6895.49	816	0	64
2026.04.14	07:00:00	6895.33	6905.37	6893.96	6903.09	2595	0	64
2026.04.14	07:30:00	6902.99	6907.14	6900.70	6902.59	1510	0	64
2026.04.14	08:00:00	6902.54	6906.56	6900.94	6906.09	1525	0	64
2026.04.14	08:30:00	6906.23	6909.61	6903.71	6909.10	1098	0	64
2026.04.14	09:00:00	6909.32	6911.36	6905.95	6906.49	980	0	64
2026.04.14	09:30:00	6906.26	6906.26	6902.00	6902.54	780	0	64
2026.04.14	10:00:00	6902.82	6906.36	6900.47	6904.70	963	0	64
2026.04.14	10:30:00	6904.74	6905.56	6897.45	6898.59	1249	0	64
2026.04.14	11:00:00	6898.56	6906.18	6897.45	6905.55	943	0	64
2026.04.14	11:30:00	6905.51	6914.05	6903.65	6907.98	1149	0	64
2026.04.14	12:00:00	6908.12	6913.82	6906.46	6913.69	1791	0	64
2026.04.14	12:30:00	6914.86	6918.59	6905.90	6909.16	1903	0	64
2026.04.14	13:00:00	6908.93	6911.82	6906.65	6906.92	1412	0	64
2026.04.14	13:30:00	6907.05	6930.36	6906.92	6925.74	10635	0	64
2026.04.14	14:00:00	6925.86	6940.16	6925.46	6939.66	6164	0	64
2026.04.14	14:30:00	6939.88	6946.89	6936.00	6945.25	3598	0	64
2026.04.14	15:00:00	6945.39	6954.87	6938.95	6952.76	3892	0	64
2026.04.14	15:30:00	6952.90	6963.14	6952.53	6958.66	2949	0	64
2026.04.14	16:00:00	6958.50	6967.17	6957.78	6966.16	2007	0	64
2026.04.14	16:30:00	6966.00	6967.40	6958.21	6959.41	2286	0	64
2026.04.14	17:00:00	6959.64	6970.42	6959.49	6967.41	2042	0	64
2026.04.14	17:30:00	6967.64	6970.91	6965.69	6967.11	1618	0	64
2026.04.14	18:00:00	6966.95	6969.12	6951.16	6955.91	3680	0	64
2026.04.14	18:30:00	6955.69	6961.59	6952.90	6957.40	2430	0	64
2026.04.14	19:00:00	6957.19	6972.61	6956.65	6972.36	2514	0	64
2026.04.14	19:30:00	6972.19	6975.81	6964.84	6973.82	4576	0	64
2026.04.14	20:00:00	6973.66	6974.81	6968.40	6973.04	1324	0	64
2026.04.14	20:30:00	6973.18	6973.58	6971.41	6971.94	311	0	72
2026.04.14	22:00:00	6970.52	6976.65	6969.81	6974.69	926	0	72
2026.04.14	22:30:00	6974.52	6975.48	6972.98	6973.23	454	0	64
2026.04.14	23:00:00	6973.40	6976.22	6973.02	6975.74	416	0	64
2026.04.14	23:30:00	6975.74	6981.74	6974.78	6976.99	1284	0	64
2026.04.15	00:00:00	6976.81	6977.95	6974.30	6976.54	1207	0	64
2026.04.15	00:30:00	6976.71	6977.78	6973.54	6977.03	875	0	64
2026.04.15	01:00:00	6977.03	6980.78	6975.78	6979.99	986	0	64
2026.04.15	01:30:00	6979.82	6980.52	6977.28	6979.59	914	0	64
2026.04.15	02:00:00	6979.73	6979.73	6975.54	6975.54	683	0	64
2026.04.15	02:30:00	6975.53	6975.68	6972.32	6973.24	775	0	64
2026.04.15	03:00:00	6973.11	6974.74	6973.07	6973.82	539	0	64
2026.04.15	03:30:00	6973.99	6979.28	6973.78	6978.27	625	0	64
2026.04.15	04:00:00	6978.28	6979.02	6976.86	6978.61	471	0	64
2026.04.15	04:30:00	6978.73	6979.21	6975.53	6976.03	440	0	64
2026.04.15	05:00:00	6976.03	6984.72	6971.57	6972.98	2037	0	64
2026.04.15	05:30:00	6973.03	6973.24	6969.03	6972.03	1264	0	64
2026.04.15	06:00:00	6972.19	6974.73	6971.07	6974.34	1031	0	64
2026.04.15	06:30:00	6974.46	6975.99	6973.03	6973.53	1009	0	64
2026.04.15	07:00:00	6973.43	6974.24	6969.96	6970.86	1101	0	64
2026.04.15	07:30:00	6970.80	6975.01	6968.37	6973.58	1033	0	64
2026.04.15	08:00:00	6973.69	6976.06	6971.47	6975.82	1097	0	64
2026.04.15	08:30:00	6975.70	6978.59	6974.94	6976.94	713	0	64
2026.04.15	09:00:00	6977.08	6978.33	6968.19	6969.92	1837	0	64
2026.04.15	09:30:00	6969.97	6971.32	6967.66	6968.58	934	0	64
2026.04.15	10:00:00	6968.82	6973.27	6961.17	6963.06	2018	0	64
2026.04.15	10:30:00	6963.00	6970.98	6959.83	6969.60	1837	0	64
2026.04.15	11:00:00	6969.66	6974.07	6969.31	6971.40	1345	0	64
2026.04.15	11:30:00	6971.54	6985.59	6971.20	6977.17	2234	0	64
2026.04.15	12:00:00	6977.05	6978.73	6970.49	6972.67	1926	0	64
2026.04.15	12:30:00	6972.49	6979.23	6972.09	6976.32	1208	0	64
2026.04.15	13:00:00	6976.47	6982.98	6973.82	6982.02	1450	0	72
2026.04.15	13:30:00	6982.25	6992.77	6971.77	6986.00	10974	0	64
2026.04.15	14:00:00	6986.24	6999.07	6979.36	6998.90	6216	0	64
2026.04.15	14:30:00	6999.06	7000.82	6988.86	6997.18	4258	0	64
2026.04.15	15:00:00	6997.31	7005.56	6994.11	7003.67	3896	0	64
2026.04.15	15:30:00	7003.81	7005.55	6998.35	6999.86	3229	0	64
2026.04.15	16:00:00	7000.02	7008.07	6997.89	7003.65	2355	0	64
2026.04.15	16:30:00	7003.80	7005.02	6987.36	6995.36	5381	0	64
2026.04.15	17:00:00	6995.52	7006.02	6994.36	7004.15	2797	0	64
2026.04.15	17:30:00	7004.30	7010.07	7003.11	7004.86	2137	0	64
2026.04.15	18:00:00	7004.63	7016.56	7001.89	7014.77	4329	0	64
2026.04.15	18:30:00	7015.02	7028.19	7014.90	7026.08	2253	0	64
2026.04.15	19:00:00	7025.84	7029.72	7023.09	7029.34	2272	0	64
2026.04.15	19:30:00	7029.10	7032.19	7022.05	7027.60	4268	0	64
2026.04.15	20:00:00	7027.71	7029.97	7022.07	7024.81	1196	0	72
2026.04.15	20:30:00	7024.58	7027.67	7024.27	7025.65	382	0	72
2026.04.15	22:00:00	7025.73	7030.57	7023.63	7029.89	866	0	72
2026.04.15	22:30:00	7029.89	7033.96	7029.89	7033.96	542	0	64
2026.04.15	23:00:00	7034.17	7035.17	7032.48	7033.44	442	0	64
2026.04.15	23:30:00	7033.66	7038.19	7033.09	7037.31	504	0	64
2026.04.16	00:00:00	7037.43	7040.35	7034.53	7036.16	1300	0	64
2026.04.16	00:30:00	7036.35	7044.35	7036.35	7042.46	709	0	64
2026.04.16	01:00:00	7042.23	7044.12	7039.73	7042.37	637	0	72
2026.04.16	01:30:00	7042.21	7045.87	7040.68	7040.73	767	0	64
2026.04.16	02:00:00	7040.89	7043.04	7040.68	7041.98	789	0	64
2026.04.16	02:30:00	7041.93	7043.89	7039.27	7040.25	658	0	64
2026.04.16	03:00:00	7040.20	7043.68	7040.02	7040.93	591	0	64
2026.04.16	03:30:00	7041.11	7041.68	7039.47	7039.47	493	0	64
2026.04.16	04:00:00	7039.44	7040.85	7038.22	7038.88	496	0	64
2026.04.16	04:30:00	7038.73	7039.89	7037.99	7039.68	307	0	64
2026.04.16	05:00:00	7039.68	7040.63	7036.68	7040.45	617	0	64
2026.04.16	05:30:00	7040.43	7042.68	7039.97	7041.43	899	0	64
2026.04.16	06:00:00	7041.43	7045.95	7041.43	7044.93	1092	0	64
2026.04.16	06:30:00	7044.77	7046.43	7042.28	7045.17	867	0	64
2026.04.16	07:00:00	7045.18	7045.39	7041.05	7043.46	950	0	64
2026.04.16	07:30:00	7043.32	7045.19	7037.31	7038.81	837	0	64
2026.04.16	08:00:00	7038.86	7040.18	7031.78	7032.83	1458	0	72
2026.04.16	08:30:00	7032.96	7036.78	7030.62	7036.13	751	0	72
2026.04.16	09:00:00	7036.17	7038.52	7035.11	7035.50	693	0	64
2026.04.16	09:30:00	7035.37	7036.77	7033.35	7036.71	615	0	64
2026.04.16	10:00:00	7036.96	7039.27	7034.86	7035.38	623	0	72
2026.04.16	10:30:00	7035.23	7035.48	7027.60	7033.18	1334	0	64
2026.04.16	11:00:00	7033.31	7036.49	7031.11	7033.52	879	0	64
2026.04.16	11:30:00	7033.50	7038.26	7033.50	7037.11	1051	0	64
2026.04.16	12:00:00	7037.28	7039.30	7034.23	7038.95	859	0	64
2026.04.16	12:30:00	7039.03	7041.40	7036.12	7037.87	1141	0	72
2026.04.16	13:00:00	7037.98	7042.03	7036.10	7040.11	1313	0	64
2026.04.16	13:30:00	7040.27	7042.28	7014.87	7025.23	11804	0	64
2026.04.16	14:00:00	7025.00	7031.37	7016.73	7021.53	8194	0	64
2026.04.16	14:30:00	7021.65	7032.09	7018.71	7029.74	5742	0	64
2026.04.16	15:00:00	7029.49	7050.54	7029.49	7038.64	4513	0	72
2026.04.16	15:30:00	7038.41	7053.77	7036.89	7052.71	5576	0	72
2026.04.16	16:00:00	7052.87	7058.13	7049.70	7050.62	2504	0	64
2026.04.16	16:30:00	7050.84	7051.13	7032.42	7038.46	5520	0	64
2026.04.16	17:00:00	7038.62	7039.86	7028.70	7037.38	5371	0	64
2026.04.16	17:30:00	7037.58	7045.62	7032.01	7036.70	3746	0	64
2026.04.16	18:00:00	7036.50	7042.30	7025.21	7028.61	5633	0	64
2026.04.16	18:30:00	7028.46	7040.63	7028.21	7037.86	3334	0	72
2026.04.16	19:00:00	7038.09	7042.63	7036.72	7039.71	2653	0	72
2026.04.16	19:30:00	7039.86	7049.88	7038.96	7045.66	3891	0	64
2026.04.16	20:00:00	7045.50	7047.37	7043.71	7045.60	1381	0	64
2026.04.16	20:30:00	7045.46	7048.79	7045.46	7047.28	230	0	72
2026.04.16	22:00:00	7045.75	7052.08	7045.75	7051.90	718	0	72
2026.04.16	22:30:00	7051.84	7052.80	7051.40	7051.88	428	0	72
2026.04.16	23:00:00	7051.85	7054.55	7051.34	7052.83	382	0	64
2026.04.16	23:30:00	7052.68	7055.33	7051.97	7053.34	441	0	64
2026.04.17	00:00:00	7053.18	7053.77	7047.74	7052.88	1405	0	64
2026.04.17	00:30:00	7053.06	7054.04	7051.88	7052.63	704	0	64
2026.04.17	01:00:00	7052.63	7054.34	7051.15	7051.94	861	0	64
2026.04.17	01:30:00	7051.88	7054.35	7051.88	7053.08	718	0	64
2026.04.17	02:00:00	7053.11	7053.84	7047.18	7048.44	617	0	64
2026.04.17	02:30:00	7048.58	7050.38	7048.24	7048.93	425	0	64
2026.04.17	03:00:00	7048.93	7049.42	7046.68	7047.89	474	0	64
2026.04.17	03:30:00	7047.91	7048.64	7046.68	7048.18	431	0	64
2026.04.17	04:00:00	7048.31	7052.93	7047.73	7051.97	430	0	64
2026.04.17	04:30:00	7051.95	7052.92	7049.48	7049.63	344	0	64
2026.04.17	05:00:00	7049.67	7049.67	7045.54	7049.39	689	0	64
2026.04.17	05:30:00	7049.22	7052.08	7046.94	7051.43	652	0	64
2026.04.17	06:00:00	7051.59	7053.88	7049.95	7050.70	846	0	64
2026.04.17	06:30:00	7050.52	7051.93	7047.45	7049.92	882	0	64
2026.04.17	07:00:00	7050.11	7056.34	7050.11	7052.82	1041	0	64
2026.04.17	07:30:00	7052.94	7057.75	7052.05	7056.74	909	0	64
2026.04.17	08:00:00	7056.62	7058.21	7054.86	7057.58	814	0	64
2026.04.17	08:30:00	7057.71	7060.97	7056.05	7060.87	586	0	72
2026.04.17	09:00:00	7060.86	7062.38	7058.05	7061.72	486	0	72
2026.04.17	09:30:00	7061.84	7063.93	7059.05	7063.22	643	0	72
2026.04.17	10:00:00	7063.24	7065.31	7060.71	7061.20	570	0	72
2026.04.17	10:30:00	7061.07	7062.73	7058.31	7061.84	557	0	72
2026.04.17	11:00:00	7061.61	7066.22	7061.56	7065.47	731	0	64
2026.04.17	11:30:00	7065.33	7072.21	7065.33	7071.23	796	0	72
2026.04.17	12:00:00	7071.24	7084.08	7069.81	7084.08	1918	0	72
2026.04.17	12:30:00	7084.34	7106.97	7079.56	7106.05	5593	0	72
2026.04.17	13:00:00	7106.20	7117.47	7089.32	7091.11	7203	0	72
2026.04.17	13:30:00	7090.99	7113.73	7087.25	7113.58	14521	0	64
2026.04.17	14:00:00	7113.71	7125.14	7111.57	7122.88	6900	0	72
2026.04.17	14:30:00	7123.12	7144.05	7122.81	7135.45	5952	0	72
2026.04.17	15:00:00	7135.60	7142.34	7129.21	7136.87	6205	0	72
2026.04.17	15:30:00	7137.09	7144.37	7135.20	7138.72	4809	0	64
2026.04.17	16:00:00	7138.50	7147.61	7136.47	7146.60	3404	0	72
2026.04.17	16:30:00	7146.83	7155.13	7146.70	7150.71	2124	0	72
2026.04.17	17:00:00	7150.87	7153.13	7121.18	7129.87	7400	0	72
2026.04.17	17:30:00	7129.81	7138.26	7126.95	7134.07	4445	0	72
2026.04.17	18:00:00	7134.33	7136.05	7122.46	7129.36	4967	0	72
2026.04.17	18:30:00	7129.21	7135.09	7123.61	7127.48	3294	0	72
2026.04.17	19:00:00	7127.63	7130.12	7120.74	7123.46	3158	0	72
2026.04.17	19:30:00	7123.53	7134.82	7123.46	7130.74	4419	0	72
2026.04.17	20:00:00	7130.87	7135.81	7128.94	7131.14	1251	0	72
2026.04.17	20:30:00	7130.92	7134.52	7130.40	7134.39	283	0	86
2026.04.19	22:00:00	7074.12	7083.27	7056.87	7074.14	5927	0	67
2026.04.19	22:30:00	7074.09	7087.55	7073.16	7082.32	1637	0	72
2026.04.19	23:00:00	7082.55	7085.85	7077.89	7079.47	1342	0	72
2026.04.19	23:30:00	7079.59	7080.09	7074.39	7078.40	1458	0	72
2026.04.20	00:00:00	7078.51	7084.10	7073.52	7083.39	3574	0	64
2026.04.20	00:30:00	7083.30	7085.34	7080.47	7084.43	1688	0	64
2026.04.20	01:00:00	7084.58	7093.18	7083.71	7090.98	1862	0	64
2026.04.20	01:30:00	7091.13	7098.14	7090.93	7096.22	1135	0	64
2026.04.20	02:00:00	7096.00	7096.14	7092.73	7094.19	934	0	64
2026.04.20	02:30:00	7094.37	7094.67	7091.43	7093.68	629	0	64
2026.04.20	03:00:00	7093.52	7094.68	7091.47	7093.73	727	0	64
2026.04.20	03:30:00	7093.88	7095.38	7090.68	7090.93	664	0	64
2026.04.20	04:00:00	7090.93	7092.12	7089.24	7089.93	698	0	64
2026.04.20	04:30:00	7090.08	7093.14	7087.75	7092.14	741	0	64
2026.04.20	05:00:00	7092.14	7092.63	7086.92	7086.95	989	0	64
2026.04.20	05:30:00	7086.89	7087.59	7081.43	7085.55	1628	0	64
2026.04.20	06:00:00	7085.44	7090.85	7085.19	7089.24	1878	0	64
2026.04.20	06:30:00	7089.39	7099.84	7087.72	7095.82	2436	0	64
2026.04.20	07:00:00	7095.95	7102.59	7094.46	7095.64	2931	0	64
2026.04.20	07:30:00	7095.56	7096.72	7086.31	7090.56	2354	0	72
2026.04.20	08:00:00	7090.34	7093.99	7081.82	7093.33	2325	0	72
2026.04.20	08:30:00	7093.46	7102.59	7090.33	7100.95	1576	0	64
2026.04.20	09:00:00	7101.17	7105.37	7097.12	7099.91	1477	0	72
2026.04.20	09:30:00	7099.81	7102.70	7098.82	7099.73	955	0	72
2026.04.20	10:00:00	7099.84	7107.64	7099.32	7102.07	1347	0	72
2026.04.20	10:30:00	7102.21	7102.57	7097.31	7097.98	843	0	72
2026.04.20	11:00:00	7097.80	7098.48	7092.57	7093.56	1314	0	72
2026.04.20	11:30:00	7093.71	7102.22	7093.07	7100.87	1858	0	72
2026.04.20	12:00:00	7100.97	7105.46	7098.57	7101.89	1955	0	64
2026.04.20	12:30:00	7101.94	7112.40	7101.61	7108.07	1595	0	72
2026.04.20	13:00:00	7108.12	7119.69	7106.56	7119.69	3243	0	64
2026.04.20	13:30:00	7119.85	7130.98	7114.06	7128.56	13801	0	64
2026.04.20	14:00:00	7128.69	7128.98	7118.56	7121.47	8414	0	64
2026.04.20	14:30:00	7121.31	7122.17	7096.72	7103.56	11006	0	64
2026.04.20	15:00:00	7103.91	7116.64	7093.34	7114.51	10321	0	64
2026.04.20	15:30:00	7114.26	7114.62	7103.09	7107.81	5585	0	64
2026.04.20	16:00:00	7107.96	7109.73	7101.82	7108.31	3611	0	72
2026.04.20	16:30:00	7108.47	7112.73	7105.81	7108.22	3063	0	64
2026.04.20	17:00:00	7108.07	7115.72	7104.60	7111.73	2888	0	64
2026.04.20	17:30:00	7111.67	7114.20	7107.73	7109.31	2683	0	72
2026.04.20	18:00:00	7109.45	7118.23	7106.81	7115.00	2757	0	64
2026.04.20	18:30:00	7115.16	7118.04	7110.74	7114.72	2069	0	72
2026.04.20	19:00:00	7114.92	7117.51	7111.81	7112.34	1544	0	64
2026.04.20	19:30:00	7112.09	7120.72	7108.34	7119.97	3338	0	72
2026.04.20	20:00:00	7119.81	7121.22	7117.06	7119.21	933	0	64
2026.04.20	20:30:00	7119.05	7131.97	7116.81	7123.62	1701	0	72
2026.04.20	22:00:00	7122.46	7132.92	7122.46	7128.79	1005	0	72
2026.04.20	22:30:00	7128.92	7130.94	7127.29	7130.48	452	0	72
2026.04.20	23:00:00	7130.49	7130.71	7127.79	7127.99	322	0	72
2026.04.20	23:30:00	7127.82	7128.72	7126.49	7127.03	443	0	72
2026.04.21	00:00:00	7127.20	7129.99	7124.50	7124.57	1431	0	64
2026.04.21	00:30:00	7124.74	7132.40	7122.53	7130.53	1584	0	64
2026.04.21	01:00:00	7130.69	7132.21	7128.03	7132.21	969	0	64
2026.04.21	01:30:00	7132.08	7134.53	7129.62	7130.80	1021	0	64
2026.04.21	02:00:00	7130.95	7132.78	7130.53	7132.51	728	0	64
2026.04.21	02:30:00	7132.53	7132.78	7130.03	7130.24	560	0	64
2026.04.21	03:00:00	7130.27	7130.99	7125.80	7127.73	646	0	64
2026.04.21	03:30:00	7127.76	7129.45	7126.53	7129.07	457	0	64
2026.04.21	04:00:00	7129.23	7132.53	7129.23	7132.28	404	0	64
2026.04.21	04:30:00	7132.28	7133.69	7132.28	7132.99	343	0	64
2026.04.21	05:00:00	7133.02	7137.48	7132.53	7136.26	679	0	64
2026.04.21	05:30:00	7136.05	7136.20	7132.53	7133.03	683	0	64
2026.04.21	06:00:00	7132.87	7137.99	7131.81	7135.53	1143	0	64
2026.04.21	06:30:00	7135.63	7137.15	7134.79	7135.24	818	0	64
2026.04.21	07:00:00	7135.08	7135.28	7128.71	7131.03	1394	0	64
2026.04.21	07:30:00	7131.28	7135.33	7128.96	7130.42	1209	0	72
2026.04.21	08:00:00	7130.20	7134.76	7126.70	7133.92	1298	0	64
2026.04.21	08:30:00	7133.80	7138.81	7132.42	7136.20	1028	0	64
2026.04.21	09:00:00	7136.25	7136.35	7130.84	7133.30	947	0	64
2026.04.21	09:30:00	7133.27	7141.80	7133.16	7140.92	893	0	64
2026.04.21	10:00:00	7140.95	7144.07	7140.21	7141.58	872	0	72
2026.04.21	10:30:00	7141.78	7149.59	7141.42	7148.16	743	0	72
2026.04.21	11:00:00	7147.95	7150.83	7141.68	7150.81	1559	0	72
2026.04.21	11:30:00	7150.69	7155.00	7147.90	7147.93	1112	0	72
2026.04.21	12:00:00	7148.06	7149.33	7138.90	7146.28	1506	0	72
2026.04.21	12:30:00	7146.17	7148.44	7132.97	7136.43	3143	0	72
2026.04.21	13:00:00	7136.74	7137.58	7132.34	7134.67	1840	0	72
2026.04.21	13:30:00	7134.45	7140.57	7119.41	7139.85	11598	0	64
2026.04.21	14:00:00	7139.97	7144.81	7133.74	7137.96	6016	0	64
2026.04.21	14:30:00	7138.12	7140.12	7106.10	7107.10	8277	0	64
2026.04.21	15:00:00	7107.26	7113.85	7093.23	7098.60	12675	0	64
2026.04.21	15:30:00	7098.48	7106.62	7092.22	7098.86	8747	0	64
2026.04.21	16:00:00	7099.08	7110.57	7094.45	7095.36	6304	0	64
2026.04.21	16:30:00	7095.22	7103.36	7086.96	7087.23	5101	0	64
2026.04.21	17:00:00	7087.28	7094.36	7069.19	7077.54	8881	0	64
2026.04.21	17:30:00	7077.77	7104.95	7077.41	7089.45	8137	0	64
2026.04.21	18:00:00	7089.60	7095.88	7078.34	7082.34	5669	0	64
2026.04.21	18:30:00	7082.49	7100.22	7082.00	7095.01	5491	0	72
2026.04.21	19:00:00	7095.14	7110.16	7094.47	7109.51	6005	0	64
2026.04.21	19:30:00	7109.67	7111.17	7057.98	7073.56	14810	0	64
2026.04.21	20:00:00	7073.72	7111.80	7064.76	7094.26	7968	0	64
2026.04.21	20:30:00	7094.33	7100.36	7090.66	7095.34	1898	0	72
2026.04.21	22:00:00	7098.50	7103.64	7096.92	7101.00	1456	0	72
2026.04.21	22:30:00	7101.14	7102.33	7096.44	7097.69	740	0	72
2026.04.21	23:00:00	7097.52	7101.40	7096.27	7099.44	591	0	72
2026.04.21	23:30:00	7099.44	7104.67	7097.77	7104.67	807	0	72
2026.04.22	00:00:00	7104.69	7113.29	7104.69	7110.54	1611	0	64
2026.04.22	00:30:00	7110.37	7112.83	7107.04	7107.72	913	0	64
2026.04.22	01:00:00	7107.74	7111.02	7107.49	7109.35	1081	0	64
2026.04.22	01:30:00	7109.43	7115.50	7109.08	7113.30	1242	0	64
2026.04.22	02:00:00	7113.29	7116.35	7112.79	7115.28	811	0	64
2026.04.22	02:30:00	7115.23	7115.73	7111.37	7111.83	585	0	64
2026.04.22	03:00:00	7111.83	7114.70	7110.23	7111.54	622	0	64
2026.04.22	03:30:00	7111.57	7113.90	7109.12	7109.39	573	0	64
2026.04.22	04:00:00	7109.53	7111.32	7107.60	7107.67	610	0	64
2026.04.22	04:30:00	7107.75	7108.54	7103.33	7103.62	714	0	64
2026.04.22	05:00:00	7103.79	7120.39	7102.83	7113.69	2142	0	64
2026.04.22	05:30:00	7113.56	7116.95	7113.02	7114.23	1143	0	64
2026.04.22	06:00:00	7114.08	7114.71	7107.29	7111.44	1170	0	64
2026.04.22	06:30:00	7111.66	7116.94	7111.66	7115.17	1180	0	72
2026.04.22	07:00:00	7115.24	7118.56	7112.90	7117.92	1381	0	72
2026.04.22	07:30:00	7118.07	7120.06	7114.66	7115.26	1429	0	72
2026.04.22	08:00:00	7115.13	7117.01	7107.63	7108.21	1724	0	64
2026.04.22	08:30:00	7108.47	7112.01	7103.10	7111.36	1567	0	64
2026.04.22	09:00:00	7111.51	7119.52	7110.61	7118.52	1586	0	64
2026.04.22	09:30:00	7118.47	7119.27	7107.13	7111.44	1436	0	64
2026.04.22	10:00:00	7111.10	7114.46	7105.93	7112.62	1743	0	72
2026.04.22	10:30:00	7112.66	7116.37	7111.40	7111.76	1108	0	72
2026.04.22	11:00:00	7111.88	7113.30	7108.32	7109.67	1351	0	64
2026.04.22	11:30:00	7109.91	7115.47	7108.49	7114.57	1358	0	72
2026.04.22	12:00:00	7114.70	7129.20	7114.70	7121.38	1617	0	72
2026.04.22	12:30:00	7121.35	7123.14	7110.87	7111.46	2128	0	72
2026.04.22	13:00:00	7111.57	7125.28	7110.30	7122.72	3245	0	72
2026.04.22	13:30:00	7122.56	7125.84	7113.55	7125.30	10790	0	64
2026.04.22	14:00:00	7125.09	7138.73	7119.09	7137.06	6841	0	64
2026.04.22	14:30:00	7136.85	7138.20	7126.07	7131.82	6763	0	72
2026.04.22	15:00:00	7131.96	7136.40	7124.25	7133.25	5353	0	72
2026.04.22	15:30:00	7133.39	7135.65	7122.84	7127.55	3995	0	72
2026.04.22	16:00:00	7128.63	7132.47	7121.87	7122.58	3064	0	64
2026.04.22	16:30:00	7122.36	7127.98	7119.30	7120.31	3642	0	72
2026.04.22	17:00:00	7120.47	7135.48	7120.32	7131.72	3866	0	72
2026.04.22	17:30:00	7131.94	7135.41	7129.34	7130.95	2170	0	72
2026.04.22	18:00:00	7130.83	7132.97	7123.06	7125.32	2112	0	72
2026.04.22	18:30:00	7125.46	7131.47	7124.57	7127.22	1701	0	72
2026.04.22	19:00:00	7127.34	7136.48	7122.80	7135.37	3338	0	64
2026.04.22	19:30:00	7135.50	7145.51	7132.07	7142.86	4077	0	64
2026.04.22	20:00:00	7142.99	7145.09	7132.72	7136.00	2543	0	64
2026.04.22	20:30:00	7136.14	7137.67	7128.91	7136.91	798	0	72
2026.04.22	22:00:00	7136.18	7137.60	7131.97	7134.08	1025	0	72
2026.04.22	22:30:00	7133.85	7135.04	7132.34	7134.33	575	0	72
2026.04.22	23:00:00	7134.48	7137.00	7133.16	7136.09	401	0	72
2026.04.22	23:30:00	7136.06	7136.83	7134.33	7136.12	489	0	64
2026.04.23	00:00:00	7135.90	7136.68	7078.97	7126.71	9295	0	64
2026.04.23	00:30:00	7126.63	7131.73	7122.60	7128.29	3927	0	64
2026.04.23	01:00:00	7128.29	7128.76	7118.08	7118.99	2752	0	64
2026.04.23	01:30:00	7118.83	7121.96	7113.11	7114.83	2368	0	64
2026.04.23	02:00:00	7114.96	7116.02	7105.65	7109.88	2746	0	64
2026.04.23	02:30:00	7110.04	7113.50	7106.09	7106.79	2603	0	64
2026.04.23	03:00:00	7106.94	7109.68	7097.79	7098.11	2430	0	64
2026.04.23	03:30:00	7098.08	7101.58	7092.62	7100.66	2491	0	64
2026.04.23	04:00:00	7100.78	7106.04	7097.14	7104.87	1601	0	64
2026.04.23	04:30:00	7104.83	7109.01	7104.58	7108.78	1041	0	64
2026.04.23	05:00:00	7108.83	7110.74	7105.12	7107.51	1316	0	64
2026.04.23	05:30:00	7107.56	7113.69	7104.59	7111.66	1900	0	64
2026.04.23	06:00:00	7112.08	7117.83	7111.80	7117.03	1618	0	64
2026.04.23	06:30:00	7116.94	7118.27	7114.08	7116.75	1449	0	64
2026.04.23	07:00:00	7117.12	7118.63	7114.22	7116.70	1801	0	64
2026.04.23	07:30:00	7116.99	7122.37	7113.97	7118.48	1918	0	72
2026.04.23	08:00:00	7118.46	7119.98	7111.20	7115.75	2035	0	72
2026.04.23	08:30:00	7115.85	7115.87	7104.46	7106.46	1826	0	64
2026.04.23	09:00:00	7106.36	7111.37	7099.27	7109.11	2251	0	64
2026.04.23	09:30:00	7109.22	7113.85	7107.97	7108.61	1471	0	72
2026.04.23	10:00:00	7108.04	7110.84	7102.85	7108.05	1812	0	72
2026.04.23	10:30:00	7108.09	7116.12	7107.03	7115.21	1752	0	64
2026.04.23	11:00:00	7115.52	7118.61	7109.50	7111.91	1725	0	72
2026.04.23	11:30:00	7111.95	7134.13	7107.78	7131.75	2864	0	72
2026.04.23	12:00:00	7131.29	7142.39	7129.45	7132.23	2515	0	72
2026.04.23	12:30:00	7132.27	7134.62	7111.84	7125.61	3580	0	64
2026.04.23	13:00:00	7125.84	7128.19	7116.69	7125.62	2276	0	64
2026.04.23	13:30:00	7125.73	7144.37	7123.39	7133.22	9624	0	64
2026.04.23	14:00:00	7133.00	7140.03	7122.84	7135.75	7937	0	64
2026.04.23	14:30:00	7135.89	7151.57	7134.86	7148.18	5336	0	64
2026.04.23	15:00:00	7148.31	7153.86	7145.15	7150.82	3843	0	64
2026.04.23	15:30:00	7151.03	7154.57	7137.65	7141.81	5299	0	64
2026.04.23	16:00:00	7141.66	7142.80	7133.66	7137.94	4194	0	64
2026.04.23	16:30:00	7137.69	7143.27	7136.23	7139.24	3102	0	64
2026.04.23	17:00:00	7139.47	7141.54	7088.94	7090.35	15838	0	72
2026.04.23	17:30:00	7090.48	7106.64	7053.26	7096.60	18025	0	64
2026.04.23	18:00:00	7096.44	7117.23	7093.27	7116.56	9946	0	64
2026.04.23	18:30:00	7116.72	7126.57	7098.80	7102.79	6095	0	72
2026.04.23	19:00:00	7102.59	7118.02	7099.09	7115.64	5548	0	64
2026.04.23	19:30:00	7115.68	7120.96	7096.29	7116.05	7359	0	72
2026.04.23	20:00:00	7116.20	7119.02	7103.04	7110.91	3490	0	72
2026.04.23	20:30:00	7110.66	7113.03	7104.13	7106.94	1133	0	72
2026.04.23	22:00:00	7117.30	7122.72	7114.73	7119.55	1406	0	72
2026.04.23	22:30:00	7119.57	7123.02	7117.31	7121.84	816	0	72
2026.04.23	23:00:00	7121.67	7122.84	7119.59	7122.79	565	0	72
2026.04.23	23:30:00	7122.84	7128.79	7122.84	7128.75	793	0	72
2026.04.24	00:00:00	7128.81	7135.99	7125.89	7135.78	1853	0	64
2026.04.24	00:30:00	7135.95	7137.47	7130.30	7131.94	1728	0	64
2026.04.24	01:00:00	7131.89	7133.29	7128.95	7131.54	1747	0	64
2026.04.24	01:30:00	7131.54	7132.44	7125.74	7131.33	1858	0	64
2026.04.24	02:00:00	7131.49	7131.70	7119.24	7120.05	2010	0	64
2026.04.24	02:30:00	7119.85	7123.23	7115.26	7117.32	1613	0	64
2026.04.24	03:00:00	7117.28	7119.28	7112.79	7113.25	1543	0	64
2026.04.24	03:30:00	7113.43	7118.04	7111.24	7114.59	1529	0	64
2026.04.24	04:00:00	7114.43	7118.10	7112.43	7113.63	1390	0	64
2026.04.24	04:30:00	7113.76	7120.55	7113.63	7119.88	1039	0	64
2026.04.24	05:00:00	7119.88	7121.59	7115.34	7120.59	1501	0	64
2026.04.24	05:30:00	7120.59	7126.88	7120.59	7126.48	978	0	64
2026.04.24	06:00:00	7126.63	7127.91	7121.76	7122.18	1294	0	64
2026.04.24	06:30:00	7122.27	7125.37	7120.70	7122.93	1415	0	64
2026.04.24	07:00:00	7122.93	7130.93	7121.98	7130.07	1531	0	64
2026.04.24	07:30:00	7129.87	7129.87	7123.30	7129.13	1360	0	64
2026.04.24	08:00:00	7129.09	7135.25	7122.57	7125.10	2701	0	72
2026.04.24	08:30:00	7125.11	7125.23	7116.49	7118.50	1897	0	64
2026.04.24	09:00:00	7118.62	7121.61	7110.43	7117.55	2059	0	64
2026.04.24	09:30:00	7117.50	7121.62	7115.90	7118.92	1371	0	64
2026.04.24	10:00:00	7118.86	7126.75	7116.72	7126.00	1430	0	64
2026.04.24	10:30:00	7125.85	7127.69	7123.21	7125.66	1140	0	72
2026.04.24	11:00:00	7125.45	7162.19	7125.45	7161.66	6224	0	72
2026.04.24	11:30:00	7161.81	7164.50	7143.66	7145.65	3013	0	64
2026.04.24	12:00:00	7145.79	7152.05	7142.61	7148.17	2911	0	72
2026.04.24	12:30:00	7148.31	7148.56	7129.24	7137.05	3361	0	72
2026.04.24	13:00:00	7137.28	7145.07	7136.66	7137.40	2888	0	72
2026.04.24	13:30:00	7137.19	7141.21	7119.94	7129.22	13314	0	64
2026.04.24	14:00:00	7128.79	7136.64	7121.13	7128.54	11101	0	64
2026.04.24	14:30:00	7128.78	7146.28	7124.41	7144.68	8012	0	64
2026.04.24	15:00:00	7144.81	7151.81	7142.40	7148.70	5295	0	64
2026.04.24	15:30:00	7148.86	7171.92	7145.90	7168.57	8852	0	64
2026.04.24	16:00:00	7168.42	7170.30	7160.83	7163.68	4408	0	72
2026.04.24	16:30:00	7163.81	7169.25	7159.15	7166.35	3440	0	72
2026.04.24	17:00:00	7166.21	7168.08	7157.65	7160.81	3164	0	72
2026.04.24	17:30:00	7160.66	7174.76	7157.97	7166.81	3251	0	72
2026.04.24	18:00:00	7167.04	7168.25	7159.71	7160.41	2632	0	72
2026.04.24	18:30:00	7160.57	7166.53	7160.16	7165.66	2222	0	72
2026.04.24	19:00:00	7165.82	7174.82	7165.65	7167.67	2532	0	72
2026.04.24	19:30:00	7167.82	7173.58	7164.65	7169.32	4164	0	72
2026.04.24	20:00:00	7169.16	7171.70	7164.84	7165.59	956	0	72
2026.04.24	20:30:00	7165.73	7171.51	7165.73	7171.09	226	0	86
2026.04.26	22:00:00	7161.42	7167.24	7147.76	7154.24	2209	0	72
2026.04.26	22:30:00	7154.29	7159.01	7152.13	7158.80	832	0	72
2026.04.26	23:00:00	7158.79	7159.24	7154.34	7155.00	682	0	72
2026.04.26	23:30:00	7154.84	7155.54	7151.79	7155.09	806	0	72
2026.04.27	00:00:00	7155.21	7159.53	7153.84	7158.54	2205	0	64
2026.04.27	00:30:00	7158.75	7169.45	7157.58	7166.93	1566	0	64
2026.04.27	01:00:00	7167.16	7178.42	7166.79	7174.79	2771	0	72
2026.04.27	01:30:00	7174.95	7184.70	7174.04	7184.45	1606	0	72
2026.04.27	02:00:00	7184.29	7185.20	7179.04	7181.10	981	0	72
2026.04.27	02:30:00	7180.81	7183.02	7179.81	7180.39	594	0	72
2026.04.27	03:00:00	7180.14	7183.52	7178.56	7180.78	817	0	72
2026.04.27	03:30:00	7180.95	7181.45	7179.29	7179.79	494	0	72
2026.04.27	04:00:00	7179.56	7180.70	7177.04	7180.36	479	0	72
2026.04.27	04:30:00	7180.52	7181.95	7176.54	7177.45	527	0	72
2026.04.27	05:00:00	7177.29	7177.70	7168.34	7168.50	1356	0	72
2026.04.27	05:30:00	7168.53	7169.58	7164.62	7166.28	1612	0	64
2026.04.27	06:00:00	7166.13	7168.22	7162.88	7167.24	1789	0	64
2026.04.27	06:30:00	7167.11	7167.47	7162.61	7164.69	1572	0	72
2026.04.27	07:00:00	7164.74	7166.81	7161.90	7164.21	1819	0	72
2026.04.27	07:30:00	7163.98	7165.76	7162.15	7163.80	1180	0	72
2026.04.27	08:00:00	7163.66	7165.80	7158.16	7162.86	1831	0	72
2026.04.27	08:30:00	7162.78	7166.78	7162.42	7165.66	1070	0	72
2026.04.27	09:00:00	7165.71	7168.40	7164.81	7166.20	754	0	72
2026.04.27	09:30:00	7166.16	7168.70	7165.82	7166.46	559	0	72
2026.04.27	10:00:00	7166.57	7168.69	7164.35	7166.50	638	0	72
2026.04.27	10:30:00	7166.65	7172.70	7166.24	7171.46	915	0	72
2026.04.27	11:00:00	7171.41	7175.48	7171.31	7174.32	990	0	72
2026.04.27	11:30:00	7174.46	7175.97	7173.29	7174.17	831	0	72
2026.04.27	12:00:00	7174.40	7174.96	7163.40	7166.81	1606	0	72
2026.04.27	12:30:00	7166.71	7170.60	7163.21	7166.36	2134	0	72
2026.04.27	13:00:00	7166.75	7169.38	7161.21	7164.35	3186	0	64
2026.04.27	13:30:00	7164.57	7176.37	7158.97	7173.37	12497	0	64
2026.04.27	14:00:00	7173.59	7175.12	7166.21	7167.21	8547	0	64
2026.04.27	14:30:00	7167.35	7176.42	7163.45	7168.82	6458	0	64
2026.04.27	15:00:00	7169.07	7170.63	7155.20	7162.36	5571	0	64
2026.04.27	15:30:00	7162.58	7167.36	7160.01	7166.59	3323	0	72
2026.04.27	16:00:00	7166.74	7173.88	7164.45	7171.34	2252	0	72
2026.04.27	16:30:00	7171.59	7175.89	7171.45	7174.17	2296	0	64
2026.04.27	17:00:00	7174.38	7179.82	7171.75	7178.88	2469	0	64
2026.04.27	17:30:00	7178.82	7184.82	7178.70	7181.36	2501	0	64
2026.04.27	18:00:00	7181.20	7185.07	7179.99	7183.40	1551	0	64
2026.04.27	18:30:00	7183.20	7184.58	7179.65	7180.95	1485	0	64
2026.04.27	19:00:00	7180.73	7184.61	7179.45	7183.86	1693	0	64
2026.04.27	19:30:00	7183.71	7188.82	7181.41	7184.82	2841	0	64
2026.04.27	20:00:00	7184.95	7185.31	7179.84	7182.08	564	0	72
2026.04.27	20:30:00	7181.97	7185.15	7181.97	7182.86	238	0	86
2026.04.27	22:00:00	7184.01	7199.15	7184.01	7197.19	1740	0	72
2026.04.27	22:30:00	7197.19	7198.19	7194.44	7194.94	650	0	72
2026.04.27	23:00:00	7194.94	7196.65	7193.30	7195.99	556	0	72
2026.04.27	23:30:00	7195.94	7198.19	7195.04	7195.69	648	0	64
2026.04.28	00:00:00	7195.73	7201.61	7190.73	7193.69	2624	0	64
2026.04.28	00:30:00	7193.87	7195.44	7191.78	7192.24	1277	0	64
2026.04.28	01:00:00	7192.37	7194.43	7190.24	7194.18	1465	0	64
2026.04.28	01:30:00	7194.03	7197.65	7186.53	7187.19	1767	0	64
2026.04.28	02:00:00	7187.33	7190.23	7185.69	7188.74	1193	0	64
2026.04.28	02:30:00	7188.73	7188.73	7183.24	7184.43	1045	0	64
2026.04.28	03:00:00	7184.28	7189.17	7183.24	7188.98	1073	0	64
2026.04.28	03:30:00	7188.98	7190.40	7186.03	7186.69	856	0	64
2026.04.28	04:00:00	7186.91	7189.66	7185.52	7188.98	729	0	64
2026.04.28	04:30:00	7188.98	7191.23	7187.73	7187.78	554	0	64
2026.04.28	05:00:00	7187.93	7188.71	7180.49	7183.19	1233	0	64
2026.04.28	05:30:00	7183.03	7183.19	7174.73	7176.77	1706	0	64
2026.04.28	06:00:00	7176.93	7179.27	7174.53	7178.40	1564	0	64
2026.04.28	06:30:00	7178.23	7179.16	7169.48	7172.19	1767	0	64
2026.04.28	07:00:00	7172.13	7173.51	7169.14	7170.82	1984	0	64
2026.04.28	07:30:00	7170.93	7176.27	7170.27	7175.25	1685	0	64
2026.04.28	08:00:00	7175.45	7180.00	7166.90	7180.00	2307	0	64
2026.04.28	08:30:00	7179.86	7180.24	7175.85	7178.99	1456	0	72
2026.04.28	09:00:00	7178.86	7179.33	7172.96	7174.81	1599	0	64
2026.04.28	09:30:00	7174.69	7175.27	7166.70	7170.41	1778	0	64
2026.04.28	10:00:00	7170.56	7173.28	7164.92	7167.92	1548	0	72
2026.04.28	10:30:00	7168.05	7169.52	7164.92	7167.93	1333	0	72
2026.04.28	11:00:00	7167.70	7170.32	7145.66	7148.43	2890	0	72
2026.04.28	11:30:00	7148.21	7148.63	7134.46	7137.55	4444	0	64
2026.04.28	12:00:00	7137.39	7142.98	7128.64	7131.05	6761	0	72
2026.04.28	12:30:00	7130.89	7148.80	7126.64	7148.39	4368	0	72
2026.04.28	13:00:00	7148.16	7153.78	7139.71	7151.04	3949	0	72
2026.04.28	13:30:00	7150.88	7161.87	7140.64	7148.81	17020	0	64
2026.04.28	14:00:00	7148.24	7156.36	7142.71	7145.62	11988	0	64
2026.04.28	14:30:00	7145.46	7148.87	7125.23	7138.05	16116	0	64
2026.04.28	15:00:00	7138.28	7144.12	7130.98	7131.96	11711	0	64
2026.04.28	15:30:00	7131.73	7134.37	7126.71	7132.72	7573	0	72
2026.04.28	16:00:00	7132.88	7138.32	7130.74	7136.09	5154	0	64
2026.04.28	16:30:00	7135.91	7137.11	7125.93	7134.16	5533	0	64
2026.04.28	17:00:00	7134.32	7135.82	7126.91	7133.45	3976	0	64
2026.04.28	17:30:00	7133.61	7144.07	7133.45	7143.07	3576	0	64
2026.04.28	18:00:00	7143.30	7149.02	7140.41	7145.77	3456	0	64
2026.04.28	18:30:00	7146.00	7148.31	7140.61	7147.65	2630	0	64
2026.04.28	19:00:00	7147.81	7154.51	7146.61	7148.52	2969	0	64
2026.04.28	19:30:00	7148.36	7152.95	7144.86	7150.02	4414	0	64
2026.04.28	20:00:00	7150.25	7154.45	7146.04	7152.20	1215	0	72
2026.04.28	20:30:00	7152.43	7152.43	7149.36	7150.82	402	0	72
2026.04.28	22:00:00	7152.65	7156.64	7152.60	7153.90	1017	0	72
2026.04.28	22:30:00	7153.89	7155.58	7153.64	7155.13	433	0	72
2026.04.28	23:00:00	7155.14	7155.14	7153.41	7154.89	342	0	64
2026.04.28	23:30:00	7155.05	7158.68	7154.94	7158.57	398	0	64
2026.04.29	00:00:00	7158.64	7165.85	7158.64	7165.81	974	0	64
2026.04.29	00:30:00	7165.87	7167.06	7162.18	7162.63	697	0	64
2026.04.29	01:00:00	7162.50	7162.68	7148.74	7155.74	2945	0	64
2026.04.29	01:30:00	7155.88	7162.39	7154.94	7157.47	1965	0	64
2026.04.29	02:00:00	7157.64	7164.38	7157.64	7161.64	1333	0	64
2026.04.29	02:30:00	7161.49	7161.89	7158.68	7160.93	956	0	64
2026.04.29	03:00:00	7160.93	7164.43	7160.69	7163.88	672	0	64
2026.04.29	03:30:00	7163.73	7163.93	7160.43	7161.83	470	0	64
2026.04.29	04:00:00	7161.68	7163.89	7161.68	7163.68	383	0	64
2026.04.29	04:30:00	7163.68	7166.12	7163.18	7163.68	445	0	64
2026.04.29	05:00:00	7163.86	7164.85	7161.10	7164.00	643	0	64
2026.04.29	05:30:00	7164.15	7166.65	7163.49	7164.18	622	0	72
2026.04.29	06:00:00	7163.95	7167.39	7161.89	7162.40	1013	0	64
2026.04.29	06:30:00	7162.55	7164.57	7158.43	7158.84	1191	0	64
2026.04.29	07:00:00	7158.89	7162.47	7154.81	7157.12	1564	0	72
2026.04.29	07:30:00	7157.22	7159.22	7148.57	7153.71	1874	0	72
2026.04.29	08:00:00	7154.23	7159.22	7145.28	7154.42	2767	0	64
2026.04.29	08:30:00	7154.27	7154.81	7145.51	7151.52	2112	0	64
2026.04.29	09:00:00	7151.56	7155.92	7149.00	7153.06	1713	0	64
2026.04.29	09:30:00	7152.85	7156.60	7146.28	7148.34	1721	0	64
2026.04.29	10:00:00	7148.15	7159.65	7145.50	7158.16	1536	0	72
2026.04.29	10:30:00	7158.29	7159.87	7153.53	7155.27	1149	0	72
2026.04.29	11:00:00	7155.16	7157.32	7152.06	7153.50	1555	0	72
2026.04.29	11:30:00	7153.41	7158.67	7148.75	7152.26	1539	0	72
2026.04.29	12:00:00	7152.16	7153.39	7145.87	7149.53	1624	0	72
2026.04.29	12:30:00	7149.41	7150.65	7140.01	7148.40	2177	0	72
2026.04.29	13:00:00	7148.50	7152.76	7141.41	7142.61	2328	0	72
2026.04.29	13:30:00	7142.40	7144.19	7129.15	7140.25	11173	0	64
2026.04.29	14:00:00	7140.13	7149.02	7135.38	7147.52	6732	0	64
2026.04.29	14:30:00	7147.65	7154.77	7145.63	7147.27	4383	0	64
2026.04.29	15:00:00	7147.39	7148.03	7133.64	7141.21	4868	0	64
2026.04.29	15:30:00	7141.05	7143.28	7124.57	7133.01	7227	0	64
2026.04.29	16:00:00	7133.21	7140.28	7129.88	7130.36	4631	0	64
2026.04.29	16:30:00	7130.14	7133.02	7121.61	7129.51	4757	0	72
2026.04.29	17:00:00	7129.73	7134.12	7124.61	7131.89	3639	0	72
2026.04.29	17:30:00	7132.00	7140.02	7130.37	7138.61	3134	0	64
2026.04.29	18:00:00	7138.66	7139.10	7117.10	7125.11	5632	0	72
2026.04.29	18:30:00	7125.25	7139.18	7116.57	7138.37	7114	0	72
2026.04.29	19:00:00	7138.51	7147.46	7132.41	7141.39	5102	0	72
2026.04.29	19:30:00	7141.15	7149.89	7133.61	7149.29	5429	0	72
2026.04.29	20:00:00	7149.43	7170.20	7109.99	7140.97	14825	0	72
2026.04.29	20:30:00	7140.83	7146.12	7119.55	7119.69	4135	0	72
2026.04.29	22:00:00	7130.54	7176.60	7127.58	7168.19	3490	0	72
2026.04.29	22:30:00	7168.35	7171.85	7162.54	7163.30	1773	0	72
2026.04.29	23:00:00	7163.46	7165.74	7159.29	7162.73	1262	0	72
2026.04.29	23:30:00	7162.96	7173.08	7162.61	7172.30	1851	0	64
2026.04.30	00:00:00	7172.54	7178.10	7170.49	7175.99	2815	0	64
2026.04.30	00:30:00	7176.13	7180.39	7176.13	7178.71	1960	0	64
2026.04.30	01:00:00	7178.85	7179.37	7175.66	7177.64	1639	0	64
2026.04.30	01:30:00	7177.67	7180.16	7173.64	7178.93	1571	0	64
2026.04.30	02:00:00	7178.93	7179.38	7167.50	7169.03	1153	0	64
2026.04.30	02:30:00	7168.89	7169.02	7145.11	7157.03	6296	0	64
2026.04.30	03:00:00	7156.72	7161.10	7151.44	7154.64	2431	0	64
2026.04.30	03:30:00	7154.64	7157.38	7151.09	7151.29	1953	0	64
2026.04.30	04:00:00	7151.17	7151.34	7132.92	7134.59	3486	0	64
2026.04.30	04:30:00	7134.47	7134.80	7124.44	7124.72	3278	0	64
2026.04.30	05:00:00	7124.84	7138.17	7124.84	7130.29	3311	0	64
2026.04.30	05:30:00	7130.19	7137.14	7122.78	7123.03	2609	0	64
2026.04.30	06:00:00	7122.75	7124.05	7113.44	7122.04	3833	0	64
2026.04.30	06:30:00	7122.62	7137.60	7122.62	7132.89	3710	0	72
2026.04.30	07:00:00	7133.06	7143.16	7129.37	7142.81	3409	0	72
2026.04.30	07:30:00	7142.95	7145.46	7137.31	7140.57	2426	0	64
2026.04.30	08:00:00	7140.45	7148.71	7139.06	7144.55	3156	0	64
2026.04.30	08:30:00	7144.70	7150.46	7143.55	7144.62	2358	0	72
2026.04.30	09:00:00	7144.44	7152.93	7138.19	7152.31	2602	0	72
2026.04.30	09:30:00	7152.46	7163.86	7149.00	7150.82	3281	0	72
2026.04.30	10:00:00	7150.71	7162.59	7150.71	7161.34	2352	0	72
2026.04.30	10:30:00	7161.46	7166.34	7155.00	7159.88	3509	0	72
2026.04.30	11:00:00	7160.15	7179.98	7159.58	7179.11	2986	0	72
2026.04.30	11:30:00	7179.05	7179.22	7170.56	7174.07	2376	0	72
2026.04.30	12:00:00	7173.86	7190.56	7172.83	7188.90	2182	0	72
2026.04.30	12:30:00	7188.84	7189.59	7176.42	7183.50	2625	0	72
2026.04.30	13:00:00	7183.30	7188.92	7178.75	7180.17	2563	0	72
2026.04.30	13:30:00	7180.01	7180.01	7139.75	7144.53	17737	0	64
2026.04.30	14:00:00	7144.67	7155.68	7136.75	7152.66	13102	0	64
2026.04.30	14:30:00	7152.52	7173.91	7144.26	7171.43	9662	0	64
2026.04.30	15:00:00	7171.54	7178.68	7168.00	7177.00	7311	0	64
2026.04.30	15:30:00	7177.15	7183.42	7167.26	7178.75	6101	0	64
2026.04.30	16:00:00	7178.91	7187.03	7173.51	7184.61	3728	0	72
2026.04.30	16:30:00	7184.88	7186.18	7172.04	7176.51	3420	0	72
2026.04.30	17:00:00	7176.29	7191.42	7176.26	7191.26	3474	0	64
2026.04.30	17:30:00	7191.41	7204.79	7191.26	7203.92	3707	0	72
2026.04.30	18:00:00	7203.76	7214.18	7203.53	7211.76	3491	0	72
2026.04.30	18:30:00	7211.90	7221.21	7211.64	7216.65	2786	0	64
2026.04.30	19:00:00	7216.70	7226.93	7215.76	7224.25	3126	0	72
2026.04.30	19:30:00	7224.41	7230.92	7217.24	7217.36	5201	0	72
2026.04.30	20:00:00	7217.59	7230.60	7217.44	7228.84	2745	0	72
2026.04.30	20:30:00	7227.43	7231.84	7222.29	7225.70	2081	0	72
2026.04.30	22:00:00	7237.25	7243.29	7231.35	7237.25	1538	0	72
2026.04.30	22:30:00	7237.31	7237.52	7226.12	7229.72	1279	0	72
2026.04.30	23:00:00	7229.57	7234.05	7228.88	7233.85	1122	0	72
2026.04.30	23:30:00	7233.84	7236.77	7230.41	7232.48	1090	0	72
2026.05.01	00:00:00	7232.31	7238.79	7230.59	7238.63	2098	0	72
2026.05.01	00:30:00	7238.40	7240.57	7236.85	7237.63	1268	0	64
2026.05.01	01:00:00	7237.63	7242.34	7235.59	7241.78	1100	0	64
2026.05.01	01:30:00	7241.71	7243.76	7241.34	7242.64	666	0	72
2026.05.01	02:00:00	7242.41	7243.03	7240.09	7240.39	509	0	72
2026.05.01	02:30:00	7240.54	7241.08	7238.16	7240.64	573	0	72
2026.05.01	03:00:00	7240.80	7243.73	7239.95	7243.34	436	0	72
2026.05.01	03:30:00	7243.34	7245.52	7239.26	7239.89	658	0	72
2026.05.01	04:00:00	7240.01	7240.55	7237.13	7238.59	719	0	72
2026.05.01	04:30:00	7238.59	7239.09	7236.64	7237.84	435	0	72
2026.05.01	05:00:00	7237.84	7240.08	7236.64	7239.85	630	0	72
2026.05.01	05:30:00	7239.84	7240.05	7236.18	7236.89	618	0	72
2026.05.01	06:00:00	7237.04	7238.09	7235.11	7235.27	786	0	72
2026.05.01	06:30:00	7235.14	7235.77	7231.09	7231.86	888	0	72
2026.05.01	07:00:00	7231.84	7236.90	7231.62	7234.16	907	0	72
2026.05.01	07:30:00	7234.12	7234.16	7228.63	7229.53	730	0	72
2026.05.01	08:00:00	7229.80	7232.68	7228.94	7231.58	755	0	72
2026.05.01	08:30:00	7231.52	7231.52	7227.51	7230.16	623	0	72
2026.05.01	09:00:00	7230.12	7232.17	7226.40	7231.18	661	0	72
2026.05.01	09:30:00	7231.04	7233.94	7230.25	7233.06	557	0	72
2026.05.01	10:00:00	7233.00	7234.40	7231.25	7232.41	541	0	72
2026.05.01	10:30:00	7232.27	7233.92	7228.64	7233.79	754	0	72
2026.05.01	11:00:00	7233.92	7234.65	7229.01	7232.93	898	0	72
2026.05.01	11:30:00	7232.76	7236.19	7231.01	7235.96	801	0	72
2026.05.01	12:00:00	7236.10	7251.35	7234.31	7246.01	2290	0	72
2026.05.01	12:30:00	7245.89	7246.15	7236.82	7238.07	1462	0	72
2026.05.01	13:00:00	7238.02	7245.41	7237.69	7244.17	1487	0	72
2026.05.01	13:30:00	7244.04	7270.60	7238.80	7270.57	11374	0	64
2026.05.01	14:00:00	7270.47	7278.13	7266.93	7271.67	7424	0	72
2026.05.01	14:30:00	7271.86	7271.91	7251.72	7255.62	8336	0	72
2026.05.01	15:00:00	7255.49	7262.13	7248.98	7261.60	6252	0	72
2026.05.01	15:30:00	7261.46	7272.81	7255.85	7262.46	4548	0	72
2026.05.01	16:00:00	7262.25	7264.38	7247.19	7249.87	5124	0	72
2026.05.01	16:30:00	7249.71	7252.13	7243.21	7247.22	4319	0	72
2026.05.01	17:00:00	7247.00	7257.87	7246.95	7257.86	2408	0	72
2026.05.01	17:30:00	7257.73	7260.52	7254.71	7256.46	2204	0	72
2026.05.01	18:00:00	7256.53	7257.62	7243.46	7249.50	3226	0	72
2026.05.01	18:30:00	7249.79	7250.30	7236.20	7239.73	3406	0	72
2026.05.01	19:00:00	7239.84	7254.12	7238.95	7252.49	2464	0	72
2026.05.01	19:30:00	7252.62	7253.35	7232.64	7234.55	4160	0	72
2026.05.01	20:00:00	7234.78	7235.30	7224.65	7226.17	1284	0	72
2026.05.01	20:30:00	7225.92	7226.51	7222.90	7223.79	503	0	86
2026.05.03	22:00:00	7254.05	7261.23	7243.18	7245.52	2121	0	67
2026.05.03	22:30:00	7245.74	7250.64	7244.61	7246.89	1274	0	72
2026.05.03	23:00:00	7246.89	7248.97	7241.64	7242.94	960	0	72
2026.05.03	23:30:00	7242.91	7245.83	7240.46	7243.14	1202	0	72
2026.05.04	00:00:00	7242.89	7247.34	7235.47	7239.10	2970	0	72
2026.05.04	00:30:00	7239.32	7248.34	7238.72	7247.65	1897	0	72
2026.05.04	01:00:00	7247.48	7248.60	7240.69	7242.69	2261	0	72
2026.05.04	01:30:00	7242.64	7248.39	7241.93	7247.30	1726	0	64
2026.05.04	02:00:00	7247.45	7247.95	7240.24	7240.79	1987	0	72
2026.05.04	02:30:00	7240.94	7248.95	7240.55	7246.26	1323	0	64
2026.05.04	03:00:00	7246.24	7249.17	7246.24	7246.78	876	0	64
2026.05.04	03:30:00	7246.63	7248.44	7243.99	7247.24	1224	0	64
2026.05.04	04:00:00	7247.24	7250.49	7246.00	7249.70	811	0	72
2026.05.04	04:30:00	7249.73	7250.48	7247.49	7248.24	553	0	72
2026.05.04	05:00:00	7248.07	7254.62	7247.53	7248.91	1149	0	72
2026.05.04	05:30:00	7249.16	7252.98	7248.05	7249.89	967	0	72
2026.05.04	06:00:00	7250.11	7251.40	7243.34	7246.40	1777	0	72
2026.05.04	06:30:00	7246.55	7248.04	7239.09	7242.29	2024	0	72
2026.05.04	07:00:00	7242.70	7252.86	7238.77	7250.62	1918	0	72
2026.05.04	07:30:00	7250.79	7252.17	7244.50	7244.50	1268	0	72
2026.05.04	08:00:00	7244.64	7244.77	7234.70	7242.07	2416	0	72
2026.05.04	08:30:00	7242.00	7243.91	7240.15	7241.66	1434	0	72
2026.05.04	09:00:00	7241.52	7246.12	7240.00	7244.68	1211	0	72
2026.05.04	09:30:00	7244.54	7246.92	7242.95	7243.16	856	0	72
2026.05.04	10:00:00	7243.12	7244.63	7193.18	7212.27	9924	0	72
2026.05.04	10:30:00	7212.15	7233.16	7209.90	7226.32	4809	0	72
2026.05.04	11:00:00	7226.49	7233.35	7224.07	7225.42	2978	0	72
2026.05.04	11:30:00	7225.26	7227.35	7216.23	7224.49	2642	0	72
2026.05.04	12:00:00	7224.79	7235.05	7224.72	7231.27	2371	0	72
2026.05.04	12:30:00	7231.07	7233.81	7226.08	7228.45	1797	0	72
2026.05.04	13:00:00	7228.26	7234.63	7217.45	7229.69	4262	0	72
2026.05.04	13:30:00	7229.82	7236.93	7221.76	7236.92	11321	0	64
2026.05.04	14:00:00	7236.77	7246.40	7227.92	7241.52	6901	0	72
2026.05.04	14:30:00	7241.57	7250.17	7236.45	7238.09	4640	0	72
2026.05.04	15:00:00	7237.97	7243.43	7203.27	7213.17	12502	0	72
2026.05.04	15:30:00	7213.04	7214.36	7198.51	7204.44	10906	0	72
2026.05.04	16:00:00	7204.60	7207.06	7178.64	7198.76	10923	0	72
2026.05.04	16:30:00	7198.91	7205.67	7192.23	7194.25	5946	0	72
2026.05.04	17:00:00	7194.05	7215.42	7193.72	7214.66	5868	0	72
2026.05.04	17:30:00	7214.87	7215.16	7204.89	7212.25	3125	0	72
2026.05.04	18:00:00	7212.04	7218.90	7200.50	7206.28	3733	0	72
2026.05.04	18:30:00	7206.41	7207.14	7196.77	7203.16	3249	0	72
2026.05.04	19:00:00	7203.00	7210.59	7199.89	7205.91	3697	0	72
2026.05.04	19:30:00	7205.77	7210.91	7202.70	7210.75	3527	0	72
2026.05.04	20:00:00	7210.90	7210.90	7202.35	7207.56	1265	0	72
2026.05.04	20:30:00	7207.36	7208.07	7203.03	7205.01	368	0	72
2026.05.04	22:00:00	7209.45	7215.02	7209.45	7213.73	1124	0	72
2026.05.04	22:30:00	7213.69	7214.13	7206.48	7208.15	890	0	72
2026.05.04	23:00:00	7207.98	7209.69	7206.21	7208.69	712	0	72
2026.05.04	23:30:00	7208.51	7209.13	7205.19	7207.44	781	0	72
2026.05.05	00:00:00	7207.61	7215.88	7204.19	7206.36	2020	0	72
2026.05.05	00:30:00	7206.23	7213.18	7205.74	7212.14	1595	0	72
2026.05.05	01:00:00	7211.99	7215.12	7207.94	7213.27	1568	0	64
2026.05.05	01:30:00	7213.44	7218.86	7211.44	7215.97	1865	0	64
2026.05.05	02:00:00	7216.11	7219.86	7215.06	7219.40	1007	0	64
2026.05.05	02:30:00	7219.44	7221.44	7214.19	7216.89	1158	0	64
2026.05.05	03:00:00	7216.93	7222.19	7216.19	7221.32	751	0	64
2026.05.05	03:30:00	7221.24	7222.15	7220.23	7221.19	547	0	64
2026.05.05	04:00:00	7221.19	7224.14	7220.50	7220.98	579	0	64
2026.05.05	04:30:00	7220.98	7223.62	7219.28	7220.40	690	0	64
2026.05.05	05:00:00	7220.24	7222.40	7218.94	7220.40	836	0	72
2026.05.05	05:30:00	7220.63	7224.62	7218.73	7224.19	1137	0	72
2026.05.05	06:00:00	7224.05	7227.86	7216.48	7218.24	1938	0	72
2026.05.05	06:30:00	7218.39	7228.44	7218.24	7227.99	1786	0	72
2026.05.05	07:00:00	7228.14	7232.53	7226.99	7228.91	1840	0	72
2026.05.05	07:30:00	7229.01	7237.02	7226.10	7227.87	2077	0	72
2026.05.05	08:00:00	7227.99	7237.52	7227.61	7233.86	1657	0	72
2026.05.05	08:30:00	7234.02	7237.20	7233.36	7235.14	1390	0	72
2026.05.05	09:00:00	7235.16	7235.53	7230.40	7233.52	1331	0	72
2026.05.05	09:30:00	7233.53	7238.27	7233.36	7235.85	1093	0	72
2026.05.05	10:00:00	7235.90	7237.01	7233.61	7236.24	811	0	72
2026.05.05	10:30:00	7236.47	7243.07	7233.59	7236.18	1053	0	72
2026.05.05	11:00:00	7236.22	7237.45	7229.85	7235.61	1776	0	72
2026.05.05	11:30:00	7235.74	7240.07	7235.14	7239.07	1124	0	72
2026.05.05	12:00:00	7238.93	7249.74	7237.15	7245.81	2379	0	72
2026.05.05	12:30:00	7246.01	7246.82	7241.15	7242.43	1057	0	72
2026.05.05	13:00:00	7242.56	7249.06	7242.29	7248.01	1408	0	72
2026.05.05	13:30:00	7248.06	7257.80	7245.15	7255.57	8146	0	64
2026.05.05	14:00:00	7255.67	7266.71	7247.82	7263.20	8401	0	64
2026.05.05	14:30:00	7263.32	7264.06	7253.88	7261.31	4347	0	72
2026.05.05	15:00:00	7261.54	7266.68	7260.16	7264.90	3305	0	64
2026.05.05	15:30:00	7265.05	7265.33	7259.40	7260.27	2567	0	72
2026.05.05	16:00:00	7260.51	7268.56	7259.91	7265.73	2003	0	72
2026.05.05	16:30:00	7265.60	7267.32	7262.66	7264.81	1934	0	64
2026.05.05	17:00:00	7264.67	7268.57	7261.15	7268.40	1626	0	72
2026.05.05	17:30:00	7268.55	7272.07	7267.15	7270.15	1378	0	72
2026.05.05	18:00:00	7269.94	7276.83	7269.90	7274.69	1377	0	72
2026.05.05	18:30:00	7274.81	7275.07	7270.94	7273.32	1179	0	72
2026.05.05	19:00:00	7273.53	7280.54	7273.15	7277.41	1640	0	64
2026.05.05	19:30:00	7277.20	7279.04	7263.34	7267.75	3245	0	72
2026.05.05	20:00:00	7267.59	7284.77	7266.33	7282.96	2415	0	72
2026.05.05	20:30:00	7282.70	7282.70	7273.58	7276.10	952	0	72
2026.05.05	22:00:00	7277.58	7279.38	7275.23	7277.99	1094	0	72
2026.05.05	22:30:00	7277.84	7301.08	7277.38	7298.25	2822	0	72
2026.05.05	23:00:00	7297.83	7300.72	7293.82	7295.42	2201	0	72
2026.05.05	23:30:00	7295.48	7298.03	7295.09	7295.99	1267	0	72
2026.05.06	00:00:00	7295.85	7297.28	7282.79	7282.79	3730	0	64
2026.05.06	00:30:00	7282.79	7286.47	7281.08	7285.08	2229	0	64
2026.05.06	01:00:00	7285.03	7289.83	7284.09	7287.04	1964	0	64
2026.05.06	01:30:00	7287.20	7291.47	7285.59	7289.49	1728	0	64
2026.05.06	02:00:00	7289.34	7289.75	7285.57	7285.61	1737	0	64
2026.05.06	02:30:00	7285.75	7287.08	7284.04	7285.77	1084	0	64
2026.05.06	03:00:00	7285.97	7290.04	7284.84	7289.60	1002	0	64
2026.05.06	03:30:00	7289.76	7292.49	7288.34	7289.34	998	0	64
2026.05.06	04:00:00	7289.52	7291.49	7288.31	7290.54	761	0	64
2026.05.06	04:30:00	7290.69	7291.74	7288.11	7290.30	1221	0	64
2026.05.06	05:00:00	7290.12	7291.79	7288.55	7290.77	1168	0	64
2026.05.06	05:30:00	7290.62	7294.04	7288.83	7293.04	1191	0	64
2026.05.06	06:00:00	7292.95	7296.29	7289.83	7290.83	1458	0	72
2026.05.06	06:30:00	7290.97	7292.50	7285.51	7291.15	1485	0	72
2026.05.06	07:00:00	7291.25	7292.87	7288.70	7290.24	1747	0	72
2026.05.06	07:30:00	7290.27	7292.99	7288.21	7292.36	1338	0	72
2026.05.06	08:00:00	7292.58	7293.61	7287.20	7288.48	1685	0	72
2026.05.06	08:30:00	7288.61	7324.53	7287.71	7316.71	4172	0	72
2026.05.06	09:00:00	7316.87	7321.31	7304.47	7314.17	3617	0	72
2026.05.06	09:30:00	7314.06	7324.31	7312.66	7323.17	2641	0	72
2026.05.06	10:00:00	7323.21	7332.50	7321.92	7331.87	2489	0	72
2026.05.06	10:30:00	7331.97	7344.60	7331.33	7339.06	3294	0	72
2026.05.06	11:00:00	7338.94	7346.71	7337.17	7337.80	3201	0	72
2026.05.06	11:30:00	7338.03	7341.82	7326.60	7329.13	3244	0	72
2026.05.06	12:00:00	7329.26	7329.96	7308.41	7324.20	4617	0	72
2026.05.06	12:30:00	7324.37	7325.35	7316.08	7319.67	2448	0	72
2026.05.06	13:00:00	7319.44	7320.49	7309.88	7312.38	4094	0	72
2026.05.06	13:30:00	7312.50	7328.53	7308.60	7327.06	10850	0	72
2026.05.06	14:00:00	7327.29	7337.83	7317.59	7331.47	8905	0	72
2026.05.06	14:30:00	7331.24	7353.11	7331.21	7352.85	6553	0	72
2026.05.06	15:00:00	7352.72	7356.29	7344.97	7351.59	3668	0	72
2026.05.06	15:30:00	7351.46	7352.62	7340.38	7347.27	3652	0	72
2026.05.06	16:00:00	7347.10	7351.13	7345.70	7348.47	2290	0	72
2026.05.06	16:30:00	7348.62	7349.12	7335.73	7340.55	2535	0	72
2026.05.06	17:00:00	7340.78	7349.11	7337.42	7347.73	2325	0	72
2026.05.06	17:30:00	7347.50	7352.38	7346.46	7352.37	1260	0	72
2026.05.06	18:00:00	7352.57	7363.42	7351.45	7362.03	2013	0	72
2026.05.06	18:30:00	7362.16	7366.67	7358.45	7360.98	1742	0	72
2026.05.06	19:00:00	7361.10	7371.59	7360.74	7370.19	2084	0	72
2026.05.06	19:30:00	7369.96	7377.61	7367.25	7368.85	3817	0	72
2026.05.06	20:00:00	7368.70	7377.34	7366.70	7374.60	1951	0	86
2026.05.06	20:30:00	7374.44	7374.82	7366.44	7368.61	820	0	86
2026.05.06	22:00:00	7362.65	7366.21	7359.89	7360.14	1199	0	72
2026.05.06	22:30:00	7360.26	7362.64	7359.71	7361.55	625	0	72
2026.05.06	23:00:00	7361.44	7364.33	7360.47	7362.39	687	0	72
2026.05.06	23:30:00	7362.39	7364.89	7360.22	7362.44	1174	0	72
2026.05.07	00:00:00	7362.55	7367.64	7361.19	7362.93	3421	0	72
2026.05.07	00:30:00	7362.89	7368.09	7361.74	7367.64	1750	0	64
2026.05.07	01:00:00	7367.47	7369.12	7363.69	7368.64	1708	0	72
2026.05.07	01:30:00	7368.51	7375.84	7368.18	7372.96	1249	0	72
2026.05.07	02:00:00	7372.73	7373.88	7365.89	7370.82	1630	0	72
2026.05.07	02:30:00	7370.68	7371.89	7368.19	7371.14	1121	0	72
2026.05.07	03:00:00	7371.14	7373.34	7369.64	7372.19	937	0	72
2026.05.07	03:30:00	7372.34	7374.60	7371.95	7373.12	803	0	72
2026.05.07	04:00:00	7372.95	7376.82	7372.19	7375.93	598	0	72
2026.05.07	04:30:00	7376.09	7376.84	7374.64	7376.09	527	0	72
2026.05.07	05:00:00	7375.94	7377.57	7374.46	7375.35	707	0	72
2026.05.07	05:30:00	7375.38	7378.33	7375.38	7376.49	713	0	72
2026.05.07	06:00:00	7376.43	7378.35	7372.94	7376.68	1058	0	72
2026.05.07	06:30:00	7376.65	7385.52	7375.65	7381.84	1697	0	72
2026.05.07	07:00:00	7381.89	7393.17	7378.31	7384.40	2949	0	72
2026.05.07	07:30:00	7384.51	7388.46	7381.73	7384.60	1513	0	72
2026.05.07	08:00:00	7384.70	7390.97	7376.75	7380.59	2410	0	72
2026.05.07	08:30:00	7380.74	7382.59	7376.58	7377.96	1521	0	72
2026.05.07	09:00:00	7377.82	7381.89	7375.06	7379.12	1413	0	72
2026.05.07	09:30:00	7379.00	7381.88	7374.59	7376.63	1234	0	72
2026.05.07	10:00:00	7376.50	7379.47	7372.56	7377.57	1254	0	72
2026.05.07	10:30:00	7377.55	7381.21	7376.37	7377.95	1195	0	72
2026.05.07	11:00:00	7377.83	7381.65	7375.61	7376.31	1524	0	72
2026.05.07	11:30:00	7376.46	7380.84	7375.48	7379.15	1188	0	72
2026.05.07	12:00:00	7379.10	7384.59	7378.07	7383.02	1097	0	72
2026.05.07	12:30:00	7382.87	7385.36	7381.30	7384.30	1045	0	72
2026.05.07	13:00:00	7384.60	7384.64	7378.48	7382.15	1488	0	72
2026.05.07	13:30:00	7382.00	7382.87	7366.55	7370.24	8349	0	72
2026.05.07	14:00:00	7370.40	7381.16	7369.75	7376.36	5573	0	72
2026.05.07	14:30:00	7376.61	7391.97	7375.53	7391.97	3983	0	72
2026.05.07	15:00:00	7392.09	7392.46	7373.47	7379.92	5659	0	72
2026.05.07	15:30:00	7379.76	7386.92	7368.44	7370.27	5539	0	72
2026.05.07	16:00:00	7370.43	7370.88	7348.20	7364.27	10926	0	72
2026.05.07	16:30:00	7364.43	7368.81	7346.46	7350.80	6670	0	72
2026.05.07	17:00:00	7351.25	7357.03	7327.94	7336.54	10138	0	72
2026.05.07	17:30:00	7336.67	7348.40	7331.94	7347.71	9793	0	72
2026.05.07	18:00:00	7347.53	7352.65	7341.25	7343.74	6432	0	72
2026.05.07	18:30:00	7343.52	7350.11	7328.22	7342.06	7650	0	72
2026.05.07	19:00:00	7342.35	7346.33	7330.99	7336.40	5934	0	72
2026.05.07	19:30:00	7336.35	7349.89	7335.24	7346.99	6596	0	72
2026.05.07	20:00:00	7347.15	7361.05	7337.74	7351.25	3310	0	86
2026.05.07	20:30:00	7351.02	7352.91	7334.35	7335.90	3237	0	86
2026.05.07	22:00:00	7322.09	7341.52	7321.95	7339.49	2559	0	67
2026.05.07	22:30:00	7339.56	7339.97	7330.19	7332.10	1364	0	72
2026.05.07	23:00:00	7332.14	7337.60	7331.04	7337.10	902	0	72
2026.05.07	23:30:00	7336.93	7345.81	7335.72	7345.81	1189	0	72
2026.05.08	00:00:00	7346.06	7355.34	7346.06	7350.40	2735	0	72
2026.05.08	00:30:00	7350.25	7355.85	7349.44	7355.64	1680	0	72
2026.05.08	01:00:00	7355.51	7362.14	7355.51	7359.94	1743	0	72
2026.05.08	01:30:00	7359.94	7362.43	7358.51	7358.99	1259	0	72
2026.05.08	02:00:00	7359.14	7360.19	7355.24	7358.31	1436	0	72
2026.05.08	02:30:00	7358.21	7362.39	7350.17	7357.74	1922	0	72
2026.05.08	03:00:00	7357.88	7359.69	7356.49	7358.69	1168	0	72
2026.05.08	03:30:00	7358.80	7362.59	7357.99	7361.19	1207	0	72
2026.05.08	04:00:00	7361.19	7362.64	7358.44	7361.08	987	0	64
2026.05.08	04:30:00	7360.99	7365.14	7358.00	7362.18	1097	0	72
2026.05.08	05:00:00	7362.37	7364.94	7361.69	7364.49	1123	0	64
2026.05.08	05:30:00	7364.64	7368.31	7364.24	7365.64	1339	0	72
2026.05.08	06:00:00	7365.49	7371.64	7362.04	7370.44	1624	0	72
2026.05.08	06:30:00	7370.60	7371.64	7367.49	7370.94	1538	0	72
2026.05.08	07:00:00	7370.94	7370.94	7364.03	7367.95	2034	0	72
2026.05.08	07:30:00	7367.91	7371.49	7364.85	7370.16	1549	0	72
2026.05.08	08:00:00	7370.26	7376.69	7369.12	7375.51	1455	0	72
2026.05.08	08:30:00	7375.47	7377.16	7373.39	7376.65	1124	0	72
2026.05.08	09:00:00	7376.77	7384.69	7376.11	7382.79	720	0	72
2026.05.08	09:30:00	7382.58	7382.71	7373.40	7377.40	1017	0	72
2026.05.08	10:00:00	7377.56	7380.95	7377.45	7379.06	754	0	72
2026.05.08	10:30:00	7379.10	7382.53	7373.93	7378.94	1110	0	72
2026.05.08	11:00:00	7379.12	7383.00	7379.12	7382.62	1112	0	72
2026.05.08	11:30:00	7382.74	7384.51	7381.85	7382.64	802	0	72
2026.05.08	12:00:00	7382.55	7384.05	7379.55	7383.23	1147	0	72
2026.05.08	12:30:00	7383.45	7395.41	7377.79	7381.04	3191	0	72
2026.05.08	13:00:00	7381.03	7383.44	7371.95	7378.20	2705	0	72
2026.05.08	13:30:00	7378.42	7396.43	7375.07	7396.37	8063	0	72
2026.05.08	14:00:00	7396.60	7405.52	7392.39	7398.11	6491	0	72
2026.05.08	14:30:00	7398.27	7404.41	7391.13	7400.89	4332	0	72
2026.05.08	15:00:00	7400.65	7403.45	7390.30	7398.74	4137	0	72
2026.05.08	15:30:00	7398.61	7403.52	7393.03	7398.77	3928	0	72
2026.05.08	16:00:00	7398.63	7406.95	7398.63	7405.19	2431	0	72
2026.05.08	16:30:00	7405.42	7406.03	7398.11	7398.77	2705	0	72
2026.05.08	17:00:00	7398.61	7407.77	7397.87	7406.52	2495	0	72
2026.05.08	17:30:00	7406.37	7408.77	7400.48	7401.61	1844	0	72
2026.05.08	18:00:00	7401.42	7410.12	7401.38	7407.12	2568	0	72
2026.05.08	18:30:00	7407.27	7409.51	7390.55	7393.45	2385	0	72
2026.05.08	19:00:00	7393.30	7401.53	7393.04	7394.32	2083	0	72
2026.05.08	19:30:00	7394.45	7403.21	7393.03	7402.29	3438	0	86
2026.05.08	20:00:00	7402.46	7405.15	7398.28	7401.99	1184	0	86
2026.05.08	20:30:00	7401.76	7403.36	7400.73	7402.50	259	0	86
2026.05.10	22:00:00	7387.10	7392.26	7373.37	7382.59	2201	0	67
2026.05.10	22:30:00	7382.59	7388.75	7378.27	7387.32	1075	0	72
2026.05.10	23:00:00	7387.10	7391.80	7386.07	7386.78	1167	0	72
2026.05.10	23:30:00	7386.99	7388.09	7384.14	7385.68	1341	0	72
2026.05.11	00:00:00	7385.70	7394.05	7385.38	7393.13	2960	0	64
2026.05.11	00:30:00	7393.30	7395.55	7379.94	7385.14	3035	0	64
2026.05.11	01:00:00	7384.94	7393.20	7381.14	7391.39	3496	0	64
2026.05.11	01:30:00	7391.20	7394.30	7388.39	7393.85	2354	0	64
2026.05.11	02:00:00	7393.84	7396.38	7392.34	7396.14	1495	0	64
2026.05.11	02:30:00	7395.94	7397.27	7393.14	7394.04	1092	0	64
2026.05.11	03:00:00	7394.07	7396.04	7390.16	7395.82	1376	0	72
2026.05.11	03:30:00	7395.84	7398.04	7393.91	7394.10	971	0	72
2026.05.11	04:00:00	7394.27	7395.54	7389.94	7394.60	907	0	72
2026.05.11	04:30:00	7394.40	7396.05	7393.64	7395.79	571	0	72
2026.05.11	05:00:00	7395.84	7397.59	7394.64	7396.59	851	0	64
2026.05.11	05:30:00	7396.59	7397.79	7393.09	7393.43	1048	0	72
2026.05.11	06:00:00	7393.37	7399.05	7393.34	7397.54	1187	0	72
2026.05.11	06:30:00	7397.59	7398.04	7392.59	7395.79	1200	0	72
2026.05.11	07:00:00	7396.02	7396.65	7393.01	7394.81	1474	0	72
2026.05.11	07:30:00	7394.80	7397.58	7393.01	7397.01	964	0	64
2026.05.11	08:00:00	7397.15	7400.42	7393.01	7395.07	1727	0	72
2026.05.11	08:30:00	7395.18	7399.13	7394.77	7396.85	1239	0	72
2026.05.11	09:00:00	7396.60	7400.92	7395.76	7399.42	1068	0	72
2026.05.11	09:30:00	7399.36	7403.18	7397.78	7397.78	907	0	72
2026.05.11	10:00:00	7397.55	7399.67	7397.02	7397.81	831	0	72
2026.05.11	10:30:00	7397.92	7398.16	7393.94	7395.14	915	0	72
2026.05.11	11:00:00	7395.04	7400.63	7394.84	7400.01	1138	0	72
2026.05.11	11:30:00	7400.06	7402.92	7393.44	7396.80	1302	0	72
2026.05.11	12:00:00	7396.90	7398.64	7391.19	7394.41	1373	0	72
2026.05.11	12:30:00	7394.37	7397.17	7385.64	7391.66	1695	0	72
2026.05.11	13:00:00	7391.53	7396.60	7389.56	7392.67	1415	0	72
2026.05.11	13:30:00	7392.89	7419.92	7392.89	7415.41	7159	0	72
2026.05.11	14:00:00	7415.29	7424.68	7413.18	7413.19	3606	0	72
2026.05.11	14:30:00	7413.35	7428.55	7404.44	7425.64	5152	0	72
2026.05.11	15:00:00	7425.89	7429.93	7418.71	7429.76	2479	0	72
2026.05.11	15:30:00	7429.80	7432.35	7425.94	7431.21	2543	0	72
2026.05.11	16:00:00	7431.25	7433.10	7428.21	7432.10	1195	0	86
2026.05.11	16:30:00	7431.94	7433.07	7417.45	7422.20	3333	0	72
2026.05.11	17:00:00	7422.35	7427.59	7417.44	7427.01	2323	0	72
2026.05.11	17:30:00	7426.79	7436.64	7426.79	7430.96	1610	0	72
2026.05.11	18:00:00	7431.09	7435.43	7429.67	7432.35	1576	0	72
2026.05.11	18:30:00	7432.19	7432.35	7413.95	7414.10	2379	0	86
2026.05.11	19:00:00	7414.32	7420.60	7410.47	7414.19	3669	0	72
2026.05.11	19:30:00	7413.97	7421.35	7410.46	7421.35	3480	0	86
2026.05.11	20:00:00	7421.48	7422.86	7409.46	7417.21	1762	0	86
2026.05.11	20:30:00	7416.98	7419.56	7416.24	7417.80	472	0	86
2026.05.11	22:00:00	7418.38	7425.25	7418.38	7424.51	748	0	72
2026.05.11	22:30:00	7424.75	7426.84	7424.14	7424.40	320	0	72
2026.05.11	23:00:00	7424.55	7425.03	7421.88	7424.63	368	0	72
2026.05.11	23:30:00	7424.60	7424.83	7419.94	7422.13	620	0	72
2026.05.12	00:00:00	7421.90	7422.04	7412.14	7415.25	2300	0	64
2026.05.12	00:30:00	7415.14	7417.58	7412.84	7413.21	1217	0	64
2026.05.12	01:00:00	7413.29	7415.30	7406.73	7407.84	1692	0	64
2026.05.12	01:30:00	7407.83	7408.76	7394.59	7402.38	4038	0	64
2026.05.12	02:00:00	7402.55	7412.09	7401.13	7409.34	2729	0	72
2026.05.12	02:30:00	7409.26	7414.01	7406.69	7412.64	1762	0	72
2026.05.12	03:00:00	7412.80	7413.71	7408.63	7410.09	1249	0	64
2026.05.12	03:30:00	7410.26	7412.83	7407.62	7408.59	941	0	72
2026.05.12	04:00:00	7408.66	7411.05	7408.08	7409.35	1049	0	64
2026.05.12	04:30:00	7409.34	7410.84	7404.11	7404.11	999	0	72
2026.05.12	05:00:00	7404.09	7407.49	7401.84	7406.30	1739	0	72
2026.05.12	05:30:00	7406.13	7407.30	7402.39	7405.09	1665	0	64
2026.05.12	06:00:00	7404.96	7405.84	7398.59	7399.28	1853	0	72
2026.05.12	06:30:00	7399.51	7400.08	7391.63	7392.14	1489	0	72
2026.05.12	07:00:00	7392.29	7399.66	7385.69	7396.00	2089	0	72
2026.05.12	07:30:00	7396.11	7400.54	7395.71	7399.30	1376	0	72
2026.05.12	08:00:00	7399.40	7399.92	7389.02	7393.52	2215	0	72
2026.05.12	08:30:00	7393.64	7394.63	7389.20	7392.86	1560	0	72
2026.05.12	09:00:00	7392.77	7394.58	7386.45	7392.82	1545	0	72
2026.05.12	09:30:00	7393.04	7399.60	7392.69	7394.75	1660	0	72
2026.05.12	10:00:00	7394.92	7399.41	7393.68	7395.73	1033	0	72
2026.05.12	10:30:00	7395.82	7396.09	7390.37	7395.34	1257	0	72
2026.05.12	11:00:00	7395.18	7396.85	7385.44	7389.23	2109	0	72
2026.05.12	11:30:00	7389.54	7394.97	7389.08	7391.21	1098	0	72
2026.05.12	12:00:00	7391.52	7391.58	7385.45	7390.06	1705	0	72
2026.05.12	12:30:00	7390.25	7403.85	7382.23	7402.79	3274	0	72
2026.05.12	13:00:00	7402.70	7404.07	7396.20	7397.61	1852	0	72
2026.05.12	13:30:00	7397.45	7400.84	7376.96	7379.34	11291	0	72
2026.05.12	14:00:00	7379.20	7391.83	7373.93	7377.56	10113	0	72
2026.05.12	14:30:00	7377.44	7380.42	7363.48	7366.19	9587	0	72
2026.05.12	15:00:00	7366.35	7368.82	7346.10	7350.90	8086	0	72
2026.05.12	15:30:00	7351.04	7365.31	7348.83	7353.33	6639	0	72
2026.05.12	16:00:00	7353.19	7363.10	7349.76	7356.01	5643	0	72
2026.05.12	16:30:00	7355.81	7358.82	7347.00	7349.66	5352	0	72
2026.05.12	17:00:00	7349.89	7378.33	7348.58	7371.94	5160	0	72
2026.05.12	17:30:00	7372.08	7380.64	7369.98	7379.26	3813	0	72
2026.05.12	18:00:00	7379.08	7393.04	7375.19	7390.24	3823	0	72
2026.05.12	18:30:00	7389.96	7393.68	7386.02	7388.42	3228	0	72
2026.05.12	19:00:00	7388.27	7402.84	7388.04	7399.16	3279	0	72
2026.05.12	19:30:00	7399.38	7417.10	7399.26	7411.34	4481	0	72
2026.05.12	20:00:00	7411.19	7411.54	7398.96	7402.70	1563	0	86
2026.05.12	20:30:00	7402.50	7405.55	7399.45	7403.85	423	0	86
2026.05.12	22:00:00	7406.02	7412.10	7404.48	7410.35	890	0	72
2026.05.12	22:30:00	7410.19	7411.35	7406.44	7406.44	504	0	86
2026.05.12	23:00:00	7406.60	7408.10	7403.47	7404.10	736	0	86
2026.05.12	23:30:00	7403.94	7404.10	7396.69	7396.69	1141	0	86
2026.05.13	00:00:00	7396.46	7407.92	7394.94	7402.07	4942	0	72
2026.05.13	00:30:00	7402.32	7406.57	7399.69	7405.26	2797	0	72
2026.05.13	01:00:00	7405.03	7411.60	7404.76	7411.60	1930	0	72
2026.05.13	01:30:00	7411.44	7421.10	7409.69	7413.69	1977	0	72
2026.05.13	02:00:00	7413.47	7416.10	7410.19	7415.85	1228	0	86
2026.05.13	02:30:00	7416.08	7416.85	7412.96	7413.94	724	0	72
2026.05.13	03:00:00	7413.71	7415.65	7410.44	7415.65	1113	0	72
2026.05.13	03:30:00	7415.89	7420.67	7415.75	7418.85	695	0	72
2026.05.13	04:00:00	7418.69	7421.17	7418.26	7420.51	472	0	72
2026.05.13	04:30:00	7420.67	7423.10	7417.94	7422.10	567	0	72
2026.05.13	05:00:00	7421.94	7425.85	7420.44	7424.94	759	0	86
2026.05.13	05:30:00	7425.10	7425.85	7423.03	7424.17	716	0	72
2026.05.13	06:00:00	7424.01	7428.32	7423.26	7423.65	963	0	72
2026.05.13	06:30:00	7423.51	7424.83	7419.19	7422.10	783	0	72
2026.05.13	07:00:00	7422.33	7423.82	7418.93	7422.55	1649	0	72
2026.05.13	07:30:00	7422.41	7430.97	7421.69	7429.75	1242	0	72
2026.05.13	08:00:00	7429.98	7437.75	7428.84	7437.07	1681	0	72
2026.05.13	08:30:00	7436.91	7438.70	7430.84	7432.09	1125	0	72
2026.05.13	09:00:00	7431.86	7432.30	7425.09	7426.09	1454	0	72
2026.05.13	09:30:00	7425.86	7432.25	7424.11	7431.84	1257	0	86
2026.05.13	10:00:00	7432.00	7433.72	7426.36	7427.25	1726	0	72
2026.05.13	10:30:00	7427.09	7429.75	7423.86	7427.25	1069	0	86
2026.05.13	11:00:00	7427.09	7429.75	7423.09	7425.41	1647	0	72
2026.05.13	11:30:00	7425.18	7428.98	7424.43	7426.16	1276	0	72
2026.05.13	12:00:00	7425.93	7431.00	7417.11	7423.50	1698	0	72
2026.05.13	12:30:00	7423.34	7423.34	7401.11	7405.86	6280	0	86
2026.05.13	13:00:00	7406.00	7419.50	7406.00	7414.25	2558	0	86
2026.05.13	13:30:00	7414.09	7414.09	7383.24	7397.40	14390	0	72
2026.05.13	14:00:00	7397.61	7415.97	7396.34	7411.20	8910	0	72
2026.05.13	14:30:00	7411.34	7418.48	7406.27	7416.96	5612	0	72
2026.05.13	15:00:00	7417.17	7422.42	7415.57	7421.48	3354	0	72
2026.05.13	15:30:00	7421.32	7431.02	7418.02	7426.02	3267	0	72
2026.05.13	16:00:00	7426.15	7448.73	7424.06	7446.46	4012	0	72
2026.05.13	16:30:00	7446.32	7451.90	7442.99	7449.46	2848	0	72
2026.05.13	17:00:00	7449.69	7457.96	7449.69	7455.00	2287	0	72
2026.05.13	17:30:00	7454.78	7456.41	7450.00	7450.25	2051	0	72
2026.05.13	18:00:00	7450.38	7467.89	7450.03	7464.49	3114	0	72
2026.05.13	18:30:00	7464.27	7464.40	7454.77	7455.40	2602	0	86
2026.05.13	19:00:00	7455.63	7466.16	7455.51	7463.94	2572	0	72
2026.05.13	19:30:00	7463.81	7465.35	7451.99	7452.74	3843	0	72
2026.05.13	20:00:00	7452.51	7458.39	7450.97	7458.15	1336	0	86
2026.05.13	20:30:00	7458.37	7461.87	7458.00	7459.96	285	0	86
2026.05.13	22:00:00	7461.45	7464.17	7457.36	7460.67	1098	0	86
2026.05.13	22:30:00	7460.52	7466.54	7460.30	7463.99	822	0	72
2026.05.13	23:00:00	7464.04	7468.78	7464.04	7464.64	1012	0	72
2026.05.13	23:30:00	7464.58	7465.99	7462.08	7465.54	825	0	72
2026.05.14	00:00:00	7465.37	7470.24	7460.59	7469.24	2453	0	72
2026.05.14	00:30:00	7469.46	7473.99	7469.34	7472.85	1653	0	72
2026.05.14	01:00:00	7472.61	7472.79	7467.39	7471.29	1545	0	72
2026.05.14	01:30:00	7471.20	7472.04	7462.84	7463.54	1813	0	72
2026.05.14	02:00:00	7463.62	7467.24	7462.59	7466.58	1475	0	64
2026.05.14	02:30:00	7466.74	7468.96	7461.54	7463.74	1422	0	72
2026.05.14	03:00:00	7463.59	7467.75	7462.54	7465.24	1462	0	72
2026.05.14	03:30:00	7465.27	7465.54	7456.83	7458.49	1514	0	72
2026.05.14	04:00:00	7458.52	7463.49	7456.29	7462.54	1089	0	64
2026.05.14	04:30:00	7462.54	7466.74	7461.85	7462.37	1011	0	72
2026.05.14	05:00:00	7462.49	7464.54	7458.34	7461.98	1965	0	72
2026.05.14	05:30:00	7461.83	7471.38	7459.84	7468.28	2521	0	72
2026.05.14	06:00:00	7468.46	7474.25	7468.46	7471.58	2023	0	72
2026.05.14	06:30:00	7471.75	7474.24	7469.84	7470.05	1595	0	72
2026.05.14	07:00:00	7470.22	7471.59	7466.53	7469.51	1574	0	72
2026.05.14	07:30:00	7469.61	7473.88	7463.15	7464.29	1092	0	72
2026.05.14	08:00:00	7464.17	7476.30	7463.20	7473.25	1868	0	72
2026.05.14	08:30:00	7473.37	7476.06	7467.28	7472.88	1494	0	72
2026.05.14	09:00:00	7472.99	7475.12	7467.22	7468.07	1389	0	72
2026.05.14	09:30:00	7468.09	7471.62	7460.14	7470.11	1627	0	72
2026.05.14	10:00:00	7470.07	7481.04	7469.72	7474.23	1872	0	72
2026.05.14	10:30:00	7474.26	7477.65	7468.46	7473.47	1514	0	72
2026.05.14	11:00:00	7473.29	7479.85	7470.13	7471.60	1446	0	72
2026.05.14	11:30:00	7471.75	7479.74	7471.73	7475.96	1034	0	72
2026.05.14	12:00:00	7476.12	7484.05	7475.97	7481.43	1167	0	72
2026.05.14	12:30:00	7481.50	7481.80	7471.39	7474.67	1316	0	86
2026.05.14	13:00:00	7474.42	7474.42	7465.77	7465.90	1558	0	86
2026.05.14	13:30:00	7466.39	7488.30	7464.89	7473.28	8505	0	72
2026.05.14	14:00:00	7473.15	7492.84	7471.39	7488.49	7368	0	72
2026.05.14	14:30:00	7488.74	7505.06	7486.63	7501.29	4457	0	72
2026.05.14	15:00:00	7501.51	7518.02	7500.64	7514.90	3220	0	72
2026.05.14	15:30:00	7514.67	7522.31	7511.67	7522.13	2877	0	72
2026.05.14	16:00:00	7522.28	7524.87	7507.93	7509.40	3095	0	72
2026.05.14	16:30:00	7509.53	7512.75	7500.91	7507.54	5807	0	72
2026.05.14	17:00:00	7507.39	7512.23	7492.14	7498.53	6972	0	72
2026.05.14	17:30:00	7498.40	7511.99	7496.15	7506.54	3984	0	72
2026.05.14	18:00:00	7506.38	7512.30	7495.93	7505.20	5427	0	72
2026.05.14	18:30:00	7505.36	7513.09	7503.24	7512.58	2733	0	86
2026.05.14	19:00:00	7512.80	7516.36	7509.81	7510.26	2547	0	72
2026.05.14	19:30:00	7510.35	7516.34	7507.95	7511.19	3722	0	86
2026.05.14	20:00:00	7511.35	7515.10	7503.95	7504.86	1563	0	86
2026.05.14	20:30:00	7504.69	7508.35	7503.76	7508.35	673	0	86
2026.05.14	22:00:00	7508.14	7511.72	7506.34	7509.59	772	0	86
2026.05.14	22:30:00	7509.36	7511.73	7509.36	7509.84	439	0	86
2026.05.14	23:00:00	7510.00	7512.50	7509.84	7512.34	386	0	86
2026.05.14	23:30:00	7512.50	7513.75	7505.09	7506.59	806	0	86
2026.05.15	00:00:00	7506.75	7512.25	7502.84	7511.34	2309	0	86
2026.05.15	00:30:00	7511.50	7511.50	7498.59	7504.61	2477	0	86
2026.05.15	01:00:00	7504.37	7505.75	7489.44	7490.25	2899	0	72
2026.05.15	01:30:00	7490.09	7493.73	7480.09	7480.75	4369	0	86
2026.05.15	02:00:00	7480.98	7489.00	7479.59	7485.75	3300	0	72
2026.05.15	02:30:00	7485.59	7497.47	7483.06	7493.75	2824	0	72
2026.05.15	03:00:00	7493.59	7495.25	7490.87	7493.84	1739	0	86
2026.05.15	03:30:00	7494.00	7495.00	7486.84	7491.00	1928	0	86
2026.05.15	04:00:00	7490.84	7490.84	7485.12	7485.86	1056	0	86
2026.05.15	04:30:00	7485.62	7486.90	7477.73	7478.49	1822	0	86
2026.05.15	05:00:00	7478.65	7478.90	7470.99	7473.65	2847	0	86
2026.05.15	05:30:00	7473.88	7473.90	7450.99	7451.24	3399	0	86
2026.05.15	06:00:00	7451.40	7464.65	7447.79	7454.65	4414	0	86
2026.05.15	06:30:00	7454.49	7469.40	7453.24	7465.90	3202	0	86
2026.05.15	07:00:00	7465.74	7472.24	7463.94	7469.56	2225	0	72
2026.05.15	07:30:00	7469.74	7470.49	7457.20	7459.65	1956	0	72
2026.05.15	08:00:00	7459.93	7460.79	7425.90	7427.65	3869	0	72
2026.05.15	08:30:00	7427.41	7443.17	7420.80	7434.88	3898	0	72
2026.05.15	09:00:00	7435.04	7439.55	7424.79	7434.28	3353	0	72
2026.05.15	09:30:00	7434.16	7435.25	7421.40	7430.29	3541	0	72
2026.05.15	10:00:00	7430.48	7446.00	7426.52	7438.14	3157	0	72
2026.05.15	10:30:00	7438.03	7456.23	7434.22	7449.52	4386	0	72
2026.05.15	11:00:00	7449.32	7453.49	7441.85	7444.14	2556	0	72
2026.05.15	11:30:00	7444.19	7445.56	7431.38	7431.52	2243	0	72
2026.05.15	12:00:00	7431.56	7431.80	7416.19	7422.92	3267	0	72
2026.05.15	12:30:00	7423.04	7425.59	7414.87	7422.79	3189	0	72
2026.05.15	13:00:00	7422.66	7444.81	7417.40	7444.76	3508	0	86
2026.05.15	13:30:00	7444.64	7445.30	7404.89	7417.40	17633	0	72
2026.05.15	14:00:00	7417.19	7452.56	7415.42	7437.25	14403	0	72
2026.05.15	14:30:00	7437.51	7448.78	7429.40	7435.73	11139	0	72
2026.05.15	15:00:00	7435.87	7443.61	7427.14	7438.28	8493	0	72
2026.05.15	15:30:00	7438.51	7445.52	7416.65	7428.54	8699	0	72
2026.05.15	16:00:00	7428.76	7439.55	7422.39	7438.75	6175	0	72
2026.05.15	16:30:00	7439.01	7442.80	7428.21	7435.39	4612	0	72
2026.05.15	17:00:00	7435.55	7455.29	7432.42	7451.41	4110	0	72
2026.05.15	17:30:00	7451.19	7455.80	7446.42	7455.54	3251	0	86
2026.05.15	18:00:00	7455.77	7460.51	7441.13	7443.04	4907	0	72
2026.05.15	18:30:00	7443.26	7444.56	7430.18	7442.26	5228	0	86
2026.05.15	19:00:00	7442.29	7443.29	7426.35	7427.65	5167	0	72
2026.05.15	19:30:00	7427.42	7434.31	7411.54	7417.29	7331	0	86
2026.05.15	20:00:00	7417.06	7417.17	7393.80	7402.06	4430	0	86
2026.05.15	20:30:00	7402.11	7404.44	7400.05	7402.80	775	0	86
2026.05.17	22:00:00	7398.88	7421.00	7398.73	7413.02	3624	0	86
2026.05.17	22:30:00	7413.13	7418.22	7409.57	7415.72	2448	0	72
2026.05.17	23:00:00	7415.95	7416.70	7398.27	7401.02	3622	0	86
2026.05.17	23:30:00	7400.89	7404.47	7384.06	7397.52	5802	0	86
2026.05.18	00:00:00	7397.42	7401.70	7368.15	7382.03	10698	0	72
2026.05.18	00:30:00	7381.87	7385.02	7371.68	7383.93	6981	0	72
2026.05.18	01:00:00	7384.08	7386.26	7364.65	7366.02	7282	0	72
2026.05.18	01:30:00	7365.90	7379.03	7361.93	7374.39	5590	0	72
2026.05.18	02:00:00	7374.31	7379.33	7369.44	7378.43	4040	0	72
2026.05.18	02:30:00	7378.57	7379.14	7365.44	7368.59	3332	0	72
2026.05.18	03:00:00	7368.82	7374.89	7367.46	7371.76	2893	0	72
2026.05.18	03:30:00	7371.55	7374.89	7364.68	7372.10	3152	0	72
2026.05.18	04:00:00	7372.32	7379.84	7366.45	7367.59	2879	0	72
2026.05.18	04:30:00	7367.53	7375.57	7366.02	7371.39	2882	0	72
2026.05.18	05:00:00	7371.56	7379.05	7366.19	7373.69	3414	0	72
2026.05.18	05:30:00	7373.81	7379.28	7371.21	7371.64	3415	0	72
2026.05.18	06:00:00	7371.51	7376.30	7365.98	7366.54	3531	0	72
2026.05.18	06:30:00	7366.44	7381.58	7362.94	7381.58	3305	0	72
2026.05.18	07:00:00	7381.77	7390.10	7371.27	7389.35	3195	0	72
2026.05.18	07:30:00	7389.51	7394.39	7373.25	7383.03	3442	0	72
2026.05.18	08:00:00	7383.13	7400.65	7383.13	7400.11	2755	0	72
2026.05.18	08:30:00	7400.27	7403.36	7392.74	7402.92	1913	0	72
2026.05.18	09:00:00	7402.93	7404.17	7392.41	7395.46	1606	0	72
2026.05.18	09:30:00	7395.30	7399.33	7393.30	7397.45	1750	0	72
2026.05.18	10:00:00	7397.57	7398.45	7384.28	7389.31	2008	0	72
2026.05.18	10:30:00	7389.43	7392.00	7381.11	7385.92	1821	0	72
2026.05.18	11:00:00	7385.80	7389.70	7373.42	7384.52	2481	0	72
2026.05.18	11:30:00	7384.38	7419.59	7384.11	7401.06	5714	0	72
2026.05.18	12:00:00	7401.19	7409.62	7400.04	7407.46	2740	0	72
2026.05.18	12:30:00	7407.33	7439.94	7404.54	7436.86	6138	0	72
2026.05.18	13:00:00	7437.00	7439.20	7424.74	7425.25	3991	0	72
2026.05.18	13:30:00	7425.02	7440.61	7402.07	7432.15	18609	0	72
2026.05.18	14:00:00	7432.36	7434.65	7412.49	7421.74	15424	0	72
2026.05.18	14:30:00	7421.55	7424.83	7391.01	7409.55	17602	0	72
2026.05.18	15:00:00	7409.86	7417.01	7381.75	7383.05	13585	0	72
2026.05.18	15:30:00	7382.99	7400.36	7378.28	7389.51	9270	0	72
2026.05.18	16:00:00	7389.64	7405.64	7371.51	7374.73	9139	0	72
2026.05.18	16:30:00	7374.88	7399.90	7368.49	7391.38	9337	0	72
2026.05.18	17:00:00	7391.26	7400.64	7385.77	7400.00	6519	0	72
2026.05.18	17:30:00	7400.04	7400.65	7388.75	7396.65	5846	0	72
2026.05.18	18:00:00	7396.86	7397.77	7362.94	7373.07	8174	0	72
2026.05.18	18:30:00	7373.31	7377.65	7360.08	7362.79	7098	0	72
2026.05.18	19:00:00	7363.25	7406.22	7362.21	7381.44	12622	0	72
2026.05.18	19:30:00	7381.57	7414.11	7379.20	7412.69	9278	0	72
2026.05.18	20:00:00	7412.85	7414.32	7403.43	7407.99	1870	0	86
2026.05.18	20:30:00	7408.29	7411.35	7405.69	7407.09	789	0	86
2026.05.18	22:00:00	7412.55	7424.59	7410.17	7422.55	1705	0	72
2026.05.18	22:30:00	7422.63	7425.39	7418.31	7421.42	1075	0	72
2026.05.18	23:00:00	7421.42	7425.88	7420.31	7422.31	1350	0	72
2026.05.18	23:30:00	7422.41	7422.74	7413.79	7416.44	1499	0	72
2026.05.19	00:00:00	7416.29	7427.63	7410.50	7422.88	6196	0	72
2026.05.19	00:30:00	7423.09	7424.99	7410.58	7411.32	3697	0	72
2026.05.19	01:00:00	7411.30	7413.74	7398.61	7403.79	4807	0	72
2026.05.19	01:30:00	7403.94	7412.95	7400.10	7403.95	4307	0	72
2026.05.19	02:00:00	7403.99	7403.99	7390.03	7398.74	3967	0	72
2026.05.19	02:30:00	7398.63	7403.69	7396.81	7398.03	2949	0	72
2026.05.19	03:00:00	7398.00	7405.94	7393.57	7405.24	2506	0	72
2026.05.19	03:30:00	7405.12	7409.49	7398.74	7399.78	2834	0	64
2026.05.19	04:00:00	7399.91	7399.99	7384.38	7388.04	3723	0	72
2026.05.19	04:30:00	7388.14	7396.15	7387.53	7392.07	3220	0	72
2026.05.19	05:00:00	7392.19	7394.08	7378.82	7391.13	4139	0	72
2026.05.19	05:30:00	7390.99	7393.69	7385.24	7389.04	4016	0	72
2026.05.19	06:00:00	7389.19	7399.17	7383.71	7396.79	4334	0	72
2026.05.19	06:30:00	7396.56	7403.95	7394.81	7400.91	2847	0	72
2026.05.19	07:00:00	7400.79	7412.98	7398.11	7407.29	2620	0	72
2026.05.19	07:30:00	7407.27	7420.24	7403.53	7416.80	2559	0	72
2026.05.19	08:00:00	7417.02	7418.57	7393.86	7397.73	3328	0	72
2026.05.19	08:30:00	7397.60	7404.82	7396.61	7400.33	2098	0	72
2026.05.19	09:00:00	7400.18	7400.30	7381.80	7383.20	2625	0	72
2026.05.19	09:30:00	7383.35	7387.81	7371.30	7385.31	3426	0	72
2026.05.19	10:00:00	7385.26	7386.98	7380.16	7383.97	2190	0	72
2026.05.19	10:30:00	7383.86	7389.00	7372.10	7387.76	3648	0	72
2026.05.19	11:00:00	7387.62	7393.00	7383.10	7385.86	2844	0	72
2026.05.19	11:30:00	7385.89	7390.97	7376.88	7376.95	2349	0	72
2026.05.19	12:00:00	7377.21	7385.03	7373.67	7382.88	2829	0	72
2026.05.19	12:30:00	7382.76	7392.45	7381.25	7389.14	2525	0	72
2026.05.19	13:00:00	7389.25	7391.23	7368.30	7374.41	5321	0	72
2026.05.19	13:30:00	7374.66	7389.69	7358.04	7379.93	22613	0	72
2026.05.19	14:00:00	7380.06	7380.56	7344.28	7351.19	19297	0	72
2026.05.19	14:30:00	7351.04	7361.44	7342.36	7358.63	13250	0	72
2026.05.19	15:00:00	7358.75	7366.49	7343.54	7349.39	10504	0	72
2026.05.19	15:30:00	7349.24	7366.27	7347.10	7356.81	8867	0	72
2026.05.19	16:00:00	7356.94	7374.20	7349.90	7371.71	7853	0	72
2026.05.19	16:30:00	7371.54	7389.70	7370.30	7388.14	5749	0	72
2026.05.19	17:00:00	7387.83	7403.28	7386.36	7396.79	4949	0	72
2026.05.19	17:30:00	7396.57	7402.67	7387.05	7394.76	6078	0	72
2026.05.19	18:00:00	7394.60	7399.70	7384.85	7385.29	5160	0	72
2026.05.19	18:30:00	7385.44	7390.06	7368.71	7370.97	6218	0	72
2026.05.19	19:00:00	7370.99	7388.27	7365.30	7374.19	6817	0	72
2026.05.19	19:30:00	7374.42	7377.03	7353.04	7365.42	8510	0	72
2026.05.19	20:00:00	7365.66	7365.96	7357.33	7361.19	2181	0	86
2026.05.19	20:30:00	7361.42	7361.46	7358.79	7360.46	710	0	86
2026.05.19	22:00:00	7364.44	7368.75	7356.87	7357.62	1861	0	86
2026.05.19	22:30:00	7357.76	7364.50	7356.63	7363.61	1871	0	86
2026.05.19	23:00:00	7363.58	7373.31	7362.57	7372.21	1393	0	72
2026.05.19	23:30:00	7372.34	7382.28	7369.89	7370.44	2330	0	72
2026.05.20	00:00:00	7370.28	7370.28	7344.88	7359.59	7716	0	72
2026.05.20	00:30:00	7359.44	7369.58	7357.49	7363.93	7504	0	72
2026.05.20	01:00:00	7364.07	7370.53	7355.94	7357.54	6695	0	72
2026.05.20	01:30:00	7357.96	7374.52	7348.43	7370.19	7064	0	72
2026.05.20	02:00:00	7370.29	7375.58	7365.44	7365.46	4786	0	72
2026.05.20	02:30:00	7365.22	7365.34	7349.99	7353.56	5794	0	72
2026.05.20	03:00:00	7353.44	7353.79	7344.69	7352.27	3771	0	72
2026.05.20	03:30:00	7352.25	7357.39	7348.42	7354.12	3505	0	72
2026.05.20	04:00:00	7354.31	7363.34	7354.18	7360.07	2910	0	72
2026.05.20	04:30:00	7359.93	7360.33	7350.94	7352.69	2620	0	72
2026.05.20	05:00:00	7352.85	7363.14	7352.68	7359.02	3570	0	72
2026.05.20	05:30:00	7359.28	7369.59	7357.94	7365.18	3649	0	72
2026.05.20	06:00:00	7364.96	7377.82	7364.29	7376.27	3736	0	72
2026.05.20	06:30:00	7376.48	7378.09	7370.89	7378.07	2545	0	72
2026.05.20	07:00:00	7377.94	7381.16	7375.21	7380.16	2108	0	72
2026.05.20	07:30:00	7380.00	7380.13	7373.05	7373.75	1622	0	72
2026.05.20	08:00:00	7373.87	7384.87	7373.29	7384.56	2398	0	72
2026.05.20	08:30:00	7384.81	7392.20	7383.64	7386.44	1929	0	72
2026.05.20	09:00:00	7386.31	7387.72	7380.82	7385.58	1409	0	72
2026.05.20	09:30:00	7385.45	7394.40	7385.06	7390.65	1359	0	72
2026.05.20	10:00:00	7390.61	7396.46	7390.30	7393.84	1284	0	72
2026.05.20	10:30:00	7393.96	7400.38	7388.00	7389.13	1528	0	72
2026.05.20	11:00:00	7389.01	7393.64	7387.56	7393.57	1292	0	72
2026.05.20	11:30:00	7393.57	7396.13	7384.32	7387.64	1906	0	72
2026.05.20	12:00:00	7387.50	7402.67	7386.16	7401.12	1749	0	72
2026.05.20	12:30:00	7401.26	7404.82	7391.08	7391.16	2097	0	72
2026.05.20	13:00:00	7391.17	7392.70	7382.31	7383.28	2228	0	72
2026.05.20	13:30:00	7383.41	7399.13	7369.30	7388.20	17243	0	72
2026.05.20	14:00:00	7388.56	7412.28	7365.57	7406.08	16846	0	72
2026.05.20	14:30:00	7406.19	7422.14	7401.25	7419.27	10514	0	72
2026.05.20	15:00:00	7419.40	7446.39	7412.99	7420.34	10318	0	72
2026.05.20	15:30:00	7420.04	7436.76	7419.74	7429.89	5841	0	72
2026.05.20	16:00:00	7430.11	7432.65	7412.74	7416.50	5981	0	72
2026.05.20	16:30:00	7416.63	7427.58	7412.50	7421.15	6517	0	72
2026.05.20	17:00:00	7421.34	7430.58	7414.98	7428.79	5445	0	72
2026.05.20	17:30:00	7429.09	7434.64	7423.56	7426.02	3856	0	72
2026.05.20	18:00:00	7426.12	7432.04	7420.62	7428.14	3690	0	72
2026.05.20	18:30:00	7428.37	7435.94	7423.99	7429.04	3517	0	72
2026.05.20	19:00:00	7429.04	7436.89	7427.55	7435.59	2573	0	72
2026.05.20	19:30:00	7435.85	7442.88	7433.00	7440.15	4978	0	72
2026.05.20	20:00:00	7440.01	7442.15	7418.00	7441.06	6105	0	86
2026.05.20	20:30:00	7440.87	7442.18	7420.04	7422.15	2927	0	72
2026.05.20	22:00:00	7419.09	7420.92	7396.28	7404.55	4168	0	86
2026.05.20	22:30:00	7404.67	7407.47	7403.54	7407.45	1972	0	72
2026.05.20	23:00:00	7407.47	7414.29	7404.32	7406.24	1662	0	72
2026.05.20	23:30:00	7406.22	7410.74	7405.27	7409.45	1846	0	72
2026.05.21	00:00:00	7409.34	7411.49	7403.37	7407.45	4947	0	72
2026.05.21	00:30:00	7407.51	7413.25	7404.79	7411.24	2269	0	72
2026.05.21	01:00:00	7411.28	7422.77	7411.28	7419.08	2147	0	72
2026.05.21	01:30:00	7419.22	7426.00	7417.54	7423.49	2481	0	72
2026.05.21	02:00:00	7423.71	7433.01	7423.59	7430.09	1922	0	72
2026.05.21	02:30:00	7430.22	7430.48	7424.80	7427.25	1517	0	72
2026.05.21	03:00:00	7427.28	7433.75	7426.83	7432.75	1251	0	72
2026.05.21	03:30:00	7432.58	7436.48	7431.67	7432.49	1142	0	72
2026.05.21	04:00:00	7432.33	7440.04	7431.89	7439.27	944	0	72
2026.05.21	04:30:00	7439.29	7442.46	7436.09	7441.55	958	0	72
2026.05.21	05:00:00	7441.71	7445.79	7438.84	7439.35	1605	0	72
2026.05.21	05:30:00	7439.47	7439.47	7422.30	7434.38	3238	0	72
2026.05.21	06:00:00	7434.14	7439.68	7430.55	7435.99	3209	0	72
2026.05.21	06:30:00	7436.04	7437.29	7421.40	7426.43	2826	0	72
2026.05.21	07:00:00	7426.69	7428.04	7415.03	7418.97	2902	0	72
2026.05.21	07:30:00	7418.66	7430.05	7418.38	7428.75	1588	0	72
2026.05.21	08:00:00	7428.80	7458.05	7428.10	7447.47	3349	0	72
2026.05.21	08:30:00	7447.65	7448.03	7438.28	7440.93	2337	0	86
2026.05.21	09:00:00	7440.78	7452.03	7439.93	7450.41	1873	0	72
2026.05.21	09:30:00	7450.55	7452.27	7441.46	7443.35	1465	0	72
2026.05.21	10:00:00	7443.31	7447.36	7416.03	7421.43	3041	0	72
2026.05.21	10:30:00	7421.54	7422.74	7403.64	7411.85	5603	0	72
2026.05.21	11:00:00	7412.03	7425.92	7407.41	7421.65	2897	0	72
2026.05.21	11:30:00	7421.62	7424.02	7416.40	7418.63	1917	0	72
2026.05.21	12:00:00	7418.81	7421.05	7410.90	7414.11	2070	0	72
2026.05.21	12:30:00	7414.19	7424.36	7406.39	7407.89	4040	0	72
2026.05.21	13:00:00	7407.66	7416.78	7406.19	7411.81	3745	0	72
2026.05.21	13:30:00	7412.05	7427.03	7399.50	7423.79	18034	0	72
2026.05.21	14:00:00	7423.65	7432.05	7400.24	7410.92	15857	0	72
2026.05.21	14:30:00	7410.77	7418.62	7402.00	7415.15	12774	0	72
2026.05.21	15:00:00	7415.47	7419.29	7397.42	7413.64	10896	0	72
2026.05.21	15:30:00	7413.80	7423.87	7403.63	7418.50	6933	0	72
2026.05.21	16:00:00	7418.74	7425.62	7409.40	7413.54	5848	0	72
2026.05.21	16:30:00	7413.67	7417.51	7406.40	7414.66	4568	0	72
2026.05.21	17:00:00	7414.79	7456.30	7414.79	7447.62	9756	0	72
2026.05.21	17:30:00	7447.48	7475.05	7445.52	7463.09	6918	0	72
2026.05.21	18:00:00	7462.98	7467.12	7451.65	7459.19	6699	0	72
2026.05.21	18:30:00	7459.52	7462.92	7427.20	7436.11	8236	0	72
2026.05.21	19:00:00	7436.33	7455.03	7435.89	7452.91	5469	0	72
2026.05.21	19:30:00	7452.69	7457.99	7445.38	7453.54	6257	0	86
2026.05.21	20:00:00	7454.17	7458.54	7451.89	7453.80	1476	0	86
2026.05.21	20:30:00	7454.00	7457.30	7453.64	7455.80	343	0	86
2026.05.21	22:00:00	7456.71	7465.67	7456.60	7462.57	1553	0	86
2026.05.21	22:30:00	7462.65	7468.18	7459.46	7467.24	1147	0	72
2026.05.21	23:00:00	7467.41	7468.39	7466.00	7466.94	603	0	72
2026.05.21	23:30:00	7467.16	7472.34	7465.49	7468.78	1012	0	72
2026.05.22	00:00:00	7469.12	7477.04	7465.72	7473.80	3129	0	72
2026.05.22	00:30:00	7473.94	7477.68	7473.51	7473.79	2005	0	72
2026.05.22	01:00:00	7473.59	7474.44	7469.34	7470.49	2380	0	72
2026.05.22	01:30:00	7470.32	7473.20	7463.33	7469.79	2058	0	72
2026.05.22	02:00:00	7469.90	7472.91	7467.83	7468.54	1625	0	72
2026.05.22	02:30:00	7468.34	7474.24	7468.04	7472.61	1142	0	72
2026.05.22	03:00:00	7472.55	7473.22	7469.28	7472.44	1021	0	72
2026.05.22	03:30:00	7472.47	7477.98	7472.47	7477.95	892	0	72
2026.05.22	04:00:00	7477.78	7482.22	7477.78	7481.79	909	0	72
2026.05.22	04:30:00	7481.94	7482.94	7478.29	7482.44	832	0	72
2026.05.22	05:00:00	7482.49	7483.89	7479.79	7481.74	1001	0	72
2026.05.22	05:30:00	7481.72	7482.67	7473.79	7474.67	1692	0	72
2026.05.22	06:00:00	7474.55	7480.99	7472.47	7478.98	2454	0	72
2026.05.22	06:30:00	7478.87	7483.95	7476.77	7478.07	1903	0	72
2026.05.22	07:00:00	7478.19	7478.96	7470.83	7478.24	1667	0	72
2026.05.22	07:30:00	7478.47	7478.50	7470.87	7477.90	1418	0	72
2026.05.22	08:00:00	7477.88	7489.72	7477.15	7483.42	2108	0	72
2026.05.22	08:30:00	7483.19	7483.82	7473.10	7474.54	1838	0	72
2026.05.22	09:00:00	7474.52	7474.55	7464.30	7465.61	1772	0	72
2026.05.22	09:30:00	7465.73	7474.82	7462.35	7472.59	1335	0	72
2026.05.22	10:00:00	7472.72	7472.74	7461.48	7462.23	1523	0	72
2026.05.22	10:30:00	7462.20	7464.99	7458.73	7463.98	1365	0	72
2026.05.22	11:00:00	7464.18	7467.83	7461.91	7463.88	1239	0	72
2026.05.22	11:30:00	7463.64	7475.25	7461.90	7470.14	1560	0	72
2026.05.22	12:00:00	7469.89	7488.48	7467.39	7480.11	3988	0	72
2026.05.22	12:30:00	7480.21	7492.46	7479.46	7492.11	1779	0	72
2026.05.22	13:00:00	7491.98	7496.74	7484.08	7486.00	2937	0	86
2026.05.22	13:30:00	7485.85	7505.25	7480.57	7498.83	11834	0	72
2026.05.22	14:00:00	7497.90	7498.63	7467.88	7480.32	11141	0	72
2026.05.22	14:30:00	7480.48	7490.75	7477.85	7488.59	5148	0	86
2026.05.22	15:00:00	7488.74	7502.82	7488.11	7502.81	3717	0	72
2026.05.22	15:30:00	7502.67	7504.47	7497.09	7499.91	3074	0	72
2026.05.22	16:00:00	7499.86	7501.25	7492.08	7497.20	3010	0	86
2026.05.22	16:30:00	7497.45	7499.98	7492.10	7496.25	2867	0	72
2026.05.22	17:00:00	7496.47	7511.52	7490.92	7511.20	3669	0	86
2026.05.22	17:30:00	7511.25	7512.94	7494.60	7497.15	4300	0	72
2026.05.22	18:00:00	7497.20	7500.49	7492.05	7496.61	3094	0	72
2026.05.22	18:30:00	7496.48	7498.01	7491.37	7494.64	2635	0	86
2026.05.22	19:00:00	7494.75	7495.73	7478.34	7479.11	4521	0	72
2026.05.22	19:30:00	7478.88	7486.01	7473.09	7479.59	5219	0	72
2026.05.22	20:00:00	7479.75	7484.25	7476.60	7481.25	1419	0	86
2026.05.22	20:30:00	7481.27	7482.08	7472.64	7474.95	1334	0	72
2026.05.24	22:00:00	7509.66	7524.17	7509.57	7519.97	2748	0	67
2026.05.24	22:30:00	7519.82	7528.54	7519.82	7524.97	1668	0	72
2026.05.24	23:00:00	7524.82	7530.53	7524.82	7528.02	998	0	72
2026.05.24	23:30:00	7528.05	7535.82	7528.05	7529.48	1729	0	72
2026.05.25	00:00:00	7529.37	7537.26	7527.32	7535.62	2286	0	72
2026.05.25	00:30:00	7535.42	7539.52	7533.28	7534.64	1634	0	72
2026.05.25	01:00:00	7534.64	7539.75	7533.18	7539.07	1498	0	72
2026.05.25	01:30:00	7539.07	7541.52	7537.69	7538.39	1050	0	72
2026.05.25	02:00:00	7538.39	7541.38	7537.64	7538.84	825	0	72
2026.05.25	02:30:00	7538.89	7544.27	7538.03	7544.09	566	0	72
2026.05.25	03:00:00	7544.07	7551.28	7544.07	7548.32	1194	0	86
2026.05.25	03:30:00	7548.46	7550.56	7547.49	7547.84	755	0	72
2026.05.25	04:00:00	7547.88	7550.59	7547.88	7549.89	498	0	72
2026.05.25	04:30:00	7549.89	7553.56	7548.39	7551.32	485	0	72
2026.05.25	05:00:00	7551.13	7555.82	7551.13	7554.62	511	0	86
2026.05.25	05:30:00	7554.59	7557.03	7553.14	7553.14	515	0	72
2026.05.25	06:00:00	7552.91	7554.24	7549.12	7552.32	926	0	72
2026.05.25	06:30:00	7552.48	7554.64	7550.64	7551.62	991	0	72
2026.05.25	07:00:00	7551.77	7552.90	7540.31	7548.01	1358	0	86
2026.05.25	07:30:00	7548.03	7557.97	7547.51	7553.14	1193	0	86
2026.05.25	08:00:00	7553.09	7553.65	7545.24	7545.99	876	0	86
2026.05.25	08:30:00	7546.13	7552.16	7545.03	7551.90	541	0	86
2026.05.25	09:00:00	7551.77	7554.12	7550.49	7551.15	390	0	86
2026.05.25	09:30:00	7551.01	7553.15	7550.06	7551.77	390	0	86
2026.05.25	10:00:00	7551.53	7555.39	7550.25	7553.37	379	0	86
2026.05.25	10:30:00	7553.61	7554.67	7552.28	7553.54	285	0	86
2026.05.25	11:00:00	7553.59	7554.64	7551.46	7553.92	349	0	86
2026.05.25	11:30:00	7554.09	7558.40	7554.09	7556.25	453	0	86
2026.05.25	12:00:00	7556.03	7560.39	7554.23	7556.08	675	0	86
2026.05.25	12:30:00	7556.13	7556.38	7550.74	7551.28	514	0	86
2026.05.25	13:00:00	7551.03	7551.91	7549.75	7550.75	450	0	86
2026.05.25	13:30:00	7550.53	7557.66	7550.53	7557.10	743	0	86
2026.05.25	14:00:00	7556.99	7557.41	7550.78	7551.39	658	0	86
2026.05.25	14:30:00	7551.62	7551.64	7546.24	7547.82	758	0	86
2026.05.25	15:00:00	7547.54	7561.61	7546.46	7550.55	1987	0	86
2026.05.25	15:30:00	7550.29	7552.61	7548.87	7550.91	606	0	86
2026.05.25	16:00:00	7550.75	7552.01	7548.06	7548.06	359	0	86
2026.05.25	16:30:00	7548.15	7556.64	7547.51	7556.62	629	0	86
2026.05.25	22:00:00	7556.04	7557.86	7546.82	7548.89	1865	0	86
2026.05.25	22:30:00	7548.84	7548.84	7540.12	7541.42	1625	0	86
2026.05.25	23:00:00	7541.36	7543.25	7534.87	7536.37	1561	0	86
2026.05.25	23:30:00	7536.52	7542.57	7535.87	7539.67	1447	0	72
2026.05.26	00:00:00	7539.76	7540.02	7528.13	7533.85	3939	0	72
2026.05.26	00:30:00	7533.82	7537.59	7529.64	7531.82	2331	0	72
2026.05.26	01:00:00	7531.82	7533.34	7526.89	7528.34	2914	0	72
2026.05.26	01:30:00	7528.54	7531.14	7523.89	7530.89	2473	0	72
2026.05.26	02:00:00	7531.00	7533.10	7527.19	7530.35	1520	0	72
2026.05.26	02:30:00	7530.57	7531.84	7528.19	7530.35	1175	0	72
2026.05.26	03:00:00	7530.38	7533.02	7528.44	7532.35	976	0	72
2026.05.26	03:30:00	7532.38	7533.60	7530.69	7532.43	839	0	72
2026.05.26	04:00:00	7532.60	7534.59	7530.07	7532.23	639	0	72
2026.05.26	04:30:00	7532.14	7534.08	7529.37	7530.70	836	0	72
2026.05.26	05:00:00	7530.66	7532.39	7527.68	7531.87	1151	0	72
2026.05.26	05:30:00	7531.89	7533.25	7528.19	7529.39	1050	0	72
2026.05.26	06:00:00	7529.54	7535.81	7528.33	7530.97	1358	0	72
2026.05.26	06:30:00	7530.82	7536.31	7530.18	7531.69	1424	0	72
2026.05.26	07:00:00	7532.21	7533.32	7520.76	7522.91	1959	0	72
2026.05.26	07:30:00	7523.01	7527.09	7517.82	7523.29	1292	0	86
2026.05.26	08:00:00	7523.39	7525.00	7520.29	7523.25	1165	0	86
2026.05.26	08:30:00	7523.03	7525.40	7520.73	7524.75	924	0	86
2026.05.26	09:00:00	7524.89	7529.64	7522.00	7529.30	1003	0	86
2026.05.26	09:30:00	7529.47	7530.89	7528.01	7529.64	659	0	86
2026.05.26	10:00:00	7529.58	7539.17	7528.50	7538.23	857	0	86
2026.05.26	10:30:00	7538.29	7543.15	7534.47	7534.54	1195	0	86
2026.05.26	11:00:00	7534.65	7536.14	7531.78	7533.24	803	0	86
2026.05.26	11:30:00	7533.37	7535.41	7524.37	7532.16	1425	0	86
2026.05.26	12:00:00	7532.11	7537.50	7527.99	7537.12	926	0	86
2026.05.26	12:30:00	7537.27	7540.16	7535.03	7536.00	965	0	86
2026.05.26	13:00:00	7535.89	7536.66	7526.28	7526.30	1097	0	86
2026.05.26	13:30:00	7526.97	7536.90	7516.99	7533.25	8881	0	72
2026.05.26	14:00:00	7533.39	7544.65	7531.03	7541.50	5632	0	72
2026.05.26	14:30:00	7541.66	7547.15	7537.73	7540.00	4031	0	72
2026.05.26	15:00:00	7540.13	7540.65	7522.81	7523.89	5749	0	86
2026.05.26	15:30:00	7524.12	7525.65	7509.25	7514.91	6460	0	72
2026.05.26	16:00:00	7515.12	7523.15	7511.78	7522.90	3647	0	72
2026.05.26	16:30:00	7523.12	7525.90	7514.23	7515.66	3377	0	72
2026.05.26	17:00:00	7515.67	7519.90	7510.73	7512.02	2881	0	86
2026.05.26	17:30:00	7512.05	7518.89	7510.49	7516.02	2453	0	72
2026.05.26	18:00:00	7516.15	7525.54	7513.73	7522.25	2346	0	72
2026.05.26	18:30:00	7522.03	7525.66	7515.99	7516.55	2052	0	86
2026.05.26	19:00:00	7516.50	7521.41	7514.28	7520.75	2209	0	86
2026.05.26	19:30:00	7520.80	7534.40	7520.80	7531.16	3059	0	86
2026.05.26	20:00:00	7531.54	7532.64	7527.04	7527.40	930	0	86
2026.05.26	20:30:00	7527.24	7529.37	7523.63	7525.01	359	0	86
2026.05.26	22:00:00	7527.01	7530.58	7522.36	7525.52	1430	0	86
2026.05.26	22:30:00	7525.68	7528.70	7524.11	7526.22	866	0	72
2026.05.26	23:00:00	7526.07	7531.93	7526.07	7531.72	965	0	86
2026.05.26	23:30:00	7531.58	7537.27	7529.35	7536.47	1293	0	72
2026.05.27	00:00:00	7536.38	7538.04	7530.64	7535.30	2681	0	72
2026.05.27	00:30:00	7535.13	7539.83	7534.06	7538.59	2184	0	72
2026.05.27	01:00:00	7538.65	7541.55	7536.89	7540.01	1723	0	72
2026.05.27	01:30:00	7539.89	7540.29	7534.67	7535.29	1275	0	72
2026.05.27	02:00:00	7535.32	7539.34	7535.14	7538.34	1054	0	72
2026.05.27	02:30:00	7538.21	7539.79	7536.89	7537.09	761	0	72
2026.05.27	03:00:00	7537.09	7539.50	7534.63	7535.78	726	0	72
2026.05.27	03:30:00	7535.82	7536.22	7531.14	7531.86	919	0	72
2026.05.27	04:00:00	7531.66	7535.29	7528.59	7528.89	1178	0	72
2026.05.27	04:30:00	7528.66	7536.00	7528.39	7534.29	1345	0	72
2026.05.27	05:00:00	7534.14	7536.30	7531.63	7535.16	1498	0	72
2026.05.27	05:30:00	7535.29	7537.73	7530.64	7536.59	1670	0	72
2026.05.27	06:00:00	7536.59	7538.29	7533.13	7534.29	1821	0	72
2026.05.27	06:30:00	7534.14	7534.79	7529.81	7532.84	1613	0	72
2026.05.27	07:00:00	7533.05	7540.04	7532.88	7539.11	1073	0	72
2026.05.27	07:30:00	7539.29	7541.10	7537.50	7540.76	661	0	86
2026.05.27	08:00:00	7540.75	7551.30	7539.94	7549.94	1203	0	86
2026.05.27	08:30:00	7550.08	7552.24	7547.75	7550.48	839	0	86
2026.05.27	09:00:00	7550.22	7551.79	7548.69	7549.82	693	0	86
2026.05.27	09:30:00	7550.06	7553.83	7548.69	7552.84	611	0	86
2026.05.27	10:00:00	7552.96	7557.60	7552.72	7554.25	628	0	86
2026.05.27	10:30:00	7554.20	7555.54	7552.19	7554.32	523	0	86
2026.05.27	11:00:00	7554.47	7559.14	7552.69	7552.85	1119	0	86
2026.05.27	11:30:00	7552.69	7553.36	7543.45	7543.96	958	0	86
2026.05.27	12:00:00	7543.95	7563.30	7538.22	7559.69	3672	0	86
2026.05.27	12:30:00	7559.58	7560.93	7544.45	7545.44	2345	0	86
2026.05.27	13:00:00	7545.32	7546.35	7534.96	7534.96	2113	0	86
2026.05.27	13:30:00	7534.73	7538.80	7518.47	7530.91	11908	0	72
2026.05.27	14:00:00	7530.86	7539.80	7521.49	7526.47	9786	0	72
2026.05.27	14:30:00	7526.25	7536.35	7518.88	7522.84	8036	0	72
2026.05.27	15:00:00	7522.72	7527.35	7514.94	7521.32	6052	0	72
2026.05.27	15:30:00	7521.21	7527.60	7509.44	7516.94	6304	0	72
2026.05.27	16:00:00	7517.08	7524.17	7511.74	7522.69	3980	0	72
2026.05.27	16:30:00	7522.47	7532.16	7520.59	7523.76	2775	0	72
2026.05.27	17:00:00	7523.90	7524.66	7507.88	7517.35	3904	0	72
2026.05.27	17:30:00	7517.47	7526.60	7517.32	7523.47	2649	0	86
2026.05.27	18:00:00	7523.22	7534.30	7519.43	7533.34	2619	0	86
2026.05.27	18:30:00	7533.20	7537.11	7530.33	7534.72	1984	0	72
2026.05.27	19:00:00	7534.83	7537.85	7529.58	7532.21	1941	0	86
2026.05.27	19:30:00	7532.07	7535.35	7528.19	7532.21	3344	0	86
2026.05.27	20:00:00	7532.34	7541.84	7531.18	7538.79	1135	0	86
2026.05.27	20:30:00	7538.71	7548.84	7538.71	7547.24	334	0	86
2026.05.27	22:00:00	7546.71	7550.97	7538.80	7538.86	1642	0	86
2026.05.27	22:30:00	7538.56	7540.92	7534.72	7539.55	1493	0	86
2026.05.27	23:00:00	7539.47	7542.47	7534.45	7537.22	1468	0	86
2026.05.27	23:30:00	7537.07	7537.07	7525.86	7527.91	1899	0	72
2026.05.28	00:00:00	7527.58	7536.35	7526.02	7533.54	3499	0	72
2026.05.28	00:30:00	7533.67	7545.17	7529.87	7542.52	2652	0	72
2026.05.28	01:00:00	7542.54	7543.67	7537.34	7540.04	2724	0	72
2026.05.28	01:30:00	7539.94	7543.98	7536.59	7542.84	2449	0	72
2026.05.28	02:00:00	7542.96	7544.24	7531.09	7531.22	2147	0	72
2026.05.28	02:30:00	7531.09	7532.99	7526.06	7527.58	1990	0	72
2026.05.28	03:00:00	7527.75	7529.94	7520.47	7520.72	2814	0	72
2026.05.28	03:30:00	7520.72	7520.72	7504.49	7505.61	5115	0	72
2026.05.28	04:00:00	7505.42	7507.57	7498.74	7502.23	4000	0	72
2026.05.28	04:30:00	7502.19	7507.89	7501.23	7502.94	2522	0	72
2026.05.28	05:00:00	7503.07	7511.24	7500.00	7511.24	2776	0	72
2026.05.28	05:30:00	7511.29	7522.70	7510.61	7521.28	2460	0	72
2026.05.28	06:00:00	7521.46	7524.99	7521.02	7522.71	1783	0	72
2026.05.28	06:30:00	7522.58	7522.74	7517.01	7521.86	1665	0	72
2026.05.28	07:00:00	7521.93	7527.76	7521.93	7523.01	1534	0	72
2026.05.28	07:30:00	7523.25	7525.54	7518.89	7525.04	1183	0	86
2026.05.28	08:00:00	7525.22	7528.03	7520.38	7523.28	1707	0	72
2026.05.28	08:30:00	7523.41	7526.81	7522.46	7526.67	828	0	86
2026.05.28	09:00:00	7526.44	7529.04	7523.43	7525.02	771	0	86
2026.05.28	09:30:00	7524.90	7526.99	7520.90	7525.75	759	0	86
2026.05.28	10:00:00	7525.79	7525.79	7517.65	7520.65	853	0	86
2026.05.28	10:30:00	7520.77	7521.53	7508.60	7512.68	1517	0	86
2026.05.28	11:00:00	7512.47	7516.54	7511.13	7512.14	1533	0	72
2026.05.28	11:30:00	7512.06	7518.03	7510.42	7515.39	1174	0	86
2026.05.28	12:00:00	7515.44	7519.29	7514.39	7518.36	1249	0	86
2026.05.28	12:30:00	7518.26	7532.78	7518.15	7531.75	2071	0	72
2026.05.28	13:00:00	7531.79	7536.80	7528.14	7528.65	1585	0	86
2026.05.28	13:30:00	7528.78	7530.70	7519.17	7529.05	7666	0	72
2026.05.28	14:00:00	7528.89	7567.25	7526.89	7555.20	10884	0	72
2026.05.28	14:30:00	7555.40	7557.78	7545.09	7556.62	6515	0	72
2026.05.28	15:00:00	7556.68	7569.44	7555.54	7567.29	3957	0	72
2026.05.28	15:30:00	7567.43	7570.70	7565.80	7568.80	2082	0	86
2026.05.28	16:00:00	7568.93	7576.44	7565.03	7571.68	2049	0	86
2026.05.28	16:30:00	7571.90	7575.79	7568.54	7575.07	1451	0	86
2026.05.28	17:00:00	7575.11	7576.71	7569.03	7570.42	1407	0	86
2026.05.28	17:30:00	7570.67	7577.21	7569.05	7574.60	1359	0	86
2026.05.28	18:00:00	7574.90	7576.71	7572.03	7575.70	1741	0	86
2026.05.28	18:30:00	7575.54	7575.70	7570.04	7570.54	1267	0	86
2026.05.28	19:00:00	7570.33	7575.94	7569.29	7575.94	1186	0	86
2026.05.28	19:30:00	7575.79	7580.20	7574.26	7576.07	2436	0	86
2026.05.28	20:00:00	7575.82	7583.94	7574.31	7583.69	739	0	86
2026.05.28	20:30:00	7583.54	7584.44	7581.32	7581.79	403	0	86
2026.05.28	22:00:00	7583.27	7586.65	7579.22	7580.62	1434	0	86
2026.05.28	22:30:00	7580.65	7582.60	7579.22	7579.74	573	0	72
2026.05.28	23:00:00	7579.74	7584.13	7579.74	7583.21	622	0	72
2026.05.28	23:30:00	7582.99	7582.99	7578.46	7579.60	750	0	72
2026.05.29	00:00:00	7579.49	7580.32	7576.49	7577.17	2013	0	72
2026.05.29	00:30:00	7577.17	7577.37	7570.29	7571.94	1224	0	72
2026.05.29	01:00:00	7571.79	7573.69	7568.42	7569.03	1675	0	72
2026.05.29	01:30:00	7569.20	7573.49	7567.24	7571.35	1405	0	72
2026.05.29	02:00:00	7571.45	7575.48	7568.57	7570.04	1174	0	72
2026.05.29	02:30:00	7570.01	7572.96	7569.31	7570.32	1006	0	72
2026.05.29	03:00:00	7570.24	7576.12	7570.10	7574.67	972	0	72
2026.05.29	03:30:00	7574.67	7576.94	7572.47	7574.79	994	0	72
2026.05.29	04:00:00	7574.94	7578.74	7574.78	7578.29	822	0	72
2026.05.29	04:30:00	7578.34	7581.13	7577.74	7579.21	592	0	72
2026.05.29	05:00:00	7579.38	7582.20	7578.68	7581.53	699	0	72
2026.05.29	05:30:00	7581.50	7581.67	7578.17	7580.23	792	0	72
2026.05.29	06:00:00	7580.40	7586.61	7580.29	7581.85	1072	0	72
2026.05.29	06:30:00	7581.72	7586.88	7581.17	7586.46	1019	0	72
2026.05.29	07:00:00	7586.63	7586.94	7578.42	7579.84	934	0	72
2026.05.29	07:30:00	7579.99	7581.00	7574.28	7580.75	1133	0	86
2026.05.29	08:00:00	7580.61	7583.50	7578.83	7581.63	1139	0	86
2026.05.29	08:30:00	7581.74	7582.75	7576.38	7580.01	804	0	72
2026.05.29	09:00:00	7580.21	7589.49	7579.35	7586.44	1140	0	86
2026.05.29	09:30:00	7586.23	7587.49	7583.86	7584.40	824	0	72
2026.05.29	10:00:00	7584.60	7584.74	7579.11	7582.85	742	0	86
2026.05.29	10:30:00	7582.73	7585.51	7581.33	7584.49	657	0	86
2026.05.29	11:00:00	7584.35	7589.95	7584.10	7584.24	725	0	86
2026.05.29	11:30:00	7584.28	7587.75	7578.59	7587.60	1224	0	86
2026.05.29	12:00:00	7587.79	7588.23	7583.59	7586.07	980	0	72
2026.05.29	12:30:00	7586.22	7586.74	7580.36	7585.56	1171	0	86
2026.05.29	13:00:00	7585.72	7587.20	7581.63	7584.99	1135	0	86
2026.05.29	13:30:00	7584.85	7604.00	7581.09	7603.09	6028	0	72
2026.05.29	14:00:00	7603.24	7605.72	7583.40	7591.11	7897	0	86
2026.05.29	14:30:00	7591.24	7594.50	7571.84	7585.01	11164	0	72
2026.05.29	15:00:00	7585.20	7598.83	7583.59	7592.52	5989	0	72
2026.05.29	15:30:00	7592.64	7598.01	7587.39	7588.74	4641	0	72
2026.05.29	16:00:00	7588.88	7599.25	7588.17	7592.20	2538	0	72
2026.05.29	16:30:00	7591.87	7602.72	7589.60	7592.25	3383	0	86
2026.05.29	17:00:00	7592.11	7594.46	7586.35	7590.35	2606	0	86
2026.05.29	17:30:00	7590.50	7591.24	7576.73	7577.49	3019	0	86
2026.05.29	18:00:00	7577.37	7588.76	7575.97	7587.59	2717	0	86
2026.05.29	18:30:00	7587.74	7592.24	7578.83	7579.50	3492	0	86
2026.05.29	19:00:00	7579.37	7593.49	7578.08	7593.49	2573	0	86
2026.05.29	19:30:00	7593.35	7601.21	7587.48	7588.59	5467	0	86
2026.05.29	20:00:00	7588.75	7592.96	7583.59	7584.89	1725	0	86
2026.05.29	20:30:00	7584.85	7588.00	7583.59	7585.00	389	0	86
2026.05.31	22:00:00	7590.36	7593.99	7582.16	7592.18	1979	0	86
2026.05.31	22:30:00	7592.11	7599.57	7591.86	7598.12	1231	0	86
2026.05.31	23:00:00	7598.25	7601.02	7596.87	7600.52	881	0	86
2026.05.31	23:30:00	7600.38	7603.06	7599.39	7601.87	1037	0	72
2026.06.01	00:00:00	7602.00	7608.39	7601.11	7608.39	2105	0	72
2026.06.01	00:30:00	7608.34	7610.62	7606.11	7608.02	1400	0	72
2026.06.01	01:00:00	7608.24	7609.85	7604.93	7607.47	1458	0	72
2026.06.01	01:30:00	7607.59	7611.09	7606.94	7610.56	1052	0	72
2026.06.01	02:00:00	7610.38	7614.36	7610.12	7613.43	789	0	72
2026.06.01	02:30:00	7613.60	7613.64	7610.69	7612.14	781	0	72
2026.06.01	03:00:00	7612.14	7614.32	7607.65	7613.82	960	0	72
2026.06.01	03:30:00	7613.92	7616.28	7608.18	7608.93	1011	0	72
2026.06.01	04:00:00	7609.06	7612.07	7608.89	7611.43	738	0	72
2026.06.01	04:30:00	7611.60	7614.52	7610.69	7614.10	613	0	72
2026.06.01	05:00:00	7613.93	7614.35	7610.70	7610.94	719	0	72
2026.06.01	05:30:00	7611.09	7615.59	7611.08	7614.56	855	0	72
2026.06.01	06:00:00	7614.63	7615.39	7610.72	7611.02	866	0	72
2026.06.01	06:30:00	7611.03	7615.09	7610.94	7613.95	878	0	72
2026.06.01	07:00:00	7614.23	7617.12	7608.74	7609.74	1127	0	86
2026.06.01	07:30:00	7609.89	7611.15	7604.05	7607.90	1078	0	86
2026.06.01	08:00:00	7607.75	7609.07	7604.07	7604.25	1187	0	72
2026.06.01	08:30:00	7604.29	7610.59	7602.50	7610.59	890	0	86
2026.06.01	09:00:00	7610.76	7612.88	7607.76	7608.74	721	0	86
2026.06.01	09:30:00	7608.88	7609.35	7605.62	7606.51	677	0	86
2026.06.01	10:00:00	7606.63	7611.65	7606.50	7611.14	670	0	86
2026.06.01	10:30:00	7611.27	7614.41	7611.24	7612.87	532	0	86
2026.06.01	11:00:00	7613.11	7613.85	7610.53	7613.40	880	0	86
2026.06.01	11:30:00	7613.25	7618.71	7610.79	7611.05	931	0	86
2026.06.01	12:00:00	7611.08	7611.21	7603.29	7607.20	1328	0	72
2026.06.01	12:30:00	7607.14	7612.45	7603.78	7605.56	1228	0	86
2026.06.01	13:00:00	7605.70	7606.94	7574.03	7579.80	6439	0	72
2026.06.01	13:30:00	7579.94	7593.42	7573.06	7582.16	10452	0	72
2026.06.01	14:00:00	7581.22	7592.73	7579.04	7584.04	8351	0	72
2026.06.01	14:30:00	7583.83	7586.91	7578.03	7581.70	4845	0	72
2026.06.01	15:00:00	7581.90	7589.16	7579.80	7586.80	3852	0	72
2026.06.01	15:30:00	7586.67	7599.68	7586.54	7592.45	4282	0	72
2026.06.01	16:00:00	7592.58	7597.42	7584.04	7592.95	3193	0	86
2026.06.01	16:30:00	7593.07	7605.95	7593.05	7604.90	3321	0	86
2026.06.01	17:00:00	7604.58	7610.67	7595.77	7610.59	2549	0	86
2026.06.01	17:30:00	7610.44	7628.80	7603.86	7621.20	5076	0	72
2026.06.01	18:00:00	7621.41	7624.94	7619.04	7624.06	1914	0	72
2026.06.01	18:30:00	7624.19	7624.71	7620.54	7621.11	1332	0	86
2026.06.01	19:00:00	7621.06	7623.39	7619.79	7622.53	1716	0	86
2026.06.01	19:30:00	7622.32	7622.45	7607.53	7610.69	3113	0	86
2026.06.01	20:00:00	7610.91	7613.24	7608.09	7608.75	539	0	86
2026.06.01	20:30:00	7608.59	7615.19	7603.76	7605.60	1185	0	86
2026.06.01	22:00:00	7608.16	7609.01	7591.69	7592.28	1831	0	86
2026.06.01	22:30:00	7592.02	7593.42	7588.92	7592.96	1244	0	86
2026.06.01	23:00:00	7592.93	7594.17	7591.21	7592.96	703	0	72
2026.06.01	23:30:00	7592.93	7595.88	7589.50	7593.49	1239	0	72
2026.06.02	00:00:00	7593.62	7593.63	7581.28	7584.54	3246	0	72
2026.06.02	00:30:00	7584.68	7587.47	7577.99	7579.42	2223	0	72
2026.06.02	01:00:00	7579.36	7583.49	7576.63	7580.71	2907	0	72
2026.06.02	01:30:00	7580.84	7582.41	7575.29	7575.29	2456	0	72
2026.06.02	02:00:00	7575.45	7579.24	7574.79	7577.49	1611	0	72
2026.06.02	02:30:00	7577.54	7580.94	7577.54	7579.19	1173	0	72
2026.06.02	03:00:00	7579.04	7580.44	7574.05	7575.74	1406	0	72
2026.06.02	03:30:00	7575.85	7579.74	7574.99	7579.54	1511	0	72
2026.06.02	04:00:00	7579.51	7584.44	7579.06	7583.22	1021	0	72
2026.06.02	04:30:00	7583.24	7588.45	7581.54	7587.99	787	0	72
2026.06.02	05:00:00	7588.09	7591.95	7586.24	7591.49	952	0	72
2026.06.02	05:30:00	7591.49	7594.45	7589.99	7591.79	1123	0	72
2026.06.02	06:00:00	7591.76	7596.44	7591.49	7594.94	1255	0	72
2026.06.02	06:30:00	7594.99	7599.92	7593.01	7599.28	1129	0	72
2026.06.02	07:00:00	7599.10	7603.81	7599.10	7601.64	1115	0	72
2026.06.02	07:30:00	7601.96	7603.99	7600.08	7603.74	808	0	86
2026.06.02	08:00:00	7603.96	7608.01	7601.10	7601.42	1453	0	72
2026.06.02	08:30:00	7601.56	7605.23	7601.17	7603.24	849	0	72
2026.06.02	09:00:00	7603.20	7603.20	7596.72	7597.93	820	0	86
2026.06.02	09:30:00	7598.01	7603.48	7596.84	7599.13	905	0	86
2026.06.02	10:00:00	7599.25	7600.98	7597.36	7599.69	678	0	86
2026.06.02	10:30:00	7599.86	7600.23	7596.59	7596.62	607	0	86
2026.06.02	11:00:00	7596.65	7597.91	7593.15	7596.23	952	0	86
2026.06.02	11:30:00	7596.44	7600.00	7593.85	7593.85	792	0	72
2026.06.02	12:00:00	7593.90	7600.46	7592.85	7598.84	908	0	86
2026.06.02	12:30:00	7598.98	7599.46	7594.34	7594.46	1245	0	86
2026.06.02	13:00:00	7594.84	7597.21	7585.37	7595.85	2281	0	86
2026.06.02	13:30:00	7595.72	7602.99	7593.08	7601.48	8389	0	72
2026.06.02	14:00:00	7601.35	7610.01	7597.88	7602.59	5718	0	72
2026.06.02	14:30:00	7602.72	7623.08	7602.59	7622.93	4533	0	72
2026.06.02	15:00:00	7623.06	7629.51	7619.45	7624.58	3269	0	72
2026.06.02	15:30:00	7624.73	7626.00	7621.36	7622.37	2525	0	72
2026.06.02	16:00:00	7622.49	7625.51	7617.84	7618.84	2545	0	72
2026.06.02	16:30:00	7618.63	7624.81	7616.60	7624.17	2128	0	72
2026.06.02	17:00:00	7624.13	7625.00	7614.85	7615.85	2400	0	72
2026.06.02	17:30:00	7615.90	7618.76	7613.35	7614.34	2216	0	72
2026.06.02	18:00:00	7614.48	7618.75	7613.63	7615.17	1922	0	72
2026.06.02	18:30:00	7615.30	7617.81	7612.06	7616.50	1712	0	72
2026.06.02	19:00:00	7616.36	7621.25	7616.36	7619.03	1366	0	72
2026.06.02	19:30:00	7618.91	7622.99	7617.34	7620.99	2301	0	72
2026.06.02	20:00:00	7621.22	7627.50	7621.09	7623.87	838	0	86
2026.06.02	20:30:00	7623.62	7626.61	7623.62	7625.95	181	0	86
2026.06.02	22:00:00	7626.19	7626.19	7620.44	7623.37	1315	0	86
2026.06.02	22:30:00	7623.37	7625.34	7618.91	7619.82	1006	0	72
2026.06.02	23:00:00	7619.67	7620.37	7600.97	7608.67	2589	0	72
2026.06.02	23:30:00	7608.79	7624.12	7606.42	7622.67	2486	0	86
2026.06.03	00:00:00	7622.82	7624.79	7618.06	7620.69	2274	0	72
2026.06.03	00:30:00	7620.85	7625.33	7619.89	7623.87	1422	0	72
2026.06.03	01:00:00	7623.74	7624.39	7618.46	7619.74	1787	0	72
2026.06.03	01:30:00	7619.89	7621.78	7617.50	7620.14	1554	0	72
2026.06.03	02:00:00	7620.35	7621.44	7618.49	7619.64	1014	0	72
2026.06.03	02:30:00	7619.62	7621.16	7618.50	7619.90	738	0	72
2026.06.03	03:00:00	7619.73	7622.85	7619.24	7619.89	628	0	72
2026.06.03	03:30:00	7619.92	7622.40	7619.92	7621.94	651	0	72
2026.06.03	04:00:00	7621.94	7624.74	7621.76	7623.15	501	0	72
2026.06.03	04:30:00	7623.18	7624.15	7620.48	7620.72	479	0	72
2026.06.03	05:00:00	7620.70	7622.85	7617.98	7620.37	755	0	72
2026.06.03	05:30:00	7620.23	7620.38	7616.12	7617.44	1028	0	72
2026.06.03	06:00:00	7617.33	7620.36	7614.21	7616.99	1497	0	72
2026.06.03	06:30:00	7616.77	7619.64	7615.20	7617.57	1423	0	72
2026.06.03	07:00:00	7617.42	7621.93	7616.18	7617.44	1084	0	72
2026.06.03	07:30:00	7617.33	7618.69	7614.09	7618.55	941	0	72
2026.06.03	08:00:00	7618.71	7620.20	7613.78	7619.80	1157	0	86
2026.06.03	08:30:00	7619.93	7620.34	7616.04	7617.05	819	0	72
2026.06.03	09:00:00	7616.93	7619.96	7615.63	7617.18	724	0	86
2026.06.03	09:30:00	7617.04	7617.46	7609.80	7610.15	625	0	86
2026.06.03	10:00:00	7610.04	7620.07	7608.85	7614.50	1744	0	86
2026.06.03	10:30:00	7614.29	7616.09	7609.33	7613.12	784	0	72
2026.06.03	11:00:00	7613.16	7616.95	7613.12	7615.88	765	0	72
2026.06.03	11:30:00	7615.85	7618.69	7614.82	7614.82	607	0	86
2026.06.03	12:00:00	7614.94	7616.94	7609.79	7609.82	934	0	86
2026.06.03	12:30:00	7609.58	7609.71	7602.33	7605.40	1366	0	86
2026.06.03	13:00:00	7605.10	7607.41	7604.04	7606.60	1246	0	86
2026.06.03	13:30:00	7606.70	7612.96	7573.04	7584.62	10896	0	72
2026.06.03	14:00:00	7584.39	7595.20	7583.76	7593.39	7392	0	72
2026.06.03	14:30:00	7593.08	7595.42	7582.30	7587.19	5005	0	72
2026.06.03	15:00:00	7587.41	7590.65	7578.85	7586.91	4655	0	72
2026.06.03	15:30:00	7586.79	7588.43	7573.28	7577.67	4304	0	72
2026.06.03	16:00:00	7577.64	7580.16	7564.09	7568.55	4295	0	72
2026.06.03	16:30:00	7568.32	7576.94	7561.03	7576.44	4301	0	72
2026.06.03	17:00:00	7576.56	7576.69	7565.53	7571.55	3264	0	86
2026.06.03	17:30:00	7571.71	7583.20	7567.28	7581.44	2335	0	72
2026.06.03	18:00:00	7581.67	7585.96	7575.53	7585.57	2707	0	86
2026.06.03	18:30:00	7585.69	7586.21	7580.58	7581.81	2174	0	86
2026.06.03	19:00:00	7581.68	7581.69	7571.79	7574.29	2762	0	86
2026.06.03	19:30:00	7574.07	7580.92	7567.04	7570.28	5245	0	86
2026.06.03	20:00:00	7570.46	7571.41	7551.04	7556.94	3989	0	86
2026.06.03	20:30:00	7556.80	7557.43	7540.08	7545.70	1953	0	86
2026.06.03	22:00:00	7536.68	7543.62	7531.39	7536.24	3269	0	86
2026.06.03	22:30:00	7536.17	7544.57	7529.17	7541.83	2894	0	72
2026.06.03	23:00:00	7542.05	7543.02	7529.97	7532.84	2278	0	72
2026.06.03	23:30:00	7533.08	7536.56	7527.67	7532.82	2464	0	72
2026.06.04	00:00:00	7532.72	7542.32	7530.12	7538.93	4615	0	72
2026.06.04	00:30:00	7538.76	7547.42	7538.45	7545.29	3014	0	72
2026.06.04	01:00:00	7545.07	7549.93	7541.79	7544.15	3045	0	72
2026.06.04	01:30:00	7544.40	7549.70	7535.74	7539.64	3163	0	72
2026.06.04	02:00:00	7539.89	7540.18	7525.82	7533.59	3358	0	72
2026.06.04	02:30:00	7533.62	7538.24	7529.62	7534.04	2198	0	72
2026.06.04	03:00:00	7534.16	7541.53	7533.27	7541.24	1625	0	72
2026.06.04	03:30:00	7541.29	7543.86	7537.34	7543.64	1716	0	72
2026.06.04	04:00:00	7543.67	7546.69	7541.26	7545.15	1244	0	72
2026.06.04	04:30:00	7544.98	7547.87	7543.81	7545.29	1429	0	72
2026.06.04	05:00:00	7545.19	7545.71	7537.47	7539.24	2239	0	72
2026.06.04	05:30:00	7539.29	7544.04	7538.27	7542.83	2250	0	72
2026.06.04	06:00:00	7543.00	7546.48	7541.05	7545.00	2143	0	72
2026.06.04	06:30:00	7544.89	7551.92	7542.04	7551.60	1831	0	72
2026.06.04	07:00:00	7551.70	7556.30	7549.90	7554.96	1581	0	72
2026.06.04	07:30:00	7554.93	7556.80	7551.39	7552.74	1172	0	86
2026.06.04	08:00:00	7552.47	7552.55	7536.28	7542.49	2674	0	72
2026.06.04	08:30:00	7542.76	7548.80	7537.21	7539.56	2521	0	72
2026.06.04	09:00:00	7539.39	7539.82	7531.61	7539.31	2641	0	72
2026.06.04	09:30:00	7539.26	7548.62	7537.77	7546.88	2057	0	72
2026.06.04	10:00:00	7546.73	7546.87	7536.44	7536.75	1649	0	72
2026.06.04	10:30:00	7536.65	7539.03	7527.13	7532.40	1743	0	72
2026.06.04	11:00:00	7532.54	7542.73	7531.90	7539.40	2357	0	72
2026.06.04	11:30:00	7539.51	7544.30	7523.64	7542.98	3594	0	72
2026.06.04	12:00:00	7542.98	7546.36	7535.80	7540.97	3058	0	72
2026.06.04	12:30:00	7540.83	7551.32	7540.83	7548.95	2158	0	72
2026.06.04	13:00:00	7549.26	7553.79	7544.70	7547.40	2498	0	72
2026.06.04	13:30:00	7547.53	7563.54	7540.96	7558.39	12775	0	72
2026.06.04	14:00:00	7558.19	7569.37	7548.89	7566.89	10085	0	72
2026.06.04	14:30:00	7566.69	7568.87	7560.18	7568.42	6175	0	72
2026.06.04	15:00:00	7568.75	7586.29	7568.42	7585.54	4204	0	72
2026.06.04	15:30:00	7585.40	7586.31	7574.64	7580.04	3765	0	72
2026.06.04	16:00:00	7580.17	7593.79	7578.50	7592.31	2690	0	86
2026.06.04	16:30:00	7592.25	7596.63	7587.63	7595.35	2364	0	72
2026.06.04	17:00:00	7595.22	7598.80	7593.14	7598.30	1773	0	72
2026.06.04	17:30:00	7598.16	7604.37	7597.39	7603.96	1672	0	72
2026.06.04	18:00:00	7604.11	7606.30	7602.64	7605.18	1730	0	72
2026.06.04	18:30:00	7605.02	7606.79	7602.13	7603.23	1307	0	86
2026.06.04	19:00:00	7603.52	7610.34	7603.15	7609.96	1819	0	72
2026.06.04	19:30:00	7609.67	7610.31	7597.40	7598.65	3840	0	72
2026.06.04	20:00:00	7598.79	7601.05	7586.42	7587.79	1660	0	86
2026.06.04	20:30:00	7587.74	7590.04	7586.15	7586.67	781	0	86
2026.06.04	22:00:00	7587.91	7589.72	7577.77	7580.72	1892	0	72
2026.06.04	22:30:00	7580.95	7585.57	7579.84	7585.39	1173	0	72
2026.06.04	23:00:00	7585.16	7586.07	7575.49	7578.57	1541	0	72
2026.06.04	23:30:00	7578.72	7578.77	7572.62	7572.89	1736	0	72
2026.06.05	00:00:00	7572.67	7572.67	7561.12	7563.72	3785	0	72
2026.06.05	00:30:00	7563.82	7566.05	7556.11	7558.35	3392	0	72
2026.06.05	01:00:00	7558.44	7559.52	7546.06	7550.09	3684	0	72
2026.06.05	01:30:00	7550.26	7560.30	7549.88	7560.05	3264	0	72
2026.06.05	02:00:00	7559.94	7565.59	7557.84	7564.35	2130	0	64
2026.06.05	02:30:00	7564.21	7565.29	7559.19	7560.59	1942	0	64
2026.06.05	03:00:00	7560.75	7563.89	7556.38	7558.64	2069	0	72
2026.06.05	03:30:00	7558.87	7561.10	7553.69	7556.49	2215	0	72
2026.06.05	04:00:00	7556.63	7561.65	7555.44	7557.75	2068	0	72
2026.06.05	04:30:00	7557.69	7565.19	7556.24	7563.74	1892	0	72
2026.06.05	05:00:00	7563.69	7564.15	7558.48	7559.83	2140	0	72
2026.06.05	05:30:00	7559.52	7564.36	7556.74	7557.90	2014	0	72
2026.06.05	06:00:00	7557.73	7564.54	7552.89	7554.46	2567	0	72
2026.06.05	06:30:00	7554.71	7556.02	7550.36	7553.34	2527	0	72
2026.06.05	07:00:00	7553.33	7555.10	7546.44	7554.59	2504	0	72
2026.06.05	07:30:00	7554.45	7559.16	7553.93	7556.60	1852	0	72
2026.06.05	08:00:00	7556.47	7565.91	7553.75	7565.79	2496	0	72
2026.06.05	08:30:00	7565.92	7567.67	7558.77	7559.65	1814	0	72
2026.06.05	09:00:00	7559.87	7578.06	7558.97	7565.56	3157	0	72
2026.06.05	09:30:00	7565.71	7568.39	7563.20	7567.03	1336	0	72
2026.06.05	10:00:00	7567.07	7573.41	7566.54	7572.77	1005	0	72
2026.06.05	10:30:00	7572.81	7573.18	7567.52	7567.80	1010	0	72
2026.06.05	11:00:00	7567.56	7569.29	7558.64	7567.96	1315	0	72
2026.06.05	11:30:00	7567.74	7570.06	7562.00	7562.45	1178	0	86
2026.06.05	12:00:00	7562.59	7562.61	7556.94	7558.16	1807	0	72
2026.06.05	12:30:00	7557.93	7567.17	7545.66	7548.93	5108	0	72
2026.06.05	13:00:00	7549.07	7550.59	7542.95	7547.47	3818	0	86
2026.06.05	13:30:00	7547.31	7551.83	7509.95	7510.43	15997	0	72
2026.06.05	14:00:00	7510.60	7532.60	7505.20	7515.59	14978	0	72
2026.06.05	14:30:00	7515.44	7530.61	7514.23	7522.20	11545	0	72
2026.06.05	15:00:00	7522.34	7525.35	7499.23	7505.20	8859	0	72
2026.06.05	15:30:00	7504.98	7508.03	7485.70	7489.57	8953	0	72
2026.06.05	16:00:00	7489.46	7489.60	7469.71	7471.18	8883	0	72
2026.06.05	16:30:00	7471.03	7471.60	7448.24	7469.09	11274	0	72
2026.06.05	17:00:00	7468.95	7469.36	7451.76	7464.08	9654	0	72
2026.06.05	17:30:00	7463.95	7476.85	7459.21	7470.58	7593	0	72
2026.06.05	18:00:00	7470.81	7471.60	7429.01	7432.70	10112	0	72
2026.06.05	18:30:00	7432.58	7435.17	7408.45	7415.79	13098	0	72
2026.06.05	19:00:00	7415.66	7417.35	7379.05	7408.34	15707	0	72
2026.06.05	19:30:00	7408.19	7422.38	7393.73	7399.10	19986	0	72
2026.06.05	20:00:00	7399.32	7400.60	7359.99	7369.07	10790	0	72
2026.06.05	20:30:00	7368.95	7370.65	7358.57	7368.84	3081	0	72
2026.06.07	22:00:00	7373.19	7397.59	7357.47	7385.42	8072	0	86
2026.06.07	22:30:00	7385.37	7392.87	7356.95	7369.22	5904	0	86
2026.06.07	23:00:00	7369.27	7387.58	7369.27	7382.62	5109	0	86
2026.06.07	23:30:00	7382.47	7406.04	7382.17	7401.82	4206	0	72
2026.06.08	00:00:00	7401.71	7417.39	7397.17	7416.24	5932	0	72
2026.06.08	00:30:00	7416.40	7424.19	7408.19	7416.96	4861	0	72
2026.06.08	01:00:00	7416.87	7420.40	7393.66	7394.39	9561	0	72
2026.06.08	01:30:00	7394.62	7410.81	7385.67	7407.33	10868	0	72
2026.06.08	02:00:00	7407.59	7411.97	7402.19	7409.69	6360	0	72
2026.06.08	02:30:00	7409.79	7420.64	7402.69	7416.15	4375	0	72
2026.06.08	03:00:00	7415.98	7419.69	7412.25	7418.23	3080	0	64
2026.06.08	03:30:00	7418.40	7420.69	7416.27	7418.21	2331	0	64
2026.06.08	04:00:00	7418.23	7420.13	7409.54	7413.07	3124	0	64
2026.06.08	04:30:00	7413.06	7414.19	7402.23	7402.75	3646	0	72
2026.06.08	05:00:00	7402.54	7410.14	7397.17	7403.69	4857	0	72
2026.06.08	05:30:00	7403.74	7404.85	7387.99	7393.19	5409	0	72
2026.06.08	06:00:00	7393.06	7409.79	7391.24	7408.42	6315	0	72
2026.06.08	06:30:00	7408.56	7411.07	7395.73	7403.99	4965	0	72
2026.06.08	07:00:00	7404.15	7424.94	7401.85	7422.21	4617	0	72
2026.06.08	07:30:00	7422.38	7430.23	7418.03	7424.61	2992	0	72
2026.06.08	08:00:00	7424.41	7424.97	7414.43	7418.47	3842	0	72
2026.06.08	08:30:00	7418.63	7422.43	7410.91	7415.13	3102	0	72
2026.06.08	09:00:00	7415.09	7421.43	7408.67	7418.12	2145	0	72
2026.06.08	09:30:00	7418.24	7431.77	7413.63	7428.76	2990	0	72
2026.06.08	10:00:00	7428.88	7429.00	7417.77	7421.78	2356	0	72
2026.06.08	10:30:00	7421.62	7436.94	7420.62	7429.71	3188	0	72
2026.06.08	11:00:00	7429.64	7454.93	7424.05	7453.51	4776	0	72
2026.06.08	11:30:00	7453.71	7458.97	7446.61	7448.39	2995	0	72
2026.06.08	12:00:00	7448.16	7460.15	7447.55	7459.64	3093	0	72
2026.06.08	12:30:00	7459.40	7468.75	7458.51	7460.76	2721	0	72
2026.06.08	13:00:00	7460.65	7472.71	7458.02	7458.69	3587	0	72
2026.06.08	13:30:00	7458.57	7470.69	7432.55	7432.85	23741	0	72
2026.06.08	14:00:00	7432.64	7454.66	7430.54	7449.20	19623	0	72
2026.06.08	14:30:00	7449.05	7474.90	7443.57	7474.57	11509	0	72
2026.06.08	15:00:00	7474.33	7477.95	7455.06	7456.46	7740	0	72
2026.06.08	15:30:00	7456.32	7467.20	7442.30	7451.39	10862	0	72
2026.06.08	16:00:00	7451.42	7463.65	7444.80	7444.86	8066	0	72
2026.06.08	16:30:00	7445.07	7453.44	7438.68	7442.81	8130	0	72
2026.06.08	17:00:00	7442.95	7444.27	7424.55	7443.96	9470	0	72
2026.06.08	17:30:00	7443.86	7447.71	7427.57	7435.07	9644	0	72
2026.06.08	18:00:00	7435.19	7446.91	7434.30	7443.35	7394	0	72
2026.06.08	18:30:00	7443.51	7448.39	7431.55	7433.42	6226	0	72
2026.06.08	19:00:00	7433.44	7435.46	7405.32	7415.69	8465	0	72
2026.06.08	19:30:00	7415.54	7425.69	7411.79	7417.32	9694	0	72
2026.06.08	20:00:00	7417.45	7420.20	7408.80	7414.09	2305	0	86
2026.06.08	20:30:00	7414.04	7414.90	7410.83	7413.69	791	0	86
2026.06.08	22:00:00	7415.25	7418.94	7393.07	7397.97	3354	0	72
2026.06.08	22:30:00	7398.19	7414.98	7398.02	7414.09	1991	0	72
2026.06.08	23:00:00	7414.09	7418.84	7411.15	7414.59	1867	0	72
2026.06.08	23:30:00	7414.44	7421.30	7405.63	7412.70	3549	0	72
2026.06.09	00:00:00	7412.45	7414.04	7396.14	7401.88	8008	0	72
2026.06.09	00:30:00	7401.84	7403.52	7392.64	7397.65	5328	0	72
2026.06.09	01:00:00	7397.75	7420.24	7395.70	7415.89	5745	0	72
2026.06.09	01:30:00	7416.05	7430.28	7414.43	7422.09	4867	0	72
2026.06.09	02:00:00	7422.09	7426.84	7417.89	7422.25	3332	0	72
2026.06.09	02:30:00	7422.66	7427.54	7419.69	7425.59	2995	0	72
2026.06.09	03:00:00	7425.70	7431.48	7423.64	7427.54	2555	0	72
2026.06.09	03:30:00	7427.77	7435.30	7426.93	7432.77	2252	0	64
2026.06.09	04:00:00	7432.63	7437.59	7430.34	7435.88	1864	0	72
2026.06.09	04:30:00	7436.04	7439.59	7434.19	7436.34	1715	0	72
2026.06.09	05:00:00	7436.44	7439.55	7434.40	7434.79	2164	0	72
2026.06.09	05:30:00	7434.84	7442.99	7434.84	7438.89	2555	0	72
2026.06.09	06:00:00	7439.03	7444.32	7437.14	7438.89	2847	0	72
2026.06.09	06:30:00	7438.84	7440.05	7432.65	7435.79	2451	0	72
2026.06.09	07:00:00	7435.64	7448.84	7433.07	7435.71	2733	0	72
2026.06.09	07:30:00	7435.81	7441.15	7432.97	7434.84	2319	0	72
2026.06.09	08:00:00	7434.71	7447.81	7430.49	7445.43	3279	0	72
2026.06.09	08:30:00	7445.61	7451.05	7443.02	7444.34	1890	0	72
2026.06.09	09:00:00	7444.31	7452.90	7443.51	7451.66	1420	0	72
2026.06.09	09:30:00	7451.79	7453.43	7446.90	7451.02	1310	0	72
2026.06.09	10:00:00	7451.14	7453.93	7437.14	7451.41	2178	0	72
2026.06.09	10:30:00	7451.53	7458.12	7447.75	7453.51	1497	0	72
2026.06.09	11:00:00	7453.59	7456.71	7447.07	7449.01	1545	0	72
2026.06.09	11:30:00	7449.06	7453.04	7445.44	7445.70	1306	0	72
2026.06.09	12:00:00	7445.75	7450.11	7443.70	7446.00	1748	0	72
2026.06.09	12:30:00	7445.98	7458.83	7445.95	7458.21	1886	0	72
2026.06.09	13:00:00	7458.33	7461.60	7451.43	7461.06	2572	0	72
2026.06.09	13:30:00	7460.93	7493.25	7456.96	7467.69	12995	0	86
2026.06.09	14:00:00	7467.84	7474.47	7417.73	7435.45	24030	0	72
2026.06.09	14:30:00	7435.58	7441.16	7370.00	7401.41	26025	0	72
2026.06.09	15:00:00	7401.78	7407.92	7331.69	7333.92	21282	0	72
2026.06.09	15:30:00	7333.78	7351.04	7313.92	7314.85	25730	0	72
2026.06.09	16:00:00	7314.97	7329.64	7276.73	7297.34	25693	0	72
2026.06.09	16:30:00	7297.22	7309.54	7249.27	7289.44	25975	0	72
2026.06.09	17:00:00	7289.29	7336.36	7287.27	7330.81	21259	0	64
2026.06.09	17:30:00	7330.69	7363.02	7325.30	7349.66	19171	0	72
2026.06.09	18:00:00	7349.51	7375.92	7345.03	7375.35	15064	0	72
2026.06.09	18:30:00	7375.45	7395.77	7367.21	7391.70	13321	0	72
2026.06.09	19:00:00	7391.48	7400.85	7355.98	7370.02	16963	0	72
2026.06.09	19:30:00	7369.82	7397.60	7349.81	7394.31	21768	0	72
2026.06.09	20:00:00	7394.18	7401.07	7384.69	7392.05	6208	0	72
2026.06.09	20:30:00	7392.05	7395.85	7387.98	7392.40	1674	0	72
2026.06.09	22:00:00	7383.25	7389.58	7377.74	7381.37	4533	0	86
2026.06.09	22:30:00	7381.60	7381.84	7366.92	7373.58	3584	0	72
2026.06.09	23:00:00	7373.60	7382.60	7369.99	7370.49	3259	0	86
2026.06.09	23:30:00	7370.42	7382.85	7368.21	7382.00	3640	0	72
2026.06.10	00:00:00	7382.06	7396.37	7380.56	7386.24	8155	0	72
2026.06.10	00:30:00	7386.38	7387.84	7367.30	7384.82	7567	0	72
2026.06.10	01:00:00	7385.06	7392.95	7381.70	7386.59	6886	0	72
2026.06.10	01:30:00	7386.47	7392.18	7379.50	7383.11	7100	0	72
2026.06.10	02:00:00	7383.36	7384.62	7374.79	7381.74	4974	0	72
2026.06.10	02:30:00	7381.91	7384.49	7372.49	7373.99	3898	0	72
2026.06.10	03:00:00	7374.15	7384.40	7373.27	7379.15	3359	0	86
2026.06.10	03:30:00	7378.99	7380.88	7372.99	7375.49	3338	0	72
2026.06.10	04:00:00	7375.65	7376.94	7366.81	7368.68	3302	0	72
2026.06.10	04:30:00	7368.54	7368.94	7359.29	7361.17	3723	0	72
2026.06.10	05:00:00	7361.00	7370.37	7357.04	7370.22	4648	0	72
2026.06.10	05:30:00	7370.34	7373.69	7362.02	7371.49	6088	0	72
2026.06.10	06:00:00	7371.49	7378.49	7370.28	7373.79	3914	0	72
2026.06.10	06:30:00	7373.57	7378.85	7370.04	7371.54	2488	0	72
2026.06.10	07:00:00	7371.69	7376.77	7365.66	7367.63	3333	0	72
2026.06.10	07:30:00	7367.73	7374.00	7365.22	7370.68	3056	0	72
2026.06.10	08:00:00	7370.70	7371.04	7354.10	7356.47	4659	0	72
2026.06.10	08:30:00	7356.34	7360.02	7335.96	7339.47	4567	0	72
2026.06.10	09:00:00	7339.35	7342.99	7322.21	7339.80	5027	0	72
2026.06.10	09:30:00	7339.67	7345.76	7332.15	7340.80	4053	0	72
2026.06.10	10:00:00	7341.00	7341.43	7327.80	7339.30	3648	0	72
2026.06.10	10:30:00	7339.18	7349.73	7336.88	7347.10	3556	0	72
2026.06.10	11:00:00	7348.02	7349.60	7308.63	7319.98	10167	0	72
2026.06.10	11:30:00	7319.99	7329.82	7309.80	7325.47	5646	0	72
2026.06.10	12:00:00	7325.30	7341.87	7322.93	7341.13	5489	0	72
2026.06.10	12:30:00	7341.34	7369.84	7338.68	7353.56	14864	0	64
2026.06.10	13:00:00	7353.69	7359.21	7349.84	7358.12	6068	0	72
2026.06.10	13:30:00	7358.22	7393.49	7338.60	7381.16	27321	0	72
2026.06.10	14:00:00	7381.31	7407.81	7374.19	7396.03	21002	0	72
2026.06.10	14:30:00	7395.92	7403.20	7346.41	7352.30	21825	0	64
2026.06.10	15:00:00	7352.18	7368.06	7318.93	7337.91	24468	0	72
2026.06.10	15:30:00	7338.06	7351.56	7308.53	7343.28	21082	0	64
2026.06.10	16:00:00	7343.44	7349.09	7322.85	7330.42	14298	0	72
2026.06.10	16:30:00	7330.56	7347.06	7317.91	7327.36	14070	0	72
2026.06.10	17:00:00	7327.23	7337.55	7310.42	7320.04	13134	0	72
2026.06.10	17:30:00	7319.91	7332.07	7302.42	7330.42	14746	0	72
2026.06.10	18:00:00	7330.53	7341.54	7316.91	7319.42	11864	0	72
2026.06.10	18:30:00	7319.54	7319.66	7293.91	7298.27	10780	0	72
2026.06.10	19:00:00	7298.53	7305.29	7279.41	7284.31	12485	0	72
2026.06.10	19:30:00	7284.19	7304.25	7278.67	7279.55	17123	0	72
2026.06.10	20:00:00	7279.78	7282.39	7264.62	7273.34	6338	0	86
2026.06.10	20:30:00	7273.17	7273.17	7259.27	7270.25	2301	0	86
2026.06.10	22:00:00	7267.73	7269.67	7250.91	7262.65	4631	0	72
2026.06.10	22:30:00	7262.69	7270.44	7246.99	7247.96	4669	0	72
2026.06.10	23:00:00	7247.95	7262.32	7236.49	7261.12	7121	0	72
2026.06.10	23:30:00	7261.27	7267.03	7251.12	7253.32	4947	0	72
2026.06.11	00:00:00	7253.55	7286.58	7249.94	7271.12	14617	0	72
2026.06.11	00:30:00	7271.36	7283.69	7261.92	7280.99	11326	0	72
2026.06.11	01:00:00	7281.12	7309.29	7280.99	7307.74	8437	0	72
2026.06.11	01:30:00	7307.64	7308.54	7288.88	7291.04	4903	0	64
2026.06.11	02:00:00	7291.05	7300.27	7279.34	7281.17	5276	0	72
2026.06.11	02:30:00	7281.03	7293.30	7276.59	7291.39	6223	0	72
2026.06.11	03:00:00	7291.39	7296.60	7283.39	7289.94	4941	0	72
2026.06.11	03:30:00	7289.73	7308.06	7289.44	7306.94	4359	0	64
2026.06.11	04:00:00	7306.91	7310.89	7302.74	7308.57	3519	0	64
2026.06.11	04:30:00	7308.44	7320.44	7307.48	7315.49	3042	0	64
2026.06.11	05:00:00	7315.65	7316.43	7305.74	7308.60	3530	0	64
2026.06.11	05:30:00	7308.66	7313.19	7305.31	7311.24	3498	0	72
2026.06.11	06:00:00	7311.15	7312.74	7297.67	7308.53	4961	0	72
2026.06.11	06:30:00	7308.69	7318.94	7306.53	7318.29	3004	0	72
2026.06.11	07:00:00	7318.06	7332.57	7315.10	7329.60	3342	0	72
2026.06.11	07:30:00	7329.65	7333.74	7327.09	7329.94	2291	0	72
2026.06.11	08:00:00	7329.74	7339.82	7329.22	7334.92	2925	0	72
2026.06.11	08:30:00	7335.07	7340.26	7333.90	7339.18	2113	0	72
2026.06.11	09:00:00	7339.31	7340.32	7334.35	7336.15	1873	0	72
2026.06.11	09:30:00	7336.04	7341.49	7334.90	7336.42	1606	0	72
2026.06.11	10:00:00	7336.31	7340.31	7331.45	7331.45	1935	0	72
2026.06.11	10:30:00	7331.73	7336.95	7331.20	7331.69	1521	0	72
2026.06.11	11:00:00	7331.78	7331.82	7320.34	7325.49	2675	0	72
2026.06.11	11:30:00	7325.43	7336.58	7324.59	7334.93	2795	0	72
2026.06.11	12:00:00	7334.71	7336.74	7299.04	7309.22	6619	0	72
2026.06.11	12:30:00	7308.99	7322.11	7291.10	7318.99	9537	0	72
2026.06.11	13:00:00	7318.86	7319.35	7307.90	7310.60	4792	0	72
2026.06.11	13:30:00	7310.40	7338.06	7285.87	7319.44	27486	0	72
2026.06.11	14:00:00	7319.69	7338.33	7291.84	7311.05	26214	0	72
2026.06.11	14:30:00	7311.30	7323.35	7273.89	7279.01	21291	0	72
2026.06.11	15:00:00	7278.80	7310.08	7266.51	7294.54	20366	0	72
2026.06.11	15:30:00	7294.40	7317.35	7289.81	7303.27	16391	0	64
2026.06.11	16:00:00	7303.41	7325.81	7298.27	7301.28	13353	0	72
2026.06.11	16:30:00	7301.26	7321.77	7287.76	7288.15	12354	0	72
2026.06.11	17:00:00	7288.02	7350.39	7276.15	7349.77	15126	0	72
2026.06.11	17:30:00	7349.39	7390.50	7346.23	7374.03	25743	0	72
2026.06.11	18:00:00	7373.81	7382.35	7350.34	7369.51	15905	0	72
2026.06.11	18:30:00	7369.64	7387.86	7365.25	7382.41	9512	0	72
2026.06.11	19:00:00	7382.54	7406.60	7378.05	7403.58	10450	0	72
2026.06.11	19:30:00	7403.81	7424.59	7397.27	7399.10	15515	0	72
2026.06.11	20:00:00	7399.32	7414.35	7394.97	7406.46	4863	0	86
2026.06.11	20:30:00	7406.34	7408.85	7396.96	7402.71	1554	0	86
2026.06.11	22:00:00	7403.24	7421.42	7402.78	7416.13	3604	0	72
2026.06.11	22:30:00	7416.36	7420.38	7413.42	7416.67	2156	0	86
2026.06.11	23:00:00	7416.85	7417.89	7408.00	7411.58	2717	0	86
2026.06.11	23:30:00	7411.47	7421.93	7411.47	7420.20	2753	0	72
2026.06.12	00:00:00	7420.22	7423.13	7411.97	7422.13	7495	0	72
2026.06.12	00:30:00	7422.16	7426.49	7414.03	7417.94	5158	0	72
2026.06.12	01:00:00	7417.78	7417.95	7402.24	7404.03	6926	0	72
2026.06.12	01:30:00	7403.80	7416.44	7402.03	7415.49	5562	0	72
2026.06.12	02:00:00	7415.49	7420.18	7410.59	7410.94	4825	0	72
2026.06.12	02:30:00	7411.16	7418.99	7410.03	7416.99	3656	0	72
2026.06.12	03:00:00	7416.83	7417.16	7404.99	7409.29	4231	0	72
2026.06.12	03:30:00	7409.24	7414.74	7407.29	7412.16	4791	0	72
2026.06.12	04:00:00	7412.41	7413.99	7405.55	7413.74	2991	0	64
2026.06.12	04:30:00	7413.60	7416.70	7412.24	7415.99	2205	0	64
2026.06.12	05:00:00	7415.99	7417.95	7409.24	7415.94	4085	0	72
2026.06.12	05:30:00	7415.79	7415.79	7392.46	7398.29	7846	0	72
2026.06.12	06:00:00	7398.45	7408.95	7396.84	7401.66	7194	0	72
2026.06.12	06:30:00	7401.75	7401.75	7389.28	7392.99	5596	0	72
2026.06.12	07:00:00	7392.92	7394.74	7380.23	7385.39	5224	0	64
2026.06.12	07:30:00	7385.50	7413.91	7383.76	7405.86	5185	0	64
2026.06.12	08:00:00	7406.16	7433.42	7404.72	7427.02	7668	0	64
2026.06.12	08:30:00	7427.15	7429.30	7413.72	7420.65	4006	0	64
2026.06.12	09:00:00	7420.62	7442.90	7420.62	7441.77	4603	0	64
2026.06.12	09:30:00	7441.79	7456.35	7440.34	7445.21	4483	0	64
2026.06.12	10:00:00	7445.10	7450.65	7425.61	7427.59	4697	0	64
2026.06.12	10:30:00	7427.55	7435.34	7426.59	7430.72	4240	0	64
2026.06.12	11:00:00	7430.85	7446.33	7429.30	7444.52	4100	0	64
2026.06.12	11:30:00	7444.52	7454.73	7439.57	7450.34	3175	0	64
2026.06.12	12:00:00	7450.29	7451.65	7431.78	7431.95	3715	0	64
2026.06.12	12:30:00	7431.80	7434.36	7408.68	7410.93	5780	0	64
2026.06.12	13:00:00	7411.05	7430.56	7403.56	7430.42	4963	0	64
2026.06.12	13:30:00	7430.64	7431.57	7373.24	7389.64	29344	0	72
2026.06.12	14:00:00	7389.87	7434.98	7388.68	7419.97	17927	0	64
2026.06.12	14:30:00	7420.11	7451.33	7395.52	7448.28	22022	0	72
2026.06.12	15:00:00	7448.15	7469.34	7440.52	7466.55	8753	0	72
2026.06.12	15:30:00	7466.76	7466.90	7408.46	7412.54	11411	0	72
2026.06.12	16:00:00	7412.67	7446.04	7405.70	7430.27	13868	0	72
2026.06.12	16:30:00	7430.39	7440.38	7426.61	7439.55	7476	0	72
2026.06.12	17:00:00	7439.68	7454.03	7436.13	7445.49	6671	0	72
2026.06.12	17:30:00	7445.62	7446.98	7433.37	7437.43	6300	0	72
2026.06.12	18:00:00	7437.58	7445.45	7429.29	7437.77	6048	0	72
2026.06.12	18:30:00	7437.90	7448.85	7434.95	7435.78	4773	0	72
2026.06.12	19:00:00	7435.65	7447.32	7434.83	7439.52	5093	0	72
2026.06.12	19:30:00	7439.43	7444.57	7426.04	7441.36	7805	0	72
2026.06.12	20:00:00	7441.20	7451.96	7440.21	7447.46	2066	0	72
2026.06.12	20:30:00	7447.57	7449.91	7442.97	7443.44	982	0	72
2026.06.14	22:00:00	7493.00	7512.78	7490.92	7503.39	9453	0	67
2026.06.14	22:30:00	7503.52	7507.07	7498.86	7502.87	3809	0	86
2026.06.14	23:00:00	7503.02	7506.76	7491.92	7499.27	3073	0	86
2026.06.14	23:30:00	7499.49	7506.25	7497.87	7504.86	3244	0	72
2026.06.15	00:00:00	7504.65	7519.73	7502.36	7517.14	5770	0	72
2026.06.15	00:30:00	7517.22	7518.34	7512.93	7516.12	2897	0	72
2026.06.15	01:00:00	7516.31	7521.64	7514.44	7520.14	3325	0	72
2026.06.15	01:30:00	7520.32	7523.89	7518.19	7521.19	2255	0	72
2026.06.15	02:00:00	7521.14	7527.70	7520.89	7526.88	1576	0	72
2026.06.15	02:30:00	7526.71	7529.35	7525.20	7528.36	1170	0	72
2026.06.15	03:00:00	7528.39	7531.64	7525.96	7530.15	1157	0	72
2026.06.15	03:30:00	7529.96	7532.34	7526.93	7528.59	1321	0	72
2026.06.15	04:00:00	7528.44	7532.06	7525.89	7531.85	1038	0	72
2026.06.15	04:30:00	7531.68	7536.07	7530.64	7535.44	1231	0	72
2026.06.15	05:00:00	7535.38	7539.09	7534.82	7537.69	1233	0	72
2026.06.15	05:30:00	7537.64	7539.89	7534.97	7539.89	1916	0	72
2026.06.15	06:00:00	7539.99	7541.84	7534.94	7537.89	2409	0	72
2026.06.15	06:30:00	7537.89	7538.84	7531.99	7534.70	2185	0	72
2026.06.15	07:00:00	7535.02	7540.83	7530.29	7537.36	2226	0	72
2026.06.15	07:30:00	7537.42	7539.31	7531.80	7531.85	1751	0	72
2026.06.15	08:00:00	7531.88	7539.47	7531.48	7538.94	2226	0	72
2026.06.15	08:30:00	7539.08	7541.91	7535.50	7537.38	1618	0	72
2026.06.15	09:00:00	7537.33	7540.89	7530.73	7531.32	1732	0	72
2026.06.15	09:30:00	7531.30	7533.72	7528.01	7532.50	1492	0	72
2026.06.15	10:00:00	7532.63	7536.71	7531.98	7536.21	1303	0	72
2026.06.15	10:30:00	7536.33	7537.71	7532.54	7537.28	1112	0	72
2026.06.15	11:00:00	7537.05	7545.93	7536.49	7544.65	1585	0	72
2026.06.15	11:30:00	7544.71	7547.11	7536.79	7540.81	1961	0	72
2026.06.15	12:00:00	7540.89	7543.90	7532.89	7534.32	2176	0	86
2026.06.15	12:30:00	7534.16	7540.17	7532.64	7539.64	2072	0	72
2026.06.15	13:00:00	7539.85	7546.02	7537.09	7544.25	1988	0	72
2026.06.15	13:30:00	7544.38	7567.47	7543.49	7559.30	12102	0	72
2026.06.15	14:00:00	7559.43	7565.97	7550.93	7562.07	12104	0	72
2026.06.15	14:30:00	7562.18	7570.14	7555.05	7568.09	7925	0	72
2026.06.15	15:00:00	7568.26	7578.90	7568.04	7578.00	4450	0	72
2026.06.15	15:30:00	7578.14	7589.41	7574.75	7588.31	4259	0	72
2026.06.15	16:00:00	7588.47	7593.91	7586.02	7591.75	3030	0	72
2026.06.15	16:30:00	7591.88	7593.22	7581.99	7585.43	2836	0	72
2026.06.15	17:00:00	7585.32	7590.72	7578.91	7588.38	3738	0	72
2026.06.15	17:30:00	7588.25	7590.16	7577.24	7578.64	2590	0	72
2026.06.15	18:00:00	7578.85	7580.39	7573.04	7573.76	3657	0	72
2026.06.15	18:30:00	7573.90	7581.39	7570.75	7576.75	2737	0	72
2026.06.15	19:00:00	7576.89	7579.41	7569.99	7570.13	2762	0	72
2026.06.15	19:30:00	7570.00	7576.40	7561.50	7576.00	5964	0	72
2026.06.15	20:00:00	7575.78	7576.39	7569.20	7570.30	1726	0	86
2026.06.15	20:30:00	7570.32	7573.59	7568.99	7569.24	746	0	86
2026.06.15	22:00:00	7572.13	7575.19	7557.93	7562.37	2100	0	86
2026.06.15	22:30:00	7562.18	7564.82	7560.62	7562.95	990	0	86
2026.06.15	23:00:00	7562.72	7567.04	7559.92	7566.55	949	0	86
2026.06.15	23:30:00	7566.43	7566.87	7562.12	7565.87	1071	0	86
2026.06.16	00:00:00	7565.87	7568.62	7561.17	7567.37	2575	0	72
2026.06.16	00:30:00	7567.24	7570.39	7558.20	7560.73	3278	0	72
2026.06.16	01:00:00	7560.90	7564.19	7558.78	7561.94	3295	0	72
2026.06.16	01:30:00	7562.07	7564.14	7559.52	7561.53	2055	0	72
2026.06.16	02:00:00	7561.64	7563.90	7559.23	7562.14	1809	0	64
2026.06.16	02:30:00	7562.18	7566.39	7561.27	7562.94	1254	0	72
2026.06.16	03:00:00	7563.00	7568.89	7562.24	7567.23	1371	0	72
2026.06.16	03:30:00	7567.00	7572.90	7566.44	7568.44	1811	0	72
2026.06.16	04:00:00	7568.44	7568.94	7564.69	7565.94	1149	0	64
2026.06.16	04:30:00	7565.77	7567.43	7560.74	7563.74	1177	0	64
2026.06.16	05:00:00	7563.90	7570.69	7563.90	7567.14	1297	0	72
2026.06.16	05:30:00	7567.00	7567.87	7561.49	7563.51	1950	0	72
2026.06.16	06:00:00	7563.63	7569.39	7562.46	7568.56	1922	0	72
2026.06.16	06:30:00	7568.49	7569.36	7565.23	7567.65	1534	0	72
2026.06.16	07:00:00	7567.85	7572.98	7567.37	7571.91	1751	0	72
2026.06.16	07:30:00	7571.85	7573.26	7565.63	7569.87	1465	0	72
2026.06.16	08:00:00	7570.00	7575.69	7568.14	7571.75	1674	0	72
2026.06.16	08:30:00	7571.73	7574.11	7566.04	7571.89	1679	0	72
2026.06.16	09:00:00	7571.80	7574.11	7567.61	7568.25	1420	0	72
2026.06.16	09:30:00	7568.13	7570.52	7564.36	7565.76	1235	0	72
2026.06.16	10:00:00	7565.88	7572.77	7565.87	7571.43	975	0	72
2026.06.16	10:30:00	7571.61	7576.26	7569.89	7575.94	985	0	72
2026.06.16	11:00:00	7576.13	7579.44	7574.05	7577.53	1324	0	72
2026.06.16	11:30:00	7577.53	7579.53	7574.30	7576.74	1162	0	72
2026.06.16	12:00:00	7576.72	7580.02	7567.30	7570.93	2138	0	72
2026.06.16	12:30:00	7570.91	7573.95	7567.90	7570.54	2667	0	72
2026.06.16	13:00:00	7570.67	7575.94	7566.07	7573.29	2053	0	72
2026.06.16	13:30:00	7573.42	7581.70	7567.29	7568.05	9701	0	72
2026.06.16	14:00:00	7568.20	7579.44	7557.75	7557.79	10942	0	72
2026.06.16	14:30:00	7557.68	7566.71	7549.60	7556.64	12034	0	72
2026.06.16	15:00:00	7556.67	7564.63	7550.03	7553.68	9069	0	72
2026.06.16	15:30:00	7553.56	7561.94	7544.53	7555.29	8349	0	72
2026.06.16	16:00:00	7555.42	7567.69	7555.05	7561.81	5628	0	72
2026.06.16	16:30:00	7561.60	7562.39	7551.30	7555.78	5697	0	72
2026.06.16	17:00:00	7555.94	7556.69	7547.55	7551.04	4125	0	72
2026.06.16	17:30:00	7551.09	7556.70	7544.29	7551.13	3754	0	72
2026.06.16	18:00:00	7551.26	7552.95	7547.05	7550.80	3002	0	72
2026.06.16	18:30:00	7550.85	7551.94	7546.04	7547.38	2748	0	72
2026.06.16	19:00:00	7547.31	7548.18	7530.30	7541.55	5330	0	72
2026.06.16	19:30:00	7541.67	7542.65	7528.30	7533.54	8279	0	72
2026.06.16	20:00:00	7533.32	7534.17	7523.53	7528.32	2600	0	86
2026.06.16	20:30:00	7528.09	7530.95	7526.78	7528.69	657	0	86
2026.06.16	22:00:00	7530.80	7541.27	7530.80	7539.60	973	0	86
2026.06.16	22:30:00	7539.57	7543.44	7537.12	7542.62	738	0	86
2026.06.16	23:00:00	7542.77	7542.79	7536.66	7538.22	870	0	86
2026.06.16	23:30:00	7538.12	7540.55	7535.32	7537.77	1431	0	86
2026.06.17	00:00:00	7537.99	7545.33	7537.99	7543.39	2941	0	72
2026.06.17	00:30:00	7543.39	7546.39	7541.64	7543.14	1725	0	72
2026.06.17	01:00:00	7543.14	7550.34	7541.68	7549.30	1848	0	72
2026.06.17	01:30:00	7549.39	7551.60	7548.26	7551.39	992	0	72
2026.06.17	02:00:00	7551.39	7551.64	7549.22	7550.09	793	0	72
2026.06.17	02:30:00	7549.94	7550.14	7547.44	7548.84	830	0	72
2026.06.17	03:00:00	7548.73	7551.02	7544.94	7547.14	933	0	72
2026.06.17	03:30:00	7547.14	7552.34	7546.39	7551.89	1071	0	72
2026.06.17	04:00:00	7551.90	7552.63	7550.67	7551.64	827	0	72
2026.06.17	04:30:00	7551.51	7552.32	7547.18	7552.14	999	0	72
2026.06.17	05:00:00	7552.14	7553.60	7550.19	7550.51	961	0	72
2026.06.17	05:30:00	7550.45	7554.07	7549.19	7550.14	1010	0	72
2026.06.17	06:00:00	7550.14	7553.50	7548.39	7549.00	1320	0	72
2026.06.17	06:30:00	7548.76	7555.34	7547.64	7554.94	1132	0	72
2026.06.17	07:00:00	7555.09	7558.58	7549.53	7550.95	1310	0	72
2026.06.17	07:30:00	7550.92	7554.38	7549.31	7551.74	1202	0	72
2026.06.17	08:00:00	7551.73	7554.23	7544.00	7545.69	1856	0	72
2026.06.17	08:30:00	7545.57	7546.48	7537.80	7545.89	1708	0	72
2026.06.17	09:00:00	7546.09	7547.64	7542.50	7547.18	1225	0	72
2026.06.17	09:30:00	7547.15	7548.68	7536.56	7538.33	1699	0	72
2026.06.17	10:00:00	7538.47	7540.14	7531.71	7537.79	1632	0	72
2026.06.17	10:30:00	7537.89	7544.39	7536.50	7537.05	1369	0	72
2026.06.17	11:00:00	7537.36	7543.89	7535.75	7540.74	2111	0	34
2026.06.17	11:30:00	7540.80	7540.89	7529.25	7532.90	3429	0	34
2026.06.17	12:00:00	7533.04	7539.83	7532.50	7536.52	3138	0	34
2026.06.17	12:30:00	7536.65	7542.59	7536.25	7541.48	3207	0	34
2026.06.17	13:00:00	7541.62	7545.11	7537.44	7542.08	2991	0	34
2026.06.17	13:30:00	7542.24	7546.39	7527.46	7527.48	19870	0	34
2026.06.17	14:00:00	7527.60	7550.39	7524.96	7545.65	18066	0	34
2026.06.17	14:30:00	7545.59	7546.14	7507.23	7518.51	13944	0	40
2026.06.17	15:00:00	7518.29	7530.64	7514.04	7528.39	8472	0	72
2026.06.17	15:30:00	7528.26	7537.15	7526.13	7535.01	4933	0	72
2026.06.17	16:00:00	7535.14	7539.14	7531.75	7536.40	2752	0	86
2026.06.17	16:30:00	7536.24	7537.36	7527.80	7528.74	2933	0	86
2026.06.17	17:00:00	7528.80	7528.80	7514.68	7524.24	3841	0	72
2026.06.17	17:30:00	7524.30	7535.10	7518.51	7535.10	3271	0	86
2026.06.17	18:00:00	7535.29	7536.22	7461.14	7489.37	23326	0	67
2026.06.17	18:30:00	7489.50	7530.47	7478.40	7487.24	21874	0	86
2026.06.17	19:00:00	7487.48	7498.69	7444.09	7447.10	21484	0	72
2026.06.17	19:30:00	7446.99	7450.22	7419.34	7438.72	24055	0	72
2026.06.17	20:00:00	7438.59	7456.47	7436.85	7454.85	5797	0	86
2026.06.17	20:30:00	7454.97	7461.44	7452.62	7457.60	1834	0	86
2026.06.17	22:00:00	7462.09	7474.02	7451.60	7470.83	2731	0	86
2026.06.17	22:30:00	7470.59	7475.03	7469.77	7472.89	1381	0	72
2026.06.17	23:00:00	7473.05	7486.29	7471.66	7484.97	1333	0	72
2026.06.17	23:30:00	7485.20	7488.43	7481.52	7488.27	1474	0	72
2026.06.18	00:00:00	7488.45	7507.70	7487.07	7500.22	4255	0	72
2026.06.18	00:30:00	7499.91	7505.56	7495.57	7498.09	3118	0	72
2026.06.18	01:00:00	7498.09	7508.48	7497.39	7504.34	3206	0	72
2026.06.18	01:30:00	7504.34	7506.54	7497.59	7500.23	2670	0	72
2026.06.18	02:00:00	7500.30	7506.79	7499.59	7502.83	1936	0	64
2026.06.18	02:30:00	7502.69	7505.84	7500.66	7504.13	1312	0	64
2026.06.18	03:00:00	7503.90	7505.55	7499.40	7503.89	1331	0	72
2026.06.18	03:30:00	7504.04	7506.03	7497.77	7502.84	1560	0	72
2026.06.18	04:00:00	7502.91	7504.03	7492.13	7494.07	1765	0	72
2026.06.18	04:30:00	7493.95	7494.04	7486.64	7492.34	1893	0	72
2026.06.18	05:00:00	7492.36	7496.79	7490.16	7495.59	1868	0	72
2026.06.18	05:30:00	7495.76	7498.04	7491.89	7494.04	2246	0	72
2026.06.18	06:00:00	7493.94	7498.27	7488.64	7497.92	3074	0	72
2026.06.18	06:30:00	7497.68	7504.74	7491.44	7504.22	2234	0	72
2026.06.18	07:00:00	7504.18	7506.73	7498.04	7506.20	2061	0	72
2026.06.18	07:30:00	7506.07	7506.82	7501.07	7506.52	1686	0	72
2026.06.18	08:00:00	7506.80	7515.35	7503.00	7503.89	2019	0	72
2026.06.18	08:30:00	7503.76	7507.41	7494.79	7495.67	2002	0	72
2026.06.18	09:00:00	7495.90	7504.19	7493.93	7501.99	1878	0	72
2026.06.18	09:30:00	7501.86	7511.41	7500.50	7510.89	1441	0	72
2026.06.18	10:00:00	7510.75	7512.08	7506.49	7508.33	1327	0	72
2026.06.18	10:30:00	7508.43	7510.70	7498.30	7500.58	1645	0	72
2026.06.18	11:00:00	7500.84	7502.15	7483.30	7489.38	2959	0	72
2026.06.18	11:30:00	7489.15	7491.62	7479.37	7490.96	2605	0	72
2026.06.18	12:00:00	7491.16	7502.30	7488.67	7501.83	2778	0	72
2026.06.18	12:30:00	7501.72	7511.74	7500.15	7507.52	2523	0	72
2026.06.18	13:00:00	7507.40	7526.48	7498.27	7524.40	4191	0	86
2026.06.18	13:30:00	7524.53	7528.54	7482.31	7490.35	19998	0	72
2026.06.18	14:00:00	7490.64	7512.44	7485.54	7496.92	15531	0	72
2026.06.18	14:30:00	7496.79	7517.02	7487.79	7512.86	11876	0	72
2026.06.18	15:00:00	7512.75	7514.95	7495.86	7498.05	9800	0	72
2026.06.18	15:30:00	7498.19	7509.45	7487.56	7506.79	9063	0	72
2026.06.18	16:00:00	7506.93	7513.18	7502.11	7510.45	5592	0	86
2026.06.18	16:30:00	7510.31	7516.70	7505.84	7510.42	4310	0	86
2026.06.18	17:00:00	7510.67	7525.17	7508.05	7519.19	3446	0	86
2026.06.18	17:30:00	7519.32	7523.20	7513.05	7513.67	2584	0	86
2026.06.18	18:00:00	7513.69	7514.19	7507.33	7509.03	3296	0	86
2026.06.18	18:30:00	7508.92	7513.52	7505.78	7507.79	3060	0	72
2026.06.18	19:00:00	7507.93	7508.69	7495.67	7504.19	4258	0	72
2026.06.18	19:30:00	7504.06	7526.95	7500.05	7511.07	8116	0	72
2026.06.18	20:00:00	7510.82	7529.19	7508.55	7523.95	2624	0	86
2026.06.18	20:30:00	7523.89	7525.69	7517.10	7521.30	672	0	86
2026.06.18	22:00:00	7524.31	7526.92	7511.95	7513.30	1755	0	86
2026.06.18	22:30:00	7513.32	7513.48	7506.62	7508.07	1174	0	86
2026.06.18	23:00:00	7508.22	7513.02	7507.37	7511.44	1147	0	72
2026.06.18	23:30:00	7511.39	7515.07	7509.86	7512.70	1608	0	72
2026.06.19	00:00:00	7512.47	7513.05	7503.32	7506.68	4063	0	72
2026.06.19	00:30:00	7506.85	7508.57	7503.64	7505.39	1887	0	72
2026.06.19	01:00:00	7505.37	7507.85	7498.39	7501.93	1805	0	72
2026.06.19	01:30:00	7502.10	7502.10	7494.48	7494.81	1363	0	72
2026.06.19	02:00:00	7494.68	7495.52	7489.01	7492.94	1463	0	72
2026.06.19	02:30:00	7493.09	7496.14	7491.64	7493.39	914	0	72
2026.06.19	03:00:00	7493.51	7495.59	7484.97	7485.84	1271	0	72
2026.06.19	03:30:00	7485.69	7488.14	7483.39	7485.80	2261	0	72
2026.06.19	04:00:00	7486.05	7486.62	7479.32	7483.09	2388	0	72
2026.06.19	04:30:00	7483.32	7483.57	7468.66	7472.34	2492	0	72
2026.06.19	05:00:00	7472.50	7474.77	7467.95	7472.40	2375	0	72
2026.06.19	05:30:00	7472.50	7478.83	7467.89	7478.44	2035	0	72
2026.06.19	06:00:00	7478.59	7484.77	7477.13	7483.59	2071	0	72
2026.06.19	06:30:00	7483.39	7489.89	7481.23	7488.59	1380	0	72
2026.06.19	07:00:00	7488.43	7496.59	7488.20	7496.54	1200	0	72
2026.06.19	07:30:00	7496.64	7502.00	7495.56	7501.14	1281	0	72
2026.06.19	08:00:00	7501.26	7505.27	7497.75	7503.83	1228	0	72
2026.06.19	08:30:00	7504.10	7507.64	7500.28	7505.87	1001	0	72
2026.06.19	09:00:00	7506.01	7509.10	7500.61	7501.25	1209	0	72
2026.06.19	09:30:00	7501.37	7507.40	7501.25	7502.24	1284	0	72
2026.06.19	10:00:00	7502.40	7502.84	7492.00	7492.24	1096	0	72
2026.06.19	10:30:00	7492.38	7494.39	7485.02	7490.89	1631	0	86
2026.06.19	11:00:00	7490.75	7490.75	7484.26	7485.84	1437	0	72
2026.06.19	11:30:00	7485.62	7493.21	7485.48	7491.20	1027	0	72
2026.06.19	12:00:00	7491.33	7491.70	7487.25	7487.54	986	0	72
2026.06.19	12:30:00	7487.50	7509.15	7482.23	7505.88	3013	0	86
2026.06.19	13:00:00	7506.08	7508.95	7501.74	7505.98	1909	0	86
2026.06.19	13:30:00	7505.77	7510.15	7503.25	7506.49	2292	0	86
2026.06.19	14:00:00	7506.27	7508.44	7500.99	7507.20	1539	0	86
2026.06.19	14:30:00	7507.04	7513.46	7504.78	7512.55	854	0	86
2026.06.19	15:00:00	7512.41	7515.71	7510.80	7513.30	765	0	86
2026.06.19	15:30:00	7513.44	7513.92	7505.82	7511.20	954	0	86
2026.06.19	16:00:00	7511.05	7512.19	7507.05	7512.15	494	0	86
2026.06.19	16:30:00	7512.31	7514.43	7502.04	7504.23	833	0	86
