timestamps,open,high,low,close,volume,amount
2025-06-22 22:00:00,41894.3,42097.3,41857.9,42079.9,6490.0,273098551.0
2025-06-22 22:30:00,42080.4,42168.2,42080.4,42117.9,1835.0,77286346.5
2025-06-22 23:00:00,42117.7,42118.5,42066.8,42105.3,1789.0,75326381.7
2025-06-22 23:30:00,42104.8,42118.9,42079.1,42101.9,1238.0,52122152.2
2025-06-23 00:00:00,42101.0,42107.3,42041.0,42048.9,2784.0,117064137.60000001
2025-06-23 00:30:00,42048.1,42068.3,42037.0,42054.9,1332.0,56017126.800000004
2025-06-23 01:00:00,42055.5,42085.4,42041.1,42044.5,1522.0,63991729.0
2025-06-23 01:30:00,42044.0,42076.5,42037.9,42075.9,971.0,40855698.9
2025-06-23 02:00:00,42076.5,42093.4,42068.1,42082.9,825.0,34718392.5
2025-06-23 02:30:00,42082.1,42101.3,42078.1,42088.5,628.0,26431578.0
2025-06-23 03:00:00,42087.9,42098.3,42082.9,42087.5,515.0,21675062.5
2025-06-23 03:30:00,42088.4,42108.5,42084.9,42096.6,532.0,22395391.2
2025-06-23 04:00:00,42097.4,42110.3,42090.9,42097.9,515.0,21680418.5
2025-06-23 04:30:00,42098.5,42100.3,42084.9,42091.9,320.0,13469408.0
2025-06-23 05:00:00,42092.5,42155.5,42090.1,42128.0,1229.0,51775312.0
2025-06-23 05:30:00,42127.1,42138.5,42116.8,42136.9,950.0,40030055.0
2025-06-23 06:00:00,42135.3,42157.4,42104.1,42116.0,1528.0,64353248.0
2025-06-23 06:30:00,42116.5,42161.7,42105.9,42128.8,1515.0,63825132.00000001
2025-06-23 07:00:00,42130.2,42232.4,42126.1,42213.8,3515.0,148381507.0
2025-06-23 07:30:00,42215.1,42268.6,42198.5,42258.5,2993.0,126479690.5
2025-06-23 08:00:00,42256.5,42323.4,42235.1,42284.0,3194.0,135055096.0
2025-06-23 08:30:00,42283.0,42291.8,42267.9,42285.3,1757.0,74295272.10000001
2025-06-23 09:00:00,42285.9,42305.4,42232.5,42271.1,2460.0,103986906.0
2025-06-23 09:30:00,42270.8,42281.4,42259.4,42268.2,1126.0,47593993.199999996
2025-06-23 10:00:00,42267.2,42304.1,42226.9,42229.5,2994.0,126435123.0
2025-06-23 10:30:00,42228.9,42242.4,42212.9,42216.5,1830.0,77256195.0
2025-06-23 11:00:00,42217.0,42225.5,42131.2,42143.9,2604.0,109742715.60000001
2025-06-23 11:30:00,42144.3,42161.2,42092.4,42153.9,3245.0,136789405.5
2025-06-23 12:00:00,42154.4,42190.6,42142.9,42174.2,2505.0,105646371.0
2025-06-23 12:30:00,42173.9,42260.3,42170.0,42256.5,1911.0,80752171.5
2025-06-23 13:00:00,42257.3,42266.8,42200.8,42239.2,3273.0,138248901.6
2025-06-23 13:30:00,42238.8,42367.4,42146.9,42366.8,15260.0,646517368.0
2025-06-23 14:00:00,42367.4,42458.5,42366.9,42391.5,10550.0,447230325.0
2025-06-23 14:30:00,42392.4,42410.5,42271.1,42272.4,7968.0,336826483.2
2025-06-23 15:00:00,42273.3,42367.3,42269.9,42296.0,6435.0,272174760.0
2025-06-23 15:30:00,42296.5,42317.5,42230.7,42249.5,8267.0,349276616.5
2025-06-23 16:00:00,42250.3,42271.5,42152.1,42164.0,9689.0,408526996.0
2025-06-23 16:30:00,42163.1,42238.4,41999.0,42100.9,28473.0,1198738925.7
2025-06-23 17:00:00,42100.0,42449.2,42077.1,42430.9,19179.0,813782231.1
2025-06-23 17:30:00,42431.4,42549.5,42431.4,42512.5,12582.0,534892275.0
2025-06-23 18:00:00,42513.3,42560.3,42502.1,42521.9,8155.0,346766094.5
2025-06-23 18:30:00,42522.4,42555.3,42436.9,42511.4,8051.0,342259281.40000004
2025-06-23 19:00:00,42510.9,42573.4,42504.9,42559.0,6956.0,296040404.0
2025-06-23 19:30:00,42559.5,42645.4,42533.0,42616.4,8950.0,381416780.0
2025-06-23 20:00:00,42615.9,42625.3,42598.2,42611.8,2660.0,113347388.00000001
2025-06-23 20:30:00,42611.5,42635.2,42608.0,42629.2,1059.0,45144322.8
2025-06-23 22:00:00,42612.2,42794.2,42612.2,42756.4,4448.0,190180467.20000002
2025-06-23 22:30:00,42757.2,42775.3,42716.9,42761.4,2237.0,95657251.8
2025-06-23 23:00:00,42760.8,42822.2,42753.3,42805.0,2107.0,90190135.0
2025-06-23 23:30:00,42804.0,42824.2,42780.1,42798.9,1458.0,62400796.2
2025-06-24 00:00:00,42799.4,42814.2,42771.0,42805.4,1754.0,75080671.60000001
2025-06-24 00:30:00,42804.9,42830.1,42757.6,42811.8,2362.0,101121471.60000001
2025-06-24 01:00:00,42812.4,42845.4,42786.0,42828.4,1618.0,69296351.2
2025-06-24 01:30:00,42827.9,42858.5,42817.9,42854.2,1019.0,43668429.8
2025-06-24 02:00:00,42853.8,42854.4,42788.0,42816.8,1510.0,64653368.00000001
2025-06-24 02:30:00,42815.3,42818.3,42787.9,42804.9,818.0,35014408.2
2025-06-24 03:00:00,42804.1,42822.3,42800.9,42820.3,551.0,23593985.3
2025-06-24 03:30:00,42821.3,42842.4,42818.9,42835.9,564.0,24159447.6
2025-06-24 04:00:00,42835.0,42840.4,42798.0,42826.0,808.0,34603408.0
2025-06-24 04:30:00,42825.0,42837.4,42823.9,42831.9,350.0,14991165.0
2025-06-24 05:00:00,42831.0,42843.5,42828.9,42842.9,493.0,21121549.7
2025-06-24 05:30:00,42842.1,42926.3,42840.1,42911.5,1461.0,62693701.5
2025-06-24 06:00:00,42910.9,43012.9,42910.0,43009.8,2780.0,119567244.00000001
2025-06-24 06:30:00,43010.4,43018.2,42974.8,43004.3,1782.0,76633662.60000001
2025-06-24 07:00:00,43003.8,43048.7,42939.3,42939.3,3905.0,167677966.5
2025-06-24 07:30:00,42939.9,42956.7,42847.5,42939.2,4541.0,194986907.2
2025-06-24 08:00:00,42938.4,42946.0,42848.4,42934.8,5314.0,228155527.20000002
2025-06-24 08:30:00,42935.4,42935.4,42890.3,42918.4,2002.0,85922636.8
2025-06-24 09:00:00,42917.8,42954.2,42905.1,42950.8,1598.0,68635378.4
2025-06-24 09:30:00,42951.3,42969.2,42916.0,42924.9,1276.0,54772172.4
2025-06-24 10:00:00,42923.4,42944.4,42891.1,42896.1,1836.0,78757239.6
2025-06-24 10:30:00,42897.2,42926.4,42881.4,42908.2,1883.0,80796140.6
2025-06-24 11:00:00,42907.8,42922.3,42845.3,42903.9,2608.0,111893371.2
2025-06-24 11:30:00,42903.0,42915.4,42866.9,42891.4,2235.0,95862279.0
2025-06-24 12:00:00,42890.9,42906.3,42857.2,42881.0,2311.0,99097991.0
2025-06-24 12:30:00,42880.1,42909.4,42830.7,42886.5,2892.0,124027758.0
2025-06-24 13:00:00,42885.9,42954.4,42879.0,42896.8,3053.0,130963930.4
2025-06-24 13:30:00,42896.0,43017.2,42854.1,42879.5,14239.0,610561200.5
2025-06-24 14:00:00,42881.3,42942.3,42810.6,42923.2,8895.0,381801864.0
2025-06-24 14:30:00,42924.2,42997.3,42914.0,42976.2,5631.0,241998982.2
2025-06-24 15:00:00,42977.2,43033.5,42965.8,43019.5,4686.0,201589377.0
2025-06-24 15:30:00,43020.3,43075.5,43011.1,43057.3,3847.0,165641433.10000002
2025-06-24 16:00:00,43058.3,43114.7,43032.9,43100.3,3702.0,159557310.60000002
2025-06-24 16:30:00,43099.8,43151.5,43087.1,43103.9,4691.0,202200394.9
2025-06-24 17:00:00,43104.5,43128.5,43076.1,43078.5,4243.0,182782075.5
2025-06-24 17:30:00,43079.3,43149.3,43069.9,43131.9,3568.0,153894619.20000002
2025-06-24 18:00:00,43132.5,43150.3,43114.0,43124.3,3005.0,129588521.50000001
2025-06-24 18:30:00,43125.3,43153.5,43115.0,43152.0,2906.0,125399712.0
2025-06-24 19:00:00,43152.5,43175.5,43142.1,43172.5,3433.0,148211192.5
2025-06-24 19:30:00,43172.0,43225.5,43119.9,43123.9,6582.0,283841509.8
2025-06-24 20:00:00,43124.5,43137.4,43109.5,43121.0,1918.0,82706078.0
2025-06-24 20:30:00,43120.1,43132.1,43110.1,43110.1,640.0,27590464.0
2025-06-24 22:00:00,43110.8,43114.4,43084.9,43109.4,1456.0,62767286.4
2025-06-24 22:30:00,43110.3,43115.4,43095.9,43107.9,515.0,22200568.5
2025-06-24 23:00:00,43108.4,43128.4,43086.9,43102.3,570.0,24568311.0
2025-06-24 23:30:00,43101.8,43137.2,43093.9,43129.4,599.0,25834510.6
2025-06-25 00:00:00,43131.0,43158.3,43124.0,43156.9,1240.0,53514556.0
2025-06-25 00:30:00,43157.4,43160.3,43129.1,43152.8,608.0,26236902.400000002
2025-06-25 01:00:00,43152.0,43152.4,43123.9,43123.9,617.0,26607446.3
2025-06-25 01:30:00,43123.1,43139.3,43117.9,43123.4,665.0,28677061.0
2025-06-25 02:00:00,43124.3,43126.3,43114.1,43122.5,365.0,15739712.5
2025-06-25 02:30:00,43121.9,43133.5,43120.1,43122.9,278.0,11988166.200000001
2025-06-25 03:00:00,43123.5,43146.3,43123.5,43142.5,270.0,11648475.0
2025-06-25 03:30:00,43143.3,43150.3,43129.9,43134.9,262.0,11301343.8
2025-06-25 04:00:00,43134.0,43155.4,43134.0,43155.4,153.0,6602776.2
2025-06-25 04:30:00,43154.9,43162.4,43150.9,43161.5,139.0,5999448.5
2025-06-25 05:00:00,43160.9,43170.5,43155.1,43165.1,321.0,13855997.1
2025-06-25 05:30:00,43164.1,43170.3,43160.1,43168.5,294.0,12691539.0
2025-06-25 06:00:00,43167.9,43180.3,43151.9,43163.9,679.0,29308288.1
2025-06-25 06:30:00,43164.4,43165.4,43133.9,43135.3,437.0,18850126.1
2025-06-25 07:00:00,43134.1,43168.4,43131.0,43165.9,1474.0,63626536.6
2025-06-25 07:30:00,43166.4,43170.9,43133.0,43146.4,1329.0,57341565.6
2025-06-25 08:00:00,43147.6,43155.3,43108.1,43124.2,1796.0,77451063.19999999
2025-06-25 08:30:00,43123.3,43148.9,43086.7,43148.9,1119.0,48283619.1
2025-06-25 09:00:00,43148.4,43163.8,43123.5,43128.8,742.0,32001569.6
2025-06-25 09:30:00,43128.3,43131.6,43102.5,43112.8,533.0,22979122.400000002
2025-06-25 10:00:00,43113.7,43118.4,43088.5,43106.7,741.0,31942064.7
2025-06-25 10:30:00,43106.3,43118.8,43099.5,43105.4,840.0,36208536.0
2025-06-25 11:00:00,43105.9,43112.9,43085.6,43094.4,834.0,35940729.6
2025-06-25 11:30:00,43094.9,43152.1,43094.4,43140.5,1150.0,49611575.0
2025-06-25 12:00:00,43141.5,43151.9,43128.8,43143.0,1168.0,50391024.0
2025-06-25 12:30:00,43143.5,43147.5,43119.2,43138.5,1319.0,56899681.5
2025-06-25 13:00:00,43139.2,43141.2,43111.0,43118.4,1645.0,70929768.0
2025-06-25 13:30:00,43119.9,43134.4,43036.9,43092.1,11679.0,503272635.9
2025-06-25 14:00:00,43092.4,43112.3,43031.0,43047.8,7676.0,330434912.8
2025-06-25 14:30:00,43048.4,43097.2,43022.9,43064.3,5966.0,256921613.8
2025-06-25 15:00:00,43063.9,43066.3,43015.0,43030.9,5714.0,245878562.6
2025-06-25 15:30:00,43031.5,43034.5,42990.1,43023.1,5258.0,226215459.79999998
2025-06-25 16:00:00,43022.1,43072.7,43016.9,43040.9,4106.0,176725935.4
2025-06-25 16:30:00,43041.5,43048.5,42975.0,42977.0,4292.0,184457284.0
2025-06-25 17:00:00,42977.5,42996.5,42935.0,42987.5,4153.0,178527087.5
2025-06-25 17:30:00,42987.0,42992.5,42887.9,42942.0,6852.0,294238584.0
2025-06-25 18:00:00,42942.5,42951.5,42918.9,42925.5,4555.0,195525652.5
2025-06-25 18:30:00,42926.4,42960.5,42909.1,42955.0,3744.0,160823520.0
2025-06-25 19:00:00,42954.1,43022.3,42950.0,43005.0,4371.0,187974855.0
2025-06-25 19:30:00,43004.1,43033.9,42968.0,43023.1,7859.0,338118542.9
2025-06-25 20:00:00,43023.5,43030.3,42973.5,42995.0,1739.0,74768305.0
2025-06-25 20:30:00,42995.1,43009.6,42989.9,43007.2,673.0,28943845.599999998
2025-06-25 22:00:00,43006.0,43043.4,42997.1,43014.4,821.0,35314822.4
2025-06-25 22:30:00,43015.2,43031.4,43010.9,43024.8,385.0,16564548.000000002
2025-06-25 23:00:00,43025.4,43033.4,42995.0,43006.4,1168.0,50231475.2
2025-06-25 23:30:00,43005.8,43038.4,42991.9,43031.8,762.0,32790231.6
2025-06-26 00:00:00,43031.0,43040.4,43018.8,43038.5,910.0,39165035.0
2025-06-26 00:30:00,43039.3,43049.3,43028.9,43034.3,403.0,17342822.900000002
2025-06-26 01:00:00,43033.9,43036.3,43013.9,43018.3,491.0,21121985.3
2025-06-26 01:30:00,43017.8,43023.2,43006.9,43019.4,337.0,14497537.8
2025-06-26 02:00:00,43018.9,43050.4,43018.9,43040.3,382.0,16441394.600000001
2025-06-26 02:30:00,43041.9,43048.3,43029.9,43041.8,332.0,14289877.600000001
2025-06-26 03:00:00,43042.4,43066.4,43042.4,43063.4,425.0,18301945.0
2025-06-26 03:30:00,43062.9,43076.3,43053.9,43059.4,327.0,14080423.8
2025-06-26 04:00:00,43060.3,43067.3,43045.1,43053.4,312.0,13432660.8
2025-06-26 04:30:00,43054.3,43070.4,43053.8,43066.6,219.0,9431585.4
2025-06-26 05:00:00,43066.0,43068.2,43055.9,43066.8,283.0,12187904.4
2025-06-26 05:30:00,43067.4,43079.3,43063.9,43076.9,461.0,19858450.900000002
2025-06-26 06:00:00,43076.0,43091.4,43072.0,43084.9,679.0,29254647.1
2025-06-26 06:30:00,43084.0,43116.0,43076.9,43098.9,784.0,33789537.6
2025-06-26 07:00:00,43100.8,43141.4,43099.9,43106.1,1249.0,53839518.9
2025-06-26 07:30:00,43106.3,43118.3,43091.2,43094.1,873.0,37621149.3
2025-06-26 08:00:00,43094.5,43143.5,43093.1,43127.5,1457.0,62836767.5
2025-06-26 08:30:00,43128.3,43144.5,43119.0,43120.3,905.0,39023871.5
2025-06-26 09:00:00,43120.4,43124.4,43108.1,43115.3,812.0,35009623.6
2025-06-26 09:30:00,43115.6,43116.5,43097.5,43104.0,948.0,40862592.0
2025-06-26 10:00:00,43102.8,43147.5,43095.1,43140.5,925.0,39904962.5
2025-06-26 10:30:00,43141.0,43150.3,43114.2,43117.1,867.0,37382525.699999996
2025-06-26 11:00:00,43117.4,43158.8,43116.6,43138.0,1090.0,47020420.0
2025-06-26 11:30:00,43137.5,43139.5,43115.6,43131.3,882.0,38041806.6
2025-06-26 12:00:00,43132.2,43132.2,43106.0,43117.9,1115.0,48076458.5
2025-06-26 12:30:00,43117.0,43139.4,43070.0,43137.5,2946.0,127083075.0
2025-06-26 13:00:00,43136.2,43142.4,43107.9,43123.8,2038.0,87886304.4
2025-06-26 13:30:00,43124.3,43276.3,43123.8,43179.5,11686.0,504595637.0
2025-06-26 14:00:00,43180.3,43246.5,43148.8,43231.3,6479.0,280095592.70000005
2025-06-26 14:30:00,43230.4,43318.4,43230.4,43307.9,5788.0,250666125.20000002
2025-06-26 15:00:00,43308.5,43347.4,43292.1,43294.9,4900.0,212145010.0
2025-06-26 15:30:00,43295.5,43322.5,43273.4,43296.9,4418.0,191285704.20000002
2025-06-26 16:00:00,43296.1,43382.2,43293.0,43357.9,3730.0,161724967.0
2025-06-26 16:30:00,43358.5,43390.4,43353.9,43366.5,2698.0,117002817.0
2025-06-26 17:00:00,43365.9,43383.3,43342.0,43367.5,3032.0,131490260.0
2025-06-26 17:30:00,43368.3,43423.5,43368.3,43377.4,2879.0,124883534.60000001
2025-06-26 18:00:00,43376.9,43440.4,43370.1,43410.5,3137.0,136178738.5
2025-06-26 18:30:00,43409.9,43425.3,43365.9,43403.5,2447.0,106208364.5
2025-06-26 19:00:00,43404.3,43418.6,43384.9,43401.5,3092.0,134197438.0
2025-06-26 19:30:00,43400.9,43470.5,43383.1,43439.5,6747.0,293086306.5
2025-06-26 20:00:00,43440.3,43444.3,43404.2,43431.4,2168.0,94159275.2
2025-06-26 20:30:00,43430.9,43445.5,43421.9,43439.9,658.0,28583454.2
2025-06-26 22:00:00,43477.3,43538.4,43462.8,43523.9,2287.0,99539159.3
2025-06-26 22:30:00,43524.4,43526.4,43508.0,43508.0,405.0,17620740.0
2025-06-26 23:00:00,43508.4,43515.2,43488.1,43496.9,728.0,31665743.2
2025-06-26 23:30:00,43496.0,43497.3,43477.9,43485.9,620.0,26961258.0
2025-06-27 00:00:00,43487.1,43509.4,43476.4,43505.4,1257.0,54686287.800000004
2025-06-27 00:30:00,43504.9,43507.4,43480.3,43480.9,616.0,26784234.400000002
2025-06-27 01:00:00,43480.0,43492.3,43476.9,43485.3,517.0,22481900.1
2025-06-27 01:30:00,43484.8,43508.4,43470.1,43495.4,552.0,24009460.8
2025-06-27 02:00:00,43496.3,43513.4,43491.0,43511.9,390.0,16969641.0
2025-06-27 02:30:00,43511.0,43523.3,43502.1,43521.3,227.0,9879335.100000001
2025-06-27 03:00:00,43522.2,43530.4,43518.0,43524.5,328.0,14276036.0
2025-06-27 03:30:00,43523.9,43529.3,43512.0,43516.4,288.0,12532723.200000001
2025-06-27 04:00:00,43517.3,43520.4,43506.0,43510.1,238.0,10355403.799999999
2025-06-27 04:30:00,43510.5,43517.3,43499.9,43499.9,176.0,7655982.4
2025-06-27 05:00:00,43499.0,43518.3,43499.0,43510.4,298.0,12966099.200000001
2025-06-27 05:30:00,43511.3,43535.4,43510.1,43528.1,387.0,16845374.7
2025-06-27 06:00:00,43528.5,43561.4,43521.9,43554.9,705.0,30706204.5
2025-06-27 06:30:00,43555.4,43606.2,43555.4,43582.7,1137.0,49553529.9
2025-06-27 07:00:00,43581.9,43592.3,43562.0,43584.9,1513.0,65943953.7
2025-06-27 07:30:00,43585.5,43591.4,43560.9,43576.9,1140.0,49677666.0
2025-06-27 08:00:00,43577.4,43578.4,43541.5,43541.5,1192.0,51901468.0
2025-06-27 08:30:00,43541.4,43561.2,43536.4,43556.3,797.0,34714371.1
2025-06-27 09:00:00,43556.1,43559.2,43534.5,43546.9,667.0,29045782.3
2025-06-27 09:30:00,43547.1,43552.4,43530.9,43543.4,715.0,31133531.0
2025-06-27 10:00:00,43544.2,43552.9,43528.1,43541.2,761.0,33134853.2
2025-06-27 10:30:00,43542.2,43554.4,43540.0,43552.2,613.0,26697498.599999998
2025-06-27 11:00:00,43553.2,43578.9,43549.7,43570.5,860.0,37470630.0
2025-06-27 11:30:00,43569.5,43601.9,43566.9,43594.2,872.0,38014142.4
2025-06-27 12:00:00,43594.9,43610.9,43571.2,43595.0,1353.0,58984035.0
2025-06-27 12:30:00,43596.3,43596.3,43552.6,43569.2,2392.0,104217526.39999999
2025-06-27 13:00:00,43569.5,43585.4,43548.9,43554.3,1957.0,85235765.10000001
2025-06-27 13:30:00,43553.8,43702.4,43544.8,43673.0,10999.0,480359327.0
2025-06-27 14:00:00,43675.8,43764.5,43675.8,43733.9,7862.0,343835921.8
2025-06-27 14:30:00,43734.5,43810.5,43717.1,43777.5,6690.0,292871475.0
2025-06-27 15:00:00,43778.3,43828.3,43765.1,43814.9,4810.0,210749669.0
2025-06-27 15:30:00,43815.5,43921.5,43814.9,43911.5,4945.0,217142367.5
2025-06-27 16:00:00,43912.3,43989.4,43898.9,43981.7,4074.0,179181445.79999998
2025-06-27 16:30:00,43980.9,44006.1,43934.2,43953.9,4070.0,178892373.0
2025-06-27 17:00:00,43954.5,43954.5,43896.0,43905.9,3862.0,169564585.8
2025-06-27 17:30:00,43906.5,43917.3,43724.9,43784.5,10050.0,440034225.0
2025-06-27 18:00:00,43785.3,43812.2,43652.1,43654.1,9569.0,417726082.9
2025-06-27 18:30:00,43654.5,43693.4,43591.2,43626.4,14810.0,646106984.0
2025-06-27 19:00:00,43627.3,43694.3,43609.9,43679.3,8267.0,361096773.1
2025-06-27 19:30:00,43680.3,43870.2,43679.1,43841.1,10628.0,465943210.8
2025-06-27 20:00:00,43841.5,43843.5,43795.5,43809.0,2711.0,118766199.0
2025-06-27 20:30:00,43808.5,43984.3,43808.0,43975.4,1990.0,87511046.0
2025-06-29 22:00:00,43961.5,44063.2,43961.5,44063.1,1459.0,64288062.9
2025-06-29 22:30:00,44062.6,44088.3,44048.8,44056.8,959.0,42250471.2
2025-06-29 23:00:00,44056.0,44091.3,44054.0,44079.9,874.0,38525832.6
2025-06-29 23:30:00,44080.4,44085.3,44039.2,44043.8,990.0,43603362.0
2025-06-30 00:00:00,44044.4,44057.4,44036.1,44052.0,1114.0,49073928.0
2025-06-30 00:30:00,44052.4,44077.4,44051.0,44073.9,606.0,26708783.400000002
2025-06-30 01:00:00,44073.0,44075.2,44058.0,44066.9,572.0,25206266.8
2025-06-30 01:30:00,44067.4,44085.4,44057.1,44070.4,744.0,32788377.6
2025-06-30 02:00:00,44069.9,44113.9,44065.1,44096.9,582.0,25664395.8
2025-06-30 02:30:00,44096.0,44117.4,44094.9,44099.3,583.0,25709891.900000002
2025-06-30 03:00:00,44098.8,44108.3,44091.9,44096.8,358.0,15786654.4
2025-06-30 03:30:00,44097.4,44115.0,44096.9,44102.4,322.0,14200972.8
2025-06-30 04:00:00,44101.9,44116.0,44100.9,44103.4,265.0,11687401.0
2025-06-30 04:30:00,44104.3,44113.3,44096.1,44099.9,279.0,12303872.1
2025-06-30 05:00:00,44099.1,44112.3,44093.9,44103.9,412.0,18170806.8
2025-06-30 05:30:00,44103.1,44143.2,44098.1,44137.8,522.0,23039931.6
2025-06-30 06:00:00,44137.0,44166.3,44135.0,44157.2,901.0,39785637.199999996
2025-06-30 06:30:00,44158.9,44161.3,44119.9,44143.2,701.0,30944383.2
2025-06-30 07:00:00,44144.9,44144.9,44088.4,44101.8,1677.0,73958718.60000001
2025-06-30 07:30:00,44103.1,44118.3,44089.9,44097.4,880.0,38805712.0
2025-06-30 08:00:00,44101.8,44118.3,44068.8,44081.5,1771.0,78068336.5
2025-06-30 08:30:00,44080.9,44100.2,44074.4,44075.1,803.0,35392305.3
2025-06-30 09:00:00,44075.0,44083.4,44053.6,44075.4,740.0,32615796.0
2025-06-30 09:30:00,44074.6,44087.4,44038.5,44053.0,856.0,37709368.0
2025-06-30 10:00:00,44052.2,44079.4,44049.5,44072.9,615.0,27104833.5
2025-06-30 10:30:00,44073.5,44076.9,44057.5,44071.4,596.0,26266554.400000002
2025-06-30 11:00:00,44071.0,44113.9,44071.0,44112.8,909.0,40098535.2
2025-06-30 11:30:00,44113.1,44119.3,44088.5,44093.5,880.0,38802280.0
2025-06-30 12:00:00,44093.0,44115.7,44075.7,44085.9,1013.0,44659016.7
2025-06-30 12:30:00,44085.1,44095.0,44051.5,44081.4,1150.0,50693610.0
2025-06-30 13:00:00,44081.9,44118.8,44073.3,44104.1,1696.0,74800553.6
2025-06-30 13:30:00,44101.2,44101.2,44000.0,44044.8,12711.0,559853452.8000001
2025-06-30 14:00:00,44045.4,44053.4,43967.1,44023.3,7489.0,329690493.70000005
2025-06-30 14:30:00,44024.2,44029.4,43951.9,43965.3,5633.0,247656534.9
2025-06-30 15:00:00,43964.9,44052.3,43933.1,44046.9,5330.0,234769977.0
2025-06-30 15:30:00,44047.4,44103.4,44034.0,44036.3,4284.0,188651509.20000002
2025-06-30 16:00:00,44037.3,44056.5,43991.9,44005.9,4195.0,184604750.5
2025-06-30 16:30:00,44005.0,44066.3,44000.1,44031.3,3895.0,171501913.5
2025-06-30 17:00:00,44032.3,44052.3,44011.9,44041.3,3349.0,147494313.70000002
2025-06-30 17:30:00,44042.3,44043.3,43921.6,43978.5,5260.0,231326910.0
2025-06-30 18:00:00,43977.9,44021.3,43961.9,43988.1,5535.0,243474133.5
2025-06-30 18:30:00,43987.1,44043.3,43953.9,44042.9,6306.0,277734527.40000004
2025-06-30 19:00:00,44043.5,44107.3,44027.9,44085.1,5903.0,260234345.29999998
2025-06-30 19:30:00,44084.2,44175.2,44047.1,44109.3,11759.0,518681258.70000005
2025-06-30 20:00:00,44108.9,44130.3,44067.1,44093.4,2852.0,125754376.8
2025-06-30 20:30:00,44093.0,44100.8,44075.0,44075.9,783.0,34511429.7
2025-06-30 22:00:00,44077.1,44101.3,44065.0,44099.3,808.0,35632234.400000006
2025-06-30 22:30:00,44099.5,44104.5,44068.8,44075.2,361.0,15911147.2
2025-06-30 23:00:00,44076.2,44089.5,44073.0,44074.8,354.0,15602479.200000001
2025-06-30 23:30:00,44075.4,44119.2,44065.8,44118.4,707.0,31191708.8
2025-07-01 00:00:00,44119.9,44167.2,44118.9,44162.3,1182.0,52199838.6
2025-07-01 00:30:00,44161.8,44170.4,44152.1,44163.9,671.0,29633976.900000002
2025-07-01 01:00:00,44164.4,44171.4,44145.1,44148.8,563.0,24855774.400000002
2025-07-01 01:30:00,44149.4,44171.2,44149.4,44168.3,510.0,22525833.0
2025-07-01 02:00:00,44167.9,44167.9,44152.1,44154.4,405.0,17882532.0
2025-07-01 02:30:00,44153.9,44154.4,44100.1,44101.3,470.0,20727611.0
2025-07-01 03:00:00,44102.3,44112.4,44093.1,44100.9,433.0,19095689.7
2025-07-01 03:30:00,44100.0,44101.4,44085.0,44088.8,334.0,14725659.200000001
2025-07-01 04:00:00,44088.0,44104.5,44080.0,44084.3,436.0,19220754.8
2025-07-01 04:30:00,44085.2,44090.2,44071.9,44073.9,379.0,16704008.1
2025-07-01 05:00:00,44074.4,44082.2,44065.0,44076.5,529.0,23316468.5
2025-07-01 05:30:00,44075.9,44102.2,44067.0,44084.5,506.0,22306757.0
2025-07-01 06:00:00,44083.9,44093.4,44069.0,44081.1,799.0,35220798.9
2025-07-01 06:30:00,44081.5,44096.2,44064.0,44086.3,926.0,40823913.800000004
2025-07-01 07:00:00,44089.0,44138.2,44082.2,44086.0,1904.0,83939744.0
2025-07-01 07:30:00,44087.0,44104.2,44061.0,44099.4,1419.0,62577048.6
2025-07-01 08:00:00,44101.0,44106.3,44065.9,44104.5,2072.0,91384524.0
2025-07-01 08:30:00,44104.9,44115.9,44082.2,44099.9,1305.0,57550369.5
2025-07-01 09:00:00,44099.1,44104.4,44077.0,44083.5,1090.0,48051015.0
2025-07-01 09:30:00,44082.9,44097.4,44057.0,44096.3,1066.0,47006655.800000004
2025-07-01 10:00:00,44097.2,44108.9,44091.0,44091.8,745.0,32848391.000000004
2025-07-01 10:30:00,44092.0,44094.4,44065.0,44084.0,700.0,30858800.0
2025-07-01 11:00:00,44084.5,44096.9,44077.9,44088.3,910.0,40120353.0
2025-07-01 11:30:00,44089.2,44106.3,44082.2,44099.9,1146.0,50538485.4
2025-07-01 12:00:00,44099.1,44105.4,44023.9,44039.9,2086.0,91867231.4
2025-07-01 12:30:00,44040.4,44094.8,44037.9,44082.2,1732.0,76350370.39999999
2025-07-01 13:00:00,44081.3,44102.9,44052.4,44068.4,1874.0,82584181.60000001
2025-07-01 13:30:00,44067.2,44283.4,44044.8,44221.8,11619.0,513813094.20000005
2025-07-01 14:00:00,44202.5,44368.3,44196.8,44356.9,9355.0,414958799.5
2025-07-01 14:30:00,44356.0,44420.4,44351.1,44398.5,10242.0,454729437.0
2025-07-01 15:00:00,44397.9,44584.4,44391.1,44569.4,11478.0,511567573.2
2025-07-01 15:30:00,44568.9,44594.4,44510.9,44566.9,9642.0,429714049.8
2025-07-01 16:00:00,44567.4,44655.5,44564.9,44588.9,9078.0,404778034.2
2025-07-01 16:30:00,44588.0,44610.3,44473.1,44474.1,8073.0,359039409.3
2025-07-01 17:00:00,44474.5,44580.4,44455.9,44577.4,6942.0,309456310.8
2025-07-01 17:30:00,44576.9,44618.5,44559.9,44611.9,5702.0,254377053.8
2025-07-01 18:00:00,44612.5,44619.4,44543.9,44569.3,4855.0,216383951.5
2025-07-01 18:30:00,44568.9,44635.5,44564.9,44611.1,4251.0,189641786.1
2025-07-01 19:00:00,44610.1,44626.4,44530.9,44617.5,10935.0,487892362.5
2025-07-01 19:30:00,44616.9,44642.5,44536.1,44551.1,10003.0,445644653.3
2025-07-01 20:00:00,44551.5,44562.8,44532.2,44556.8,2136.0,95173324.80000001
2025-07-01 20:30:00,44557.2,44572.4,44537.0,44563.8,1203.0,53610251.400000006
2025-07-01 22:00:00,44539.9,44566.6,44534.8,44539.8,920.0,40976616.0
2025-07-01 22:30:00,44540.3,44573.4,44539.8,44573.4,651.0,29017283.400000002
2025-07-01 23:00:00,44572.8,44577.2,44551.0,44557.8,405.0,18045909.0
2025-07-01 23:30:00,44556.3,44567.2,44552.9,44562.9,510.0,22727079.0
2025-07-02 00:00:00,44564.1,44582.4,44562.9,44571.0,938.0,41807598.0
2025-07-02 00:30:00,44571.5,44575.4,44560.1,44566.9,397.0,17693059.3
2025-07-02 01:00:00,44567.4,44570.4,44548.0,44554.2,453.0,20183052.599999998
2025-07-02 01:30:00,44553.8,44554.4,44527.0,44532.2,489.0,21776245.799999997
2025-07-02 02:00:00,44531.8,44567.3,44518.0,44566.4,601.0,26784406.400000002
2025-07-02 02:30:00,44567.3,44600.3,44563.1,44597.9,648.0,28899439.2
2025-07-02 03:00:00,44598.4,44619.4,44597.9,44608.0,467.0,20831936.0
2025-07-02 03:30:00,44607.1,44617.4,44601.1,44611.4,295.0,13160363.0
2025-07-02 04:00:00,44612.3,44653.3,44610.0,44650.4,563.0,25138175.2
2025-07-02 04:30:00,44649.9,44663.3,44638.9,44642.8,606.0,27053536.8
2025-07-02 05:00:00,44642.0,44642.4,44614.9,44615.8,491.0,21906357.8
2025-07-02 05:30:00,44616.4,44634.4,44611.9,44631.8,549.0,24502858.200000003
2025-07-02 06:00:00,44632.4,44675.3,44628.9,44660.4,1092.0,48769156.800000004
2025-07-02 06:30:00,44661.2,44700.4,44659.9,44700.4,969.0,43314687.6
2025-07-02 07:00:00,44701.0,44703.3,44656.8,44659.1,1855.0,82842630.5
2025-07-02 07:30:00,44658.1,44668.4,44601.9,44618.9,1422.0,63448075.800000004
2025-07-02 08:00:00,44620.1,44633.3,44572.4,44588.0,2279.0,101616052.0
2025-07-02 08:30:00,44588.4,44609.2,44571.9,44598.3,1389.0,61947038.7
2025-07-02 09:00:00,44597.8,44622.4,44588.9,44618.4,1097.0,48946384.800000004
2025-07-02 09:30:00,44619.3,44621.8,44598.0,44618.4,685.0,30563604.0
2025-07-02 10:00:00,44619.3,44628.3,44602.3,44618.5,677.0,30206724.5
2025-07-02 10:30:00,44618.3,44646.9,44617.3,44632.4,1229.0,54853219.6
2025-07-02 11:00:00,44631.9,44654.9,44624.9,44654.9,897.0,40055445.300000004
2025-07-02 11:30:00,44655.0,44663.3,44585.0,44604.4,1654.0,73775677.60000001
2025-07-02 12:00:00,44603.9,44617.4,44544.7,44584.1,4433.0,197641315.29999998
2025-07-02 12:30:00,44583.9,44590.3,44515.9,44528.4,3130.0,139373892.0
2025-07-02 13:00:00,44529.1,44539.6,44487.9,44524.2,2964.0,131969728.8
2025-07-02 13:30:00,44523.1,44553.0,44394.0,44444.5,14366.0,638489687.0
2025-07-02 14:00:00,44445.3,44472.3,44384.0,44472.2,8104.0,360402708.79999995
2025-07-02 14:30:00,44470.9,44518.3,44428.0,44486.0,8757.0,389563902.0
2025-07-02 15:00:00,44486.5,44564.4,44451.9,44543.3,6083.0,270956893.90000004
2025-07-02 15:30:00,44549.1,44590.4,44519.9,44529.9,5214.0,232178898.6
2025-07-02 16:00:00,44530.5,44536.3,44465.0,44496.9,4820.0,214475058.0
2025-07-02 16:30:00,44497.4,44522.4,44479.9,44502.4,3775.0,167996560.0
2025-07-02 17:00:00,44503.3,44508.2,44467.1,44500.4,3696.0,164473478.4
2025-07-02 17:30:00,44499.9,44507.4,44474.9,44474.9,3178.0,141341232.20000002
2025-07-02 18:00:00,44475.5,44513.4,44458.9,44506.5,3451.0,153591931.5
2025-07-02 18:30:00,44505.9,44526.5,44493.0,44508.3,2933.0,130542843.9
2025-07-02 19:00:00,44509.3,44531.5,44499.1,44502.9,3151.0,140228637.9
2025-07-02 19:30:00,44502.1,44530.4,44501.1,44518.5,5618.0,250104933.0
2025-07-02 20:00:00,44517.9,44526.5,44494.5,44500.9,1305.0,58073674.5
2025-07-02 20:30:00,44500.5,44550.4,44499.6,44532.9,716.0,31885556.400000002
2025-07-02 22:00:00,44514.5,44534.2,44500.8,44507.3,769.0,34226113.7
2025-07-02 22:30:00,44508.2,44531.4,44507.7,44529.4,364.0,16208701.6
2025-07-02 23:00:00,44530.2,44538.2,44525.1,44531.4,266.0,11845352.4
2025-07-02 23:30:00,44532.2,44544.3,44530.0,44543.0,278.0,12382954.0
2025-07-03 00:00:00,44543.4,44557.2,44530.9,44530.9,567.0,25249020.3
2025-07-03 00:30:00,44531.4,44545.4,44525.1,44530.5,448.0,19949664.0
2025-07-03 01:00:00,44529.9,44539.2,44514.7,44533.4,608.0,27076307.2
2025-07-03 01:30:00,44532.9,44534.3,44519.9,44521.9,385.0,17140931.5
2025-07-03 02:00:00,44522.4,44523.3,44494.1,44495.9,389.0,17308905.1
2025-07-03 02:30:00,44495.1,44518.2,44481.9,44516.9,521.0,23193304.900000002
2025-07-03 03:00:00,44516.0,44559.2,44513.0,44547.4,556.0,24768354.400000002
2025-07-03 03:30:00,44548.2,44560.4,44532.9,44532.9,585.0,26051746.5
2025-07-03 04:00:00,44533.4,44555.4,44531.9,44554.9,323.0,14391232.700000001
2025-07-03 04:30:00,44554.0,44555.3,44534.2,44542.4,271.0,12070990.4
2025-07-03 05:00:00,44541.9,44551.2,44536.9,44547.4,300.0,13364220.0
2025-07-03 05:30:00,44548.3,44552.3,44531.0,44547.9,471.0,20982060.900000002
2025-07-03 06:00:00,44548.4,44558.2,44532.9,44546.9,743.0,33098346.7
2025-07-03 06:30:00,44547.4,44569.4,44545.1,44551.4,656.0,29225718.400000002
2025-07-03 07:00:00,44550.1,44572.4,44541.1,44563.0,1194.0,53208222.0
2025-07-03 07:30:00,44564.1,44572.6,44533.1,44538.4,695.0,30954188.0
2025-07-03 08:00:00,44537.9,44538.4,44507.9,44533.2,892.0,39723614.4
2025-07-03 08:30:00,44533.9,44541.4,44493.9,44494.0,779.0,34660826.0
2025-07-03 09:00:00,44493.5,44537.2,44493.5,44537.2,842.0,37500322.4
2025-07-03 09:30:00,44536.9,44539.4,44518.9,44534.2,955.0,42530161.0
2025-07-03 10:00:00,44534.5,44540.0,44513.5,44522.4,757.0,33703456.800000004
2025-07-03 10:30:00,44521.9,44550.9,44521.9,44547.5,534.0,23788365.0
2025-07-03 11:00:00,44548.2,44561.0,44540.9,44546.3,798.0,35547947.400000006
2025-07-03 11:30:00,44546.2,44552.3,44528.9,44550.9,1026.0,45709223.4
2025-07-03 12:00:00,44550.0,44584.3,44537.9,44554.9,1300.0,57921370.0
2025-07-03 12:30:00,44553.9,44671.2,44540.5,44551.4,5107.0,227523999.8
2025-07-03 13:00:00,44550.9,44593.0,44548.9,44579.4,2011.0,89649173.4
2025-07-03 13:30:00,44580.2,44779.2,44572.8,44733.8,10764.0,481514623.20000005
2025-07-03 14:00:00,44734.4,44826.3,44734.4,44811.4,7209.0,323045382.6
2025-07-03 14:30:00,44810.1,44899.4,44798.9,44858.4,5740.0,257487216.0
2025-07-03 15:00:00,44857.9,44893.4,44796.9,44817.9,5244.0,235025067.6
2025-07-03 15:30:00,44818.5,44871.5,44816.1,44858.9,4239.0,190156877.1
2025-07-03 16:00:00,44857.4,44864.4,44822.9,44844.5,3413.0,153054278.5
2025-07-03 16:30:00,44843.9,44905.4,44813.9,44823.9,6684.0,299602947.6
2025-07-03 17:00:00,44823.0,44869.2,44815.3,44833.8,1886.0,84556546.80000001
2025-07-03 22:00:00,44815.4,44820.1,44764.6,44796.7,1282.0,57429369.4
2025-07-03 22:30:00,44797.2,44811.8,44774.9,44776.9,529.0,23686980.1
2025-07-03 23:00:00,44776.0,44783.3,44771.8,44779.9,373.0,16702902.700000001
2025-07-03 23:30:00,44779.0,44784.1,44766.0,44772.7,339.0,15177945.299999999
2025-07-04 00:00:00,44771.9,44773.3,44745.0,44752.8,701.0,31371712.8
2025-07-04 00:30:00,44753.3,44757.4,44742.9,44742.9,425.0,19015732.5
2025-07-04 01:00:00,44743.4,44781.4,44740.9,44777.4,480.0,21493152.0
2025-07-04 01:30:00,44776.9,44788.3,44762.9,44763.9,374.0,16741698.6
2025-07-04 02:00:00,44764.4,44766.4,44728.9,44748.9,598.0,26759842.2
2025-07-04 02:30:00,44749.4,44754.2,44739.9,44745.5,336.0,15034488.0
2025-07-04 03:00:00,44746.3,44749.2,44730.1,44737.4,295.0,13197533.0
2025-07-04 03:30:00,44736.9,44738.2,44718.0,44719.4,338.0,15115157.200000001
2025-07-04 04:00:00,44718.9,44728.2,44699.9,44705.9,523.0,23381185.7
2025-07-04 04:30:00,44706.4,44713.4,44693.9,44703.4,504.0,22530513.6
2025-07-04 05:00:00,44704.3,44714.2,44694.9,44709.9,484.0,21639591.6
2025-07-04 05:30:00,44710.4,44733.4,44694.9,44732.4,496.0,22187270.400000002
2025-07-04 06:00:00,44731.2,44734.9,44700.9,44722.5,1306.0,58407585.0
2025-07-04 06:30:00,44723.3,44731.4,44688.0,44692.4,751.0,33563992.4
2025-07-04 07:00:00,44691.9,44713.3,44617.9,44634.4,1992.0,88911724.8
2025-07-04 07:30:00,44635.9,44646.4,44599.8,44602.4,1263.0,56332831.2
2025-07-04 08:00:00,44602.4,44623.3,44560.0,44618.0,1457.0,65008426.0
2025-07-04 08:30:00,44617.0,44618.4,44562.1,44588.3,1630.0,72678929.0
2025-07-04 09:00:00,44588.3,44614.1,44576.8,44593.2,1546.0,68941087.19999999
2025-07-04 09:30:00,44592.8,44620.4,44573.1,44609.9,1358.0,60580244.2
2025-07-04 10:00:00,44610.4,44622.4,44596.1,44602.1,929.0,41435350.9
2025-07-04 10:30:00,44601.7,44619.2,44523.9,44555.2,1642.0,73159638.39999999
2025-07-04 11:00:00,44554.8,44606.3,44547.8,44586.4,1849.0,82440253.60000001
2025-07-04 11:30:00,44587.2,44605.0,44574.2,44598.9,1041.0,46427454.9
2025-07-04 12:00:00,44599.4,44613.2,44576.4,44587.4,1163.0,51855146.2
2025-07-04 12:30:00,44586.9,44606.3,44575.9,44596.2,705.0,31440320.999999996
2025-07-04 13:00:00,44597.2,44613.4,44587.8,44604.8,975.0,43489680.0
2025-07-04 13:30:00,44605.0,44639.9,44578.9,44635.3,2457.0,109668932.10000001
2025-07-04 14:00:00,44634.7,44643.1,44610.0,44629.2,1371.0,61186633.199999996
2025-07-04 14:30:00,44630.2,44655.2,44618.9,44639.3,966.0,43121563.800000004
2025-07-04 15:00:00,44638.8,44650.9,44585.0,44594.4,1182.0,52710580.800000004
2025-07-04 15:30:00,44593.8,44613.2,44591.0,44598.3,875.0,39023512.5
2025-07-04 16:00:00,44597.8,44626.1,44579.4,44625.8,802.0,35789891.6
2025-07-04 16:30:00,44626.3,44628.3,44572.9,44584.6,1419.0,63265547.4
2025-07-06 22:00:00,44742.5,44805.9,44690.2,44720.0,1412.0,63144640.0
2025-07-06 22:30:00,44720.9,44722.3,44699.8,44707.8,945.0,42248871.0
2025-07-06 23:00:00,44707.0,44745.3,44698.8,44730.2,805.0,36007811.0
2025-07-06 23:30:00,44729.8,44736.2,44704.8,44714.8,1058.0,47308258.400000006
2025-07-07 00:00:00,44715.4,44764.3,44704.1,44743.0,1081.0,48367183.0
2025-07-07 00:30:00,44743.4,44757.4,44736.0,44753.4,734.0,32848995.6
2025-07-07 01:00:00,44752.8,44759.3,44696.8,44755.8,1588.0,71072210.4
2025-07-07 01:30:00,44755.0,44763.2,44706.0,44716.4,1073.0,47980697.2
2025-07-07 02:00:00,44715.9,44735.3,44714.0,44731.2,796.0,35606035.199999996
2025-07-07 02:30:00,44731.5,44732.6,44697.8,44703.0,787.0,35181261.0
2025-07-07 03:00:00,44702.0,44702.4,44673.9,44692.3,623.0,27843302.900000002
2025-07-07 03:30:00,44693.2,44729.2,44686.8,44725.3,441.0,19723857.3
2025-07-07 04:00:00,44724.8,44752.3,44719.9,44724.8,513.0,22943822.400000002
2025-07-07 04:30:00,44724.0,44726.2,44701.1,44708.4,443.0,19805821.2
2025-07-07 05:00:00,44707.9,44717.4,44699.0,44709.4,537.0,24008947.8
2025-07-07 05:30:00,44708.9,44741.4,44706.0,44725.8,639.0,28579786.200000003
2025-07-07 06:00:00,44725.0,44727.4,44694.5,44705.4,1074.0,48013599.6
2025-07-07 06:30:00,44706.2,44720.3,44685.8,44709.8,1185.0,52981113.0
2025-07-07 07:00:00,44709.0,44732.4,44697.4,44698.8,1975.0,88280130.0
2025-07-07 07:30:00,44698.0,44724.7,44689.9,44723.4,1241.0,55501739.4
2025-07-07 08:00:00,44723.9,44805.1,44722.2,44784.1,1947.0,87194642.7
2025-07-07 08:30:00,44784.4,44798.2,44756.0,44760.9,1248.0,55861603.2
2025-07-07 09:00:00,44761.4,44780.7,44752.0,44770.9,964.0,43159147.6
2025-07-07 09:30:00,44771.4,44861.4,44770.4,44860.4,1057.0,47417442.800000004
2025-07-07 10:00:00,44859.8,44871.2,44834.9,44839.4,1428.0,64030663.2
2025-07-07 10:30:00,44840.1,44840.3,44815.4,44816.4,878.0,39348799.2
2025-07-07 11:00:00,44816.8,44842.9,44815.9,44841.9,901.0,40402551.9
2025-07-07 11:30:00,44841.1,44862.3,44822.7,44857.8,954.0,42794341.2
2025-07-07 12:00:00,44857.1,44883.8,44843.9,44859.0,1370.0,61456830.0
2025-07-07 12:30:00,44859.4,44867.9,44776.3,44785.9,1549.0,69373359.10000001
2025-07-07 13:00:00,44786.1,44795.0,44747.2,44773.5,2620.0,117306570.0
2025-07-07 13:30:00,44772.9,44824.8,44695.4,44783.0,12924.0,578775492.0
2025-07-07 14:00:00,44782.1,44792.4,44647.9,44667.9,8963.0,400358387.7
2025-07-07 14:30:00,44667.1,44683.4,44598.8,44627.1,6957.0,310470734.7
2025-07-07 15:00:00,44625.4,44635.4,44531.0,44546.5,6195.0,275965567.5
2025-07-07 15:30:00,44547.3,44563.3,44463.1,44515.0,5898.0,262549470.0
2025-07-07 16:00:00,44515.5,44551.3,44311.0,44404.0,15045.0,668058180.0
2025-07-07 16:30:00,44404.4,44440.2,44300.1,44333.4,12559.0,556783170.6
2025-07-07 17:00:00,44332.9,44416.4,44309.9,44369.3,7420.0,329220206.0
2025-07-07 17:30:00,44368.9,44452.0,44310.0,44338.9,9128.0,404725479.2
2025-07-07 18:00:00,44339.4,44376.4,44181.9,44199.1,12174.0,538079843.4
2025-07-07 18:30:00,44199.5,44374.5,44196.9,44370.9,7445.0,330341350.5
2025-07-07 19:00:00,44370.1,44380.5,44303.9,44314.9,7224.0,320130837.6
2025-07-07 19:30:00,44315.5,44444.3,44312.0,44433.9,9214.0,409413954.6
2025-07-07 20:00:00,44433.1,44433.1,44351.6,44361.9,1952.0,86594428.8
2025-07-07 20:30:00,44361.5,44363.7,44295.1,44321.8,1437.0,63690426.6
2025-07-07 22:00:00,44331.3,44349.2,44266.9,44281.0,1309.0,57963829.0
2025-07-07 22:30:00,44281.4,44332.1,44277.0,44314.0,1095.0,48523830.0
2025-07-07 23:00:00,44314.4,44353.2,44306.8,44347.9,884.0,39203543.6
2025-07-07 23:30:00,44347.0,44361.3,44337.8,44359.4,925.0,41032445.0
2025-07-08 00:00:00,44358.8,44359.4,44324.0,44352.4,1356.0,60141854.4
2025-07-08 00:30:00,44351.8,44393.3,44343.9,44379.9,1202.0,53344639.800000004
2025-07-08 01:00:00,44379.0,44402.2,44365.0,44399.2,892.0,39604086.4
2025-07-08 01:30:00,44400.2,44405.4,44355.1,44369.5,829.0,36782315.5
2025-07-08 02:00:00,44370.3,44403.2,44366.9,44402.4,626.0,27795902.400000002
2025-07-08 02:30:00,44401.9,44416.4,44392.0,44412.3,526.0,23360869.8
2025-07-08 03:00:00,44413.2,44414.4,44382.1,44402.2,442.0,19625772.4
2025-07-08 03:30:00,44401.8,44406.3,44383.9,44390.8,437.0,19398779.6
2025-07-08 04:00:00,44390.0,44407.4,44387.1,44399.8,351.0,15584329.8
2025-07-08 04:30:00,44399.0,44418.2,44394.1,44396.3,530.0,23530039.0
2025-07-08 05:00:00,44397.2,44412.4,44391.0,44408.9,496.0,22026814.400000002
2025-07-08 05:30:00,44409.4,44435.4,44394.9,44433.4,644.0,28615109.6
2025-07-08 06:00:00,44432.9,44443.3,44413.0,44429.0,1015.0,45095435.0
2025-07-08 06:30:00,44429.4,44449.4,44426.0,44438.4,748.0,33239923.2
2025-07-08 07:00:00,44440.8,44443.4,44407.9,44435.9,1689.0,75052235.10000001
2025-07-08 07:30:00,44437.0,44474.5,44421.0,44462.9,1137.0,50554317.300000004
2025-07-08 08:00:00,44463.1,44463.1,44396.0,44409.1,1694.0,75229015.39999999
2025-07-08 08:30:00,44409.2,44409.5,44371.9,44397.1,1112.0,49369575.199999996
2025-07-08 09:00:00,44396.5,44409.4,44379.0,44399.5,1060.0,47063470.0
2025-07-08 09:30:00,44399.3,44405.1,44361.1,44371.4,1018.0,45170085.2
2025-07-08 10:00:00,44372.3,44384.2,44344.9,44370.9,1061.0,47077524.9
2025-07-08 10:30:00,44370.0,44411.1,44364.9,44397.4,1198.0,53188085.2
2025-07-08 11:00:00,44397.1,44433.1,44387.0,44426.3,1085.0,48202535.5
2025-07-08 11:30:00,44426.0,44445.3,44417.0,44417.5,1092.0,48503910.0
2025-07-08 12:00:00,44417.0,44417.0,44375.8,44388.5,1572.0,69778722.0
2025-07-08 12:30:00,44388.0,44388.4,44357.1,44385.4,1803.0,80026876.2
2025-07-08 13:00:00,44384.9,44402.4,44377.3,44397.4,1761.0,78183821.4
2025-07-08 13:30:00,44398.2,44467.3,44311.9,44372.9,12844.0,569925527.6
2025-07-08 14:00:00,44373.4,44386.2,44272.9,44304.4,11203.0,496342193.2
2025-07-08 14:30:00,44305.3,44405.3,44244.9,44288.5,13350.0,591251475.0
2025-07-08 15:00:00,44289.3,44389.2,44272.1,44288.9,7874.0,348730798.6
2025-07-08 15:30:00,44289.4,44392.4,44275.8,44370.1,5731.0,254285043.1
2025-07-08 16:00:00,44370.5,44414.3,44287.9,44405.9,5749.0,255289519.1
2025-07-08 16:30:00,44406.5,44417.4,44289.8,44300.8,9790.0,433704832.0
2025-07-08 17:00:00,44302.1,44314.2,44230.9,44290.9,9038.0,400301154.2
2025-07-08 17:30:00,44291.4,44335.4,44247.9,44320.5,4977.0,220583128.5
2025-07-08 18:00:00,44319.9,44330.4,44285.1,44292.9,4266.0,188953511.4
2025-07-08 18:30:00,44293.4,44313.4,44263.1,44290.9,4305.0,190672324.5
2025-07-08 19:00:00,44290.1,44310.3,44270.0,44301.9,4717.0,208972062.3
2025-07-08 19:30:00,44302.5,44320.5,44242.9,44264.4,6085.0,269348874.0
2025-07-08 20:00:00,44263.9,44287.2,44249.8,44272.4,1408.0,62335539.2
2025-07-08 20:30:00,44271.9,44284.1,44264.0,44268.4,678.0,30013975.2
2025-07-08 22:00:00,44278.7,44303.1,44267.7,44274.0,542.0,23996508.0
2025-07-08 22:30:00,44273.0,44275.4,44262.9,44275.3,222.0,9829116.600000001
2025-07-08 23:00:00,44274.8,44295.2,44258.1,44268.0,433.0,19168044.0
2025-07-08 23:30:00,44268.4,44271.4,44242.2,44250.4,588.0,26019235.2
2025-07-09 00:00:00,44249.8,44249.8,44197.9,44212.3,840.0,37138332.0
2025-07-09 00:30:00,44211.0,44231.2,44200.9,44219.3,488.0,21579018.400000002
2025-07-09 01:00:00,44218.8,44251.2,44214.8,44217.9,749.0,33119207.1
2025-07-09 01:30:00,44218.4,44254.4,44187.0,44248.4,890.0,39381076.0
2025-07-09 02:00:00,44249.3,44265.2,44241.9,44247.4,551.0,24380317.400000002
2025-07-09 02:30:00,44246.9,44248.4,44237.1,44242.3,426.0,18847219.8
2025-07-09 03:00:00,44243.2,44249.4,44224.1,44242.9,508.0,22475393.2
2025-07-09 03:30:00,44243.4,44244.4,44222.9,44227.9,405.0,17912299.5
2025-07-09 04:00:00,44228.4,44233.4,44222.9,44224.8,377.0,16672749.600000001
2025-07-09 04:30:00,44225.4,44255.5,44224.9,44247.4,345.0,15265353.0
2025-07-09 05:00:00,44246.9,44248.3,44212.9,44215.2,350.0,15475319.999999998
2025-07-09 05:30:00,44216.2,44240.4,44215.0,44232.9,548.0,24239629.2
2025-07-09 06:00:00,44233.4,44248.3,44202.9,44245.4,1044.0,46192197.6
2025-07-09 06:30:00,44246.2,44289.2,44238.8,44275.8,928.0,41087942.400000006
2025-07-09 07:00:00,44277.1,44291.3,44245.0,44275.9,1484.0,65705435.6
2025-07-09 07:30:00,44276.4,44309.3,44266.9,44298.0,895.0,39646710.0
2025-07-09 08:00:00,44297.4,44314.8,44287.2,44310.3,1429.0,63319418.7
2025-07-09 08:30:00,44311.2,44321.2,44295.2,44297.5,707.0,31318332.5
2025-07-09 09:00:00,44298.0,44371.2,44298.0,44367.4,1270.0,56346598.0
2025-07-09 09:30:00,44366.9,44377.4,44330.9,44340.4,1256.0,55691542.4
2025-07-09 10:00:00,44340.2,44350.4,44319.1,44341.4,1096.0,48598174.4
2025-07-09 10:30:00,44342.3,44359.2,44337.9,44350.4,1119.0,49628097.6
2025-07-09 11:00:00,44349.9,44381.8,44344.1,44381.4,968.0,42961195.2
2025-07-09 11:30:00,44381.6,44409.2,44381.6,44394.4,1012.0,44927132.800000004
2025-07-09 12:00:00,44393.9,44436.3,44373.0,44418.3,1192.0,52946613.6
2025-07-09 12:30:00,44417.9,44449.5,44403.0,44427.2,1589.0,70594820.8
2025-07-09 13:00:00,44427.8,44476.0,44415.9,44475.0,1892.0,84146700.0
2025-07-09 13:30:00,44474.1,44595.2,44442.9,44503.1,13400.0,596341540.0
2025-07-09 14:00:00,44502.1,44511.9,44399.8,44411.3,8478.0,376519001.40000004
2025-07-09 14:30:00,44410.8,44410.8,44284.9,44306.9,14618.0,647678264.2
2025-07-09 15:00:00,44305.3,44365.3,44256.0,44320.9,8150.0,361215335.0
2025-07-09 15:30:00,44321.4,44385.6,44282.9,44340.5,6190.0,274467695.0
2025-07-09 16:00:00,44339.2,44375.2,44300.1,44305.5,5757.0,255066763.5
2025-07-09 16:30:00,44304.9,44350.2,44290.1,44327.5,3738.0,165696195.0
2025-07-09 17:00:00,44328.3,44419.3,44306.7,44371.4,4467.0,198207043.8
2025-07-09 17:30:00,44372.3,44436.4,44328.0,44400.1,4763.0,211477676.29999998
2025-07-09 18:00:00,44399.1,44468.3,44396.9,44411.5,4582.0,203493493.0
2025-07-09 18:30:00,44412.3,44480.3,44400.9,44466.9,3942.0,175288519.8
2025-07-09 19:00:00,44467.4,44470.2,44427.9,44462.9,3538.0,157309740.20000002
2025-07-09 19:30:00,44463.5,44509.4,44448.9,44483.9,5364.0,238611639.6
2025-07-09 20:00:00,44483.1,44518.8,44462.5,44472.0,1639.0,72889608.0
2025-07-09 20:30:00,44472.3,44495.8,44468.2,44493.7,390.0,17352543.0
2025-07-09 22:00:00,44479.6,44526.3,44473.0,44514.8,537.0,23904447.6
2025-07-09 22:30:00,44515.3,44530.3,44511.1,44511.1,399.0,17759928.9
2025-07-09 23:00:00,44511.4,44515.2,44486.9,44487.0,336.0,14947632.0
2025-07-09 23:30:00,44487.5,44489.2,44464.0,44466.9,623.0,27702878.7
2025-07-10 00:00:00,44467.4,44467.4,44426.9,44430.2,1027.0,45629815.4
2025-07-10 00:30:00,44429.0,44445.2,44416.1,44421.5,881.0,39135341.5
2025-07-10 01:00:00,44422.3,44433.2,44402.9,44403.9,862.0,38276161.800000004
2025-07-10 01:30:00,44405.1,44418.4,44391.4,44394.8,871.0,38667870.800000004
2025-07-10 02:00:00,44395.4,44432.3,44394.9,44427.0,603.0,26789481.0
2025-07-10 02:30:00,44426.1,44437.2,44420.8,44421.8,329.0,14614772.200000001
2025-07-10 03:00:00,44421.0,44421.0,44366.0,44375.9,528.0,23430475.2
2025-07-10 03:30:00,44375.0,44381.4,44363.0,44375.0,425.0,18859375.0
2025-07-10 04:00:00,44374.1,44376.4,44362.1,44366.9,376.0,16681954.4
2025-07-10 04:30:00,44366.0,44378.3,44362.9,44370.4,375.0,16638900.0
2025-07-10 05:00:00,44371.3,44385.2,44370.9,44378.3,412.0,18283859.6
2025-07-10 05:30:00,44379.2,44390.2,44364.9,44390.2,562.0,24947292.4
2025-07-10 06:00:00,44389.8,44397.3,44343.9,44351.9,907.0,40227173.300000004
2025-07-10 06:30:00,44352.4,44368.2,44349.1,44350.4,918.0,40713667.2
2025-07-10 07:00:00,44349.8,44370.4,44332.4,44358.8,1697.0,75276883.60000001
2025-07-10 07:30:00,44359.0,44377.4,44350.9,44359.9,1097.0,48662810.300000004
2025-07-10 08:00:00,44360.4,44407.9,44352.9,44397.9,1042.0,46262611.800000004
2025-07-10 08:30:00,44398.4,44407.4,44374.9,44384.9,664.0,29471573.6
2025-07-10 09:00:00,44385.1,44400.2,44370.4,44383.8,688.0,30536054.400000002
2025-07-10 09:30:00,44384.4,44411.8,44371.8,44400.9,808.0,35875927.2
2025-07-10 10:00:00,44399.1,44420.4,44390.0,44399.4,640.0,28415616.0
2025-07-10 10:30:00,44398.9,44426.8,44396.1,44423.2,610.0,27098152.0
2025-07-10 11:00:00,44423.2,44452.3,44418.5,44451.2,1023.0,45473577.599999994
2025-07-10 11:30:00,44452.1,44489.2,44445.6,44474.9,1122.0,49900837.800000004
2025-07-10 12:00:00,44473.7,44474.9,44418.6,44436.7,1113.0,49458047.099999994
2025-07-10 12:30:00,44435.9,44452.3,44397.5,44416.4,1623.0,72087817.2
2025-07-10 13:00:00,44416.0,44467.0,44389.9,44460.2,1590.0,70691718.0
2025-07-10 13:30:00,44461.1,44551.2,44392.9,44521.4,12404.0,552243445.6
2025-07-10 14:00:00,44523.0,44629.4,44510.9,44585.8,8814.0,392979241.20000005
2025-07-10 14:30:00,44586.4,44693.4,44577.9,44686.9,6592.0,294576044.8
2025-07-10 15:00:00,44687.4,44769.4,44686.9,44747.1,5553.0,248480646.29999998
2025-07-10 15:30:00,44747.5,44768.3,44688.9,44701.9,4204.0,187926787.6
2025-07-10 16:00:00,44701.1,44754.3,44692.1,44722.9,4235.0,189401481.5
2025-07-10 16:30:00,44723.4,44741.4,44704.1,44723.5,3102.0,138732297.0
2025-07-10 17:00:00,44724.3,44776.4,44719.9,44747.9,2978.0,133259246.2
2025-07-10 17:30:00,44748.4,44802.4,44747.9,44776.5,2938.0,131553357.0
2025-07-10 18:00:00,44775.9,44805.4,44760.9,44786.9,2791.0,125000237.9
2025-07-10 18:30:00,44787.5,44794.5,44714.9,44733.4,3025.0,135318535.0
2025-07-10 19:00:00,44732.2,44760.3,44719.9,44726.9,2924.0,130781455.60000001
2025-07-10 19:30:00,44727.4,44762.4,44647.9,44673.9,6027.0,269249595.3
2025-07-10 20:00:00,44674.4,44674.4,44637.9,44646.5,1525.0,68085912.5
2025-07-10 20:30:00,44646.0,44669.5,44633.0,44633.1,719.0,32091198.9
2025-07-10 22:00:00,44644.7,44686.2,44644.1,44679.4,777.0,34715893.800000004
2025-07-10 22:30:00,44678.8,44693.2,44667.1,44688.8,362.0,16177345.600000001
2025-07-10 23:00:00,44689.4,44695.3,44675.9,44684.2,347.0,15505417.399999999
2025-07-10 23:30:00,44685.2,44711.4,44685.2,44708.9,449.0,20074296.1
2025-07-11 00:00:00,44709.4,44709.4,44415.8,44447.8,5705.0,253574699.00000003
2025-07-11 00:30:00,44448.3,44525.2,44406.8,44453.4,6233.0,277078042.2
2025-07-11 01:00:00,44454.2,44504.3,44421.8,44495.2,2739.0,121872352.8
2025-07-11 01:30:00,44496.2,44502.4,44464.0,44480.4,1240.0,55155696.0
2025-07-11 02:00:00,44479.9,44506.2,44475.0,44498.4,883.0,39292087.2
2025-07-11 02:30:00,44499.2,44512.5,44488.9,44499.8,674.0,29992865.200000003
2025-07-11 03:00:00,44500.4,44533.4,44500.4,44529.9,680.0,30280332.0
2025-07-11 03:30:00,44530.4,44545.5,44508.9,44541.0,611.0,27214551.0
2025-07-11 04:00:00,44541.4,44576.2,44513.8,44572.0,822.0,36638184.0
2025-07-11 04:30:00,44571.0,44572.3,44535.0,44553.3,622.0,27712152.6
2025-07-11 05:00:00,44552.1,44564.0,44540.0,44546.4,655.0,29177892.0
2025-07-11 05:30:00,44545.8,44567.2,44482.8,44482.8,842.0,37454517.6
2025-07-11 06:00:00,44483.4,44546.3,44483.0,44530.8,1446.0,64391536.800000004
2025-07-11 06:30:00,44531.4,44532.3,44482.0,44528.2,1395.0,62116838.99999999
2025-07-11 07:00:00,44529.9,44539.1,44455.1,44489.3,3144.0,139874359.20000002
2025-07-11 07:30:00,44490.1,44494.2,44406.4,44407.8,2516.0,111730024.80000001
2025-07-11 08:00:00,44408.0,44447.4,44400.3,44446.9,3363.0,149474924.70000002
2025-07-11 08:30:00,44446.1,44457.2,44415.8,44440.4,1668.0,74126587.2
2025-07-11 09:00:00,44441.3,44456.2,44394.9,44399.9,1483.0,65845051.7
2025-07-11 09:30:00,44400.4,44419.8,44346.9,44356.0,1937.0,85917572.0
2025-07-11 10:00:00,44355.1,44390.2,44315.4,44360.2,2533.0,112364386.6
2025-07-11 10:30:00,44361.2,44372.4,44335.4,44348.3,1973.0,87499195.9
2025-07-11 11:00:00,44349.8,44408.4,44349.8,44408.3,1817.0,80689881.10000001
2025-07-11 11:30:00,44407.9,44448.4,44403.9,44415.4,1546.0,68666208.4
2025-07-11 12:00:00,44414.3,44423.4,44381.9,44385.3,1734.0,76964110.2
2025-07-11 12:30:00,44387.0,44416.4,44373.9,44407.0,2309.0,102535763.0
2025-07-11 13:00:00,44406.1,44414.2,44367.1,44373.8,2940.0,130458972.00000001
2025-07-11 13:30:00,44374.3,44456.4,44281.8,44402.5,15431.0,685174977.5
2025-07-11 14:00:00,44403.3,44456.5,44377.9,44427.9,8303.0,368884853.7
2025-07-11 14:30:00,44428.4,44450.4,44371.9,44414.9,7340.0,326005366.0
2025-07-11 15:00:00,44414.1,44416.5,44323.8,44344.9,7695.0,341234005.5
2025-07-11 15:30:00,44342.7,44402.2,44308.9,44330.5,6990.0,309870195.0
2025-07-11 16:00:00,44329.9,44350.5,44281.1,44335.5,7390.0,327639345.0
2025-07-11 16:30:00,44334.9,44372.5,44301.9,44371.3,4739.0,210275590.70000002
2025-07-11 17:00:00,44370.9,44388.5,44346.1,44385.5,4298.0,190768879.0
2025-07-11 17:30:00,44385.0,44408.4,44356.9,44402.9,4921.0,218506670.9
2025-07-11 18:00:00,44402.1,44413.5,44339.9,44354.4,4339.0,192453741.6
2025-07-11 18:30:00,44353.8,44421.5,44346.9,44405.9,4130.0,183396367.0
2025-07-11 19:00:00,44405.1,44424.3,44322.1,44414.9,8386.0,372463351.40000004
2025-07-11 19:30:00,44415.5,44424.4,44336.1,44367.0,7732.0,343045644.0
2025-07-11 20:00:00,44367.5,44372.3,44319.0,44332.5,2087.0,92521927.5
2025-07-11 20:30:00,44332.0,44348.4,44328.5,44345.1,662.0,29356456.2
2025-07-13 22:00:00,44223.5,44225.5,44130.1,44196.7,2057.0,90912611.89999999
2025-07-13 22:30:00,44197.1,44243.9,44197.1,44233.3,1185.0,52416460.5
2025-07-13 23:00:00,44232.8,44238.2,44169.9,44178.8,1437.0,63484935.6
2025-07-13 23:30:00,44178.0,44221.2,44173.0,44221.2,981.0,43380997.199999996
2025-07-14 00:00:00,44222.2,44243.3,44207.9,44218.0,1471.0,65044678.0
2025-07-14 00:30:00,44218.4,44225.2,44186.9,44188.4,832.0,36764748.800000004
2025-07-14 01:00:00,44187.9,44206.3,44163.1,44173.0,972.0,42936156.0
2025-07-14 01:30:00,44172.0,44198.4,44172.0,44190.0,667.0,29474730.0
2025-07-14 02:00:00,44189.0,44208.2,44189.0,44193.8,513.0,22671419.400000002
2025-07-14 02:30:00,44194.4,44199.2,44174.0,44177.0,445.0,19658765.0
2025-07-14 03:00:00,44176.0,44189.4,44163.9,44183.9,447.0,19750203.3
2025-07-14 03:30:00,44183.0,44194.4,44173.9,44190.4,456.0,20150822.400000002
2025-07-14 04:00:00,44189.9,44197.4,44176.0,44187.9,362.0,15996019.8
2025-07-14 04:30:00,44188.4,44202.4,44187.9,44189.4,321.0,14184797.4
2025-07-14 05:00:00,44188.9,44212.4,44185.9,44209.9,395.0,17462910.5
2025-07-14 05:30:00,44209.0,44215.4,44133.1,44142.4,834.0,36814761.6
2025-07-14 06:00:00,44141.9,44165.1,44110.8,44163.8,1602.0,70750407.60000001
2025-07-14 06:30:00,44163.0,44168.2,44133.9,44151.4,985.0,43489129.0
2025-07-14 07:00:00,44148.6,44164.4,44111.8,44121.8,2830.0,124864694.00000001
2025-07-14 07:30:00,44122.4,44249.2,44120.3,44240.4,1587.0,70209514.8
2025-07-14 08:00:00,44239.9,44242.4,44175.1,44179.4,1826.0,80671584.4
2025-07-14 08:30:00,44178.4,44239.1,44178.0,44226.4,1110.0,49091304.0
2025-07-14 09:00:00,44227.3,44268.4,44214.5,44255.8,982.0,43459195.6
2025-07-14 09:30:00,44255.4,44258.1,44237.9,44250.9,619.0,27391307.1
2025-07-14 10:00:00,44251.4,44260.3,44235.6,44248.5,690.0,30531465.0
2025-07-14 10:30:00,44248.9,44270.1,44241.9,44264.4,958.0,42405295.2
2025-07-14 11:00:00,44264.9,44281.0,44240.5,44247.9,1454.0,64336446.6
2025-07-14 11:30:00,44248.3,44288.9,44245.0,44262.2,1268.0,56124469.599999994
2025-07-14 12:00:00,44261.2,44277.4,44250.0,44274.4,1089.0,48214821.6
2025-07-14 12:30:00,44274.3,44274.3,44230.0,44241.5,1224.0,54151596.0
2025-07-14 13:00:00,44240.9,44338.8,44224.1,44332.2,1984.0,87955084.8
2025-07-14 13:30:00,44331.8,44464.3,44267.0,44362.4,14871.0,659713250.4
2025-07-14 14:00:00,44363.3,44420.3,44322.1,44332.5,9290.0,411848925.0
2025-07-14 14:30:00,44331.9,44377.4,44310.1,44372.4,9674.0,429258597.6
2025-07-14 15:00:00,44371.9,44422.2,44318.1,44421.8,7049.0,313129268.20000005
2025-07-14 15:30:00,44422.4,44449.4,44393.9,44398.3,5312.0,235843769.60000002
2025-07-14 16:00:00,44397.9,44440.3,44364.1,44381.4,4899.0,217424478.6
2025-07-14 16:30:00,44380.9,44428.4,44350.1,44406.5,4006.0,177892439.0
2025-07-14 17:00:00,44407.3,44459.3,44406.9,44450.4,3276.0,145619510.4
2025-07-14 17:30:00,44451.3,44469.4,44425.0,44443.9,2980.0,132442822.0
2025-07-14 18:00:00,44443.1,44465.4,44433.9,44459.3,2500.0,111148250.0
2025-07-14 18:30:00,44458.8,44484.4,44449.1,44458.0,3025.0,134485450.0
2025-07-14 19:00:00,44459.3,44482.3,44425.9,44447.9,3357.0,149211600.3
2025-07-14 19:30:00,44447.0,44492.4,44438.9,44474.1,4604.0,204758756.4
2025-07-14 20:00:00,44474.5,44482.4,44446.5,44448.4,983.0,43692777.2
2025-07-14 20:30:00,44449.2,44465.0,44448.1,44462.7,400.0,17785080.0
2025-07-14 22:00:00,44460.1,44460.1,44418.8,44419.9,947.0,42065645.300000004
2025-07-14 22:30:00,44420.4,44438.2,44416.9,44421.8,522.0,23188179.6
2025-07-14 23:00:00,44421.0,44428.3,44410.9,44420.4,365.0,16213446.0
2025-07-14 23:30:00,44419.9,44450.2,44418.1,44439.9,392.0,17420440.8
2025-07-15 00:00:00,44440.4,44458.4,44421.9,44445.4,926.0,41156440.4
2025-07-15 00:30:00,44446.3,44446.3,44428.9,44433.4,497.0,22083399.8
2025-07-15 01:00:00,44432.9,44436.4,44414.9,44428.4,369.0,16394079.6
2025-07-15 01:30:00,44427.9,44620.3,44423.1,44555.0,4253.0,189492415.0
2025-07-15 02:00:00,44556.2,44570.6,44459.8,44475.0,3194.0,142053150.0
2025-07-15 02:30:00,44475.4,44475.4,44430.9,44445.8,1683.0,74802281.4
2025-07-15 03:00:00,44446.4,44479.2,44423.9,44472.3,902.0,40114014.6
2025-07-15 03:30:00,44472.5,44474.3,44440.9,44448.8,599.0,26624831.200000003
2025-07-15 04:00:00,44449.4,44462.3,44440.9,44457.2,429.0,19072138.799999997
2025-07-15 04:30:00,44456.8,44495.3,44456.8,44489.7,582.0,25893005.4
2025-07-15 05:00:00,44488.8,44534.3,44484.9,44520.2,1111.0,49461942.199999996
2025-07-15 05:30:00,44519.8,44528.4,44499.0,44516.9,1043.0,46431126.7
2025-07-15 06:00:00,44517.4,44535.2,44508.1,44525.4,1066.0,47464076.4
2025-07-15 06:30:00,44526.2,44527.2,44487.8,44522.9,838.0,37310190.2
2025-07-15 07:00:00,44524.2,44527.3,44484.9,44499.0,1674.0,74491326.0
2025-07-15 07:30:00,44499.4,44510.3,44482.2,44487.5,1487.0,66152912.5
2025-07-15 08:00:00,44486.9,44486.9,44394.6,44435.9,2456.0,109134570.4
2025-07-15 08:30:00,44436.4,44445.8,44417.2,44419.4,1120.0,49749728.0
2025-07-15 09:00:00,44420.2,44441.2,44415.8,44440.4,782.0,34752392.800000004
2025-07-15 09:30:00,44439.8,44460.3,44436.2,44455.8,636.0,28273888.8
2025-07-15 10:00:00,44454.3,44484.3,44443.1,44481.4,764.0,33983789.6
2025-07-15 10:30:00,44480.9,44524.8,44450.0,44480.0,1764.0,78462720.0
2025-07-15 11:00:00,44479.1,44522.3,44471.7,44478.9,1718.0,76414750.2
2025-07-15 11:30:00,44480.1,44488.1,44429.5,44453.4,1249.0,55522296.6
2025-07-15 12:00:00,44452.9,44452.9,44385.8,44415.6,2023.0,89852758.8
2025-07-15 12:30:00,44416.3,44507.6,44416.3,44435.1,4359.0,193692600.9
2025-07-15 13:00:00,44434.4,44507.4,44418.0,44477.2,2781.0,123691093.19999999
2025-07-15 13:30:00,44476.7,44535.2,44310.9,44332.4,16641.0,737735468.4
2025-07-15 14:00:00,44331.9,44363.3,44261.3,44261.9,12228.0,541234513.2
2025-07-15 14:30:00,44262.4,44274.4,44147.9,44156.5,12167.0,537252135.5
2025-07-15 15:00:00,44157.3,44259.4,44149.9,44237.2,9482.0,419457130.4
2025-07-15 15:30:00,44238.2,44266.3,44188.1,44217.9,7560.0,334287324.0
2025-07-15 16:00:00,44217.0,44239.4,44149.9,44166.4,7036.0,310754790.40000004
2025-07-15 16:30:00,44167.3,44196.4,44093.9,44096.4,7612.0,335661796.8
2025-07-15 17:00:00,44095.9,44153.3,44084.9,44150.9,7987.0,352633238.3
2025-07-15 17:30:00,44151.5,44178.3,44122.1,44161.0,5864.0,258960104.0
2025-07-15 18:00:00,44160.1,44184.5,44132.0,44160.9,4836.0,213562112.4
2025-07-15 18:30:00,44160.1,44184.4,44073.1,44086.9,7257.0,319938633.3
2025-07-15 19:00:00,44086.1,44142.4,44068.8,44109.9,7138.0,314856466.2
2025-07-15 19:30:00,44110.5,44145.4,44028.9,44035.0,8742.0,384953970.0
2025-07-15 20:00:00,44035.5,44052.3,43986.9,43999.2,3541.0,155801167.2
2025-07-15 20:30:00,43999.1,43999.5,43975.9,43982.7,1544.0,67909288.8
2025-07-15 22:00:00,43989.1,44001.6,43957.8,43963.8,741.0,32577175.8
2025-07-15 22:30:00,43962.9,43965.1,43923.6,43952.4,1279.0,56215119.6
2025-07-15 23:00:00,43953.2,43958.4,43918.7,43940.8,866.0,38052732.800000004
2025-07-15 23:30:00,43941.3,43974.4,43941.3,43968.0,775.0,34075200.0
2025-07-16 00:00:00,43968.4,43970.2,43925.1,43940.8,1555.0,68327944.0
2025-07-16 00:30:00,43941.4,43984.3,43940.8,43978.9,924.0,40636503.6
2025-07-16 01:00:00,43979.4,44003.3,43974.1,43985.3,787.0,34616431.1
2025-07-16 01:30:00,43984.9,43997.4,43971.9,43987.3,588.0,25864532.400000002
2025-07-16 02:00:00,43988.2,43988.4,43969.1,43985.4,467.0,20541181.8
2025-07-16 02:30:00,43984.9,43985.4,43961.1,43974.8,457.0,20096483.6
2025-07-16 03:00:00,43975.4,43989.3,43973.1,43975.5,277.0,12181213.5
2025-07-16 03:30:00,43974.9,43984.2,43965.7,43966.4,377.0,16575332.8
2025-07-16 04:00:00,43967.3,43993.2,43966.8,43980.8,324.0,14249779.200000001
2025-07-16 04:30:00,43980.0,43987.3,43963.0,43973.4,343.0,15082876.200000001
2025-07-16 05:00:00,43974.3,44003.2,43943.9,43958.4,1448.0,63651763.2
2025-07-16 05:30:00,43957.9,43979.4,43944.0,43964.3,813.0,35742975.900000006
2025-07-16 06:00:00,43963.8,43966.2,43935.9,43942.0,1185.0,52071270.0
2025-07-16 06:30:00,43942.4,43942.4,43920.0,43924.8,1145.0,50293896.0
2025-07-16 07:00:00,43926.1,43981.3,43891.0,43957.0,2834.0,124574138.0
2025-07-16 07:30:00,43957.0,44000.2,43954.9,43996.1,1185.0,52135378.5
2025-07-16 08:00:00,43996.0,44033.5,43984.9,44033.5,1443.0,63540340.5
2025-07-16 08:30:00,44033.9,44073.1,44029.9,44055.9,1090.0,48020931.0
2025-07-16 09:00:00,44056.0,44059.4,44031.2,44045.9,1131.0,49815912.9
2025-07-16 09:30:00,44045.7,44054.4,44018.1,44054.0,1117.0,49208318.0
2025-07-16 10:00:00,44054.0,44081.4,44041.0,44067.6,951.0,41908287.6
2025-07-16 10:30:00,44066.9,44077.2,44047.9,44061.3,1107.0,48775859.1
2025-07-16 11:00:00,44060.9,44167.7,44053.2,44152.8,1900.0,83890320.0
2025-07-16 11:30:00,44152.2,44156.8,44097.4,44143.9,1614.0,71248254.60000001
2025-07-16 12:00:00,44144.4,44153.5,44117.4,44138.9,1642.0,72476073.8
2025-07-16 12:30:00,44139.3,44224.8,44138.9,44189.9,3888.0,171810331.20000002
2025-07-16 13:00:00,44190.4,44212.2,44168.0,44204.0,2282.0,100873528.0
2025-07-16 13:30:00,44203.0,44254.2,44064.0,44083.9,17530.0,772790767.0
2025-07-16 14:00:00,44084.4,44151.4,44045.7,44075.9,10317.0,454731060.3
2025-07-16 14:30:00,44075.0,44175.3,44036.8,44070.3,11769.0,518663360.70000005
2025-07-16 15:00:00,44069.8,44164.4,43851.9,43992.4,19811.0,871533436.4
2025-07-16 15:30:00,43993.2,44135.2,43773.8,44083.8,24085.0,1061758323.0000001
2025-07-16 16:00:00,44082.9,44103.4,44018.1,44058.8,11567.0,509628139.6
2025-07-16 16:30:00,44059.4,44147.4,44002.9,44143.3,6134.0,270775002.2
2025-07-16 17:00:00,44144.2,44213.4,44135.9,44153.0,4740.0,209285220.0
2025-07-16 17:30:00,44153.4,44180.4,44144.9,44166.9,4269.0,188548496.1
2025-07-16 18:00:00,44167.4,44195.4,44131.9,44176.3,4298.0,189869737.4
2025-07-16 18:30:00,44177.2,44262.3,44175.9,44259.9,3697.0,163628850.3
2025-07-16 19:00:00,44260.4,44277.4,44226.9,44244.9,3912.0,173086048.8
2025-07-16 19:30:00,44243.4,44280.4,44222.1,44258.1,5977.0,264530663.7
2025-07-16 20:00:00,44257.1,44258.7,44213.0,44214.0,1238.0,54736932.0
2025-07-16 20:30:00,44214.5,44231.4,44212.1,44216.7,478.0,21135582.599999998
2025-07-16 22:00:00,44227.1,44230.0,44182.9,44196.0,1143.0,50516028.0
2025-07-16 22:30:00,44195.0,44201.2,44180.9,44189.3,659.0,29120748.700000003
2025-07-16 23:00:00,44190.2,44203.2,44181.1,44191.8,477.0,21079488.6
2025-07-16 23:30:00,44192.4,44204.2,44184.0,44194.1,527.0,23290290.7
2025-07-17 00:00:00,44195.3,44218.4,44175.9,44218.4,1012.0,44749020.800000004
2025-07-17 00:30:00,44219.2,44220.4,44199.9,44216.2,700.0,30951339.999999996
2025-07-17 01:00:00,44217.2,44222.4,44206.9,44208.9,476.0,21043436.400000002
2025-07-17 01:30:00,44208.0,44211.3,44166.0,44178.9,775.0,34238647.5
2025-07-17 02:00:00,44179.4,44180.4,44163.9,44177.3,451.0,19923962.3
2025-07-17 02:30:00,44176.8,44178.2,44162.9,44170.8,364.0,16078171.200000001
2025-07-17 03:00:00,44171.4,44185.4,44160.9,44183.9,289.0,12769147.1
2025-07-17 03:30:00,44184.4,44189.4,44171.1,44189.4,335.0,14803449.0
2025-07-17 04:00:00,44188.9,44200.2,44187.1,44190.4,221.0,9766078.4
2025-07-17 04:30:00,44189.9,44201.3,44181.0,44195.9,281.0,12419047.9
2025-07-17 05:00:00,44195.0,44211.2,44194.1,44208.0,296.0,13085568.0
2025-07-17 05:30:00,44208.4,44245.4,44203.9,44228.4,1036.0,45820622.4
2025-07-17 06:00:00,44229.3,44278.2,44229.0,44268.9,1434.0,63481602.6
2025-07-17 06:30:00,44268.0,44269.3,44226.9,44229.4,1153.0,50996498.2
2025-07-17 07:00:00,44231.7,44262.5,44215.9,44228.8,2228.0,98541766.4
2025-07-17 07:30:00,44229.1,44260.8,44212.8,44213.1,1733.0,76621302.3
2025-07-17 08:00:00,44212.2,44237.0,44187.6,44210.1,2106.0,93106470.6
2025-07-17 08:30:00,44210.1,44225.2,44192.0,44213.9,1264.0,55886369.6
2025-07-17 09:00:00,44214.4,44253.4,44214.2,44251.0,1049.0,46419299.0
2025-07-17 09:30:00,44251.1,44260.4,44223.2,44228.9,741.0,32773614.900000002
2025-07-17 10:00:00,44228.1,44234.2,44190.4,44207.0,893.0,39476851.0
2025-07-17 10:30:00,44207.4,44244.2,44192.1,44208.8,1217.0,53802109.6
2025-07-17 11:00:00,44209.0,44210.6,44157.1,44183.2,1466.0,64772571.199999996
2025-07-17 11:30:00,44183.4,44211.5,44167.3,44185.9,1250.0,55232375.0
2025-07-17 12:00:00,44184.8,44213.9,44159.2,44178.9,1260.0,55665414.0
2025-07-17 12:30:00,44180.9,44278.8,44168.9,44276.1,2222.0,98381494.2
2025-07-17 13:00:00,44275.1,44298.1,44218.0,44219.0,2316.0,102411204.0
2025-07-17 13:30:00,44218.0,44504.4,44210.8,44409.4,14393.0,639184494.2
2025-07-17 14:00:00,44410.3,44491.4,44300.9,44333.9,11476.0,508775836.40000004
2025-07-17 14:30:00,44334.4,44363.4,44262.1,44336.9,8767.0,388701602.3
2025-07-17 15:00:00,44337.4,44405.2,44314.9,44397.9,6456.0,286632842.40000004
2025-07-17 15:30:00,44398.5,44479.4,44395.9,44472.5,5267.0,234236657.5
2025-07-17 16:00:00,44473.1,44494.4,44393.9,44401.3,5079.0,225514202.70000002
2025-07-17 16:30:00,44400.9,44429.2,44372.1,44404.5,4581.0,203417014.5
2025-07-17 17:00:00,44403.9,44428.4,44380.9,44424.4,3934.0,174765589.6
2025-07-17 17:30:00,44425.2,44485.4,44420.9,44468.3,3595.0,159863538.5
2025-07-17 18:00:00,44469.3,44553.4,44465.9,44545.5,3631.0,161744710.5
2025-07-17 18:30:00,44544.9,44566.5,44522.9,44550.5,3150.0,140334075.0
2025-07-17 19:00:00,44549.9,44580.3,44520.1,44521.0,3983.0,177327143.0
2025-07-17 19:30:00,44521.5,44558.4,44497.9,44529.3,6874.0,306094408.20000005
2025-07-17 20:00:00,44530.3,44548.2,44513.0,44543.5,1436.0,63964466.0
2025-07-17 20:30:00,44543.0,44554.4,44532.6,44533.1,445.0,19817229.5
2025-07-17 22:00:00,44526.9,44552.1,44510.4,44547.4,635.0,28287599.0
2025-07-17 22:30:00,44546.8,44549.2,44531.0,44544.8,354.0,15768859.200000001
2025-07-17 23:00:00,44545.4,44585.2,44543.0,44569.4,868.0,38686239.2
2025-07-17 23:30:00,44570.2,44618.2,44565.1,44611.4,569.0,25383886.6
2025-07-18 00:00:00,44610.9,44627.2,44602.9,44611.4,716.0,31941762.400000002
2025-07-18 00:30:00,44610.2,44610.4,44589.9,44594.4,461.0,20558018.400000002
2025-07-18 01:00:00,44593.9,44604.4,44589.0,44591.4,529.0,23588850.6
2025-07-18 01:30:00,44592.3,44594.4,44573.9,44581.3,307.0,13686459.100000001
2025-07-18 02:00:00,44582.2,44592.2,44569.0,44583.8,281.0,12528047.8
2025-07-18 02:30:00,44583.0,44626.4,44583.0,44616.4,424.0,18917353.6
2025-07-18 03:00:00,44615.9,44622.4,44610.9,44622.4,354.0,15796329.6
2025-07-18 03:30:00,44621.8,44628.4,44597.9,44604.3,423.0,18867618.900000002
2025-07-18 04:00:00,44603.8,44617.2,44597.9,44614.9,244.0,10886035.6
2025-07-18 04:30:00,44615.4,44617.4,44599.9,44611.9,242.0,10796079.8
2025-07-18 05:00:00,44612.4,44635.9,44611.9,44630.9,441.0,19682226.900000002
2025-07-18 05:30:00,44631.4,44643.4,44629.9,44638.4,379.0,16917953.6
2025-07-18 06:00:00,44637.9,44643.2,44621.8,44625.4,592.0,26418236.8
2025-07-18 06:30:00,44626.3,44659.2,44621.9,44657.7,710.0,31706966.999999996
2025-07-18 07:00:00,44659.8,44665.4,44595.9,44598.4,1345.0,59984848.0
2025-07-18 07:30:00,44599.2,44604.2,44575.3,44578.5,1213.0,54073720.5
2025-07-18 08:00:00,44578.6,44605.0,44573.1,44596.9,1053.0,46960535.7
2025-07-18 08:30:00,44597.1,44598.0,44577.9,44586.4,774.0,34509873.6
2025-07-18 09:00:00,44587.3,44605.3,44581.4,44589.9,578.0,25772962.2
2025-07-18 09:30:00,44590.0,44597.4,44579.6,44583.9,670.0,29871213.0
2025-07-18 10:00:00,44584.4,44602.8,44524.5,44529.3,1201.0,53479689.300000004
2025-07-18 10:30:00,44528.5,44559.9,44525.7,44539.9,1133.0,50463706.7
2025-07-18 11:00:00,44540.4,44573.2,44515.0,44550.4,1878.0,83665651.2
2025-07-18 11:30:00,44550.2,44570.5,44529.1,44553.8,930.0,41435034.0
2025-07-18 12:00:00,44554.3,44589.8,44552.4,44577.0,1390.0,61962030.0
2025-07-18 12:30:00,44576.6,44610.8,44568.1,44598.5,1489.0,66407166.5
2025-07-18 13:00:00,44597.9,44626.9,44557.0,44596.1,3105.0,138470890.5
2025-07-18 13:30:00,44595.3,44602.1,44371.1,44414.8,14229.0,631978189.2
2025-07-18 14:00:00,44418.0,44467.4,44303.3,44318.3,11485.0,508995675.50000006
2025-07-18 14:30:00,44318.8,44371.8,44275.5,44281.3,8061.0,356951559.3
2025-07-18 15:00:00,44280.4,44362.8,44280.4,44327.8,7218.0,319958060.40000004
2025-07-18 15:30:00,44327.3,44357.8,44304.3,44344.8,5014.0,222344827.20000002
2025-07-18 16:00:00,44345.6,44352.7,44221.3,44244.8,6630.0,293343024.0
2025-07-18 16:30:00,44245.7,44300.8,44219.3,44232.3,5807.0,256856966.10000002
2025-07-18 17:00:00,44231.4,44292.6,44229.3,44253.4,5219.0,230958494.6
2025-07-18 17:30:00,44253.8,44306.6,44245.3,44280.9,3882.0,171898453.8
2025-07-18 18:00:00,44281.9,44300.1,44241.5,44260.6,3410.0,150928646.0
2025-07-18 18:30:00,44261.1,44306.9,44257.6,44304.9,3111.0,137832543.9
2025-07-18 19:00:00,44304.5,44331.9,44278.6,44325.6,3471.0,153854157.6
2025-07-18 19:30:00,44324.7,44366.5,44293.6,44344.5,5614.0,248950023.0
2025-07-18 20:00:00,44344.0,44359.4,44321.4,44328.2,1074.0,47608486.8
2025-07-18 20:30:00,44329.1,44345.3,44326.0,44336.5,274.0,12148201.0
2025-07-20 22:00:00,44338.7,44366.1,44304.5,44362.4,562.0,24931668.8
2025-07-20 22:30:00,44363.2,44371.2,44351.8,44360.4,432.0,19163692.8
2025-07-20 23:00:00,44361.2,44376.2,44355.8,44365.2,366.0,16237663.2
2025-07-20 23:30:00,44366.1,44412.2,44364.0,44411.2,505.0,22427656.0
2025-07-21 00:00:00,44410.8,44416.4,44401.9,44412.8,436.0,19363980.8
2025-07-21 00:30:00,44413.4,44419.4,44403.0,44414.4,355.0,15767112.0
2025-07-21 01:00:00,44413.9,44419.4,44401.9,44408.1,497.0,22070825.7
2025-07-21 01:30:00,44407.1,44408.3,44388.0,44394.4,446.0,19799902.400000002
2025-07-21 02:00:00,44393.9,44401.4,44384.1,44394.0,271.0,12030774.0
2025-07-21 02:30:00,44394.5,44396.3,44374.1,44380.8,255.0,11317104.0
2025-07-21 03:00:00,44381.4,44392.5,44380.0,44382.1,186.0,8255070.6
2025-07-21 03:30:00,44381.1,44382.2,44372.0,44376.9,182.0,8076595.8
2025-07-21 04:00:00,44377.4,44393.4,44375.1,44391.0,231.0,10254321.0
2025-07-21 04:30:00,44390.1,44392.4,44383.0,44389.4,138.0,6125737.2
2025-07-21 05:00:00,44388.9,44393.4,44375.0,44382.8,217.0,9631067.600000001
2025-07-21 05:30:00,44383.4,44388.4,44375.1,44376.5,256.0,11360384.0
2025-07-21 06:00:00,44377.3,44449.2,44374.0,44445.0,535.0,23778075.0
2025-07-21 06:30:00,44445.4,44461.4,44430.0,44434.2,631.0,28037980.2
2025-07-21 07:00:00,44435.2,44487.0,44435.2,44473.9,1113.0,49499450.7
2025-07-21 07:30:00,44473.2,44478.8,44440.9,44448.2,815.0,36225283.0
2025-07-21 08:00:00,44447.8,44479.4,44446.1,44479.0,1354.0,60224566.0
2025-07-21 08:30:00,44479.4,44487.4,44460.5,44481.4,699.0,31092498.6
2025-07-21 09:00:00,44480.9,44490.3,44465.6,44477.4,506.0,22505564.400000002
2025-07-21 09:30:00,44478.3,44478.3,44450.5,44458.9,613.0,27253305.7
2025-07-21 10:00:00,44459.4,44467.4,44446.9,44452.3,690.0,30672087.000000004
2025-07-21 10:30:00,44453.0,44457.3,44426.1,44443.5,721.0,32043763.5
2025-07-21 11:00:00,44444.3,44456.9,44432.9,44455.4,689.0,30629770.6
2025-07-21 11:30:00,44455.2,44459.4,44442.9,44454.9,641.0,28495590.900000002
2025-07-21 12:00:00,44455.4,44455.4,44439.0,44447.6,632.0,28090883.2
2025-07-21 12:30:00,44446.9,44464.2,44413.0,44422.0,884.0,39269048.0
2025-07-21 13:00:00,44422.4,44443.4,44403.5,44442.2,1765.0,78440483.0
2025-07-21 13:30:00,44441.5,44508.4,44373.9,44506.4,12283.0,546672111.2
2025-07-21 14:00:00,44507.3,44546.4,44440.1,44526.4,8058.0,358793731.2
2025-07-21 14:30:00,44525.9,44547.5,44485.9,44529.4,6469.0,288060688.6
2025-07-21 15:00:00,44530.3,44588.3,44522.1,44579.5,5184.0,231100128.0
2025-07-21 15:30:00,44580.3,44625.9,44580.3,44614.5,4183.0,186622453.5
2025-07-21 16:00:00,44615.3,44622.4,44568.9,44578.9,4651.0,207336463.9
2025-07-21 16:30:00,44579.5,44610.1,44570.1,44604.0,3543.0,158031972.0
2025-07-21 17:00:00,44605.0,44632.1,44602.2,44617.9,2395.0,106859870.5
2025-07-21 17:30:00,44618.9,44624.1,44576.7,44584.1,2475.0,110345647.5
2025-07-21 18:00:00,44583.6,44597.1,44571.6,44576.9,2475.0,110327827.5
2025-07-21 18:30:00,44576.5,44578.9,44498.7,44511.1,3586.0,159616804.6
2025-07-21 19:00:00,44512.0,44517.1,44411.6,44429.9,6740.0,299457526.0
2025-07-21 19:30:00,44430.9,44446.1,44336.0,44364.1,7864.0,348879282.4
2025-07-21 20:00:00,44363.1,44408.9,44358.5,44394.0,1363.0,60509022.0
2025-07-21 20:30:00,44394.5,44408.8,44394.0,44405.4,404.0,17939781.6
2025-07-21 22:00:00,44416.5,44428.2,44398.9,44424.1,436.0,19368907.599999998
2025-07-21 22:30:00,44424.5,44424.5,44399.0,44402.8,229.0,10168241.200000001
2025-07-21 23:00:00,44403.3,44414.2,44398.8,44413.2,233.0,10348275.6
2025-07-21 23:30:00,44412.7,44413.2,44395.8,44409.8,378.0,16786904.400000002
2025-07-22 00:00:00,44408.3,44442.2,44408.3,44439.8,555.0,24664089.0
2025-07-22 00:30:00,44438.9,44441.4,44418.9,44422.9,498.0,22122604.2
2025-07-22 01:00:00,44422.0,44428.3,44411.1,44425.9,456.0,20258210.400000002
2025-07-22 01:30:00,44425.0,44443.2,44423.1,44440.4,376.0,16709590.4
2025-07-22 02:00:00,44439.9,44443.4,44413.0,44413.5,260.0,11547510.0
2025-07-22 02:30:00,44412.9,44420.4,44402.9,44410.9,193.0,8571303.700000001
2025-07-22 03:00:00,44411.4,44420.4,44409.3,44411.9,228.0,10125913.200000001
2025-07-22 03:30:00,44412.4,44416.4,44395.1,44403.9,409.0,18161195.1
2025-07-22 04:00:00,44403.0,44405.2,44383.1,44386.9,468.0,20773069.2
2025-07-22 04:30:00,44386.0,44394.2,44378.9,44386.9,332.0,14736450.8
2025-07-22 05:00:00,44386.1,44386.1,44370.1,44370.9,296.0,13133786.4
2025-07-22 05:30:00,44371.4,44375.2,44360.9,44364.0,327.0,14507028.0
2025-07-22 06:00:00,44364.5,44371.2,44353.1,44362.0,500.0,22181000.0
2025-07-22 06:30:00,44362.4,44375.2,44356.8,44360.8,373.0,16546578.4
2025-07-22 07:00:00,44359.9,44390.1,44355.9,44385.2,1135.0,50377202.0
2025-07-22 07:30:00,44385.1,44387.3,44334.9,44347.3,1070.0,47451611.0
2025-07-22 08:00:00,44346.1,44392.4,44346.1,44362.3,1351.0,59933467.300000004
2025-07-22 08:30:00,44362.9,44381.9,44355.9,44381.9,1030.0,45713357.0
2025-07-22 09:00:00,44382.3,44382.3,44344.6,44364.1,919.0,40770607.9
2025-07-22 09:30:00,44364.4,44376.3,44357.0,44360.4,691.0,30653036.400000002
2025-07-22 10:00:00,44360.2,44372.4,44354.9,44361.1,625.0,27725687.5
2025-07-22 10:30:00,44361.2,44366.4,44339.8,44350.4,592.0,26255436.8
2025-07-22 11:00:00,44350.0,44350.0,44239.4,44281.8,2357.0,104372202.60000001
2025-07-22 11:30:00,44281.0,44328.4,44270.8,44325.4,1466.0,64981036.4
2025-07-22 12:00:00,44324.2,44342.4,44295.8,44320.9,1148.0,50880393.2
2025-07-22 12:30:00,44321.4,44345.3,44308.1,44338.4,984.0,43628985.6
2025-07-22 13:00:00,44337.9,44346.5,44293.8,44307.2,1657.0,73417030.39999999
2025-07-22 13:30:00,44308.2,44486.4,44300.8,44427.4,19852.0,881972744.8000001
2025-07-22 14:00:00,44426.9,44435.2,44318.1,44400.4,13980.0,620717592.0
2025-07-22 14:30:00,44399.9,44427.4,44335.9,44378.3,9815.0,435573014.5
2025-07-22 15:00:00,44377.9,44406.5,44340.1,44373.9,7849.0,348290741.1
2025-07-22 15:30:00,44373.1,44393.4,44318.1,44372.9,6354.0,281945406.6
2025-07-22 16:00:00,44373.5,44405.3,44342.0,44367.5,7231.0,320821392.5
2025-07-22 16:30:00,44366.9,44433.3,44361.0,44401.9,5944.0,263924893.6
2025-07-22 17:00:00,44402.5,44496.4,44396.1,44482.9,4882.0,217165517.8
2025-07-22 17:30:00,44483.5,44493.2,44421.0,44423.5,4663.0,207146780.5
2025-07-22 18:00:00,44423.0,44474.4,44399.1,44433.5,5803.0,257847600.5
2025-07-22 18:30:00,44433.0,44532.3,44428.1,44503.1,4654.0,207117427.4
2025-07-22 19:00:00,44502.6,44525.1,44496.6,44512.1,3803.0,169279516.29999998
2025-07-22 19:30:00,44512.9,44569.9,44500.7,44520.9,5697.0,253635567.3
2025-07-22 20:00:00,44521.9,44551.8,44510.6,44547.8,2061.0,91813015.80000001
2025-07-22 20:30:00,44547.4,44565.9,44541.6,44564.0,531.0,23663484.0
2025-07-22 22:00:00,44567.5,44591.3,44562.9,44565.4,673.0,29992514.2
2025-07-22 22:30:00,44566.3,44568.4,44544.1,44554.8,387.0,17242707.6
2025-07-22 23:00:00,44554.0,44675.3,44553.0,44639.8,2309.0,103073298.2
2025-07-22 23:30:00,44639.0,44669.2,44624.0,44655.0,1743.0,77833665.0
2025-07-23 00:00:00,44655.4,44661.2,44578.9,44587.3,1854.0,82664854.2
2025-07-23 00:30:00,44588.3,44611.4,44583.9,44588.3,1033.0,46059713.900000006
2025-07-23 01:00:00,44587.8,44619.4,44570.9,44610.0,987.0,44030070.0
2025-07-23 01:30:00,44609.1,44644.4,44601.0,44643.8,767.0,34241794.6
2025-07-23 02:00:00,44643.0,44647.4,44625.0,44636.9,684.0,30531639.6
2025-07-23 02:30:00,44636.0,44649.2,44624.0,44645.4,381.0,17009897.400000002
2025-07-23 03:00:00,44644.9,44671.4,44639.0,44664.1,306.0,13667214.6
2025-07-23 03:30:00,44663.1,44663.1,44629.0,44649.2,548.0,24467761.599999998
2025-07-23 04:00:00,44648.8,44651.2,44633.9,44649.4,347.0,15493341.8
2025-07-23 04:30:00,44650.3,44674.2,44646.1,44671.9,429.0,19164245.1
2025-07-23 05:00:00,44671.0,44683.4,44666.1,44673.4,496.0,22158006.400000002
2025-07-23 05:30:00,44672.9,44687.3,44667.9,44671.4,595.0,26579483.0
2025-07-23 06:00:00,44670.9,44678.4,44642.0,44655.4,888.0,39653995.2
2025-07-23 06:30:00,44654.8,44673.4,44635.0,44667.0,838.0,37430946.0
2025-07-23 07:00:00,44668.8,44695.2,44652.0,44678.4,2007.0,89669548.8
2025-07-23 07:30:00,44679.2,44686.9,44635.0,44652.8,1626.0,72605452.80000001
2025-07-23 08:00:00,44651.9,44725.6,44638.4,44714.2,1389.0,62108023.8
2025-07-23 08:30:00,44714.7,44746.8,44706.3,44736.8,990.0,44289432.0
2025-07-23 09:00:00,44736.1,44764.1,44735.9,44742.1,1110.0,49663731.0
2025-07-23 09:30:00,44741.1,44767.4,44735.5,44762.4,730.0,32676552.0
2025-07-23 10:00:00,44763.2,44777.8,44752.2,44766.1,725.0,32455422.5
2025-07-23 10:30:00,44766.5,44774.2,44735.9,44737.3,884.0,39547773.2
2025-07-23 11:00:00,44738.2,44745.8,44706.4,44732.3,1636.0,73182042.80000001
2025-07-23 11:30:00,44731.4,44767.9,44722.4,44766.9,967.0,43289592.300000004
2025-07-23 12:00:00,44766.3,44779.0,44753.6,44774.5,1121.0,50192214.5
2025-07-23 12:30:00,44774.9,44778.9,44745.6,44773.3,1347.0,60309635.1
2025-07-23 13:00:00,44771.8,44795.9,44745.3,44751.6,1659.0,74242904.39999999
2025-07-23 13:30:00,44752.6,44817.8,44661.5,44714.8,13245.0,592247526.0
2025-07-23 14:00:00,44715.9,44760.9,44687.6,44754.9,8116.0,363230768.40000004
2025-07-23 14:30:00,44754.5,44765.1,44703.7,44725.6,5865.0,262315644.0
2025-07-23 15:00:00,44726.8,44766.9,44707.7,44766.1,5391.0,241334045.1
2025-07-23 15:30:00,44767.0,44930.8,44715.6,44887.4,8931.0,400889369.40000004
2025-07-23 16:00:00,44886.8,44962.4,44869.8,44908.9,12393.0,556555997.7
2025-07-23 16:30:00,44909.4,44936.2,44858.1,44898.4,6316.0,283578294.40000004
2025-07-23 17:00:00,44897.9,44931.4,44883.9,44927.9,5109.0,229536641.1
2025-07-23 17:30:00,44928.5,45015.9,44925.0,44963.5,6505.0,292487567.5
2025-07-23 18:00:00,44964.1,45010.0,44961.7,44981.5,4402.0,198008563.0
2025-07-23 18:30:00,44982.1,45017.3,44973.5,44992.1,3048.0,137135920.79999998
2025-07-23 19:00:00,44991.6,45007.6,44976.6,44996.0,3177.0,142952292.0
2025-07-23 19:30:00,44995.5,45055.9,44982.6,45052.2,4935.0,222332607.0
2025-07-23 20:00:00,45053.0,45057.9,44935.8,44956.9,3758.0,168948030.20000002
2025-07-23 20:30:00,44957.1,44957.9,44916.5,44921.5,1927.0,86563730.5
2025-07-23 22:00:00,44938.1,44953.3,44910.5,44939.9,983.0,44175921.7
2025-07-23 22:30:00,44938.9,44940.3,44914.0,44916.9,449.0,20167688.1
2025-07-23 23:00:00,44918.1,44926.4,44910.8,44915.8,322.0,14462887.600000001
2025-07-23 23:30:00,44916.4,44943.3,44915.8,44934.3,471.0,21164055.3
2025-07-24 00:00:00,44933.8,44935.2,44910.8,44928.2,832.0,37380262.4
2025-07-24 00:30:00,44929.2,44930.4,44911.9,44914.4,516.0,23175830.400000002
2025-07-24 01:00:00,44913.9,44943.4,44911.9,44934.4,644.0,28937753.6
2025-07-24 01:30:00,44933.9,44939.4,44929.9,44937.4,476.0,21390202.400000002
2025-07-24 02:00:00,44938.3,44953.4,44935.9,44947.5,368.0,16540680.0
2025-07-24 02:30:00,44946.2,44950.3,44933.9,44937.4,261.0,11728661.4
2025-07-24 03:00:00,44936.9,44936.9,44923.9,44927.4,207.0,9299971.8
2025-07-24 03:30:00,44926.9,44929.2,44903.9,44904.5,387.0,17378041.5
2025-07-24 04:00:00,44903.9,44916.2,44900.0,44900.0,265.0,11898500.0
2025-07-24 04:30:00,44899.1,44915.5,44895.9,44914.4,268.0,12037059.200000001
2025-07-24 05:00:00,44915.3,44924.2,44911.0,44916.9,284.0,12756399.6
2025-07-24 05:30:00,44917.4,44917.4,44901.4,44908.9,359.0,16122295.1
2025-07-24 06:00:00,44908.0,44926.2,44904.0,44921.4,679.0,30501630.6
2025-07-24 06:30:00,44920.8,44921.4,44879.0,44883.0,777.0,34874091.0
2025-07-24 07:00:00,44884.2,44896.9,44866.9,44877.3,1656.0,74316808.80000001
2025-07-24 07:30:00,44877.3,44893.2,44859.1,44871.2,901.0,40428951.199999996
2025-07-24 08:00:00,44870.9,44913.4,44869.6,44909.2,1257.0,56450864.4
2025-07-24 08:30:00,44909.5,44923.2,44891.1,44895.4,768.0,34479667.2
2025-07-24 09:00:00,44896.8,44914.0,44884.9,44910.9,694.0,31168164.6
2025-07-24 09:30:00,44910.8,44914.9,44891.1,44899.9,700.0,31429930.0
2025-07-24 10:00:00,44910.3,44955.8,44869.0,44876.0,1366.0,61300616.0
2025-07-24 10:30:00,44875.3,44879.1,44844.9,44848.4,920.0,41260528.0
2025-07-24 11:00:00,44848.8,44865.3,44834.0,44862.0,874.0,39209388.0
2025-07-24 11:30:00,44862.1,44883.5,44848.9,44857.5,880.0,39474600.0
2025-07-24 12:00:00,44856.3,44859.3,44793.0,44826.1,1157.0,51863797.699999996
2025-07-24 12:30:00,44825.7,44827.6,44692.0,44720.9,3614.0,161621332.6
2025-07-24 13:00:00,44720.0,44739.2,44686.7,44714.1,2835.0,126764473.5
2025-07-24 13:30:00,44715.1,44813.3,44688.8,44811.1,15079.0,675706576.9
2025-07-24 14:00:00,44811.5,44873.4,44793.9,44842.9,12493.0,560222349.7
2025-07-24 14:30:00,44843.4,44920.4,44832.9,44892.4,8536.0,383201526.40000004
2025-07-24 15:00:00,44893.3,44933.4,44852.1,44875.1,7001.0,314170575.09999996
2025-07-24 15:30:00,44875.5,44894.4,44833.9,44870.5,6411.0,287664775.5
2025-07-24 16:00:00,44869.9,44878.4,44766.9,44785.9,6915.0,309694498.5
2025-07-24 16:30:00,44786.4,44828.4,44778.9,44808.1,5474.0,245279539.4
2025-07-24 17:00:00,44807.1,44866.5,44798.1,44828.5,4731.0,212083633.5
2025-07-24 17:30:00,44827.9,44849.5,44807.9,44841.5,3575.0,160308362.5
2025-07-24 18:00:00,44840.9,44893.4,44823.9,44847.5,5088.0,228184080.0
2025-07-24 18:30:00,44848.3,44856.5,44753.9,44793.9,5314.0,238034784.6
2025-07-24 19:00:00,44793.0,44821.5,44774.9,44783.9,4183.0,187331053.70000002
2025-07-24 19:30:00,44784.5,44787.5,44706.1,44720.5,7902.0,353381391.0
2025-07-24 20:00:00,44721.3,44728.8,44700.2,44724.3,1558.0,69680459.4
2025-07-24 20:30:00,44724.2,44758.3,44723.6,44756.4,673.0,30121057.2
2025-07-24 22:00:00,44762.9,44801.2,44749.6,44798.0,901.0,40362998.0
2025-07-24 22:30:00,44797.1,44797.1,44778.9,44780.9,263.0,11777376.700000001
2025-07-24 23:00:00,44780.0,44787.2,44769.0,44771.4,273.0,12222592.200000001
2025-07-24 23:30:00,44772.3,44804.4,44768.1,44800.0,401.0,17964800.0
2025-07-25 00:00:00,44800.4,44812.4,44792.8,44806.2,580.0,25987596.0
2025-07-25 00:30:00,44807.2,44808.2,44791.9,44808.2,347.0,15548445.399999999
2025-07-25 01:00:00,44809.2,44822.4,44806.1,44819.9,343.0,15373225.700000001
2025-07-25 01:30:00,44820.4,44838.9,44816.9,44824.2,348.0,15598821.6
2025-07-25 02:00:00,44825.2,44836.4,44824.0,44832.8,200.0,8966560.0
2025-07-25 02:30:00,44833.4,44839.4,44828.0,44832.2,201.0,9011272.2
2025-07-25 03:00:00,44833.2,44859.4,44832.0,44855.0,279.0,12514545.0
2025-07-25 03:30:00,44855.4,44856.2,44845.9,44847.4,199.0,8924632.6
2025-07-25 04:00:00,44846.9,44848.3,44834.8,44835.8,209.0,9370682.200000001
2025-07-25 04:30:00,44834.9,44834.9,44796.0,44799.3,370.0,16575741.000000002
2025-07-25 05:00:00,44800.3,44808.2,44796.1,44805.2,312.0,13979222.399999999
2025-07-25 05:30:00,44804.8,44805.3,44782.9,44792.5,339.0,15184657.5
2025-07-25 06:00:00,44791.9,44812.4,44790.9,44798.8,454.0,20338655.200000003
2025-07-25 06:30:00,44799.4,44804.4,44762.0,44763.3,502.0,22471176.6
2025-07-25 07:00:00,44765.0,44772.2,44731.9,44733.3,1907.0,85306403.10000001
2025-07-25 07:30:00,44732.8,44764.1,44726.9,44743.1,1300.0,58166030.0
2025-07-25 08:00:00,44744.1,44772.4,44741.9,44770.8,1438.0,64380410.400000006
2025-07-25 08:30:00,44770.4,44791.2,44769.0,44776.0,755.0,33805880.0
2025-07-25 09:00:00,44775.2,44785.3,44762.0,44783.4,675.0,30228795.0
2025-07-25 09:30:00,44782.9,44798.9,44776.5,44782.1,574.0,25704925.4
2025-07-25 10:00:00,44782.5,44783.4,44761.0,44768.1,700.0,31337670.0
2025-07-25 10:30:00,44767.2,44794.0,44767.2,44779.5,532.0,23822694.0
2025-07-25 11:00:00,44779.0,44781.4,44769.9,44779.4,601.0,26912419.400000002
2025-07-25 11:30:00,44779.0,44779.0,44736.3,44755.0,749.0,33521495.0
2025-07-25 12:00:00,44755.4,44785.4,44745.9,44777.7,911.0,40792484.699999996
2025-07-25 12:30:00,44778.4,44801.5,44769.4,44774.9,1093.0,48938965.7
2025-07-25 13:00:00,44775.4,44791.2,44747.4,44758.3,2515.0,112567124.5
2025-07-25 13:30:00,44759.9,44813.2,44711.9,44734.4,11419.0,510822113.6
2025-07-25 14:00:00,44735.3,44773.3,44646.9,44741.4,9498.0,424953817.2
2025-07-25 14:30:00,44742.3,44836.5,44733.9,44796.8,6818.0,305424582.40000004
2025-07-25 15:00:00,44797.4,44825.4,44743.1,44770.3,6215.0,278247414.5
2025-07-25 15:30:00,44769.9,44784.4,44740.0,44757.3,4990.0,223338927.0
2025-07-25 16:00:00,44756.9,44826.3,44745.1,44814.9,5127.0,229765992.3
2025-07-25 16:30:00,44815.5,44834.5,44794.9,44828.5,3107.0,139282149.5
2025-07-25 17:00:00,44829.4,44872.4,44818.1,44868.5,3234.0,145104729.0
2025-07-25 17:30:00,44869.3,44909.5,44869.3,44902.5,3063.0,137536357.5
2025-07-25 18:00:00,44903.3,44936.5,44891.0,44911.9,2984.0,134017109.60000001
2025-07-25 18:30:00,44912.4,44940.3,44910.1,44911.5,2568.0,115332732.0
2025-07-25 19:00:00,44910.9,44938.5,44908.9,44932.5,2747.0,123429577.5
2025-07-25 19:30:00,44933.3,44952.7,44891.1,44913.4,5183.0,232786152.20000002
2025-07-25 20:00:00,44914.3,44915.0,44885.5,44901.3,1382.0,62053596.6
2025-07-25 20:30:00,44901.1,44924.3,44900.0,44910.0,491.0,22050810.0
2025-07-27 22:00:00,45083.9,45130.8,45069.9,45076.1,1237.0,55759135.699999996
2025-07-27 22:30:00,45075.6,45086.9,45061.7,45073.7,214.0,9645771.799999999
2025-07-27 23:00:00,45073.5,45099.7,45059.8,45088.3,607.0,27368598.1
2025-07-27 23:30:00,45089.1,45103.3,45070.8,45070.8,532.0,23977665.6
2025-07-28 00:00:00,45071.4,45084.4,45055.0,45078.8,792.0,35702409.6
2025-07-28 00:30:00,45078.0,45101.3,45074.9,45099.9,393.0,17724260.7
2025-07-28 01:00:00,45100.4,45101.3,45075.9,45081.9,452.0,20377018.8
2025-07-28 01:30:00,45082.4,45087.4,45070.9,45083.9,321.0,14471931.9
2025-07-28 02:00:00,45083.0,45087.4,45072.9,45087.4,299.0,13481132.6
2025-07-28 02:30:00,45086.9,45104.4,45086.9,45098.9,296.0,13349274.4
2025-07-28 03:00:00,45099.4,45099.4,45089.1,45091.2,176.0,7936051.199999999
2025-07-28 03:30:00,45092.2,45101.3,45088.9,45099.9,147.0,6629685.3
2025-07-28 04:00:00,45101.1,45105.3,45099.1,45103.9,87.0,3924039.3000000003
2025-07-28 04:30:00,45104.4,45116.4,45101.1,45113.8,148.0,6676842.4
2025-07-28 05:00:00,45113.0,45126.4,45111.0,45120.2,187.0,8437477.4
2025-07-28 05:30:00,45119.8,45126.4,45114.1,45118.3,320.0,14437856.0
2025-07-28 06:00:00,45117.8,45151.3,45116.9,45123.2,554.0,24998252.799999997
2025-07-28 06:30:00,45122.8,45125.3,45075.1,45077.3,739.0,33312124.700000003
2025-07-28 07:00:00,45078.9,45093.7,45042.4,45042.4,1451.0,65356522.4
2025-07-28 07:30:00,45041.5,45056.7,45025.1,45049.9,1070.0,48203393.0
2025-07-28 08:00:00,45049.1,45050.0,45006.9,45015.3,1278.0,57529553.400000006
2025-07-28 08:30:00,45016.1,45024.9,45004.5,45009.2,700.0,31506439.999999996
2025-07-28 09:00:00,45008.9,45019.3,44988.5,45005.1,799.0,35959074.9
2025-07-28 09:30:00,45005.1,45014.2,44988.3,44996.3,573.0,25782879.900000002
2025-07-28 10:00:00,44995.9,45008.3,44976.9,44982.4,621.0,27934070.400000002
2025-07-28 10:30:00,44983.3,44986.4,44955.5,44965.9,1245.0,55982545.5
2025-07-28 11:00:00,44965.1,44966.8,44940.9,44947.0,1078.0,48452866.0
2025-07-28 11:30:00,44946.1,44959.6,44936.9,44957.9,831.0,37360014.9
2025-07-28 12:00:00,44957.4,44957.4,44914.4,44939.5,1635.0,73476082.5
2025-07-28 12:30:00,44938.9,44973.2,44924.2,44968.9,1122.0,50455105.800000004
2025-07-28 13:00:00,44969.3,44973.1,44876.2,44885.0,2117.0,95021545.0
2025-07-28 13:30:00,44885.4,44936.2,44801.9,44837.0,11926.0,534726062.0
2025-07-28 14:00:00,44837.5,44958.5,44825.0,44946.4,7801.0,350626866.40000004
2025-07-28 14:30:00,44945.9,44962.4,44880.9,44907.5,5526.0,248158845.0
2025-07-28 15:00:00,44906.9,44923.4,44858.9,44909.5,6537.0,293573401.5
2025-07-28 15:30:00,44908.9,44955.2,44898.1,44941.5,3746.0,168350859.0
2025-07-28 16:00:00,44941.0,44966.4,44927.9,44937.1,3617.0,162537490.7
2025-07-28 16:30:00,44937.5,44942.5,44866.9,44871.0,3638.0,163240698.0
2025-07-28 17:00:00,44871.5,44908.3,44816.1,44822.5,4200.0,188254500.0
2025-07-28 17:30:00,44823.3,44854.3,44795.1,44798.0,3020.0,135289960.0
2025-07-28 18:00:00,44799.3,44811.3,44753.9,44792.5,5297.0,237265872.5
2025-07-28 18:30:00,44793.3,44827.3,44787.9,44800.9,3134.0,140406020.6
2025-07-28 19:00:00,44801.5,44808.3,44771.1,44795.9,3308.0,148184837.20000002
2025-07-28 19:30:00,44796.5,44862.5,44786.1,44852.3,4893.0,219462303.9
2025-07-28 20:00:00,44853.3,44876.9,44833.4,44850.6,1273.0,57094813.8
2025-07-28 20:30:00,44850.9,44861.8,44838.7,44849.8,608.0,27268678.400000002
2025-07-28 22:00:00,44858.0,44889.2,44858.0,44886.8,420.0,18852456.0
2025-07-28 22:30:00,44886.0,44889.4,44873.9,44884.4,330.0,14811852.0
2025-07-28 23:00:00,44885.3,44889.2,44863.1,44866.0,282.0,12652212.0
2025-07-28 23:30:00,44866.5,44874.2,44860.9,44870.2,292.0,13102098.399999999
2025-07-29 00:00:00,44871.2,44871.4,44832.9,44859.8,705.0,31626159.000000004
2025-07-29 00:30:00,44859.0,44867.4,44857.1,44860.8,288.0,12919910.4
2025-07-29 01:00:00,44859.3,44881.4,44856.1,44880.9,370.0,16605933.0
2025-07-29 01:30:00,44881.4,44891.2,44868.1,44872.4,327.0,14673274.8
2025-07-29 02:00:00,44871.9,44887.4,44864.0,44878.4,434.0,19477225.6
2025-07-29 02:30:00,44879.3,44891.2,44874.1,44891.2,318.0,14275401.6
2025-07-29 03:00:00,44890.8,44901.4,44890.1,44892.8,210.0,9427488.0
2025-07-29 03:30:00,44892.0,44898.4,44875.9,44898.4,233.0,10461327.200000001
2025-07-29 04:00:00,44899.2,44923.4,44899.2,44917.3,253.0,11364076.9
2025-07-29 04:30:00,44916.8,44920.3,44904.0,44914.9,185.0,8309256.5
2025-07-29 05:00:00,44915.4,44923.4,44912.1,44921.2,161.0,7232313.199999999
2025-07-29 05:30:00,44922.2,44936.4,44917.8,44929.0,248.0,11142392.0
2025-07-29 06:00:00,44929.4,44944.1,44928.3,44928.3,445.0,19993093.5
2025-07-29 06:30:00,44927.9,44929.2,44868.8,44875.2,584.0,26207116.799999997
2025-07-29 07:00:00,44874.0,44910.0,44871.8,44885.8,1138.0,51080040.400000006
2025-07-29 07:30:00,44885.3,44936.2,44877.8,44932.3,1328.0,59670094.400000006
2025-07-29 08:00:00,44931.8,44935.7,44914.1,44934.2,1591.0,71490312.19999999
2025-07-29 08:30:00,44934.8,44937.6,44906.3,44918.4,900.0,40426560.0
2025-07-29 09:00:00,44918.9,44944.3,44916.0,44924.0,590.0,26505160.0
2025-07-29 09:30:00,44923.8,44971.2,44807.6,44906.6,2508.0,112625752.8
2025-07-29 10:00:00,44907.9,44916.0,44814.7,44895.9,2656.0,119243510.4
2025-07-29 10:30:00,44896.3,44924.1,44875.8,44897.3,1339.0,60117484.7
2025-07-29 11:00:00,44897.1,44935.1,44878.8,44880.8,1323.0,59377298.400000006
2025-07-29 11:30:00,44880.8,44957.2,44880.8,44934.8,1774.0,79714335.2
2025-07-29 12:00:00,44934.4,44942.7,44907.5,44909.7,1622.0,72843533.39999999
2025-07-29 12:30:00,44910.0,44919.6,44861.5,44883.7,1536.0,68941363.19999999
2025-07-29 13:00:00,44883.2,44895.9,44863.4,44886.0,1899.0,85238514.0
2025-07-29 13:30:00,44887.1,44910.6,44779.9,44824.8,12037.0,539556117.6
2025-07-29 14:00:00,44823.1,44860.4,44807.4,44836.4,6247.0,280092990.8
2025-07-29 14:30:00,44835.8,44840.3,44686.1,44696.9,6063.0,270997304.7
2025-07-29 15:00:00,44697.4,44729.4,44639.9,44644.9,6177.0,275771547.3
2025-07-29 15:30:00,44645.5,44696.1,44612.0,44653.5,7358.0,328560453.0
2025-07-29 16:00:00,44652.9,44692.4,44631.1,44682.5,5172.0,231097890.0
2025-07-29 16:30:00,44683.3,44720.4,44645.9,44718.0,3412.0,152577816.0
2025-07-29 17:00:00,44717.1,44764.4,44701.9,44720.4,3303.0,147711481.20000002
2025-07-29 17:30:00,44719.8,44734.4,44593.9,44649.4,5333.0,238115250.20000002
2025-07-29 18:00:00,44648.9,44657.3,44613.9,44628.9,3155.0,140804179.5
2025-07-29 18:30:00,44628.0,44657.4,44611.1,44630.9,2965.0,132330618.5
2025-07-29 19:00:00,44630.0,44658.2,44624.9,44631.9,2845.0,126977755.5
2025-07-29 19:30:00,44632.4,44674.3,44582.9,44671.2,6363.0,284242845.59999996
2025-07-29 20:00:00,44670.8,44690.1,44611.9,44616.4,2028.0,90482059.2
2025-07-29 20:30:00,44616.4,44624.3,44602.5,44621.8,663.0,29584253.400000002
2025-07-29 22:00:00,44627.4,44658.0,44627.4,44637.4,680.0,30353432.0
2025-07-29 22:30:00,44638.2,44658.3,44635.0,44654.4,283.0,12637195.200000001
2025-07-29 23:00:00,44655.2,44657.2,44641.8,44656.3,216.0,9645760.8
2025-07-29 23:30:00,44657.2,44671.2,44640.0,44650.9,348.0,15538513.200000001
2025-07-30 00:00:00,44650.0,44686.4,44645.1,44681.5,524.0,23413106.0
2025-07-30 00:30:00,44680.9,44695.4,44679.0,44688.8,401.0,17920208.8
2025-07-30 01:00:00,44688.0,44694.4,44674.9,44675.4,357.0,15949117.8
2025-07-30 01:30:00,44674.9,44710.0,44664.0,44697.3,651.0,29097942.3
2025-07-30 02:00:00,44696.8,44706.3,44692.9,44693.4,301.0,13452713.4
2025-07-30 02:30:00,44692.9,44703.4,44688.9,44692.4,291.0,13005488.4
2025-07-30 03:00:00,44693.3,44706.4,44693.3,44699.9,231.0,10325676.9
2025-07-30 03:30:00,44699.0,44713.2,44697.9,44702.4,215.0,9611016.0
2025-07-30 04:00:00,44703.3,44720.4,44702.8,44719.0,183.0,8183577.0
2025-07-30 04:30:00,44719.5,44720.4,44713.1,44717.4,176.0,7870262.4
2025-07-30 05:00:00,44716.9,44717.4,44699.0,44716.9,419.0,18736381.1
2025-07-30 05:30:00,44717.4,44724.3,44713.0,44713.1,378.0,16901551.8
2025-07-30 06:00:00,44712.1,44723.3,44703.0,44721.9,565.0,25267873.5
2025-07-30 06:30:00,44721.0,44721.5,44685.4,44686.4,410.0,18321424.0
2025-07-30 07:00:00,44684.2,44694.3,44641.2,44669.9,1655.0,73928684.5
2025-07-30 07:30:00,44670.4,44696.9,44663.1,44690.4,901.0,40266050.4
2025-07-30 08:00:00,44689.4,44704.2,44654.1,44657.4,1298.0,57965305.2
2025-07-30 08:30:00,44656.9,44668.6,44635.9,44660.4,1044.0,46625457.6
2025-07-30 09:00:00,44659.9,44683.7,44654.9,44669.9,694.0,31000910.6
2025-07-30 09:30:00,44669.4,44683.2,44652.9,44680.9,785.0,35074506.5
2025-07-30 10:00:00,44681.1,44693.5,44675.5,44686.1,877.0,39189709.699999996
2025-07-30 10:30:00,44686.0,44692.0,44670.9,44689.9,619.0,27663048.1
2025-07-30 11:00:00,44690.4,44697.1,44677.0,44680.0,659.0,29444120.0
2025-07-30 11:30:00,44680.0,44698.9,44669.5,44691.9,1022.0,45675121.800000004
2025-07-30 12:00:00,44692.4,44696.4,44638.8,44674.9,2360.0,105432764.0
2025-07-30 12:30:00,44675.4,44711.0,44651.8,44677.4,2594.0,115893175.60000001
2025-07-30 13:00:00,44676.9,44726.4,44655.2,44693.7,1895.0,84694561.5
2025-07-30 13:30:00,44694.7,44718.2,44575.4,44674.6,12772.0,570583991.1999999
2025-07-30 14:00:00,44674.6,44761.4,44633.3,44733.4,9308.0,416378487.2
2025-07-30 14:30:00,44732.9,44760.4,44669.9,44684.4,6414.0,286605741.6
2025-07-30 15:00:00,44683.9,44688.4,44570.9,44593.5,7941.0,354116983.5
2025-07-30 15:30:00,44592.9,44660.5,44578.9,44659.9,5021.0,224237357.9
2025-07-30 16:00:00,44660.5,44714.5,44642.1,44708.9,4153.0,185676061.70000002
2025-07-30 16:30:00,44709.5,44712.3,44657.9,44664.3,3433.0,153332541.9
2025-07-30 17:00:00,44665.3,44695.4,44656.1,44666.5,3265.0,145836122.5
2025-07-30 17:30:00,44665.9,44725.3,44648.1,44679.9,3471.0,155083932.9
2025-07-30 18:00:00,44681.5,44708.2,44640.0,44704.8,5017.0,224283981.60000002
2025-07-30 18:30:00,44705.4,44766.3,44376.1,44389.0,17693.0,785374577.0
2025-07-30 19:00:00,44388.0,44440.3,44277.2,44332.3,23420.0,1038262466.0000001
2025-07-30 19:30:00,44331.9,44523.4,44306.9,44493.4,14647.0,651694829.8000001
2025-07-30 20:00:00,44494.2,44691.6,44475.9,44533.8,5108.0,227478650.4
2025-07-30 20:30:00,44534.3,44542.7,44513.0,44522.3,879.0,39135101.7
2025-07-30 22:00:00,44566.5,44586.3,44508.8,44542.3,1882.0,83828608.60000001
2025-07-30 22:30:00,44543.2,44586.2,44543.2,44572.4,1020.0,45463848.0
2025-07-30 23:00:00,44571.8,44622.3,44571.8,44589.4,787.0,35091857.800000004
2025-07-30 23:30:00,44588.8,44597.2,44563.8,44563.8,537.0,23930760.6
2025-07-31 00:00:00,44564.4,44580.2,44536.1,44557.4,1251.0,55741307.4
2025-07-31 00:30:00,44558.2,44581.3,44539.0,44573.3,896.0,39937676.800000004
2025-07-31 01:00:00,44572.8,44594.2,44559.8,44579.4,628.0,27995863.2
2025-07-31 01:30:00,44580.2,44596.2,44579.0,44584.8,588.0,26215862.400000002
2025-07-31 02:00:00,44585.4,44594.2,44575.1,44592.4,408.0,18193699.2
2025-07-31 02:30:00,44591.8,44621.2,44591.8,44613.2,374.0,16685336.799999999
2025-07-31 03:00:00,44614.2,44618.4,44589.9,44593.4,398.0,17748173.2
2025-07-31 03:30:00,44592.9,44618.4,44591.9,44614.4,388.0,17310387.2
2025-07-31 04:00:00,44615.3,44638.3,44615.3,44618.0,404.0,18025672.0
2025-07-31 04:30:00,44616.9,44644.2,44610.9,44635.2,477.0,21290990.4
2025-07-31 05:00:00,44634.1,44634.5,44610.9,44617.9,554.0,24718316.6
2025-07-31 05:30:00,44618.4,44649.4,44612.0,44639.2,504.0,22498156.799999997
2025-07-31 06:00:00,44638.8,44653.3,44614.8,44622.4,961.0,42882126.4
2025-07-31 06:30:00,44621.9,44642.4,44611.8,44629.3,963.0,42978015.900000006
2025-07-31 07:00:00,44631.6,44679.4,44610.9,44677.4,1889.0,84395608.60000001
2025-07-31 07:30:00,44677.9,44715.3,44664.1,44689.2,1532.0,68463854.39999999
2025-07-31 08:00:00,44688.8,44697.4,44646.8,44677.9,1711.0,76443886.9
2025-07-31 08:30:00,44677.0,44705.2,44667.1,44680.4,1202.0,53705840.800000004
2025-07-31 09:00:00,44681.2,44685.4,44656.4,44658.1,1048.0,46801688.8
2025-07-31 09:30:00,44658.5,44658.8,44621.9,44643.8,898.0,40090132.400000006
2025-07-31 10:00:00,44642.9,44653.3,44630.9,44637.7,922.0,41155959.4
2025-07-31 10:30:00,44638.4,44653.1,44583.0,44584.3,1240.0,55284532.0
2025-07-31 11:00:00,44583.9,44616.1,44555.0,44583.2,1716.0,76504771.19999999
2025-07-31 11:30:00,44582.8,44609.3,44574.1,44582.9,1425.0,63530632.5
2025-07-31 12:00:00,44583.3,44614.4,44582.0,44603.8,1583.0,70607815.4
2025-07-31 12:30:00,44602.4,44626.3,44576.1,44586.5,2792.0,124485508.0
2025-07-31 13:00:00,44585.9,44590.2,44524.1,44541.4,2653.0,118168334.2
2025-07-31 13:30:00,44542.9,44633.4,44454.0,44615.5,18287.0,815883648.5
2025-07-31 14:00:00,44614.9,44647.4,44522.1,44548.1,14389.0,641002610.9
2025-07-31 14:30:00,44548.5,44595.4,44442.9,44446.0,13853.0,615710438.0
2025-07-31 15:00:00,44446.5,44485.3,44313.9,44379.5,14458.0,641638811.0
2025-07-31 15:30:00,44381.0,44497.2,44376.9,44491.4,8854.0,393926855.6
2025-07-31 16:00:00,44490.9,44521.3,44453.1,44514.5,7139.0,317789015.5
2025-07-31 16:30:00,44515.4,44547.5,44491.1,44537.9,6991.0,311364458.90000004
2025-07-31 17:00:00,44538.5,44538.5,44296.9,44330.9,11857.0,525631481.3
2025-07-31 17:30:00,44331.4,44419.4,44274.0,44307.9,15898.0,704406994.2
2025-07-31 18:00:00,44308.4,44354.2,44176.9,44351.9,16870.0,748216553.0
2025-07-31 18:30:00,44351.1,44419.4,44345.9,44358.3,10966.0,486433117.8
2025-07-31 19:00:00,44359.2,44395.4,44237.9,44244.4,11354.0,502350917.6
2025-07-31 19:30:00,44245.3,44292.2,44073.0,44150.4,19262.0,850425004.8000001
2025-07-31 20:00:00,44149.9,44280.2,44085.0,44136.2,4019.0,177383387.79999998
2025-07-31 20:30:00,44135.7,44200.8,44125.7,44130.7,1629.0,71888910.3
2025-07-31 22:00:00,44161.3,44196.2,44129.8,44135.1,2180.0,96214518.0
2025-07-31 22:30:00,44136.1,44147.2,44071.8,44120.7,3137.0,138406635.89999998
2025-07-31 23:00:00,44121.3,44145.2,44092.0,44116.2,2591.0,114305074.19999999
2025-07-31 23:30:00,44117.2,44150.2,44110.8,44133.8,1654.0,72997305.2
2025-08-01 00:00:00,44133.0,44137.4,44018.9,44052.8,2856.0,125814796.80000001
2025-08-01 00:30:00,44051.9,44110.1,44050.8,44091.9,2202.0,97090363.8
2025-08-01 01:00:00,44092.4,44134.9,44085.9,44129.0,1934.0,85345486.0
2025-08-01 01:30:00,44129.4,44145.4,44116.1,44123.4,1363.0,60140194.2
2025-08-01 02:00:00,44122.9,44138.2,44110.0,44132.3,938.0,41396097.400000006
2025-08-01 02:30:00,44131.8,44149.4,44113.0,44143.3,710.0,31341743.000000004
2025-08-01 03:00:00,44144.3,44170.2,44144.0,44169.8,524.0,23144975.200000003
2025-08-01 03:30:00,44170.3,44178.2,44109.9,44110.4,869.0,38331937.6
2025-08-01 04:00:00,44109.9,44126.4,44097.9,44112.4,898.0,39612935.2
2025-08-01 04:30:00,44111.9,44115.2,44090.0,44110.8,665.0,29333682.000000004
2025-08-01 05:00:00,44110.0,44117.4,44079.1,44084.4,677.0,29845138.8
2025-08-01 05:30:00,44083.9,44099.3,44052.9,44059.5,1324.0,58334778.0
2025-08-01 06:00:00,44058.2,44062.4,44016.9,44017.4,1889.0,83148868.60000001
2025-08-01 06:30:00,44018.3,44036.2,43990.0,44012.0,2167.0,95374004.0
2025-08-01 07:00:00,44013.8,44013.8,43834.0,43840.0,6120.0,268300800.0
2025-08-01 07:30:00,43839.1,43861.3,43721.1,43789.6,6510.0,285070296.0
2025-08-01 08:00:00,43790.1,43859.9,43768.3,43783.1,5832.0,255343039.2
2025-08-01 08:30:00,43782.1,43790.2,43718.9,43781.9,4745.0,207745115.5
2025-08-01 09:00:00,43781.0,43813.2,43754.0,43763.2,3146.0,137679027.2
2025-08-01 09:30:00,43763.5,43794.4,43743.9,43773.4,2718.0,118976101.2
2025-08-01 10:00:00,43772.9,43772.9,43728.4,43754.8,2530.0,110699644.0
2025-08-01 10:30:00,43754.0,43754.0,43657.5,43684.4,3564.0,155691201.6
2025-08-01 11:00:00,43685.2,43769.9,43678.9,43758.9,3696.0,161732894.4
2025-08-01 11:30:00,43759.8,43802.9,43755.5,43799.6,2335.0,102272066.0
2025-08-01 12:00:00,43800.7,43816.9,43778.6,43808.1,3128.0,137031736.79999998
2025-08-01 12:30:00,43803.6,43906.4,43691.8,43772.3,10249.0,448622302.70000005
2025-08-01 13:00:00,43771.8,43818.2,43723.1,43778.8,5955.0,260702754.00000003
2025-08-01 13:30:00,43780.0,43784.6,43454.2,43471.9,28190.0,1225472861.0
2025-08-01 14:00:00,43468.4,43627.4,43335.9,43589.9,26948.0,1174660625.2
2025-08-01 14:30:00,43589.0,43646.4,43513.9,43537.5,24063.0,1047642862.5
2025-08-01 15:00:00,43536.2,43627.3,43477.1,43486.9,18051.0,784982031.9
2025-08-01 15:30:00,43486.0,43667.5,43474.1,43665.9,14467.0,631714575.3000001
2025-08-01 16:00:00,43664.4,43736.4,43658.0,43684.5,11824.0,516525528.0
2025-08-01 16:30:00,43683.9,43696.3,43513.9,43521.1,13863.0,603333009.3
2025-08-01 17:00:00,43520.1,43548.3,43459.1,43470.9,15543.0,675668198.7
2025-08-01 17:30:00,43470.1,43543.3,43459.0,43486.5,13496.0,586893804.0
2025-08-01 18:00:00,43485.1,43575.3,43412.8,43562.9,13451.0,585964567.9
2025-08-01 18:30:00,43563.5,43663.4,43535.1,43563.9,13411.0,584235462.9
2025-08-01 19:00:00,43562.4,43618.5,43533.1,43589.9,13004.0,566843059.6
2025-08-01 19:30:00,43589.1,43677.7,43527.8,43579.4,18023.0,785431526.2
2025-08-01 20:00:00,43578.9,43604.2,43559.9,43601.2,3420.0,149116104.0
2025-08-01 20:30:00,43600.5,43606.9,43584.6,43591.5,900.0,39232350.0
2025-08-03 22:00:00,43549.6,43623.1,43519.6,43591.5,1273.0,55491979.5
2025-08-03 22:30:00,43591.9,43632.1,43577.2,43624.3,1062.0,46329006.6
2025-08-03 23:00:00,43623.8,43642.2,43586.9,43622.4,1944.0,84801945.60000001
2025-08-03 23:30:00,43623.2,43628.4,43565.8,43626.2,2614.0,114038886.8
2025-08-04 00:00:00,43627.2,43660.4,43618.0,43653.4,2409.0,105161040.60000001
2025-08-04 00:30:00,43654.3,43696.3,43632.0,43686.8,2060.0,89994808.0
2025-08-04 01:00:00,43687.4,43708.2,43656.1,43676.4,2035.0,88881474.0
2025-08-04 01:30:00,43677.3,43706.2,43674.9,43688.8,1560.0,68154528.0
2025-08-04 02:00:00,43689.4,43726.4,43685.1,43716.9,1205.0,52678864.5
2025-08-04 02:30:00,43717.4,43731.3,43702.9,43727.5,679.0,29690972.5
2025-08-04 03:00:00,43726.9,43735.2,43718.1,43731.9,699.0,30568598.1
2025-08-04 03:30:00,43732.4,43754.3,43729.9,43749.9,576.0,25199942.400000002
2025-08-04 04:00:00,43748.3,43748.6,43687.1,43713.3,902.0,39429396.6
2025-08-04 04:30:00,43712.8,43728.4,43702.1,43718.9,698.0,30515792.2
2025-08-04 05:00:00,43719.4,43746.4,43713.1,43743.9,779.0,34076498.1
2025-08-04 05:30:00,43744.4,43765.2,43741.1,43747.5,881.0,38541547.5
2025-08-04 06:00:00,43746.9,43771.2,43700.9,43729.3,1707.0,74645915.10000001
2025-08-04 06:30:00,43730.2,43746.4,43675.9,43736.4,2067.0,90403138.8
2025-08-04 07:00:00,43738.0,43769.1,43709.9,43765.2,3630.0,158867676.0
2025-08-04 07:30:00,43764.8,43837.3,43761.0,43803.9,2570.0,112576023.0
2025-08-04 08:00:00,43804.4,43834.9,43774.5,43824.0,2623.0,114950352.0
2025-08-04 08:30:00,43824.4,43884.5,43816.5,43874.5,1783.0,78228233.5
2025-08-04 09:00:00,43875.3,43914.3,43872.1,43891.3,1662.0,72947340.60000001
2025-08-04 09:30:00,43891.9,43908.4,43877.4,43885.4,1331.0,58411467.4
2025-08-04 10:00:00,43885.5,43904.9,43866.1,43872.5,1253.0,54972242.5
2025-08-04 10:30:00,43871.9,43882.2,43834.0,43845.4,1464.0,64189665.6
2025-08-04 11:00:00,43843.6,43844.3,43785.9,43808.4,1804.0,79030353.60000001
2025-08-04 11:30:00,43807.9,43829.4,43774.9,43779.5,1734.0,75913653.0
2025-08-04 12:00:00,43780.3,43841.9,43772.1,43830.4,2059.0,90246793.60000001
2025-08-04 12:30:00,43829.9,43845.4,43790.1,43793.1,1739.0,76156200.89999999
2025-08-04 13:00:00,43792.1,43817.2,43779.2,43813.8,2085.0,91351773.0
2025-08-04 13:30:00,43813.0,44022.7,43782.0,44018.6,18042.0,794183581.1999999
2025-08-04 14:00:00,44019.4,44054.3,43955.9,44043.4,11513.0,507071664.2
2025-08-04 14:30:00,44044.3,44106.4,43998.0,44087.5,10590.0,466886625.0
2025-08-04 15:00:00,44086.9,44138.4,44050.9,44071.5,8788.0,387300342.0
2025-08-04 15:30:00,44070.9,44112.5,44028.9,44101.0,7315.0,322598815.0
2025-08-04 16:00:00,44101.5,44121.3,44063.2,44064.4,5471.0,241076332.4
2025-08-04 16:30:00,44063.9,44165.5,44063.1,44141.8,4641.0,204862093.8
2025-08-04 17:00:00,44141.0,44192.3,44140.9,44161.0,4443.0,196207323.0
2025-08-04 17:30:00,44161.5,44175.3,44072.2,44079.5,4809.0,211978315.5
2025-08-04 18:00:00,44079.0,44115.5,44073.0,44106.5,4775.0,210608537.5
2025-08-04 18:30:00,44107.3,44143.5,44102.0,44116.5,4314.0,190318581.0
2025-08-04 19:00:00,44115.9,44203.3,44111.9,44166.5,4967.0,219375005.5
2025-08-04 19:30:00,44167.3,44214.2,44143.2,44202.5,7898.0,349111345.0
2025-08-04 20:00:00,44201.9,44260.0,44196.4,44253.6,2625.0,116165700.0
2025-08-04 20:30:00,44253.0,44283.1,44252.2,44283.1,825.0,36533557.5
2025-08-04 22:00:00,44296.9,44303.0,44249.8,44253.8,714.0,31597213.200000003
2025-08-04 22:30:00,44254.4,44263.3,44242.8,44248.4,543.0,24026881.2
2025-08-04 23:00:00,44247.8,44280.1,44243.0,44251.4,554.0,24515275.6
2025-08-04 23:30:00,44252.3,44255.4,44235.9,44241.9,911.0,40304370.9
2025-08-05 00:00:00,44241.0,44241.0,44215.9,44232.9,1091.0,48258093.9
2025-08-05 00:30:00,44233.4,44329.3,44233.0,44278.9,1562.0,69163641.8
2025-08-05 01:00:00,44279.4,44301.2,44251.1,44266.0,1581.0,69984546.0
2025-08-05 01:30:00,44266.4,44271.2,44241.0,44247.4,1007.0,44557131.800000004
2025-08-05 02:00:00,44246.8,44254.4,44238.0,44239.5,524.0,23181498.0
2025-08-05 02:30:00,44238.9,44254.4,44234.9,44245.2,474.0,20972224.799999997
2025-08-05 03:00:00,44246.2,44253.2,44231.0,44242.3,553.0,24465991.900000002
2025-08-05 03:30:00,44243.2,44272.4,44243.2,44248.4,639.0,28274727.6
2025-08-05 04:00:00,44249.2,44252.2,44234.9,44242.4,401.0,17741202.400000002
2025-08-05 04:30:00,44243.3,44265.2,44242.0,44263.8,349.0,15448066.200000001
2025-08-05 05:00:00,44264.4,44272.4,44249.1,44271.9,515.0,22800028.5
2025-08-05 05:30:00,44272.4,44276.4,44262.0,44267.4,401.0,17751227.400000002
2025-08-05 06:00:00,44268.3,44285.4,44256.0,44269.0,831.0,36787539.0
2025-08-05 06:30:00,44269.5,44296.2,44266.7,44295.4,908.0,40220223.2
2025-08-05 07:00:00,44294.1,44318.4,44246.4,44259.8,1973.0,87324585.4
2025-08-05 07:30:00,44259.0,44273.2,44206.9,44216.4,1838.0,81269743.2
2025-08-05 08:00:00,44217.3,44253.3,44206.9,44246.2,2474.0,109465098.8
2025-08-05 08:30:00,44245.8,44249.1,44221.1,44223.9,921.0,40730211.9
2025-08-05 09:00:00,44224.1,44252.4,44216.1,44249.1,864.0,38231222.4
2025-08-05 09:30:00,44248.1,44273.3,44240.0,44253.9,673.0,29782874.7
2025-08-05 10:00:00,44253.0,44304.4,44202.9,44207.2,1722.0,76124798.39999999
2025-08-05 10:30:00,44206.7,44226.3,44125.0,44206.0,2902.0,128285812.0
2025-08-05 11:00:00,44205.0,44225.3,44188.6,44199.5,1359.0,60067120.5
2025-08-05 11:30:00,44199.3,44251.4,44184.1,44249.3,1704.0,75400807.2
2025-08-05 12:00:00,44248.9,44302.4,44202.8,44237.1,3089.0,136648401.9
2025-08-05 12:30:00,44237.6,44237.6,44164.0,44187.1,2385.0,105386233.5
2025-08-05 13:00:00,44187.6,44201.1,44160.6,44198.9,2158.0,95381226.2
2025-08-05 13:30:00,44200.1,44317.8,44160.9,44188.1,14337.0,633524789.6999999
2025-08-05 14:00:00,44182.6,44182.6,44028.9,44077.1,16637.0,733310712.6999999
2025-08-05 14:30:00,44076.1,44076.5,43936.9,44005.5,18766.0,825807213.0
2025-08-05 15:00:00,44004.9,44085.3,43984.0,44060.9,15778.0,695192880.2
2025-08-05 15:30:00,44060.1,44104.6,44027.1,44099.9,15509.0,683945349.1
2025-08-05 16:00:00,44099.1,44161.5,44082.3,44159.9,8654.0,382159774.6
2025-08-05 16:30:00,44159.1,44206.6,44101.1,44188.9,10413.0,460139015.7
2025-08-05 17:00:00,44188.0,44257.3,44176.1,44246.5,6022.0,266452423.0
2025-08-05 17:30:00,44247.3,44266.3,44210.9,44215.5,4893.0,216346441.5
2025-08-05 18:00:00,44215.0,44224.5,44112.9,44126.9,9543.0,421103006.7
2025-08-05 18:30:00,44127.5,44150.4,44098.0,44139.5,8737.0,385646811.5
2025-08-05 19:00:00,44140.3,44195.5,44139.0,44177.5,6881.0,303985377.5
2025-08-05 19:30:00,44178.3,44189.2,44116.0,44135.5,9122.0,402604031.0
2025-08-05 20:00:00,44134.9,44169.5,44090.1,44147.0,3635.0,160474345.0
2025-08-05 20:30:00,44147.4,44165.4,44130.9,44160.4,1243.0,54891377.2
2025-08-05 22:00:00,44169.0,44183.4,44094.0,44138.2,2079.0,91763317.8
2025-08-05 22:30:00,44137.8,44161.3,44131.8,44158.9,988.0,43628993.2
2025-08-05 23:00:00,44158.0,44176.4,44143.9,44152.8,734.0,32408155.200000003
2025-08-05 23:30:00,44153.4,44177.2,44125.1,44125.8,1390.0,61334862.00000001
2025-08-06 00:00:00,44124.3,44175.2,44119.8,44163.2,1928.0,85146649.6
2025-08-06 00:30:00,44162.8,44177.3,44142.0,44149.8,1319.0,58233586.2
2025-08-06 01:00:00,44150.4,44158.2,44137.1,44151.9,1008.0,44505115.2
2025-08-06 01:30:00,44151.0,44225.2,44149.9,44222.4,1394.0,61646025.6
2025-08-06 02:00:00,44221.9,44246.3,44206.9,44246.3,926.0,40972073.800000004
2025-08-06 02:30:00,44247.2,44265.4,44245.1,44251.9,926.0,40977259.4
2025-08-06 03:00:00,44252.4,44256.2,44233.9,44243.3,656.0,29023604.8
2025-08-06 03:30:00,44244.3,44257.4,44241.0,44253.4,508.0,22480727.2
2025-08-06 04:00:00,44254.3,44269.5,44250.0,44258.4,464.0,20535897.6
2025-08-06 04:30:00,44259.2,44267.4,44253.9,44267.4,414.0,18326703.6
2025-08-06 05:00:00,44267.4,44287.3,44261.0,44287.3,646.0,28609595.8
2025-08-06 05:30:00,44286.8,44330.2,44285.9,44310.3,1342.0,59464422.6
2025-08-06 06:00:00,44311.2,44343.2,44295.8,44339.0,1244.0,55157716.0
2025-08-06 06:30:00,44338.0,44351.4,44311.9,44319.9,1091.0,48353010.9
2025-08-06 07:00:00,44320.5,44384.8,44319.9,44366.9,2516.0,111627120.4
2025-08-06 07:30:00,44367.4,44382.3,44350.9,44375.3,1266.0,56179129.800000004
2025-08-06 08:00:00,44376.2,44377.2,44321.1,44324.4,1895.0,83994738.0
2025-08-06 08:30:00,44322.9,44336.4,44294.9,44304.2,1780.0,78861476.0
2025-08-06 09:00:00,44303.2,44315.4,44280.9,44294.5,1769.0,78356970.5
2025-08-06 09:30:00,44295.3,44299.4,44261.4,44281.9,1496.0,66245722.4
2025-08-06 10:00:00,44281.0,44307.1,44262.9,44298.4,2000.0,88596800.0
2025-08-06 10:30:00,44299.3,44313.2,44233.5,44281.4,2710.0,120002594.0
2025-08-06 11:00:00,44280.8,44329.8,44264.6,44296.4,2548.0,112867227.2
2025-08-06 11:30:00,44297.3,44315.3,44276.8,44277.9,1736.0,76866434.4
2025-08-06 12:00:00,44277.0,44294.2,44237.4,44264.9,2489.0,110175336.10000001
2025-08-06 12:30:00,44264.4,44290.3,44249.0,44286.9,1790.0,79273551.0
2025-08-06 13:00:00,44287.4,44318.4,44226.9,44233.9,1882.0,83248199.8
2025-08-06 13:30:00,44230.5,44234.8,44050.1,44099.5,22436.0,989416382.0
2025-08-06 14:00:00,44098.9,44201.4,44025.9,44059.9,15115.0,665965388.5
2025-08-06 14:30:00,44059.1,44257.3,44038.9,44238.0,14119.0,624596322.0
2025-08-06 15:00:00,44238.5,44274.4,44164.9,44260.5,9643.0,426804001.5
2025-08-06 15:30:00,44259.3,44289.4,44164.3,44270.9,10129.0,448419946.1
2025-08-06 16:00:00,44270.1,44280.4,44228.9,44246.3,6213.0,274902261.90000004
2025-08-06 16:30:00,44247.2,44291.4,44196.9,44230.9,6984.0,308908605.6
2025-08-06 17:00:00,44230.0,44255.2,44199.9,44235.5,5307.0,234757798.5
2025-08-06 17:30:00,44236.3,44269.4,44228.0,44255.3,4305.0,190519066.5
2025-08-06 18:00:00,44256.3,44315.5,44250.1,44272.1,4139.0,183242221.9
2025-08-06 18:30:00,44272.5,44286.2,44217.0,44224.3,3976.0,175835816.8
2025-08-06 19:00:00,44223.9,44263.5,44222.0,44251.5,4288.0,189750432.0
2025-08-06 19:30:00,44252.3,44282.7,44204.1,44215.9,6857.0,303188426.3
2025-08-06 20:00:00,44215.4,44226.4,44200.1,44220.9,1560.0,68984604.0
2025-08-06 20:30:00,44221.1,44221.1,44196.0,44219.3,785.0,34712150.5
2025-08-06 22:00:00,44199.2,44275.3,44157.7,44265.8,1839.0,81404806.2
2025-08-06 22:30:00,44264.9,44283.3,44238.8,44262.4,1220.0,54000128.0
2025-08-06 23:00:00,44263.2,44291.4,44258.8,44259.8,833.0,36868413.400000006
2025-08-06 23:30:00,44259.8,44268.2,44234.7,44243.9,775.0,34289022.5
2025-08-07 00:00:00,44244.4,44263.2,44226.0,44248.8,1312.0,58054425.6
2025-08-07 00:30:00,44249.4,44265.2,44245.9,44252.4,871.0,38543840.4
2025-08-07 01:00:00,44251.9,44277.2,44247.1,44276.4,749.0,33163023.6
2025-08-07 01:30:00,44275.9,44285.3,44261.9,44269.4,851.0,37673259.4
2025-08-07 02:00:00,44268.9,44286.4,44255.4,44259.4,636.0,28148978.400000002
2025-08-07 02:30:00,44260.3,44265.2,44244.3,44251.9,510.0,22568469.0
2025-08-07 03:00:00,44252.4,44268.3,44251.9,44263.4,405.0,17926677.0
2025-08-07 03:30:00,44264.3,44275.4,44259.0,44259.5,374.0,16553053.0
2025-08-07 04:00:00,44260.3,44271.4,44249.0,44249.0,315.0,13938435.0
2025-08-07 04:30:00,44249.4,44255.4,44215.0,44229.9,697.0,30828240.3
2025-08-07 05:00:00,44230.4,44231.4,44208.9,44223.3,806.0,35643979.800000004
2025-08-07 05:30:00,44222.8,44231.2,44212.9,44224.4,647.0,28613186.8
2025-08-07 06:00:00,44223.8,44255.2,44219.8,44252.8,1386.0,61334380.800000004
2025-08-07 06:30:00,44253.4,44271.3,44216.1,44223.8,1079.0,47717480.2
2025-08-07 07:00:00,44221.5,44276.3,44217.8,44243.9,2470.0,109282433.0
2025-08-07 07:30:00,44244.4,44302.4,44237.1,44296.4,1409.0,62413627.6
2025-08-07 08:00:00,44295.9,44384.0,44286.9,44378.0,3097.0,137438666.0
2025-08-07 08:30:00,44377.1,44382.0,44324.9,44358.3,1835.0,81397480.5
2025-08-07 09:00:00,44359.2,44414.3,44340.9,44410.4,1998.0,88731979.2
2025-08-07 09:30:00,44411.2,44470.9,44405.0,44457.4,2057.0,91448871.8
2025-08-07 10:00:00,44457.9,44506.3,44436.9,44490.5,2751.0,122393365.5
2025-08-07 10:30:00,44490.0,44495.3,44461.4,44467.4,1974.0,87778647.60000001
2025-08-07 11:00:00,44471.0,44495.6,44458.2,44485.5,2537.0,112859713.5
2025-08-07 11:30:00,44485.3,44485.3,44413.1,44417.8,2249.0,99895632.2
2025-08-07 12:00:00,44418.3,44436.3,44400.9,44419.8,2252.0,100033389.60000001
2025-08-07 12:30:00,44415.6,44447.4,44403.0,44422.4,2443.0,108523923.2
2025-08-07 13:00:00,44423.2,44479.3,44423.2,44450.8,2125.0,94457950.0
2025-08-07 13:30:00,44450.3,44522.0,44321.9,44378.9,18625.0,826557012.5
2025-08-07 14:00:00,44379.4,44406.4,44056.3,44078.8,19592.0,863591849.6
2025-08-07 14:30:00,44079.6,44089.8,43949.5,43965.8,16143.0,709739909.4000001
2025-08-07 15:00:00,43965.3,43990.6,43888.5,43900.8,14668.0,643936934.4000001
2025-08-07 15:30:00,43900.3,43929.6,43854.3,43905.5,11696.0,513518728.0
2025-08-07 16:00:00,43904.5,43962.7,43859.7,43950.8,9664.0,424740531.20000005
2025-08-07 16:30:00,43951.7,43985.8,43820.3,43878.6,12496.0,548306985.6
2025-08-07 17:00:00,43877.4,43922.6,43807.9,43814.2,13996.0,613223543.1999999
2025-08-07 17:30:00,43813.4,43916.8,43801.4,43895.3,11669.0,512214255.70000005
2025-08-07 18:00:00,43895.8,43921.8,43818.3,43873.9,10848.0,475944067.2
2025-08-07 18:30:00,43874.5,43927.5,43844.9,43903.1,7537.0,330897664.7
2025-08-07 19:00:00,43903.5,43922.3,43871.9,43893.4,7548.0,331307383.2
2025-08-07 19:30:00,43894.4,43990.4,43892.1,43987.1,9854.0,433448883.4
2025-08-07 20:00:00,43986.4,44036.4,43981.6,44020.3,3138.0,138135701.4
2025-08-07 20:30:00,44021.0,44024.0,44000.5,44023.4,658.0,28967397.2
2025-08-07 22:00:00,44015.3,44081.1,44011.4,44075.4,1027.0,45265435.800000004
2025-08-07 22:30:00,44074.8,44074.8,44041.9,44052.8,968.0,42643110.400000006
2025-08-07 23:00:00,44053.4,44066.4,44043.4,44053.0,689.0,30352517.0
2025-08-07 23:30:00,44052.0,44056.4,44035.0,44046.0,723.0,31845258.0
2025-08-08 00:00:00,44046.4,44089.2,44026.0,44088.4,1245.0,54890058.0
2025-08-08 00:30:00,44089.3,44122.2,44082.9,44096.9,1184.0,52210729.6
2025-08-08 01:00:00,44097.4,44105.4,44056.9,44071.8,786.0,34640434.800000004
2025-08-08 01:30:00,44072.4,44086.2,44067.9,44081.4,795.0,35044713.0
2025-08-08 02:00:00,44082.3,44105.4,44080.9,44098.4,551.0,24298218.400000002
2025-08-08 02:30:00,44097.9,44107.4,44089.9,44105.8,285.0,12570153.0
2025-08-08 03:00:00,44105.0,44107.3,44092.0,44094.5,338.0,14903941.0
2025-08-08 03:30:00,44095.3,44095.3,44072.1,44072.9,501.0,22080522.900000002
2025-08-08 04:00:00,44073.4,44078.4,44051.9,44067.4,617.0,27189585.8
2025-08-08 04:30:00,44066.9,44074.3,44047.1,44053.1,534.0,23524355.4
2025-08-08 05:00:00,44052.1,44070.2,44026.1,44032.4,794.0,34961725.6
2025-08-08 05:30:00,44031.9,44047.4,43983.1,43990.9,1177.0,51777289.300000004
2025-08-08 06:00:00,43992.1,44055.9,43990.9,44051.4,1402.0,61760062.800000004
2025-08-08 06:30:00,44052.3,44058.2,44028.4,44028.4,761.0,33505612.400000002
2025-08-08 07:00:00,44030.2,44080.0,44026.0,44053.4,1762.0,77622090.8
2025-08-08 07:30:00,44054.2,44067.4,44045.9,44051.9,1193.0,52553916.7
2025-08-08 08:00:00,44051.0,44056.4,44024.5,44044.4,1641.0,72276860.4
2025-08-08 08:30:00,44045.9,44050.4,44018.7,44026.9,1039.0,45743949.1
2025-08-08 09:00:00,44028.0,44063.9,44023.9,44041.5,963.0,42411964.5
2025-08-08 09:30:00,44042.3,44063.4,44035.5,44060.1,834.0,36746123.4
2025-08-08 10:00:00,44060.5,44086.8,44059.1,44069.9,766.0,33757543.4
2025-08-08 10:30:00,44069.4,44093.3,44066.5,44093.3,607.0,26764633.1
2025-08-08 11:00:00,44093.0,44119.2,44077.5,44095.2,1017.0,44844818.4
2025-08-08 11:30:00,44096.8,44117.8,44089.1,44108.4,809.0,35683695.6
2025-08-08 12:00:00,44108.3,44111.3,44021.4,44047.1,1956.0,86156127.6
2025-08-08 12:30:00,44046.0,44067.2,44031.1,44043.9,2040.0,89849556.0
2025-08-08 13:00:00,44044.1,44082.2,44042.5,44073.4,2053.0,90482690.2
2025-08-08 13:30:00,44073.9,44168.4,44037.1,44151.5,13139.0,580106558.5
2025-08-08 14:00:00,44152.3,44285.2,44151.9,44204.5,12820.0,566701690.0
2025-08-08 14:30:00,44203.9,44250.4,44105.1,44112.9,9103.0,401559728.7
2025-08-08 15:00:00,44113.5,44142.3,44072.9,44084.5,9067.0,399714161.5
2025-08-08 15:30:00,44077.3,44138.4,44021.9,44129.9,9611.0,424132468.90000004
2025-08-08 16:00:00,44129.1,44233.5,44121.9,44182.9,6466.0,285686631.40000004
2025-08-08 16:30:00,44183.5,44209.5,44153.9,44172.3,5504.0,243124339.20000002
2025-08-08 17:00:00,44171.9,44198.4,44133.9,44180.9,6972.0,308029234.8
2025-08-08 17:30:00,44181.5,44229.4,44180.9,44207.5,4620.0,204238650.0
2025-08-08 18:00:00,44208.3,44245.5,44197.2,44204.9,4131.0,182610441.9
2025-08-08 18:30:00,44205.5,44232.3,44201.1,44207.5,3503.0,154858872.5
2025-08-08 19:00:00,44206.9,44241.3,44186.1,44217.5,3831.0,169397242.5
2025-08-08 19:30:00,44217.0,44217.5,44110.9,44183.5,8011.0,353954018.5
2025-08-08 20:00:00,44182.9,44249.9,44181.1,44249.8,2043.0,90402341.4
2025-08-08 20:30:00,44249.2,44265.8,44235.0,44243.8,627.0,27740862.6
2025-08-10 22:00:00,44257.2,44280.1,44225.9,44260.0,1270.0,56210200.0
2025-08-10 22:30:00,44260.4,44260.4,44240.9,44250.0,439.0,19425750.0
2025-08-10 23:00:00,44250.4,44264.2,44214.0,44214.9,588.0,25998361.2
2025-08-10 23:30:00,44215.4,44228.4,44209.0,44227.4,500.0,22113700.0
2025-08-11 00:00:00,44226.0,44286.2,44223.1,44277.0,1099.0,48660423.0
2025-08-11 00:30:00,44276.0,44289.2,44269.0,44284.2,584.0,25861972.799999997
2025-08-11 01:00:00,44283.8,44310.3,44281.9,44309.0,687.0,30440283.0
2025-08-11 01:30:00,44308.0,44327.3,44299.1,44315.3,771.0,34167096.300000004
2025-08-11 02:00:00,44316.2,44320.4,44298.1,44300.9,538.0,23833884.2
2025-08-11 02:30:00,44300.0,44306.2,44286.9,44293.8,335.0,14838423.000000002
2025-08-11 03:00:00,44294.4,44304.4,44278.9,44283.9,413.0,18289250.7
2025-08-11 03:30:00,44284.4,44285.2,44269.9,44273.4,349.0,15451416.6
2025-08-11 04:00:00,44272.9,44289.4,44260.9,44263.3,441.0,19520115.3
2025-08-11 04:30:00,44264.2,44267.3,44257.1,44262.0,316.0,13986792.0
2025-08-11 05:00:00,44262.5,44271.4,44254.9,44265.0,423.0,18724095.0
2025-08-11 05:30:00,44265.5,44280.2,44261.1,44278.2,500.0,22139100.0
2025-08-11 06:00:00,44277.8,44303.4,44264.1,44281.9,930.0,41182167.0
2025-08-11 06:30:00,44281.0,44318.4,44278.1,44314.5,709.0,31418980.5
2025-08-11 07:00:00,44313.8,44314.3,44277.1,44279.8,1303.0,57696579.400000006
2025-08-11 07:30:00,44280.4,44282.4,44211.9,44223.9,1262.0,55810561.800000004
2025-08-11 08:00:00,44224.4,44279.8,44224.4,44272.3,2685.0,118871125.50000001
2025-08-11 08:30:00,44273.2,44285.4,44253.0,44255.8,1105.0,48902659.0
2025-08-11 09:00:00,44256.4,44287.2,44254.9,44279.9,670.0,29667533.0
2025-08-11 09:30:00,44280.1,44299.4,44279.1,44292.3,698.0,30916025.400000002
2025-08-11 10:00:00,44291.9,44306.5,44283.1,44305.9,593.0,26273398.7
2025-08-11 10:30:00,44306.5,44309.7,44287.0,44303.2,881.0,39031119.199999996
2025-08-11 11:00:00,44302.4,44320.9,44294.9,44304.9,944.0,41823825.6
2025-08-11 11:30:00,44304.5,44322.7,44300.0,44318.4,653.0,28939915.2
2025-08-11 12:00:00,44317.5,44318.8,44272.4,44284.0,954.0,42246936.0
2025-08-11 12:30:00,44283.4,44284.9,44244.9,44259.1,1491.0,65990318.1
2025-08-11 13:00:00,44259.3,44266.2,44229.0,44236.8,1979.0,87544627.2
2025-08-11 13:30:00,44237.3,44287.2,44108.9,44188.3,16441.0,726499840.3000001
2025-08-11 14:00:00,44187.9,44218.5,44072.1,44098.9,9798.0,432081022.2
2025-08-11 14:30:00,44098.1,44117.4,44017.9,44035.9,8204.0,361270523.6
2025-08-11 15:00:00,44036.4,44061.3,44006.7,44033.9,6730.0,296348147.0
2025-08-11 15:30:00,44033.9,44098.4,44008.5,44094.9,5359.0,236304569.1
2025-08-11 16:00:00,44095.5,44196.3,44090.0,44159.8,6587.0,290880602.6
2025-08-11 16:30:00,44160.5,44161.4,44040.0,44052.0,6376.0,280875552.0
2025-08-11 17:00:00,44052.5,44058.3,43970.0,44019.9,5366.0,236210783.4
2025-08-11 17:30:00,44019.1,44041.3,43975.1,44014.9,5974.0,262945012.6
2025-08-11 18:00:00,44015.5,44029.5,43980.1,43994.3,6312.0,277692021.6
2025-08-11 18:30:00,43993.9,44024.3,43927.1,43993.0,5786.0,254543498.0
2025-08-11 19:00:00,43992.1,44020.3,43970.1,44011.9,5035.0,221599916.5
2025-08-11 19:30:00,44011.1,44022.1,43918.9,44000.4,9532.0,419411812.8
2025-08-11 20:00:00,43999.9,44009.0,43971.0,43981.4,1870.0,82245218.0
2025-08-11 20:30:00,43981.0,43989.3,43972.3,43982.9,525.0,23091022.5
2025-08-11 22:00:00,43991.3,44005.1,43953.9,43954.4,1120.0,49228928.0
2025-08-11 22:30:00,43955.3,43992.4,43943.0,43992.4,872.0,38361372.800000004
2025-08-11 23:00:00,43991.8,43997.4,43969.1,43978.4,422.0,18558884.8
2025-08-11 23:30:00,43977.9,43996.3,43971.9,43981.3,646.0,28411919.8
2025-08-12 00:00:00,43980.8,44040.2,43971.0,44035.2,1472.0,64819814.4
2025-08-12 00:30:00,44036.2,44045.2,44009.8,44019.3,1258.0,55376279.400000006
2025-08-12 01:00:00,44018.8,44024.4,44001.0,44014.9,862.0,37940843.800000004
2025-08-12 01:30:00,44014.0,44038.4,44009.9,44028.9,632.0,27826264.8
2025-08-12 02:00:00,44028.0,44034.2,44020.1,44030.0,818.0,36016540.0
2025-08-12 02:30:00,44029.0,44052.4,44029.0,44042.0,753.0,33163626.0
2025-08-12 03:00:00,44042.4,44054.2,44040.1,44049.9,299.0,13170920.1
2025-08-12 03:30:00,44050.4,44050.4,44036.9,44042.9,255.0,11230939.5
2025-08-12 04:00:00,44042.0,44051.4,44037.9,44042.9,295.0,12992655.5
2025-08-12 04:30:00,44043.4,44084.4,44038.1,44083.5,740.0,32621790.0
2025-08-12 05:00:00,44082.9,44085.3,43980.0,44027.9,3124.0,137543159.6
2025-08-12 05:30:00,44028.4,44039.4,43975.1,44035.0,1607.0,70764245.0
2025-08-12 06:00:00,44035.4,44099.2,44022.0,44095.4,1497.0,66010813.800000004
2025-08-12 06:30:00,44094.8,44095.2,44054.9,44056.3,1313.0,57845921.900000006
2025-08-12 07:00:00,44058.7,44093.4,44055.0,44088.9,1922.0,84738865.8
2025-08-12 07:30:00,44089.4,44095.7,44056.9,44083.8,1165.0,51357627.0
2025-08-12 08:00:00,44083.3,44084.9,44041.0,44056.4,1510.0,66525164.0
2025-08-12 08:30:00,44056.9,44065.3,44042.2,44047.1,784.0,34532926.4
2025-08-12 09:00:00,44046.8,44058.4,44040.2,44056.2,632.0,27843518.4
2025-08-12 09:30:00,44056.8,44064.3,44034.4,44034.6,850.0,37429410.0
2025-08-12 10:00:00,44034.1,44036.4,44001.1,44002.4,992.0,43650380.800000004
2025-08-12 10:30:00,44002.9,44026.1,44002.5,44010.4,863.0,37980975.2
2025-08-12 11:00:00,44010.9,44012.4,43962.5,43981.4,1110.0,48819354.0
2025-08-12 11:30:00,43980.9,44004.1,43961.8,44001.1,1392.0,61249531.199999996
2025-08-12 12:00:00,44001.8,44054.4,43993.7,44024.9,2209.0,97251004.10000001
2025-08-12 12:30:00,44027.5,44282.3,44027.5,44228.1,9007.0,398362496.7
2025-08-12 13:00:00,44229.2,44235.3,44136.9,44166.4,5737.0,253382636.8
2025-08-12 13:30:00,44167.2,44278.3,44110.7,44231.5,23060.0,1019978390.0
2025-08-12 14:00:00,44232.3,44454.4,44214.9,44422.1,19368.0,860367232.8
2025-08-12 14:30:00,44421.1,44499.4,44345.1,44440.5,13291.0,590658685.5
2025-08-12 15:00:00,44439.3,44488.3,44406.9,44420.9,8426.0,374290503.40000004
2025-08-12 15:30:00,44421.5,44456.4,44410.9,44453.4,6410.0,284946294.0
2025-08-12 16:00:00,44452.9,44472.4,44435.9,44456.9,4210.0,187163549.0
2025-08-12 16:30:00,44457.4,44479.4,44443.9,44445.0,3451.0,153379695.0
2025-08-12 17:00:00,44445.5,44458.2,44426.0,44446.9,3197.0,142096739.3
2025-08-12 17:30:00,44447.5,44485.4,44432.0,44472.9,3096.0,137688098.4
2025-08-12 18:00:00,44473.5,44519.2,44472.1,44473.0,3421.0,152142133.0
2025-08-12 18:30:00,44473.5,44474.5,44434.0,44435.5,3295.0,146414972.5
2025-08-12 19:00:00,44435.0,44463.3,44429.1,44436.0,3108.0,138107088.0
2025-08-12 19:30:00,44436.5,44494.3,44429.0,44468.1,6118.0,272055835.8
2025-08-12 20:00:00,44467.4,44491.0,44464.5,44478.9,1343.0,59735162.7
2025-08-12 20:30:00,44478.5,44482.4,44464.1,44465.5,411.0,18275320.5
2025-08-12 22:00:00,44475.4,44482.9,44456.9,44466.4,883.0,39263831.2
2025-08-12 22:30:00,44467.3,44467.4,44455.9,44461.3,247.0,10981941.100000001
2025-08-12 23:00:00,44460.8,44479.2,44460.0,44473.8,378.0,16811096.400000002
2025-08-12 23:30:00,44473.0,44502.1,44464.9,44499.8,852.0,37913829.6
2025-08-13 00:00:00,44498.9,44500.3,44472.8,44477.9,1078.0,47947176.2
2025-08-13 00:30:00,44477.8,44478.4,44460.0,44463.9,566.0,25166567.400000002
2025-08-13 01:00:00,44464.4,44468.4,44442.9,44445.9,388.0,17245009.2
2025-08-13 01:30:00,44445.0,44446.9,44428.9,44429.9,482.0,21415211.8
2025-08-13 02:00:00,44430.5,44456.2,44426.9,44454.9,360.0,16003764.0
2025-08-13 02:30:00,44455.4,44463.3,44449.9,44453.9,303.0,13469531.700000001
2025-08-13 03:00:00,44453.0,44473.4,44450.9,44462.0,331.0,14716922.0
2025-08-13 03:30:00,44461.1,44474.2,44454.1,44469.9,282.0,12540511.8
2025-08-13 04:00:00,44470.4,44491.4,44468.9,44485.3,296.0,13167648.8
2025-08-13 04:30:00,44484.9,44497.3,44484.0,44488.3,250.0,11122075.0
2025-08-13 05:00:00,44487.8,44489.4,44473.0,44479.4,295.0,13121423.0
2025-08-13 05:30:00,44478.9,44486.4,44467.2,44469.9,326.0,14497187.4
2025-08-13 06:00:00,44469.0,44477.0,44433.0,44447.6,645.0,28668702.0
2025-08-13 06:30:00,44447.0,44489.2,44446.1,44463.8,613.0,27256309.400000002
2025-08-13 07:00:00,44465.2,44539.4,44462.0,44530.2,1362.0,60650132.4
2025-08-13 07:30:00,44531.1,44532.1,44505.9,44525.9,879.0,39138266.1
2025-08-13 08:00:00,44526.4,44577.9,44520.0,44572.5,1560.0,69533100.0
2025-08-13 08:30:00,44572.3,44594.8,44560.5,44570.2,960.0,42787392.0
2025-08-13 09:00:00,44570.4,44589.8,44563.8,44577.5,725.0,32318687.5
2025-08-13 09:30:00,44576.9,44616.4,44574.8,44612.8,722.0,32210441.6
2025-08-13 10:00:00,44612.4,44623.4,44607.2,44607.2,757.0,33767650.4
2025-08-13 10:30:00,44607.5,44634.8,44602.2,44629.3,849.0,37890275.7
2025-08-13 11:00:00,44628.8,44628.8,44603.0,44604.8,673.0,30019030.400000002
2025-08-13 11:30:00,44605.4,44619.5,44594.8,44606.4,907.0,40458004.800000004
2025-08-13 12:00:00,44606.9,44613.8,44594.9,44606.1,831.0,37067669.1
2025-08-13 12:30:00,44605.5,44645.0,44604.2,44625.9,1113.0,49668626.7
2025-08-13 13:00:00,44626.1,44656.4,44623.5,44648.4,1445.0,64516938.0
2025-08-13 13:30:00,44649.3,44884.4,44607.9,44860.9,15792.0,708443332.8000001
2025-08-13 14:00:00,44861.4,44910.4,44778.1,44792.9,13823.0,619172256.7
2025-08-13 14:30:00,44792.0,44795.3,44702.9,44724.9,10609.0,474486464.1
2025-08-13 15:00:00,44724.1,44835.4,44718.9,44805.5,9730.0,435957515.0
2025-08-13 15:30:00,44806.3,44849.3,44758.9,44767.0,7433.0,332753111.0
2025-08-13 16:00:00,44767.5,44860.3,44766.1,44796.1,6268.0,280781954.8
2025-08-13 16:30:00,44796.0,44828.4,44759.1,44784.4,7191.0,322044620.40000004
2025-08-13 17:00:00,44785.3,44816.4,44742.1,44796.9,5813.0,260404379.70000002
2025-08-13 17:30:00,44796.1,44805.4,44735.1,44787.9,5225.0,234016777.5
2025-08-13 18:00:00,44787.1,44887.5,44772.9,44871.5,5032.0,225793388.0
2025-08-13 18:30:00,44872.3,44926.4,44871.9,44881.5,6598.0,296128137.0
2025-08-13 19:00:00,44882.3,44937.5,44878.0,44918.3,4720.0,212014376.0
2025-08-13 19:30:00,44919.3,44974.3,44909.0,44953.3,7045.0,316695998.5
2025-08-13 20:00:00,44954.3,44991.8,44943.7,44945.3,1678.0,75418213.4
2025-08-13 20:30:00,44945.3,44953.4,44935.6,44936.0,541.0,24310376.0
2025-08-13 22:00:00,44949.0,44949.0,44906.8,44939.8,746.0,33525090.8
2025-08-13 22:30:00,44940.3,44965.3,44940.0,44964.1,271.0,12185271.1
2025-08-13 23:00:00,44963.7,44973.3,44950.8,44961.3,342.0,15376764.600000001
2025-08-13 23:30:00,44960.8,44980.2,44958.3,44958.3,355.0,15960196.500000002
2025-08-14 00:00:00,44959.3,44969.4,44943.0,44964.0,861.0,38714004.0
2025-08-14 00:30:00,44964.4,44971.4,44945.9,44949.0,705.0,31689045.0
2025-08-14 01:00:00,44948.1,44954.3,44936.9,44939.4,738.0,33165277.2
2025-08-14 01:30:00,44938.9,44958.4,44931.0,44953.1,552.0,24814111.2
2025-08-14 02:00:00,44953.5,44961.4,44948.0,44957.9,328.0,14746191.200000001
2025-08-14 02:30:00,44957.0,44966.3,44944.9,44963.3,272.0,12230017.600000001
2025-08-14 03:00:00,44964.2,44965.3,44942.9,44945.8,295.0,13259011.0
2025-08-14 03:30:00,44946.4,44953.3,44941.1,44944.1,280.0,12584348.0
2025-08-14 04:00:00,44944.5,44957.4,44943.9,44943.9,208.0,9348331.200000001
2025-08-14 04:30:00,44943.0,44969.4,44939.9,44968.5,188.0,8454078.0
2025-08-14 05:00:00,44967.9,44968.4,44936.1,44946.3,351.0,15776151.3
2025-08-14 05:30:00,44945.8,44951.3,44907.0,44921.4,714.0,32073879.6
2025-08-14 06:00:00,44920.2,44924.2,44895.1,44906.4,890.0,39966696.0
2025-08-14 06:30:00,44905.9,44914.4,44892.0,44906.2,659.0,29593185.799999997
2025-08-14 07:00:00,44908.6,44959.4,44906.0,44955.8,1199.0,53902004.2
2025-08-14 07:30:00,44956.0,44963.1,44922.9,44946.2,924.0,41530288.8
2025-08-14 08:00:00,44947.2,44972.4,44946.4,44970.4,866.0,38944366.4
2025-08-14 08:30:00,44970.0,44972.2,44948.1,44953.4,636.0,28590362.400000002
2025-08-14 09:00:00,44953.3,44981.9,44947.0,44981.4,731.0,32881403.400000002
2025-08-14 09:30:00,44982.9,44995.4,44969.0,44975.9,665.0,29908973.5
2025-08-14 10:00:00,44975.1,44992.4,44947.9,44948.4,585.0,26294814.0
2025-08-14 10:30:00,44948.9,44963.0,44921.6,44933.7,891.0,40035926.699999996
2025-08-14 11:00:00,44932.5,44962.4,44929.0,44940.9,849.0,38154824.1
2025-08-14 11:30:00,44941.4,44976.4,44919.1,44976.4,851.0,38274916.4
2025-08-14 12:00:00,44975.7,44976.9,44929.8,44945.7,1363.0,61260989.099999994
2025-08-14 12:30:00,44949.8,44949.8,44733.8,44802.4,9087.0,407119408.8
2025-08-14 13:00:00,44801.2,44810.4,44747.8,44777.8,3886.0,174006530.8
2025-08-14 13:30:00,44777.0,44843.4,44724.9,44829.6,19063.0,854586664.8
2025-08-14 14:00:00,44830.1,44878.9,44774.5,44817.5,11290.0,505989575.0
2025-08-14 14:30:00,44818.1,44908.1,44811.6,44867.6,8936.0,400936873.59999996
2025-08-14 15:00:00,44868.1,44872.9,44766.6,44774.1,10882.0,487231756.2
2025-08-14 15:30:00,44773.6,44820.1,44748.6,44800.2,10512.0,470939702.4
2025-08-14 16:00:00,44801.0,44802.9,44706.6,44741.2,9352.0,418419702.4
2025-08-14 16:30:00,44740.6,44786.3,44713.9,44776.5,7791.0,348853711.5
2025-08-14 17:00:00,44777.3,44840.5,44771.1,44838.5,4758.0,213341583.0
2025-08-14 17:30:00,44838.0,44855.5,44808.3,44838.5,5685.0,254906872.5
2025-08-14 18:00:00,44838.0,44867.5,44820.2,44844.9,5443.0,244090790.70000002
2025-08-14 18:30:00,44845.5,44900.3,44836.9,44881.9,4771.0,214131544.9
2025-08-14 19:00:00,44882.5,44975.3,44871.1,44938.0,4957.0,222757666.0
2025-08-14 19:30:00,44937.1,44967.3,44918.9,44922.5,7083.0,318186067.5
2025-08-14 20:00:00,44923.3,45036.1,44885.3,45024.7,5585.0,251462949.49999997
2025-08-14 20:30:00,45025.2,45076.3,45022.2,45063.8,1488.0,67054934.400000006
2025-08-14 22:00:00,45060.4,45088.3,45054.8,45079.2,832.0,37505894.4
2025-08-14 22:30:00,45080.1,45104.3,45075.8,45103.8,449.0,20251606.200000003
2025-08-14 23:00:00,45104.3,45113.1,45093.8,45094.3,359.0,16188853.700000001
2025-08-14 23:30:00,45093.8,45111.1,45083.0,45083.0,438.0,19746354.0
2025-08-15 00:00:00,45083.4,45093.2,45064.0,45081.4,768.0,34622515.2
2025-08-15 00:30:00,45080.8,45127.2,45080.8,45118.4,748.0,33748563.2
2025-08-15 01:00:00,45117.9,45176.3,45111.9,45172.3,754.0,34059914.2
2025-08-15 01:30:00,45171.8,45234.2,45161.8,45202.7,896.0,40501619.199999996
2025-08-15 02:00:00,45201.9,45248.0,45201.9,45215.1,681.0,30791483.099999998
2025-08-15 02:30:00,45216.1,45229.3,45208.9,45223.4,401.0,18134583.400000002
2025-08-15 03:00:00,45224.2,45226.3,45194.8,45208.3,366.0,16546237.8
2025-08-15 03:30:00,45207.8,45215.2,45191.8,45211.4,372.0,16818640.8
2025-08-15 04:00:00,45210.8,45238.3,45210.8,45225.8,395.0,17864191.0
2025-08-15 04:30:00,45225.0,45247.9,45224.8,45244.7,353.0,15971379.1
2025-08-15 05:00:00,45243.9,45268.3,45232.0,45244.2,513.0,23210274.599999998
2025-08-15 05:30:00,45243.7,45273.3,45242.9,45259.9,375.0,16972462.5
2025-08-15 06:00:00,45259.0,45286.1,45251.8,45267.3,793.0,35896968.900000006
2025-08-15 06:30:00,45268.3,45295.3,45265.1,45265.7,719.0,32546038.299999997
2025-08-15 07:00:00,45267.1,45293.2,45252.3,45258.8,1497.0,67752423.60000001
2025-08-15 07:30:00,45259.0,45291.1,45240.4,45274.3,1097.0,49665907.1
2025-08-15 08:00:00,45273.9,45283.8,45247.5,45276.9,1695.0,76744345.5
2025-08-15 08:30:00,45277.0,45278.9,45218.4,45222.9,1301.0,58834992.9
2025-08-15 09:00:00,45222.4,45231.4,45206.8,45224.2,1058.0,47847203.599999994
2025-08-15 09:30:00,45223.1,45223.1,45178.9,45180.1,865.0,39080786.5
2025-08-15 10:00:00,45180.5,45209.4,45169.5,45204.9,954.0,43125474.6
2025-08-15 10:30:00,45205.0,45244.6,45195.3,45235.9,932.0,42159858.800000004
2025-08-15 11:00:00,45236.3,45238.2,45212.9,45216.9,914.0,41328246.6
2025-08-15 11:30:00,45216.4,45226.4,45187.9,45187.9,814.0,36782950.6
2025-08-15 12:00:00,45188.4,45199.3,45138.0,45160.5,1768.0,79843764.0
2025-08-15 12:30:00,45161.7,45195.4,45157.0,45186.4,2559.0,115631997.60000001
2025-08-15 13:00:00,45185.9,45214.1,45152.1,45211.1,2830.0,127947413.0
2025-08-15 13:30:00,45210.1,45221.1,45033.9,45059.1,18901.0,851662049.1
2025-08-15 14:00:00,45057.7,45057.7,44908.9,44968.9,15277.0,686989885.3000001
2025-08-15 14:30:00,44969.4,44984.5,44929.3,44962.5,11044.0,496565850.0
2025-08-15 15:00:00,44961.9,45017.5,44917.9,44964.5,8367.0,376217971.5
2025-08-15 15:30:00,44964.0,45062.5,44959.1,45002.5,9587.0,431438967.5
2025-08-15 16:00:00,45002.0,45050.4,44990.1,45028.9,7758.0,349334206.2
2025-08-15 16:30:00,45029.5,45050.3,45015.0,45024.5,6608.0,297521896.0
2025-08-15 17:00:00,45024.0,45060.5,45003.9,45048.9,5455.0,245741749.5
2025-08-15 17:30:00,45048.1,45103.3,45038.1,45090.5,4859.0,219094739.5
2025-08-15 18:00:00,45090.0,45090.5,45020.1,45065.3,6163.0,277737443.90000004
2025-08-15 18:30:00,45064.1,45071.4,45006.0,45037.9,4377.0,197130888.3
2025-08-15 19:00:00,45037.1,45041.5,44968.1,44997.9,6188.0,278447005.2
2025-08-15 19:30:00,44998.5,45022.5,44948.1,44968.1,7334.0,329796045.4
2025-08-15 20:00:00,44968.5,44976.5,44919.6,44920.0,1690.0,75914800.0
2025-08-15 20:30:00,44920.1,44948.4,44919.5,44940.0,497.0,22335180.0
2025-08-17 22:00:00,44972.3,45025.1,44969.8,45014.7,843.0,37947392.099999994
2025-08-17 22:30:00,45015.9,45031.3,45014.7,45029.3,378.0,17021075.400000002
2025-08-17 23:00:00,45028.8,45036.1,45023.8,45028.8,260.0,11707488.0
2025-08-17 23:30:00,45029.4,45051.2,45025.9,45037.8,426.0,19186102.8
2025-08-18 00:00:00,45037.0,45053.2,45033.0,45041.4,677.0,30493027.8
2025-08-18 00:30:00,45040.9,45044.4,45032.9,45039.5,420.0,18916590.0
2025-08-18 01:00:00,45038.9,45053.2,45032.0,45047.4,415.0,18694671.0
2025-08-18 01:30:00,45046.9,45058.4,45042.9,45055.4,298.0,13426509.200000001
2025-08-18 02:00:00,45054.9,45055.4,45035.9,45040.1,239.0,10764583.9
2025-08-18 02:30:00,45040.5,45044.4,45037.1,45039.5,145.0,6530727.5
2025-08-18 03:00:00,45040.3,45050.3,45037.9,45043.5,132.0,5945742.0
2025-08-18 03:30:00,45042.9,45045.4,45034.0,45040.4,172.0,7746948.8
2025-08-18 04:00:00,45039.9,45044.3,45024.0,45032.8,260.0,11708528.0
2025-08-18 04:30:00,45033.4,45037.2,45025.1,45025.9,184.0,8284765.600000001
2025-08-18 05:00:00,45025.0,45035.2,45018.0,45020.9,221.0,9949618.9
2025-08-18 05:30:00,45021.4,45031.3,45019.9,45021.4,239.0,10760114.6
2025-08-18 06:00:00,45020.8,45029.3,44937.9,44945.9,794.0,35687044.6
2025-08-18 06:30:00,44945.0,44955.3,44881.9,44896.3,1456.0,65369012.800000004
2025-08-18 07:00:00,44897.9,44920.0,44865.3,44874.5,2816.0,126366592.0
2025-08-18 07:30:00,44874.9,44905.7,44841.5,44895.5,1971.0,88489030.5
2025-08-18 08:00:00,44895.9,44940.7,44846.4,44934.5,3472.0,156012584.0
2025-08-18 08:30:00,44933.5,44971.9,44926.5,44955.7,1324.0,59521346.8
2025-08-18 09:00:00,44955.3,44958.7,44904.4,44919.7,1506.0,67649068.2
2025-08-18 09:30:00,44919.3,44937.7,44907.5,44908.9,1093.0,49085427.7
2025-08-18 10:00:00,44908.4,44923.7,44899.4,44913.9,889.0,39928457.1
2025-08-18 10:30:00,44913.4,44939.7,44913.4,44920.9,733.0,32927019.7
2025-08-18 11:00:00,44921.8,44952.9,44908.6,44946.5,1003.0,45081339.5
2025-08-18 11:30:00,44945.6,44961.9,44935.4,44959.5,1007.0,45274216.5
2025-08-18 12:00:00,44958.6,44976.9,44944.4,44974.9,1239.0,55723901.1
2025-08-18 12:30:00,44974.4,44989.9,44959.6,44988.9,1293.0,58170647.7
2025-08-18 13:00:00,44988.4,45002.6,44958.5,44958.5,1894.0,85151399.0
2025-08-18 13:30:00,44958.9,45023.4,44888.9,44899.9,16228.0,728635577.2
2025-08-18 14:00:00,44900.5,44988.2,44885.1,44915.9,10637.0,477770428.3
2025-08-18 14:30:00,44915.1,45018.4,44896.1,44984.9,10669.0,479943898.1
2025-08-18 15:00:00,44984.1,44999.3,44931.9,44947.5,7836.0,352208610.0
2025-08-18 15:30:00,44947.0,44979.4,44939.0,44941.5,6067.0,272660080.5
2025-08-18 16:00:00,44940.9,44981.5,44922.1,44970.5,4970.0,223503385.0
2025-08-18 16:30:00,44971.3,44985.4,44913.9,44944.3,5279.0,237260959.70000002
2025-08-18 17:00:00,44945.3,44969.5,44937.4,44961.3,3670.0,165007971.0
2025-08-18 17:30:00,44960.9,45009.4,44912.1,44913.5,4974.0,223399749.0
2025-08-18 18:00:00,44914.3,44924.5,44882.9,44905.9,3831.0,172034502.9
2025-08-18 18:30:00,44905.1,44946.2,44899.9,44934.4,3537.0,158932972.8
2025-08-18 19:00:00,44933.9,44938.5,44894.1,44923.5,3325.0,149370637.5
2025-08-18 19:30:00,44922.9,44967.3,44917.1,44928.9,5456.0,245132078.4
2025-08-18 20:00:00,44928.0,44949.5,44911.0,44924.1,1116.0,50135295.6
2025-08-18 20:30:00,44923.6,44939.5,44921.0,44927.5,500.0,22463750.0
2025-08-18 22:00:00,44945.6,44994.1,44941.3,44960.9,654.0,29404428.6
2025-08-18 22:30:00,44961.3,44978.1,44959.0,44972.3,297.0,13356773.100000001
2025-08-18 23:00:00,44971.8,44977.1,44957.7,44958.8,330.0,14836404.000000002
2025-08-18 23:30:00,44957.9,44965.3,44942.0,44955.8,387.0,17397894.6
2025-08-19 00:00:00,44956.4,44956.4,44922.0,44922.5,882.0,39621645.0
2025-08-19 00:30:00,44921.9,44929.3,44897.1,44917.0,1038.0,46623846.0
2025-08-19 01:00:00,44917.4,44944.4,44915.0,44915.4,855.0,38402667.0
2025-08-19 01:30:00,44914.9,44923.2,44901.8,44901.8,653.0,29320875.400000002
2025-08-19 02:00:00,44901.0,44923.4,44897.9,44902.0,525.0,23573550.0
2025-08-19 02:30:00,44901.0,44912.3,44881.9,44884.4,515.0,23115466.0
2025-08-19 03:00:00,44885.3,44923.4,44879.9,44923.4,451.0,20260453.400000002
2025-08-19 03:30:00,44922.9,44923.4,44890.9,44897.4,526.0,23616032.400000002
2025-08-19 04:00:00,44898.2,44899.2,44876.1,44877.9,313.0,14046782.700000001
2025-08-19 04:30:00,44877.0,44889.3,44876.9,44885.3,306.0,13734901.8
2025-08-19 05:00:00,44886.2,44894.4,44866.0,44875.4,467.0,20956811.8
2025-08-19 05:30:00,44874.9,44882.4,44856.1,44866.4,459.0,20593677.6
2025-08-19 06:00:00,44865.2,44890.9,44862.1,44886.9,626.0,28099199.400000002
2025-08-19 06:30:00,44887.4,44895.4,44873.3,44874.3,400.0,17949720.0
2025-08-19 07:00:00,44876.1,44897.4,44868.9,44872.4,1099.0,49314767.6
2025-08-19 07:30:00,44871.9,44893.9,44865.0,44879.9,685.0,30742731.5
2025-08-19 08:00:00,44879.0,44932.0,44879.0,44932.0,1114.0,50054248.0
2025-08-19 08:30:00,44932.7,44940.3,44910.9,44936.0,521.0,23411656.0
2025-08-19 09:00:00,44936.4,44958.4,44933.9,44955.4,650.0,29221010.0
2025-08-19 09:30:00,44956.2,44957.9,44942.5,44946.2,604.0,27147504.799999997
2025-08-19 10:00:00,44945.8,44945.8,44783.8,44909.3,2696.0,121075472.80000001
2025-08-19 10:30:00,44908.1,44928.2,44893.0,44923.1,1091.0,49011102.1
2025-08-19 11:00:00,44922.5,44956.1,44917.0,44939.0,930.0,41793270.0
2025-08-19 11:30:00,44938.1,45000.2,44933.9,44999.4,1023.0,46034386.2
2025-08-19 12:00:00,44998.9,45018.3,44974.9,45017.2,1328.0,59782841.599999994
2025-08-19 12:30:00,45017.6,45048.4,45007.0,45024.2,1315.0,59206822.99999999
2025-08-19 13:00:00,45024.9,45055.2,45003.1,45010.1,1542.0,69405574.2
2025-08-19 13:30:00,45011.1,45120.4,44973.1,45069.4,13625.0,614070575.0
2025-08-19 14:00:00,45068.9,45214.4,45065.9,45204.2,13664.0,617670188.8
2025-08-19 14:30:00,45203.9,45238.3,45070.1,45070.5,11846.0,533905143.0
2025-08-19 15:00:00,45069.9,45078.4,44997.1,45031.1,11879.0,534924436.9
2025-08-19 15:30:00,45030.1,45051.4,44913.1,44928.3,9329.0,419136110.70000005
2025-08-19 16:00:00,44927.9,44968.4,44918.1,44922.5,8167.0,366882057.5
2025-08-19 16:30:00,44923.3,44963.3,44897.0,44940.5,10294.0,462617507.0
2025-08-19 17:00:00,44939.9,44956.3,44872.1,44944.5,8488.0,381488916.0
2025-08-19 17:30:00,44943.9,44961.4,44913.1,44923.5,4822.0,216621117.0
2025-08-19 18:00:00,44924.3,44932.2,44853.8,44864.9,5150.0,231054235.0
2025-08-19 18:30:00,44864.0,44895.4,44840.9,44885.3,4573.0,205260476.9
2025-08-19 19:00:00,44884.9,44912.5,44856.1,44906.9,5316.0,238725080.4
2025-08-19 19:30:00,44907.5,44958.5,44866.1,44944.9,6603.0,296771174.7
2025-08-19 20:00:00,44945.5,44982.2,44944.9,44977.9,1535.0,69041076.5
2025-08-19 20:30:00,44978.1,44981.8,44963.6,44978.0,383.0,17226574.0
2025-08-19 22:00:00,44972.1,44996.5,44940.0,44948.2,1586.0,71287845.19999999
2025-08-19 22:30:00,44949.2,44978.4,44947.9,44964.8,708.0,31835078.400000002
2025-08-19 23:00:00,44965.4,44976.2,44929.9,44960.4,1013.0,45544885.2
2025-08-19 23:30:00,44959.9,44962.4,44934.9,44954.2,1019.0,45808329.8
2025-08-20 00:00:00,44955.1,44956.3,44918.0,44932.1,1722.0,77373076.2
2025-08-20 00:30:00,44931.1,44950.2,44921.0,44928.9,1019.0,45782549.1
2025-08-20 01:00:00,44928.0,44948.2,44903.8,44907.2,1373.0,61657585.599999994
2025-08-20 01:30:00,44906.1,44919.2,44879.0,44880.8,1422.0,63820497.6
2025-08-20 02:00:00,44881.4,44893.1,44850.9,44887.8,963.0,43226951.400000006
2025-08-20 02:30:00,44887.0,44894.2,44877.0,44881.5,496.0,22261224.0
2025-08-20 03:00:00,44880.9,44885.2,44837.8,44850.9,817.0,36643185.300000004
2025-08-20 03:30:00,44851.4,44862.1,44801.5,44816.4,985.0,44144154.0
2025-08-20 04:00:00,44815.8,44858.2,44814.8,44858.2,700.0,31400739.999999996
2025-08-20 04:30:00,44857.8,44861.4,44839.0,44850.4,609.0,27313893.6
2025-08-20 05:00:00,44849.1,44849.4,44824.1,44838.0,674.0,30220812.0
2025-08-20 05:30:00,44838.5,44861.4,44824.1,44859.4,671.0,30100657.400000002
2025-08-20 06:00:00,44858.9,44871.3,44823.0,44832.0,1306.0,58550592.0
2025-08-20 06:30:00,44832.4,44868.4,44828.8,44850.9,1268.0,56870941.2
2025-08-20 07:00:00,44849.2,44894.4,44844.8,44877.1,1994.0,89484937.39999999
2025-08-20 07:30:00,44876.5,44878.3,44858.9,44867.4,984.0,44149521.6
2025-08-20 08:00:00,44868.3,44868.9,44813.9,44827.9,1696.0,76028118.4
2025-08-20 08:30:00,44828.4,44852.1,44822.9,44836.8,1179.0,52862587.2
2025-08-20 09:00:00,44837.4,44893.3,44820.9,44867.0,1149.0,51552183.0
2025-08-20 09:30:00,44866.1,44883.4,44859.0,44866.3,829.0,37194162.7
2025-08-20 10:00:00,44867.2,44911.9,44863.1,44896.2,834.0,37443430.8
2025-08-20 10:30:00,44896.1,44900.8,44870.9,44891.2,931.0,41793707.199999996
2025-08-20 11:00:00,44890.4,44913.8,44886.9,44896.5,1299.0,58320553.5
2025-08-20 11:30:00,44896.3,44931.3,44891.2,44925.0,1471.0,66084675.0
2025-08-20 12:00:00,44924.6,44961.4,44920.5,44938.2,1395.0,62688788.99999999
2025-08-20 12:30:00,44937.5,44960.2,44917.0,44945.4,2021.0,90834653.4
2025-08-20 13:00:00,44944.9,44998.1,44935.2,44990.1,2185.0,98303368.5
2025-08-20 13:30:00,44989.4,45069.2,44868.9,44887.3,21588.0,969027032.4000001
2025-08-20 14:00:00,44888.3,44946.2,44803.1,44807.9,27140.0,1216086406.0
2025-08-20 14:30:00,44808.5,44869.5,44779.9,44834.0,20868.0,935595912.0
2025-08-20 15:00:00,44834.5,44997.4,44822.3,44985.5,14095.0,634070622.5
2025-08-20 15:30:00,44984.9,44992.4,44845.9,44869.5,13116.0,588508362.0
2025-08-20 16:00:00,44869.0,44963.3,44850.1,44954.2,10816.0,486224627.2
2025-08-20 16:30:00,44953.8,44957.5,44872.2,44901.0,9851.0,442319751.0
2025-08-20 17:00:00,44900.1,44950.4,44879.9,44896.7,8631.0,387503417.7
2025-08-20 17:30:00,44896.7,44978.4,44893.9,44956.1,7318.0,328988739.8
2025-08-20 18:00:00,44955.1,44958.3,44815.9,44864.1,11796.0,529216923.59999996
2025-08-20 18:30:00,44864.5,44948.4,44853.9,44916.0,9230.0,414574680.0
2025-08-20 19:00:00,44916.5,45039.4,44916.5,44999.4,8107.0,364810135.8
2025-08-20 19:30:00,44999.0,45042.3,44933.1,44947.9,9731.0,437388014.90000004
2025-08-20 20:00:00,44947.1,44958.9,44931.0,44934.9,1993.0,89555255.7
2025-08-20 20:30:00,44934.8,44962.5,44934.8,44960.4,592.0,26616556.8
2025-08-20 22:00:00,44951.8,44976.2,44920.0,44932.8,1390.0,62456592.00000001
2025-08-20 22:30:00,44932.0,44939.4,44910.0,44925.8,727.0,32661056.6
2025-08-20 23:00:00,44927.1,44937.2,44912.0,44915.4,620.0,27847548.0
2025-08-20 23:30:00,44914.9,44928.4,44898.9,44925.5,703.0,31582626.5
2025-08-21 00:00:00,44926.3,44926.3,44872.1,44886.4,1547.0,69439260.8
2025-08-21 00:30:00,44885.9,44919.4,44879.9,44895.0,1083.0,48621285.0
2025-08-21 01:00:00,44894.1,44904.2,44876.9,44898.8,1311.0,58862326.800000004
2025-08-21 01:30:00,44899.4,44946.4,44893.9,44943.9,1001.0,44988843.9
2025-08-21 02:00:00,44943.0,44960.3,44933.9,44955.4,847.0,38077223.800000004
2025-08-21 02:30:00,44954.9,44967.3,44953.9,44964.4,443.0,19919229.2
2025-08-21 03:00:00,44963.9,44975.4,44944.9,44954.8,436.0,19600292.8
2025-08-21 03:30:00,44955.4,44966.2,44936.1,44936.5,457.0,20535980.5
2025-08-21 04:00:00,44935.9,44942.4,44925.9,44930.0,390.0,17522700.0
2025-08-21 04:30:00,44930.4,44936.3,44911.1,44915.0,362.0,16259230.0
2025-08-21 05:00:00,44915.4,44925.4,44887.9,44890.4,783.0,35149183.2
2025-08-21 05:30:00,44891.2,44920.2,44881.1,44919.8,701.0,31488779.8
2025-08-21 06:00:00,44920.4,44955.0,44919.8,44929.4,1180.0,53016692.0
2025-08-21 06:30:00,44928.9,44953.4,44926.9,44932.0,897.0,40304004.0
2025-08-21 07:00:00,44931.0,44938.3,44880.7,44887.4,2114.0,94891963.60000001
2025-08-21 07:30:00,44888.3,44912.6,44881.4,44895.1,1417.0,63616356.699999996
2025-08-21 08:00:00,44895.0,44915.6,44866.2,44884.7,1813.0,81375961.1
2025-08-21 08:30:00,44884.1,44891.3,44824.1,44825.6,1637.0,73379507.2
2025-08-21 09:00:00,44825.9,44840.7,44809.8,44837.1,1609.0,72142893.89999999
2025-08-21 09:30:00,44837.7,44848.9,44810.5,44812.6,1071.0,47994294.6
2025-08-21 10:00:00,44812.1,44812.5,44746.5,44786.9,2059.0,92216227.10000001
2025-08-21 10:30:00,44786.2,44856.4,44764.0,44814.1,2074.0,92944443.39999999
2025-08-21 11:00:00,44813.6,44852.0,44794.7,44816.5,2842.0,127368493.0
2025-08-21 11:30:00,44816.6,44824.3,44779.0,44802.7,2213.0,99148375.1
2025-08-21 12:00:00,44802.4,44802.4,44740.6,44766.1,2948.0,131970462.8
2025-08-21 12:30:00,44762.4,44799.7,44745.9,44772.9,2949.0,132035282.10000001
2025-08-21 13:00:00,44772.1,44802.4,44758.9,44782.0,2820.0,126285240.0
2025-08-21 13:30:00,44780.6,44789.2,44593.1,44723.7,19301.0,863212133.6999999
2025-08-21 14:00:00,44724.7,44908.2,44701.0,44875.0,16349.0,733661375.0
2025-08-21 14:30:00,44875.4,44882.4,44788.9,44860.1,9989.0,448107538.9
2025-08-21 15:00:00,44859.2,44880.4,44745.5,44858.6,11838.0,531036106.8
2025-08-21 15:30:00,44859.2,44919.4,44758.2,44765.9,9490.0,424828391.0
2025-08-21 16:00:00,44766.4,44794.4,44726.9,44764.4,9208.0,412190595.2
2025-08-21 16:30:00,44763.9,44811.4,44727.9,44742.5,7584.0,339327120.0
2025-08-21 17:00:00,44742.0,44779.4,44676.0,44720.2,8036.0,359371527.2
2025-08-21 17:30:00,44719.8,44835.0,44709.9,44809.4,6950.0,311425330.0
2025-08-21 18:00:00,44809.0,44847.3,44788.9,44790.5,5674.0,254141297.0
2025-08-21 18:30:00,44791.3,44850.4,44764.0,44844.4,6484.0,290771089.6
2025-08-21 19:00:00,44843.9,44859.3,44811.0,44816.4,4520.0,202570128.0
2025-08-21 19:30:00,44815.9,44828.2,44771.9,44806.4,6858.0,307282291.2
2025-08-21 20:00:00,44807.3,44836.3,44797.1,44829.3,1511.0,67737072.3
2025-08-21 20:30:00,44829.3,44849.9,44827.6,44832.5,473.0,21205772.5
2025-08-21 22:00:00,44836.5,44872.3,44834.9,44847.5,928.0,41618480.0
2025-08-21 22:30:00,44848.3,44869.2,44843.2,44859.0,470.0,21083730.0
2025-08-21 23:00:00,44858.0,44860.9,44845.1,44856.8,294.0,13187899.200000001
2025-08-21 23:30:00,44857.4,44870.2,44839.9,44867.1,606.0,27189462.599999998
2025-08-22 00:00:00,44866.1,44883.2,44800.9,44834.9,2474.0,110921542.60000001
2025-08-22 00:30:00,44835.4,44847.2,44822.1,44831.9,915.0,41021188.5
2025-08-22 01:00:00,44832.4,44853.2,44821.9,44845.4,1173.0,52603654.2
2025-08-22 01:30:00,44844.9,44848.2,44814.9,44826.4,812.0,36399036.800000004
2025-08-22 02:00:00,44827.2,44863.4,44826.9,44852.2,658.0,29512747.599999998
2025-08-22 02:30:00,44851.8,44856.4,44821.1,44822.0,593.0,26579446.0
2025-08-22 03:00:00,44821.1,44822.4,44794.9,44808.4,661.0,29618352.400000002
2025-08-22 03:30:00,44809.3,44821.3,44804.1,44806.3,485.0,21731055.5
2025-08-22 04:00:00,44807.2,44826.2,44803.9,44815.9,410.0,18374519.0
2025-08-22 04:30:00,44816.4,44830.3,44811.9,44818.9,281.0,12594110.9
2025-08-22 05:00:00,44819.4,44825.4,44789.9,44797.0,463.0,20741011.0
2025-08-22 05:30:00,44797.5,44815.4,44781.9,44800.0,586.0,26252800.0
2025-08-22 06:00:00,44799.1,44799.4,44761.2,44772.3,1021.0,45712518.300000004
2025-08-22 06:30:00,44773.2,44787.3,44688.9,44760.4,3043.0,136205897.20000002
2025-08-22 07:00:00,44762.0,44825.4,44750.9,44809.7,2270.0,101718019.0
2025-08-22 07:30:00,44809.4,44859.8,44806.2,44856.8,1395.0,62575236.00000001
2025-08-22 08:00:00,44856.4,44912.1,44849.9,44900.2,2005.0,90024901.0
2025-08-22 08:30:00,44900.2,44926.4,44876.2,44922.9,1411.0,63386211.9
2025-08-22 09:00:00,44922.7,44931.9,44911.0,44928.4,1016.0,45647254.4
2025-08-22 09:30:00,44927.9,44949.5,44919.1,44938.1,923.0,41477866.3
2025-08-22 10:00:00,44938.3,44952.3,44931.6,44952.3,1037.0,46615535.1
2025-08-22 10:30:00,44952.4,44959.7,44941.2,44948.0,821.0,36902308.0
2025-08-22 11:00:00,44947.1,44954.2,44925.2,44925.2,1098.0,49327869.599999994
2025-08-22 11:30:00,44924.5,44932.9,44907.5,44920.4,1001.0,44965320.4
2025-08-22 12:00:00,44920.4,44953.5,44918.5,44948.1,1283.0,57668412.3
2025-08-22 12:30:00,44948.4,44952.4,44917.6,44927.3,1724.0,77454665.2
2025-08-22 13:00:00,44927.7,45035.3,44921.4,45032.2,2367.0,106591217.39999999
2025-08-22 13:30:00,45031.6,45187.4,45017.9,45136.3,16626.0,750436123.8000001
2025-08-22 14:00:00,45140.1,45577.1,45140.1,45521.5,39368.0,1792090412.0
2025-08-22 14:30:00,45522.2,45715.4,45522.2,45688.9,20897.0,954760943.3000001
2025-08-22 15:00:00,45689.4,45733.4,45623.1,45732.9,15242.0,697060861.8000001
2025-08-22 15:30:00,45733.4,45764.4,45705.1,45726.3,12212.0,558409575.6
2025-08-22 16:00:00,45727.3,45785.3,45690.1,45692.5,11071.0,505861667.5
2025-08-22 16:30:00,45691.9,45740.3,45676.1,45696.5,9499.0,434071053.5
2025-08-22 17:00:00,45695.9,45742.5,45695.9,45718.3,7797.0,356465585.1
2025-08-22 17:30:00,45717.9,45747.4,45688.1,45693.5,5630.0,257254405.0
2025-08-22 18:00:00,45694.3,45712.4,45643.0,45648.4,5944.0,271334089.6
2025-08-22 18:30:00,45649.3,45689.5,45632.1,45667.1,5496.0,250986381.6
2025-08-22 19:00:00,45667.5,45683.4,45642.9,45646.9,5272.0,240650456.8
2025-08-22 19:30:00,45647.5,45686.4,45617.1,45660.8,10024.0,457703859.20000005
2025-08-22 20:00:00,45660.0,45698.4,45656.6,45675.6,1876.0,85687425.6
2025-08-22 20:30:00,45675.7,45683.0,45651.2,45670.0,527.0,24068090.0
2025-08-24 22:00:00,45694.6,45705.8,45661.7,45663.3,1689.0,77125313.7
2025-08-24 22:30:00,45663.8,45678.6,45657.5,45671.5,622.0,28407673.0
2025-08-24 23:00:00,45671.9,45679.7,45661.3,45674.9,641.0,29277610.900000002
2025-08-24 23:30:00,45674.4,45694.7,45660.3,45674.8,960.0,43847808.0
2025-08-25 00:00:00,45675.7,45690.9,45656.4,45657.9,1629.0,74376719.10000001
2025-08-25 00:30:00,45658.8,45658.8,45640.4,45649.9,795.0,36291670.5
2025-08-25 01:00:00,45650.8,45655.7,45638.2,45639.5,613.0,27977013.5
2025-08-25 01:30:00,45638.6,45640.9,45615.4,45618.4,475.0,21668740.0
2025-08-25 02:00:00,45618.9,45633.7,45615.4,45616.8,538.0,24541838.400000002
2025-08-25 02:30:00,45616.3,45620.7,45594.5,45595.4,456.0,20791502.400000002
2025-08-25 03:00:00,45594.5,45602.9,45589.4,45597.3,327.0,14910317.100000001
2025-08-25 03:30:00,45596.5,45624.9,45593.4,45622.4,520.0,23723648.0
2025-08-25 04:00:00,45621.5,45633.9,45612.5,45632.7,269.0,12275196.299999999
2025-08-25 04:30:00,45632.3,45638.9,45627.6,45635.4,285.0,13006089.0
2025-08-25 05:00:00,45634.5,45649.9,45627.4,45637.4,445.0,20308643.0
2025-08-25 05:30:00,45636.5,45664.7,45626.4,45664.7,511.0,23334661.7
2025-08-25 06:00:00,45665.7,45669.7,45634.4,45642.9,843.0,38476964.7
2025-08-25 06:30:00,45642.4,45646.7,45609.5,45627.4,866.0,39513328.4
2025-08-25 07:00:00,45625.1,45631.2,45601.5,45604.4,1706.0,77801106.4
2025-08-25 07:30:00,45604.6,45617.0,45600.3,45612.2,868.0,39591389.599999994
2025-08-25 08:00:00,45611.5,45612.3,45589.4,45600.5,1291.0,58870245.5
2025-08-25 08:30:00,45600.3,45607.2,45586.6,45594.4,664.0,30274681.6
2025-08-25 09:00:00,45593.7,45596.2,45582.9,45583.4,712.0,32455380.8
2025-08-25 09:30:00,45583.8,45587.1,45569.6,45582.4,616.0,28078758.400000002
2025-08-25 10:00:00,45582.0,45584.5,45558.9,45569.5,647.0,29483466.5
2025-08-25 10:30:00,45569.6,45585.1,45559.5,45559.5,898.0,40912431.0
2025-08-25 11:00:00,45559.8,45596.5,45556.6,45590.8,943.0,42992124.400000006
2025-08-25 11:30:00,45590.7,45592.3,45567.5,45570.4,672.0,30623308.8
2025-08-25 12:00:00,45570.3,45572.7,45530.2,45530.9,1705.0,77630184.5
2025-08-25 12:30:00,45530.7,45543.9,45505.5,45530.5,1660.0,75580630.0
2025-08-25 13:00:00,45530.6,45575.4,45522.7,45560.8,2416.0,110074892.80000001
2025-08-25 13:30:00,45560.8,45618.3,45529.9,45553.7,21160.0,963916291.9999999
2025-08-25 14:00:00,45552.9,45572.3,45446.7,45488.1,13064.0,594256538.4
2025-08-25 14:30:00,45487.7,45488.2,45427.9,45453.7,9377.0,426219344.9
2025-08-25 15:00:00,45452.9,45492.8,45420.7,45472.4,6167.0,280428290.8
2025-08-25 15:30:00,45473.6,45475.9,45399.4,45430.5,4685.0,212841892.5
2025-08-25 16:00:00,45429.6,45443.3,45413.8,45425.3,3864.0,175523359.20000002
2025-08-25 16:30:00,45424.8,45460.9,45421.7,45447.3,3378.0,153520979.4
2025-08-25 17:00:00,45446.7,45453.1,45402.9,45418.1,4244.0,192754416.4
2025-08-25 17:30:00,45417.7,45429.2,45366.1,45407.4,3692.0,167644120.8
2025-08-25 18:00:00,45407.9,45410.9,45369.4,45380.3,4099.0,186013849.70000002
2025-08-25 18:30:00,45379.7,45389.2,45358.8,45367.3,3463.0,157106959.9
2025-08-25 19:00:00,45368.1,45373.3,45316.7,45342.9,4050.0,183638745.0
2025-08-25 19:30:00,45341.9,45363.2,45296.8,45303.7,5495.0,248943831.49999997
2025-08-25 20:00:00,45304.2,45350.6,45292.4,45347.2,1712.0,77634406.39999999
2025-08-25 20:30:00,45347.8,45356.8,45347.2,45353.2,475.0,21542770.0
2025-08-25 22:00:00,45338.6,45370.7,45338.6,45363.9,836.0,37924220.4
2025-08-25 22:30:00,45363.3,45367.9,45355.5,45360.7,250.0,11340175.0
2025-08-25 23:00:00,45361.6,45367.8,45341.5,45350.9,438.0,19863694.2
2025-08-25 23:30:00,45350.3,45360.7,45337.5,45354.3,543.0,24627384.900000002
2025-08-26 00:00:00,45353.5,45377.6,45234.5,45295.4,7392.0,334823596.8
2025-08-26 00:30:00,45295.9,45326.7,45157.3,45232.0,9277.0,419617264.0
2025-08-26 01:00:00,45232.7,45292.9,45218.4,45287.1,2714.0,122909189.39999999
2025-08-26 01:30:00,45286.7,45290.9,45223.5,45238.9,2093.0,94685017.7
2025-08-26 02:00:00,45239.7,45282.7,45237.5,45271.0,1520.0,68811920.0
2025-08-26 02:30:00,45271.1,45294.6,45244.2,45248.0,1588.0,71853824.0
2025-08-26 03:00:00,45248.1,45260.9,45233.6,45241.3,938.0,42436339.400000006
2025-08-26 03:30:00,45240.5,45253.7,45239.6,45245.7,504.0,22803832.799999997
2025-08-26 04:00:00,45245.3,45254.9,45237.4,45246.9,535.0,24207091.5
2025-08-26 04:30:00,45247.8,45260.9,45233.4,45251.9,542.0,24526529.8
2025-08-26 05:00:00,45252.7,45280.9,45250.5,45276.3,802.0,36311592.6
2025-08-26 05:30:00,45275.5,45302.9,45270.4,45291.9,826.0,37411109.4
2025-08-26 06:00:00,45292.8,45300.7,45239.4,45253.9,2177.0,98517740.3
2025-08-26 06:30:00,45254.8,45270.7,45231.3,45237.9,2389.0,108073343.10000001
2025-08-26 07:00:00,45237.3,45240.7,45134.4,45186.9,7681.0,347080578.90000004
2025-08-26 07:30:00,45186.6,45246.9,45172.6,45203.3,4012.0,181355639.60000002
2025-08-26 08:00:00,45203.7,45238.8,45185.5,45215.3,3874.0,175164072.20000002
2025-08-26 08:30:00,45215.2,45238.6,45205.2,45228.2,2458.0,111170915.6
2025-08-26 09:00:00,45228.8,45253.0,45213.5,45242.9,1608.0,72750583.2
2025-08-26 09:30:00,45243.1,45255.7,45226.5,45248.7,1344.0,60814252.8
2025-08-26 10:00:00,45249.3,45268.6,45239.3,45252.9,1467.0,66386004.300000004
2025-08-26 10:30:00,45253.1,45262.0,45234.5,45241.1,1333.0,60306386.3
2025-08-26 11:00:00,45241.4,45257.5,45240.4,45244.7,1340.0,60627897.99999999
2025-08-26 11:30:00,45245.3,45261.7,45220.1,45254.1,1796.0,81276363.6
2025-08-26 12:00:00,45253.8,45263.8,45220.6,45251.2,2274.0,102901228.8
2025-08-26 12:30:00,45250.8,45282.6,45243.6,45265.8,2616.0,118415332.80000001
2025-08-26 13:00:00,45265.6,45285.9,45261.3,45266.4,2386.0,108005630.4
2025-08-26 13:30:00,45266.0,45340.0,45238.6,45301.0,22749.0,1030552449.0
2025-08-26 14:00:00,45300.7,45344.3,45286.9,45301.3,13018.0,589732323.4000001
2025-08-26 14:30:00,45300.7,45306.3,45250.8,45289.3,10232.0,463400117.6
2025-08-26 15:00:00,45288.7,45312.1,45242.9,45255.1,8080.0,365661208.0
2025-08-26 15:30:00,45254.7,45311.1,45245.8,45290.4,6416.0,290583206.40000004
2025-08-26 16:00:00,45289.8,45328.3,45276.7,45310.3,4820.0,218395646.0
2025-08-26 16:30:00,45311.2,45325.3,45292.9,45311.8,4044.0,183240919.20000002
2025-08-26 17:00:00,45312.3,45349.1,45297.7,45343.2,4083.0,185136285.6
2025-08-26 17:30:00,45344.1,45348.3,45281.7,45306.8,4903.0,222139240.4
2025-08-26 18:00:00,45307.3,45340.4,45297.7,45338.1,3523.0,159726126.29999998
2025-08-26 18:30:00,45337.7,45368.1,45336.6,45361.3,3417.0,154999562.10000002
2025-08-26 19:00:00,45362.1,45426.4,45337.9,45419.3,4530.0,205749429.0
2025-08-26 19:30:00,45418.7,45462.4,45350.7,45435.3,11698.0,531502139.40000004
2025-08-26 20:00:00,45434.8,45471.3,45425.4,45464.1,2410.0,109568481.0
2025-08-26 20:30:00,45464.6,45483.8,45460.7,45483.4,632.0,28745508.8
2025-08-26 22:00:00,45476.7,45493.0,45466.5,45474.7,595.0,27057446.5
2025-08-26 22:30:00,45474.3,45483.7,45471.5,45476.3,263.0,11960266.9
2025-08-26 23:00:00,45475.5,45479.7,45470.3,45475.7,222.0,10095605.399999999
2025-08-26 23:30:00,45476.7,45482.9,45463.5,45463.5,265.0,12047827.5
2025-08-27 00:00:00,45464.0,45467.9,45449.8,45452.9,570.0,25908153.0
2025-08-27 00:30:00,45453.8,45461.9,45453.5,45457.9,405.0,18410449.5
2025-08-27 01:00:00,45458.8,45472.9,45458.5,45466.5,317.0,14412880.5
2025-08-27 01:30:00,45466.9,45484.9,45466.4,45479.9,423.0,19237997.7
2025-08-27 02:00:00,45480.8,45489.9,45470.3,45478.9,273.0,12415739.700000001
2025-08-27 02:30:00,45478.4,45481.9,45476.4,45480.9,186.0,8459447.4
2025-08-27 03:00:00,45480.4,45493.8,45480.4,45485.5,207.0,9415498.5
2025-08-27 03:30:00,45485.9,45491.8,45482.6,45490.9,227.0,10326434.3
2025-08-27 04:00:00,45491.8,45493.7,45482.6,45491.7,179.0,8143014.3
2025-08-27 04:30:00,45492.7,45495.7,45482.4,45483.3,149.0,6777011.7
2025-08-27 05:00:00,45482.5,45483.9,45459.4,45459.9,290.0,13183371.0
2025-08-27 05:30:00,45460.8,45462.9,45452.3,45456.7,247.0,11227804.899999999
2025-08-27 06:00:00,45456.3,45484.7,45446.4,45479.9,587.0,26696701.3
2025-08-27 06:30:00,45479.4,45487.9,45457.8,45458.1,541.0,24592832.099999998
2025-08-27 07:00:00,45459.6,45489.8,45421.3,45426.9,1674.0,76044630.60000001
2025-08-27 07:30:00,45427.4,45466.4,45427.4,45464.0,1717.0,78061688.0
2025-08-27 08:00:00,45463.6,45502.5,45435.0,45444.3,1899.0,86298725.7
2025-08-27 08:30:00,45444.7,45455.3,45426.4,45452.0,1522.0,69177944.0
2025-08-27 09:00:00,45451.8,45482.9,45450.7,45477.8,984.0,44750155.2
2025-08-27 09:30:00,45478.6,45487.9,45466.4,45470.6,828.0,37649656.8
2025-08-27 10:00:00,45470.9,45482.9,45462.5,45481.4,702.0,31927942.8
2025-08-27 10:30:00,45481.6,45481.8,45458.0,45465.1,764.0,34735336.4
2025-08-27 11:00:00,45464.8,45479.4,45459.4,45468.1,743.0,33782798.3
2025-08-27 11:30:00,45467.8,45483.9,45463.3,45466.3,757.0,34417989.1
2025-08-27 12:00:00,45466.0,45489.9,45455.9,45468.3,1168.0,53106974.400000006
2025-08-27 12:30:00,45467.9,45472.3,45430.5,45448.0,2870.0,130435760.0
2025-08-27 13:00:00,45447.8,45455.4,45409.7,45421.5,3311.0,150390586.5
2025-08-27 13:30:00,45421.0,45599.2,45407.6,45537.9,18447.0,840037641.3000001
2025-08-27 14:00:00,45539.0,45577.2,45512.7,45537.3,10714.0,487886632.20000005
2025-08-27 14:30:00,45536.7,45568.3,45508.0,45537.3,7926.0,360928639.8
2025-08-27 15:00:00,45538.1,45591.9,45538.1,45582.1,5131.0,233881755.1
2025-08-27 15:30:00,45581.7,45586.1,45543.7,45550.7,4514.0,205615859.79999998
2025-08-27 16:00:00,45551.3,45559.4,45512.9,45547.3,4972.0,226461175.60000002
2025-08-27 16:30:00,45548.1,45573.3,45518.9,45556.7,5150.0,234617004.99999997
2025-08-27 17:00:00,45555.9,45586.1,45526.6,45575.3,4099.0,186813154.70000002
2025-08-27 17:30:00,45574.7,45618.4,45573.9,45604.3,2877.0,131203571.10000001
2025-08-27 18:00:00,45603.7,45644.3,45581.7,45632.8,4040.0,184356512.0
2025-08-27 18:30:00,45631.9,45649.3,45621.7,45636.7,2404.0,109710626.8
2025-08-27 19:00:00,45635.9,45643.4,45582.9,45614.7,6078.0,277246146.59999996
2025-08-27 19:30:00,45615.3,45660.4,45600.7,45600.7,5676.0,258829573.2
2025-08-27 20:00:00,45599.9,45645.9,45469.1,45584.6,7436.0,338967085.59999996
2025-08-27 20:30:00,45583.4,45620.3,45553.3,45619.8,6805.0,310442739.0
2025-08-27 22:00:00,45627.3,45630.0,45578.3,45590.9,1478.0,67383350.2
2025-08-27 22:30:00,45590.3,45612.7,45590.3,45594.8,1199.0,54668165.2
2025-08-27 23:00:00,45595.6,45606.7,45583.6,45594.9,742.0,33831415.800000004
2025-08-27 23:30:00,45595.7,45598.6,45573.4,45591.3,801.0,36518631.300000004
2025-08-28 00:00:00,45590.5,45595.7,45555.6,45556.9,1500.0,68335350.0
2025-08-28 00:30:00,45557.8,45623.8,45555.4,45617.4,1205.0,54968967.0
2025-08-28 01:00:00,45617.9,45623.8,45607.6,45612.9,770.0,35121933.0
2025-08-28 01:30:00,45613.8,45665.7,45613.8,45662.9,773.0,35297421.7
2025-08-28 02:00:00,45663.8,45685.7,45658.4,45679.4,672.0,30696556.8
2025-08-28 02:30:00,45679.9,45680.9,45663.5,45672.5,417.0,19045432.5
2025-08-28 03:00:00,45672.9,45704.7,45668.6,45693.5,598.0,27324713.0
2025-08-28 03:30:00,45693.9,45702.0,45682.6,45696.4,349.0,15948043.6
2025-08-28 04:00:00,45695.5,45696.9,45668.6,45688.4,475.0,21701990.0
2025-08-28 04:30:00,45688.9,45690.7,45669.5,45672.7,324.0,14797954.799999999
2025-08-28 05:00:00,45672.3,45690.7,45670.4,45682.9,469.0,21425280.1
2025-08-28 05:30:00,45683.8,45683.9,45657.4,45662.9,664.0,30320165.6
2025-08-28 06:00:00,45662.4,45708.0,45660.5,45706.5,1037.0,47397640.5
2025-08-28 06:30:00,45705.6,45743.9,45704.6,45711.5,1626.0,74326899.0
2025-08-28 07:00:00,45712.0,45757.9,45706.0,45751.6,2540.0,116209064.0
2025-08-28 07:30:00,45751.9,45770.4,45719.0,45769.9,1485.0,67968301.5
2025-08-28 08:00:00,45769.4,45769.4,45707.8,45713.2,2499.0,114237286.8
2025-08-28 08:30:00,45712.9,45720.0,45697.5,45706.0,1132.0,51739192.0
2025-08-28 09:00:00,45705.8,45721.5,45693.4,45696.9,824.0,37654245.6
2025-08-28 09:30:00,45696.7,45713.6,45685.8,45705.9,838.0,38301544.2
2025-08-28 10:00:00,45705.8,45707.6,45678.2,45684.9,869.0,39700178.1
2025-08-28 10:30:00,45685.4,45687.3,45647.6,45675.4,1200.0,54810480.0
2025-08-28 11:00:00,45676.3,45680.0,45652.0,45657.5,1378.0,62916035.0
2025-08-28 11:30:00,45657.3,45676.4,45652.3,45674.8,1335.0,60975858.00000001
2025-08-28 12:00:00,45674.4,45681.3,45637.1,45641.7,1535.0,70060009.5
2025-08-28 12:30:00,45640.1,45691.2,45639.4,45658.1,4222.0,192768498.2
2025-08-28 13:00:00,45657.6,45692.9,45638.9,45642.2,2509.0,114516279.8
2025-08-28 13:30:00,45642.8,45652.2,45493.8,45548.7,29496.0,1343504455.1999998
2025-08-28 14:00:00,45549.2,45555.4,45497.8,45527.3,17432.0,793631893.6
2025-08-28 14:30:00,45528.1,45538.2,45470.7,45497.7,12661.0,576046379.6999999
2025-08-28 15:00:00,45498.3,45551.2,45475.8,45490.3,10418.0,473917945.40000004
2025-08-28 15:30:00,45491.1,45597.0,45491.1,45587.3,8766.0,399618271.8
2025-08-28 16:00:00,45586.7,45646.0,45580.8,45644.3,5851.0,267064799.3
2025-08-28 16:30:00,45643.7,45650.3,45597.8,45602.3,5300.0,241692190.00000003
2025-08-28 17:00:00,45603.1,45615.2,45580.6,45602.7,5975.0,272476132.5
2025-08-28 17:30:00,45603.2,45634.1,45597.8,45618.9,3732.0,170249734.8
2025-08-28 18:00:00,45619.3,45624.3,45588.8,45613.7,3772.0,172054876.39999998
2025-08-28 18:30:00,45614.3,45655.2,45609.7,45645.7,4036.0,184226045.2
2025-08-28 19:00:00,45646.3,45680.3,45643.8,45666.3,3742.0,170883294.60000002
2025-08-28 19:30:00,45665.7,45712.3,45637.6,45672.7,6921.0,316100756.7
2025-08-28 20:00:00,45673.2,45696.4,45643.7,45689.8,2816.0,128662476.80000001
2025-08-28 20:30:00,45690.2,45699.2,45614.9,45633.1,1396.0,63703807.6
2025-08-28 22:00:00,45602.4,45610.0,45590.3,45600.3,559.0,25490567.700000003
2025-08-28 22:30:00,45599.5,45610.9,45580.3,45592.6,554.0,25258300.4
2025-08-28 23:00:00,45591.6,45604.7,45586.5,45601.7,296.0,13498103.2
2025-08-28 23:30:00,45602.6,45612.7,45598.5,45606.3,356.0,16235842.8
2025-08-29 00:00:00,45606.9,45628.9,45599.3,45618.4,763.0,34806839.2
2025-08-29 00:30:00,45618.9,45632.7,45607.5,45607.9,453.0,20660378.7
2025-08-29 01:00:00,45607.4,45615.7,45589.6,45598.9,614.0,27997724.6
2025-08-29 01:30:00,45598.4,45601.8,45593.2,45597.9,411.0,18740736.900000002
2025-08-29 02:00:00,45597.4,45598.9,45587.4,45590.8,373.0,17005368.400000002
2025-08-29 02:30:00,45591.7,45594.8,45586.5,45593.4,199.0,9073086.6
2025-08-29 03:00:00,45593.9,45621.1,45593.9,45605.4,283.0,12906328.200000001
2025-08-29 03:30:00,45605.9,45616.9,45591.3,45593.9,271.0,12355946.9
2025-08-29 04:00:00,45594.8,45599.9,45580.4,45582.3,174.0,7931320.2
2025-08-29 04:30:00,45581.5,45584.7,45565.1,45571.8,184.0,8385211.2
2025-08-29 05:00:00,45572.7,45586.9,45572.7,45576.6,326.0,14857971.6
2025-08-29 05:30:00,45575.6,45587.9,45571.4,45586.9,321.0,14633394.9
2025-08-29 06:00:00,45587.7,45597.9,45583.6,45592.3,642.0,29270256.6
2025-08-29 06:30:00,45592.9,45593.7,45563.3,45565.1,795.0,36224254.5
2025-08-29 07:00:00,45564.4,45589.9,45552.5,45556.4,2008.0,91477251.2
2025-08-29 07:30:00,45555.9,45563.8,45540.3,45542.7,1577.0,71820837.89999999
2025-08-29 08:00:00,45542.4,45551.0,45511.7,45516.8,2993.0,136231782.4
2025-08-29 08:30:00,45517.6,45529.3,45491.9,45497.0,1955.0,88946635.0
2025-08-29 09:00:00,45496.5,45506.2,45476.0,45504.5,1961.0,89234324.5
2025-08-29 09:30:00,45504.5,45518.7,45500.3,45506.1,940.0,42775734.0
2025-08-29 10:00:00,45506.7,45518.1,45494.0,45514.4,1089.0,49565181.6
2025-08-29 10:30:00,45513.9,45522.4,45503.0,45517.4,1152.0,52436044.800000004
2025-08-29 11:00:00,45516.9,45531.8,45502.8,45530.6,1313.0,59781677.8
2025-08-29 11:30:00,45530.6,45530.9,45507.7,45513.5,1072.0,48790472.0
2025-08-29 12:00:00,45512.7,45528.3,45491.7,45514.8,1718.0,78194426.4
2025-08-29 12:30:00,45520.5,45583.8,45520.5,45562.8,5721.0,260664778.8
2025-08-29 13:00:00,45562.4,45589.3,45550.0,45565.9,3509.0,159890743.1
2025-08-29 13:30:00,45565.4,45644.3,45518.7,45537.9,22666.0,1032162041.4
2025-08-29 14:00:00,45540.0,45566.4,45407.7,45467.7,25218.0,1146604458.6
2025-08-29 14:30:00,45468.2,45541.2,45386.6,45463.3,18633.0,847117668.9000001
2025-08-29 15:00:00,45462.7,45523.2,45449.7,45465.7,11932.0,542496732.4
2025-08-29 15:30:00,45466.2,45500.1,45435.6,45450.1,12206.0,554763920.6
2025-08-29 16:00:00,45449.7,45520.1,45447.0,45481.2,7495.0,340881594.0
2025-08-29 16:30:00,45480.7,45547.3,45480.7,45528.7,5577.0,253913559.89999998
2025-08-29 17:00:00,45527.9,45529.4,45488.0,45519.2,8842.0,402480766.4
2025-08-29 17:30:00,45518.7,45584.3,45505.8,45553.3,6043.0,275278591.90000004
2025-08-29 18:00:00,45554.1,45554.4,45515.8,45532.6,6086.0,277111403.59999996
2025-08-29 18:30:00,45533.2,45557.2,45522.8,45538.7,3526.0,160569456.2
2025-08-29 19:00:00,45537.9,45579.1,45529.6,45555.7,4614.0,210193999.79999998
2025-08-29 19:30:00,45556.3,45599.1,45512.0,45569.7,11962.0,545104751.4
2025-08-29 20:00:00,45569.9,45597.4,45566.1,45587.4,3522.0,160558822.8
2025-08-29 20:30:00,45587.1,45597.3,45578.6,45596.8,512.0,23345561.6
2025-08-31 22:00:00,45644.1,45674.1,45607.6,45643.3,1436.0,65543778.800000004
2025-08-31 22:30:00,45643.8,45686.8,45643.8,45686.7,536.0,24488071.2
2025-08-31 23:00:00,45686.3,45710.7,45680.4,45686.3,474.0,21655306.200000003
2025-08-31 23:30:00,45686.9,45688.8,45675.3,45688.3,375.0,17133112.5
2025-09-01 00:00:00,45688.9,45729.1,45673.4,45690.3,1173.0,53594721.900000006
2025-09-01 00:30:00,45689.5,45716.0,45689.5,45705.8,539.0,24635426.200000003
2025-09-01 01:00:00,45705.3,45705.9,45667.6,45675.9,633.0,28912844.7
2025-09-01 01:30:00,45675.4,45680.7,45652.4,45656.9,824.0,37621285.6
2025-09-01 02:00:00,45657.8,45658.7,45600.4,45617.3,1203.0,54877611.900000006
2025-09-01 02:30:00,45616.5,45626.8,45602.4,45616.7,917.0,41830513.9
2025-09-01 03:00:00,45617.7,45636.9,45543.5,45567.3,1359.0,61925960.7
2025-09-01 03:30:00,45566.5,45591.8,45566.5,45580.9,1255.0,57204029.5
2025-09-01 04:00:00,45580.3,45594.8,45573.4,45581.9,515.0,23474678.5
2025-09-01 04:30:00,45581.3,45602.9,45570.6,45582.5,992.0,45217840.0
2025-09-01 05:00:00,45582.9,45592.8,45567.3,45572.3,1269.0,57831248.7
2025-09-01 05:30:00,45572.9,45585.7,45552.5,45564.9,862.0,39276943.800000004
2025-09-01 06:00:00,45564.3,45568.6,45531.6,45548.4,1694.0,77158989.60000001
2025-09-01 06:30:00,45548.9,45608.9,45548.9,45576.7,2220.0,101180274.0
2025-09-01 07:00:00,45577.8,45604.7,45559.9,45596.9,3339.0,152248049.1
2025-09-01 07:30:00,45596.4,45609.5,45580.9,45598.8,1992.0,90832809.60000001
2025-09-01 08:00:00,45599.5,45622.2,45572.6,45621.8,2243.0,102329697.4
2025-09-01 08:30:00,45621.4,45662.5,45618.8,45640.1,1597.0,72887239.7
2025-09-01 09:00:00,45640.1,45640.8,45614.1,45634.9,1057.0,48236089.300000004
2025-09-01 09:30:00,45636.3,45638.4,45586.4,45596.5,1341.0,61144906.5
2025-09-01 10:00:00,45596.7,45606.8,45583.8,45586.6,839.0,38247157.4
2025-09-01 10:30:00,45586.3,45615.1,45578.7,45595.8,1416.0,64563652.800000004
2025-09-01 11:00:00,45596.0,45603.7,45580.0,45582.1,1232.0,56157147.199999996
2025-09-01 11:30:00,45581.7,45581.7,45544.8,45554.5,1097.0,49973286.5
2025-09-01 12:00:00,45554.0,45555.1,45537.5,45551.4,1073.0,48876652.2
2025-09-01 12:30:00,45551.0,45557.2,45511.9,45536.8,1625.0,73997300.0
2025-09-01 13:00:00,45537.0,45554.3,45525.3,45546.8,1298.0,59119746.400000006
2025-09-01 13:30:00,45546.8,45598.2,45509.6,45591.0,3089.0,140830599.0
2025-09-01 14:00:00,45590.0,45599.0,45568.7,45595.2,1631.0,74365771.19999999
2025-09-01 14:30:00,45596.1,45605.1,45585.0,45601.1,778.0,35477655.8
2025-09-01 15:00:00,45600.7,45608.1,45582.7,45606.3,1385.0,63164725.50000001
2025-09-01 15:30:00,45605.8,45639.4,45598.0,45606.7,979.0,44648959.3
2025-09-01 16:00:00,45607.2,45612.3,45573.5,45595.3,615.0,28041109.5
2025-09-01 16:30:00,45596.1,45625.3,45582.9,45615.4,861.0,39274859.4
2025-09-01 22:00:00,45585.1,45615.9,45584.1,45587.8,354.0,16138081.200000001
2025-09-01 22:30:00,45588.6,45593.7,45546.5,45552.9,534.0,24325248.6
2025-09-01 23:00:00,45553.7,45559.8,45515.6,45533.4,843.0,38384656.2
2025-09-01 23:30:00,45533.9,45550.8,45519.5,45546.6,717.0,32656912.2
2025-09-02 00:00:00,45546.9,45567.8,45538.0,45548.9,1224.0,55751853.6
2025-09-02 00:30:00,45548.4,45578.7,45548.4,45569.9,810.0,36911619.0
2025-09-02 01:00:00,45569.4,45581.7,45569.4,45578.3,548.0,24976908.400000002
2025-09-02 01:30:00,45577.4,45601.7,45555.4,45555.4,727.0,33118775.8
2025-09-02 02:00:00,45555.9,45566.9,45527.4,45543.5,1149.0,52329481.5
2025-09-02 02:30:00,45542.6,45543.8,45517.4,45539.3,641.0,29190691.3
2025-09-02 03:00:00,45538.5,45549.9,45526.4,45546.3,622.0,28329798.6
2025-09-02 03:30:00,45546.9,45566.7,45540.4,45560.9,420.0,19135578.0
2025-09-02 04:00:00,45561.8,45575.9,45554.5,45573.6,368.0,16771084.799999999
2025-09-02 04:30:00,45574.0,45575.7,45550.4,45569.6,482.0,21964547.2
2025-09-02 05:00:00,45570.0,45571.9,45527.5,45548.6,941.0,42861232.6
2025-09-02 05:30:00,45548.3,45553.8,45520.4,45520.9,847.0,38556202.300000004
2025-09-02 06:00:00,45521.8,45553.8,45512.5,45529.5,1295.0,58960702.5
2025-09-02 06:30:00,45529.9,45561.9,45527.4,45550.8,907.0,41314575.6
2025-09-02 07:00:00,45552.5,45555.0,45416.5,45463.9,6202.0,281967107.8
2025-09-02 07:30:00,45464.1,45470.1,45265.3,45281.4,11488.0,520192723.2
2025-09-02 08:00:00,45281.9,45395.0,45272.5,45378.9,7419.0,336666059.1
2025-09-02 08:30:00,45378.5,45416.0,45358.0,45397.9,3111.0,141232866.9
2025-09-02 09:00:00,45397.8,45407.8,45377.6,45399.4,2532.0,114951280.8
2025-09-02 09:30:00,45399.2,45416.9,45377.3,45392.3,2114.0,95959322.2
2025-09-02 10:00:00,45392.5,45405.4,45326.7,45332.9,2608.0,118228203.2
2025-09-02 10:30:00,45332.5,45344.9,45281.1,45311.9,4747.0,215095589.3
2025-09-02 11:00:00,45312.6,45332.9,45295.5,45315.7,3358.0,152170120.6
2025-09-02 11:30:00,45315.9,45326.6,45301.7,45310.0,2787.0,126278970.0
2025-09-02 12:00:00,45309.5,45309.5,45225.1,45229.4,5655.0,255772257.0
2025-09-02 12:30:00,45229.8,45244.6,45077.2,45129.7,9042.0,408062747.4
2025-09-02 13:00:00,45131.1,45185.3,45113.4,45159.2,7296.0,329481523.2
2025-09-02 13:30:00,45160.5,45253.1,44971.7,45245.9,39017.0,1765359280.3
2025-09-02 14:00:00,45243.2,45321.3,45182.8,45277.1,31546.0,1428311396.6
2025-09-02 14:30:00,45277.3,45317.3,45165.9,45196.8,25289.0,1142981875.2
2025-09-02 15:00:00,45196.6,45211.8,45091.8,45121.2,17910.0,808120692.0
2025-09-02 15:30:00,45122.1,45122.3,45021.8,45031.7,13253.0,596805120.0999999
2025-09-02 16:00:00,45030.9,45085.1,45009.8,45047.7,10181.0,458630633.7
2025-09-02 16:30:00,45048.3,45135.2,45038.0,45134.7,9467.0,427290204.9
2025-09-02 17:00:00,45135.3,45195.0,45128.8,45177.3,9255.0,418115911.5
2025-09-02 17:30:00,45176.7,45270.1,45174.9,45232.1,10165.0,459784296.5
2025-09-02 18:00:00,45231.7,45267.3,45162.0,45166.7,9764.0,441007658.79999995
2025-09-02 18:30:00,45167.2,45231.1,45127.8,45171.3,11684.0,527781469.20000005
2025-09-02 19:00:00,45170.8,45261.2,45169.3,45248.7,9638.0,436106970.59999996
2025-09-02 19:30:00,45247.9,45334.4,45238.7,45327.3,11171.0,506351268.3
2025-09-02 20:00:00,45326.7,45367.2,45297.1,45302.2,8419.0,381399221.79999995
2025-09-02 20:30:00,45301.8,45306.2,45279.8,45291.8,2047.0,92712314.60000001
2025-09-02 22:00:00,45309.9,45314.8,45276.6,45291.3,1924.0,87140461.2
2025-09-02 22:30:00,45291.9,45309.8,45255.4,45261.9,1029.0,46574495.1
2025-09-02 23:00:00,45262.7,45268.3,45242.5,45257.3,652.0,29507759.6
2025-09-02 23:30:00,45256.5,45264.7,45239.4,45243.9,574.0,25969998.6
2025-09-03 00:00:00,45243.4,45251.9,45231.5,45232.0,852.0,38537664.0
2025-09-03 00:30:00,45232.8,45246.8,45222.6,45242.9,763.0,34520332.7
2025-09-03 01:00:00,45242.4,45244.9,45199.6,45201.9,595.0,26895130.5
2025-09-03 01:30:00,45202.8,45221.7,45194.5,45212.9,785.0,35492126.5
2025-09-03 02:00:00,45212.4,45222.8,45204.5,45212.9,535.0,24188901.5
2025-09-03 02:30:00,45212.4,45213.9,45187.4,45200.0,531.0,24001200.0
2025-09-03 03:00:00,45199.4,45219.1,45182.4,45192.4,556.0,25126974.400000002
2025-09-03 03:30:00,45192.9,45203.7,45168.7,45188.9,830.0,37506787.0
2025-09-03 04:00:00,45188.4,45196.7,45179.6,45194.3,463.0,20924960.900000002
2025-09-03 04:30:00,45194.9,45197.9,45180.4,45189.7,320.0,14460704.0
2025-09-03 05:00:00,45189.3,45189.3,45160.4,45170.3,818.0,36949305.400000006
2025-09-03 05:30:00,45170.9,45185.9,45136.5,45151.0,879.0,39687729.0
2025-09-03 06:00:00,45149.0,45218.6,45148.6,45215.9,1427.0,64523089.300000004
2025-09-03 06:30:00,45216.7,45229.9,45183.3,45198.9,1191.0,53831889.9
2025-09-03 07:00:00,45199.7,45221.0,45157.0,45209.6,4375.0,197792000.0
2025-09-03 07:30:00,45209.3,45273.8,45197.5,45262.4,2670.0,120850608.0
2025-09-03 08:00:00,45262.9,45345.9,45261.3,45342.3,2959.0,134167865.7
2025-09-03 08:30:00,45342.3,45343.6,45289.0,45307.5,1950.0,88349625.0
2025-09-03 09:00:00,45307.9,45321.3,45279.8,45319.4,1342.0,60818634.800000004
2025-09-03 09:30:00,45319.2,45345.4,45305.2,45326.9,1418.0,64273544.2
2025-09-03 10:00:00,45326.5,45332.0,45318.6,45331.4,1276.0,57842866.4
2025-09-03 10:30:00,45330.5,45348.0,45323.5,45334.3,1440.0,65281392.00000001
2025-09-03 11:00:00,45333.9,45356.8,45329.5,45330.5,1564.0,70896902.0
2025-09-03 11:30:00,45330.8,45355.8,45291.2,45297.4,2392.0,108351380.8
2025-09-03 12:00:00,45297.9,45326.3,45278.6,45282.1,2456.0,111212837.6
2025-09-03 12:30:00,45281.9,45282.0,45211.5,45218.1,3692.0,166945225.2
2025-09-03 13:00:00,45217.6,45271.0,45209.7,45252.3,4038.0,182728787.4
2025-09-03 13:30:00,45253.2,45341.4,45136.6,45150.3,32018.0,1445622305.4
2025-09-03 14:00:00,45149.0,45244.2,45107.8,45172.7,23544.0,1063546048.8
2025-09-03 14:30:00,45171.9,45269.5,45169.7,45257.7,14386.0,651077272.1999999
2025-09-03 15:00:00,45256.9,45296.3,45164.8,45177.3,12419.0,561056888.7
2025-09-03 15:30:00,45176.7,45206.4,45153.7,45170.7,12862.0,580985543.4
2025-09-03 16:00:00,45169.9,45193.2,45115.8,45145.7,9392.0,424008414.4
2025-09-03 16:30:00,45146.3,45156.3,45077.9,45103.3,10125.0,456670912.5
2025-09-03 17:00:00,45104.1,45157.2,45103.0,45136.3,8413.0,379731691.90000004
2025-09-03 17:30:00,45135.8,45143.4,45008.7,45041.9,11840.0,533296096.0
2025-09-03 18:00:00,45042.3,45124.1,45023.9,45114.8,12425.0,560551390.0
2025-09-03 18:30:00,45113.9,45122.3,45069.9,45100.9,9563.0,431299906.7
2025-09-03 19:00:00,45099.9,45102.2,45065.9,45093.2,6568.0,296172137.59999996
2025-09-03 19:30:00,45092.7,45294.2,45090.7,45285.1,9960.0,451039596.0
2025-09-03 20:00:00,45285.3,45303.8,45211.2,45255.1,4669.0,211296061.9
2025-09-03 20:30:00,45255.6,45266.1,45243.4,45250.8,976.0,44164780.800000004
2025-09-03 22:00:00,45211.6,45219.0,45195.4,45197.6,1054.0,47638270.4
2025-09-03 22:30:00,45198.6,45215.7,45198.2,45200.3,449.0,20294934.700000003
2025-09-03 23:00:00,45200.9,45228.7,45200.3,45218.5,399.0,18042181.5
2025-09-03 23:30:00,45217.5,45217.5,45193.5,45204.5,355.0,16047597.5
2025-09-04 00:00:00,45203.6,45292.0,45196.4,45268.6,1945.0,88047427.0
2025-09-04 00:30:00,45267.6,45279.9,45252.5,45261.7,1215.0,54992965.5
2025-09-04 01:00:00,45261.3,45269.8,45241.7,45243.4,1140.0,51577476.0
2025-09-04 01:30:00,45243.1,45252.6,45226.5,45242.8,952.0,43071145.6
2025-09-04 02:00:00,45243.7,45280.8,45240.6,45240.6,1071.0,48452682.6
2025-09-04 02:30:00,45239.6,45267.7,45234.9,45245.5,788.0,35653454.0
2025-09-04 03:00:00,45245.9,45254.9,45234.4,45238.6,827.0,37412322.199999996
2025-09-04 03:30:00,45238.9,45242.9,45224.1,45234.7,750.0,33926025.0
2025-09-04 04:00:00,45235.0,45275.9,45235.0,45274.9,687.0,31103856.3
2025-09-04 04:30:00,45274.4,45282.9,45263.5,45271.8,537.0,24310956.6
2025-09-04 05:00:00,45271.4,45292.7,45250.6,45257.0,858.0,38830506.0
2025-09-04 05:30:00,45257.7,45269.9,45245.3,45259.9,802.0,36298439.800000004
2025-09-04 06:00:00,45259.4,45281.7,45247.5,45255.9,1464.0,66254637.6
2025-09-04 06:30:00,45255.4,45279.8,45223.4,45224.3,1212.0,54811851.6
2025-09-04 07:00:00,45225.7,45277.8,45216.3,45258.6,3613.0,163519321.79999998
2025-09-04 07:30:00,45258.3,45298.9,45253.1,45274.1,1923.0,87062094.3
2025-09-04 08:00:00,45273.1,45274.0,45234.6,45266.4,2154.0,97503825.60000001
2025-09-04 08:30:00,45266.9,45269.0,45237.6,45247.9,1296.0,58641278.4
2025-09-04 09:00:00,45248.8,45277.9,45243.4,45267.4,1220.0,55226228.0
2025-09-04 09:30:00,45267.8,45284.9,45251.4,45282.4,1011.0,45780506.4
2025-09-04 10:00:00,45281.6,45319.9,45278.4,45281.9,1900.0,86035610.0
2025-09-04 10:30:00,45281.5,45293.0,45267.7,45285.9,1120.0,50720208.0
2025-09-04 11:00:00,45285.4,45320.5,45276.1,45285.1,1403.0,63534995.3
2025-09-04 11:30:00,45284.5,45292.1,45230.4,45247.0,1675.0,75788725.0
2025-09-04 12:00:00,45247.4,45290.3,45241.4,45260.7,2917.0,132025461.89999999
2025-09-04 12:30:00,45264.8,45282.8,45242.0,45279.1,3043.0,137784301.29999998
2025-09-04 13:00:00,45278.4,45305.8,45259.4,45304.5,2581.0,116930914.5
2025-09-04 13:30:00,45304.9,45371.1,45205.7,45364.7,21965.0,996435635.4999999
2025-09-04 14:00:00,45357.5,45393.7,45248.7,45372.1,16570.0,751815697.0
2025-09-04 14:30:00,45371.7,45449.4,45365.9,45437.3,10901.0,495312007.3
2025-09-04 15:00:00,45438.1,45516.8,45427.7,45501.9,8792.0,400052704.8
2025-09-04 15:30:00,45502.3,45535.2,45487.9,45508.9,7349.0,334444906.1
2025-09-04 16:00:00,45509.3,45547.3,45508.6,45516.3,5608.0,255255410.4
2025-09-04 16:30:00,45516.9,45530.7,45486.6,45505.5,4665.0,212283157.5
2025-09-04 17:00:00,45506.0,45581.9,45503.4,45574.5,4191.0,191002729.5
2025-09-04 17:30:00,45575.0,45625.9,45551.6,45617.9,3750.0,171067125.0
2025-09-04 18:00:00,45617.4,45661.0,45613.4,45619.7,3748.0,170982635.6
2025-09-04 18:30:00,45620.7,45636.1,45605.4,45620.0,3259.0,148675580.0
2025-09-04 19:00:00,45619.4,45679.9,45616.4,45643.9,4066.0,185588097.4
2025-09-04 19:30:00,45643.4,45683.9,45633.4,45658.9,7084.0,323447647.6
2025-09-04 20:00:00,45659.8,45691.7,45643.2,45677.2,2752.0,125703654.39999999
2025-09-04 20:30:00,45677.8,45690.6,45672.7,45672.7,536.0,24480567.2
2025-09-04 22:00:00,45658.0,45680.6,45648.1,45666.4,1330.0,60736312.0
2025-09-04 22:30:00,45666.9,45679.8,45662.3,45677.5,448.0,20463520.0
2025-09-04 23:00:00,45676.5,45681.7,45671.3,45675.8,303.0,13839767.4
2025-09-04 23:30:00,45676.7,45679.7,45664.3,45668.5,415.0,18952427.5
2025-09-05 00:00:00,45669.0,45697.9,45663.4,45693.4,772.0,35275304.800000004
2025-09-05 00:30:00,45693.9,45695.8,45680.4,45689.9,465.0,21245803.5
2025-09-05 01:00:00,45689.4,45693.9,45681.5,45682.5,491.0,22430107.5
2025-09-05 01:30:00,45682.9,45686.9,45671.5,45683.6,335.0,15304006.0
2025-09-05 02:00:00,45684.0,45686.8,45675.4,45680.8,324.0,14800579.200000001
2025-09-05 02:30:00,45680.3,45690.9,45678.4,45681.3,217.0,9912842.100000001
2025-09-05 03:00:00,45680.5,45680.5,45665.4,45672.4,169.0,7718635.600000001
2025-09-05 03:30:00,45672.9,45680.9,45665.4,45679.9,206.0,9410059.4
2025-09-05 04:00:00,45680.8,45698.9,45679.4,45689.8,238.0,10874172.4
2025-09-05 04:30:00,45689.3,45696.8,45681.4,45681.9,160.0,7309104.0
2025-09-05 05:00:00,45682.8,45691.9,45672.4,45691.9,238.0,10874672.200000001
2025-09-05 05:30:00,45692.7,45728.0,45692.3,45713.4,686.0,31359392.400000002
2025-09-05 06:00:00,45711.8,45742.6,45706.6,45737.4,921.0,42124145.4
2025-09-05 06:30:00,45736.5,45739.6,45705.4,45716.4,738.0,33738703.2
2025-09-05 07:00:00,45717.0,45729.2,45660.1,45660.9,2334.0,106572540.60000001
2025-09-05 07:30:00,45661.7,45701.6,45652.4,45688.1,1495.0,68303709.5
2025-09-05 08:00:00,45688.1,45692.7,45662.5,45672.5,1305.0,59602612.5
2025-09-05 08:30:00,45672.9,45688.4,45656.0,45658.8,749.0,34198441.2
2025-09-05 09:00:00,45658.9,45665.3,45645.9,45653.4,781.0,35655305.4
2025-09-05 09:30:00,45652.9,45654.4,45627.8,45629.9,652.0,29750694.8
2025-09-05 10:00:00,45629.2,45644.0,45625.9,45634.9,701.0,31990064.900000002
2025-09-05 10:30:00,45635.0,45652.1,45633.0,45637.9,548.0,25009569.2
2025-09-05 11:00:00,45638.4,45658.2,45625.8,45627.1,817.0,37277340.699999996
2025-09-05 11:30:00,45626.2,45638.7,45584.9,45584.9,1182.0,53881351.800000004
2025-09-05 12:00:00,45585.4,45588.2,45518.8,45528.7,2667.0,121425042.89999999
2025-09-05 12:30:00,45529.5,45673.2,45459.2,45666.4,13387.0,611336096.8000001
2025-09-05 13:00:00,45667.2,45717.2,45637.2,45650.4,6026.0,275089310.40000004
2025-09-05 13:30:00,45650.8,45805.4,45650.8,45730.6,33357.0,1525435624.2
2025-09-05 14:00:00,45731.5,45735.4,45381.9,45408.4,35398.0,1607366543.2
2025-09-05 14:30:00,45408.0,45411.6,45247.9,45266.4,41563.0,1881407383.2
2025-09-05 15:00:00,45266.0,45425.3,45227.7,45421.3,32266.0,1465563665.8000002
2025-09-05 15:30:00,45422.1,45448.3,45346.9,45370.4,19895.0,902644108.0
2025-09-05 16:00:00,45371.1,45447.1,45346.7,45363.3,20921.0,949045599.3000001
2025-09-05 16:30:00,45363.4,45426.9,45329.7,45426.1,17681.0,803178874.1
2025-09-05 17:00:00,45426.8,45432.6,45357.9,45363.6,14688.0,666300556.8
2025-09-05 17:30:00,45364.5,45385.6,45289.9,45318.5,15772.0,714763382.0
2025-09-05 18:00:00,45319.3,45381.7,45301.0,45375.1,10785.0,489370453.5
2025-09-05 18:30:00,45375.6,45434.7,45373.9,45422.4,7352.0,333945484.8
2025-09-05 19:00:00,45422.0,45488.7,45387.1,45456.3,8393.0,381514725.90000004
2025-09-05 19:30:00,45457.1,45461.4,45381.6,45441.2,14846.0,674620055.1999999
2025-09-05 20:00:00,45440.7,45444.3,45401.4,45417.9,2520.0,114453108.0
2025-09-05 20:30:00,45417.7,45442.3,45412.9,45436.7,588.0,26716779.599999998
2025-09-07 22:00:00,45455.4,45462.7,45398.7,45451.4,1626.0,73903976.4
2025-09-07 22:30:00,45451.9,45526.8,45451.9,45511.9,1560.0,70998564.0
2025-09-07 23:00:00,45511.4,45549.7,45507.4,45533.3,1004.0,45715433.2
2025-09-07 23:30:00,45533.9,45551.8,45525.5,45537.5,1448.0,65938300.0
2025-09-08 00:00:00,45538.0,45552.9,45523.4,45534.3,1553.0,70714767.9
2025-09-08 00:30:00,45534.9,45539.7,45493.6,45494.3,735.0,33438310.500000004
2025-09-08 01:00:00,45494.9,45504.8,45486.6,45493.0,768.0,34938624.0
2025-09-08 01:30:00,45492.4,45517.9,45488.5,45501.4,667.0,30349433.8
2025-09-08 02:00:00,45501.9,45504.9,45453.4,45464.9,801.0,36417384.9
2025-09-08 02:30:00,45465.7,45485.9,45465.7,45481.5,443.0,20148304.5
2025-09-08 03:00:00,45482.0,45504.9,45478.6,45499.9,488.0,22203951.2
2025-09-08 03:30:00,45500.7,45515.7,45486.4,45496.6,499.0,22702803.4
2025-09-08 04:00:00,45495.6,45499.7,45467.6,45482.7,446.0,20285284.2
2025-09-08 04:30:00,45482.3,45489.9,45463.6,45470.9,483.0,21962444.7
2025-09-08 05:00:00,45470.4,45494.9,45468.4,45485.4,490.0,22287846.0
2025-09-08 05:30:00,45485.9,45488.9,45453.6,45464.3,691.0,31415831.3
2025-09-08 06:00:00,45464.9,45522.9,45464.3,45515.5,1525.0,69411137.5
2025-09-08 06:30:00,45514.5,45514.9,45484.3,45503.5,926.0,42136241.0
2025-09-08 07:00:00,45504.6,45534.5,45496.4,45522.0,2477.0,112757994.0
2025-09-08 07:30:00,45522.1,45570.8,45520.6,45523.0,1763.0,80257049.0
2025-09-08 08:00:00,45523.1,45540.5,45517.3,45529.9,2036.0,92698876.4
2025-09-08 08:30:00,45528.8,45551.3,45520.9,45531.4,1127.0,51313887.800000004
2025-09-08 09:00:00,45531.9,45536.9,45498.6,45504.8,1019.0,46369391.2
2025-09-08 09:30:00,45505.6,45529.3,45494.0,45524.4,941.0,42838460.4
2025-09-08 10:00:00,45524.9,45533.2,45513.2,45524.4,1012.0,46070692.800000004
2025-09-08 10:30:00,45524.3,45534.3,45517.1,45524.1,1165.0,53035576.5
2025-09-08 11:00:00,45523.6,45542.8,45509.0,45521.7,1281.0,58313297.699999996
2025-09-08 11:30:00,45521.7,45533.3,45497.4,45497.9,1096.0,49865698.4
2025-09-08 12:00:00,45498.4,45506.0,45460.4,45493.0,1739.0,79112327.0
2025-09-08 12:30:00,45493.3,45541.4,45493.3,45530.7,1870.0,85142409.0
2025-09-08 13:00:00,45531.0,45561.2,45490.4,45493.4,2519.0,114597874.60000001
2025-09-08 13:30:00,45493.3,45499.9,45315.7,45367.7,27927.0,1266983757.8999999
2025-09-08 14:00:00,45366.9,45432.1,45329.8,45424.9,17831.0,809971391.9
2025-09-08 14:30:00,45424.0,45517.3,45416.7,45506.3,9828.0,447235916.40000004
2025-09-08 15:00:00,45505.8,45555.3,45500.6,45533.3,7559.0,344186214.70000005
2025-09-08 15:30:00,45534.1,45540.2,45457.9,45493.3,8375.0,381006387.5
2025-09-08 16:00:00,45494.1,45499.3,45423.9,45438.4,7845.0,356464248.0
2025-09-08 16:30:00,45439.1,45464.8,45391.8,45458.9,7073.0,321530799.7
2025-09-08 17:00:00,45458.4,45469.9,45412.6,45456.4,4918.0,223554575.20000002
2025-09-08 17:30:00,45456.9,45474.9,45354.4,45380.3,5561.0,252359848.3
2025-09-08 18:00:00,45379.5,45472.9,45361.6,45472.4,6309.0,286885371.6
2025-09-08 18:30:00,45472.9,45512.1,45457.7,45500.7,4904.0,223135432.79999998
2025-09-08 19:00:00,45499.9,45506.3,45431.8,45455.2,6833.0,310595381.59999996
2025-09-08 19:30:00,45456.1,45577.2,45449.7,45565.7,8815.0,401661645.5
2025-09-08 20:00:00,45565.9,45582.6,45549.2,45579.3,2249.0,102507845.7
2025-09-08 20:30:00,45579.2,45583.1,45567.2,45577.2,648.0,29534025.599999998
2025-09-08 22:00:00,45583.2,45620.0,45583.2,45611.3,866.0,39499385.800000004
2025-09-08 22:30:00,45611.8,45627.7,45605.5,45626.8,410.0,18706988.0
2025-09-08 23:00:00,45627.7,45635.9,45619.4,45621.5,300.0,13686450.0
2025-09-08 23:30:00,45621.9,45623.9,45607.3,45608.9,470.0,21436183.0
2025-09-09 00:00:00,45609.7,45616.7,45589.4,45593.0,836.0,38115748.0
2025-09-09 00:30:00,45592.4,45602.8,45583.4,45585.3,535.0,24388135.5
2025-09-09 01:00:00,45584.5,45597.8,45563.4,45568.9,520.0,23695828.0
2025-09-09 01:30:00,45568.4,45592.7,45558.6,45579.9,766.0,34914203.4
2025-09-09 02:00:00,45581.5,45616.9,45581.5,45614.4,451.0,20572094.400000002
2025-09-09 02:30:00,45613.5,45629.7,45605.5,45608.4,449.0,20478171.6
2025-09-09 03:00:00,45608.9,45630.9,45606.4,45629.3,428.0,19529340.400000002
2025-09-09 03:30:00,45629.9,45632.7,45617.6,45624.4,352.0,16059788.8
2025-09-09 04:00:00,45624.9,45624.9,45616.4,45616.4,248.0,11312867.200000001
2025-09-09 04:30:00,45615.5,45618.7,45604.5,45613.4,241.0,10992829.4
2025-09-09 05:00:00,45612.5,45612.5,45578.4,45581.4,630.0,28716282.0
2025-09-09 05:30:00,45581.9,45619.7,45579.5,45608.6,504.0,22986734.4
2025-09-09 06:00:00,45607.6,45632.9,45602.4,45631.0,992.0,45265952.0
2025-09-09 06:30:00,45630.4,45644.9,45615.8,45628.3,929.0,42388690.7
2025-09-09 07:00:00,45628.9,45664.4,45608.9,45656.4,1920.0,87660288.0
2025-09-09 07:30:00,45655.6,45666.3,45597.9,45604.2,1774.0,80901850.8
2025-09-09 08:00:00,45603.8,45617.3,45584.9,45607.2,2169.0,98922016.8
2025-09-09 08:30:00,45606.2,45612.1,45571.1,45583.9,1415.0,64501218.5
2025-09-09 09:00:00,45583.1,45601.3,45576.1,45588.8,1218.0,55527158.400000006
2025-09-09 09:30:00,45589.1,45591.3,45570.0,45583.1,964.0,43942108.4
2025-09-09 10:00:00,45582.8,45597.3,45580.1,45582.9,900.0,41024610.0
2025-09-09 10:30:00,45583.1,45586.9,45555.1,45564.9,931.0,42420921.9
2025-09-09 11:00:00,45565.4,45635.3,45551.2,45616.1,1916.0,87400447.6
2025-09-09 11:30:00,45615.1,45646.4,45614.8,45629.0,1210.0,55211090.0
2025-09-09 12:00:00,45629.4,45638.4,45613.2,45622.4,1241.0,56617398.4
2025-09-09 12:30:00,45622.9,45629.4,45601.1,45625.9,1495.0,68210720.5
2025-09-09 13:00:00,45626.4,45632.2,45553.5,45556.4,4920.0,224137488.0
2025-09-09 13:30:00,45557.3,45620.1,45512.4,45561.7,22918.0,1044183040.5999999
2025-09-09 14:00:00,45562.0,45633.9,45513.4,45533.0,21900.0,997172700.0
2025-09-09 14:30:00,45533.8,45630.7,45477.4,45590.3,17982.0,819804774.6
2025-09-09 15:00:00,45591.1,45701.3,45580.9,45696.3,10605.0,484609261.50000006
2025-09-09 15:30:00,45695.7,45735.1,45597.6,45602.3,9751.0,444668027.3
2025-09-09 16:00:00,45601.7,45649.4,45570.6,45635.7,7613.0,347424584.09999996
2025-09-09 16:30:00,45634.9,45685.2,45630.9,45663.7,5773.0,263616540.1
2025-09-09 17:00:00,45662.9,45710.3,45645.7,45699.4,6668.0,304723599.2
2025-09-09 17:30:00,45698.8,45784.7,45695.8,45765.3,4920.0,225165276.0
2025-09-09 18:00:00,45764.5,45799.1,45749.6,45796.3,4828.0,221104536.4
2025-09-09 18:30:00,45797.1,45811.4,45755.4,45756.3,4324.0,197850241.20000002
2025-09-09 19:00:00,45755.5,45767.8,45708.5,45743.0,4213.0,192715259.0
2025-09-09 19:30:00,45743.8,45813.9,45731.6,45759.0,6568.0,300545112.0
2025-09-09 20:00:00,45759.8,45764.6,45698.2,45704.6,3376.0,154298729.6
2025-09-09 20:30:00,45704.2,45736.8,45702.4,45705.3,1316.0,60148174.800000004
2025-09-09 22:00:00,45691.3,45715.8,45674.1,45703.9,1350.0,61700265.0
2025-09-09 22:30:00,45703.4,45716.7,45694.6,45699.9,470.0,21478953.0
2025-09-09 23:00:00,45700.7,45701.8,45652.3,45653.3,862.0,39353144.6
2025-09-09 23:30:00,45653.9,45678.0,45650.4,45662.3,695.0,31735298.500000004
2025-09-10 00:00:00,45661.5,45694.9,45655.4,45691.4,891.0,40711037.4
2025-09-10 00:30:00,45690.5,45705.9,45682.4,45689.7,597.0,27276750.9
2025-09-10 01:00:00,45690.7,45714.9,45682.4,45712.3,700.0,31998610.000000004
2025-09-10 01:30:00,45712.9,45724.9,45705.5,45709.9,647.0,29574305.3
2025-09-10 02:00:00,45710.8,45717.0,45688.4,45691.3,553.0,25267288.900000002
2025-09-10 02:30:00,45691.9,45715.9,45689.4,45712.4,458.0,20936279.2
2025-09-10 03:00:00,45711.5,45718.0,45704.4,45704.4,262.0,11974552.8
2025-09-10 03:30:00,45704.9,45718.7,45704.9,45714.5,279.0,12754345.5
2025-09-10 04:00:00,45714.9,45719.7,45712.4,45719.7,193.0,8823902.1
2025-09-10 04:30:00,45720.7,45732.7,45719.5,45729.9,226.0,10334957.4
2025-09-10 05:00:00,45729.4,45729.7,45714.3,45722.8,394.0,18014783.200000003
2025-09-10 05:30:00,45723.7,45730.9,45706.6,45716.7,405.0,18515263.5
2025-09-10 06:00:00,45718.4,45719.7,45692.4,45712.6,789.0,36067241.4
2025-09-10 06:30:00,45712.9,45721.7,45691.7,45702.5,822.0,37567455.0
2025-09-10 07:00:00,45700.9,45745.8,45682.4,45740.1,2315.0,105888331.5
2025-09-10 07:30:00,45740.1,45754.4,45713.3,45726.9,1852.0,84686218.8
2025-09-10 08:00:00,45726.5,45749.3,45690.4,45691.9,1824.0,83342025.60000001
2025-09-10 08:30:00,45692.1,45694.1,45651.2,45667.4,2079.0,94942524.60000001
2025-09-10 09:00:00,45667.4,45677.9,45622.3,45659.1,2492.0,113782477.2
2025-09-10 09:30:00,45658.7,45677.1,45638.3,45674.8,1246.0,56910800.800000004
2025-09-10 10:00:00,45674.4,45696.3,45670.4,45694.4,1016.0,46425510.4
2025-09-10 10:30:00,45694.5,45708.3,45687.8,45707.4,1014.0,46347303.6
2025-09-10 11:00:00,45707.8,45716.4,45684.3,45687.1,1359.0,62088768.9
2025-09-10 11:30:00,45687.1,45702.2,45678.3,45689.9,1282.0,58574451.800000004
2025-09-10 12:00:00,45689.5,45712.5,45669.3,45680.8,2057.0,93965405.60000001
2025-09-10 12:30:00,45676.4,45848.4,45673.1,45754.7,10020.0,458462094.0
2025-09-10 13:00:00,45754.3,45789.0,45705.3,45716.0,4432.0,202613312.0
2025-09-10 13:30:00,45715.6,45742.2,45624.0,45667.9,35152.0,1605318020.8
2025-09-10 14:00:00,45668.3,45729.3,45635.7,45641.6,17402.0,794255123.1999999
2025-09-10 14:30:00,45640.9,45646.2,45512.9,45512.9,13301.0,605367082.9
2025-09-10 15:00:00,45513.3,45528.4,45414.3,45489.7,11828.0,538052171.6
2025-09-10 15:30:00,45490.3,45569.3,45452.7,45538.7,8828.0,402015643.59999996
2025-09-10 16:00:00,45539.3,45592.3,45493.9,45494.4,7637.0,347440732.8
2025-09-10 16:30:00,45495.1,45537.3,45444.7,45530.8,6882.0,313342965.6
2025-09-10 17:00:00,45531.3,45582.1,45482.9,45499.6,7498.0,341156000.8
2025-09-10 17:30:00,45498.9,45530.0,45465.7,45504.3,7038.0,320259263.40000004
2025-09-10 18:00:00,45503.7,45539.9,45477.7,45538.4,7851.0,357521978.40000004
2025-09-10 18:30:00,45537.5,45569.0,45502.5,45550.3,6406.0,291795221.8
2025-09-10 19:00:00,45549.7,45562.3,45457.4,45459.9,8943.0,406547885.7
2025-09-10 19:30:00,45460.8,45572.5,45421.7,45533.6,11049.0,503100746.4
2025-09-10 20:00:00,45533.1,45547.9,45498.4,45515.2,2012.0,91576582.39999999
2025-09-10 20:30:00,45514.4,45528.6,45512.3,45521.1,695.0,31637164.5
2025-09-10 22:00:00,45518.2,45549.8,45514.3,45537.9,677.0,30829158.3
2025-09-10 22:30:00,45538.1,45583.8,45537.3,45563.4,792.0,36086212.800000004
2025-09-10 23:00:00,45562.5,45598.5,45557.3,45577.3,720.0,32815656.000000004
2025-09-10 23:30:00,45577.9,45578.8,45558.5,45569.7,375.0,17088637.5
2025-09-11 00:00:00,45568.6,45573.8,45536.4,45550.0,1000.0,45550000.0
2025-09-11 00:30:00,45550.8,45583.7,45546.5,45573.9,643.0,29304017.7
2025-09-11 01:00:00,45573.4,45582.8,45564.6,45578.7,684.0,31175830.799999997
2025-09-11 01:30:00,45578.3,45588.9,45571.4,45587.9,598.0,27261564.2
2025-09-11 02:00:00,45587.4,45587.9,45568.6,45585.9,538.0,24525214.2
2025-09-11 02:30:00,45585.4,45591.1,45568.4,45579.0,354.0,16134966.0
2025-09-11 03:00:00,45578.4,45580.9,45574.4,45579.9,297.0,13537230.3
2025-09-11 03:30:00,45579.4,45581.9,45571.4,45574.4,345.0,15723168.0
2025-09-11 04:00:00,45573.5,45581.9,45547.4,45551.9,545.0,24825785.5
2025-09-11 04:30:00,45552.8,45555.8,45542.5,45544.2,426.0,19401829.2
2025-09-11 05:00:00,45544.8,45552.7,45520.4,45545.5,730.0,33248215.0
2025-09-11 05:30:00,45544.6,45562.7,45536.1,45536.4,654.0,29780805.6
2025-09-11 06:00:00,45535.5,45573.7,45526.4,45570.3,998.0,45479159.400000006
2025-09-11 06:30:00,45569.5,45599.8,45565.4,45586.9,943.0,42988446.7
2025-09-11 07:00:00,45588.4,45601.1,45568.6,45574.0,2579.0,117535346.0
2025-09-11 07:30:00,45573.4,45595.1,45563.1,45591.6,1784.0,81335414.39999999
2025-09-11 08:00:00,45590.7,45596.5,45576.0,45585.9,1486.0,67740647.4
2025-09-11 08:30:00,45585.8,45588.0,45565.4,45574.4,1088.0,49584947.2
2025-09-11 09:00:00,45574.8,45585.9,45565.9,45584.2,877.0,39977343.4
2025-09-11 09:30:00,45583.9,45608.8,45580.6,45607.3,835.0,38082095.5
2025-09-11 10:00:00,45607.4,45639.3,45603.9,45624.7,1029.0,46947816.3
2025-09-11 10:30:00,45625.3,45636.7,45615.9,45634.0,863.0,39382142.0
2025-09-11 11:00:00,45635.1,45646.3,45629.4,45631.8,859.0,39197716.2
2025-09-11 11:30:00,45631.4,45640.8,45612.1,45619.4,1282.0,58484070.800000004
2025-09-11 12:00:00,45618.6,45648.1,45605.7,45641.1,2966.0,135371502.6
2025-09-11 12:30:00,45633.3,45682.9,45532.6,45681.5,15335.0,700525802.5
2025-09-11 13:00:00,45680.6,45695.8,45630.5,45633.4,5484.0,250253565.6
2025-09-11 13:30:00,45634.2,45978.7,45606.3,45967.9,26589.0,1222240493.1000001
2025-09-11 14:00:00,45967.4,46050.8,45956.6,46041.7,14223.0,654851099.0999999
2025-09-11 14:30:00,46042.7,46123.0,46028.6,46082.4,11675.0,538012020.0
2025-09-11 15:00:00,46081.5,46129.9,46051.2,46113.0,8995.0,414786435.0
2025-09-11 15:30:00,46113.8,46146.7,46050.6,46098.4,6395.0,294799268.0
2025-09-11 16:00:00,46098.9,46150.0,46093.4,46126.3,5302.0,244561642.60000002
2025-09-11 16:30:00,46126.9,46140.8,46089.4,46124.4,5564.0,256636161.6
2025-09-11 17:00:00,46123.5,46163.9,46104.6,46117.4,5321.0,245390685.4
2025-09-11 17:30:00,46116.5,46163.0,46112.4,46159.9,4656.0,214920494.4
2025-09-11 18:00:00,46160.1,46182.9,46131.7,46144.3,5215.0,240642524.50000003
2025-09-11 18:30:00,46143.7,46159.3,46120.7,46123.7,4784.0,220655780.79999998
2025-09-11 19:00:00,46122.9,46149.3,46114.0,46134.7,4664.0,215172240.79999998
2025-09-11 19:30:00,46133.9,46189.6,46133.9,46148.3,6965.0,321422909.5
2025-09-11 20:00:00,46148.4,46166.6,46135.9,46147.4,2148.0,99124615.2
2025-09-11 20:30:00,46147.2,46160.8,46145.8,46154.3,524.0,24184853.200000003
2025-09-11 22:00:00,46178.1,46181.3,46162.6,46176.3,1145.0,52871863.5
2025-09-11 22:30:00,46176.6,46176.9,46159.3,46162.3,484.0,22342553.200000003
2025-09-11 23:00:00,46162.8,46178.6,46157.5,46171.7,261.0,12050813.7
2025-09-11 23:30:00,46171.3,46175.9,46156.8,46162.9,354.0,16341666.6
2025-09-12 00:00:00,46162.3,46178.9,46148.5,46171.4,696.0,32135294.400000002
2025-09-12 00:30:00,46170.5,46175.9,46163.4,46167.7,452.0,20867800.4
2025-09-12 01:00:00,46168.7,46169.9,46148.6,46153.3,486.0,22430503.8
2025-09-12 01:30:00,46153.9,46153.9,46129.4,46132.8,475.0,21913080.0
2025-09-12 02:00:00,46133.7,46146.9,46127.5,46138.4,452.0,20854556.8
2025-09-12 02:30:00,46137.5,46165.6,46136.5,46158.5,348.0,16063158.0
2025-09-12 03:00:00,46158.9,46164.7,46151.6,46157.9,215.0,9923948.5
2025-09-12 03:30:00,46158.7,46171.8,46152.6,46167.3,225.0,10387642.5
2025-09-12 04:00:00,46167.8,46176.8,46166.4,46166.9,248.0,11449391.200000001
2025-09-12 04:30:00,46167.7,46171.4,46153.5,46156.7,159.0,7338915.3
2025-09-12 05:00:00,46157.6,46165.7,46152.3,46160.8,246.0,11355556.8
2025-09-12 05:30:00,46160.3,46168.9,46146.4,46161.9,330.0,15233427.0
2025-09-12 06:00:00,46162.7,46163.0,46113.4,46119.3,685.0,31591720.500000004
2025-09-12 06:30:00,46119.9,46132.9,46094.6,46116.8,951.0,43857076.800000004
2025-09-12 07:00:00,46118.5,46137.8,46106.0,46110.4,1761.0,81200414.4
2025-09-12 07:30:00,46110.3,46111.9,46075.3,46084.9,1544.0,71155085.60000001
2025-09-12 08:00:00,46085.3,46094.4,46029.9,46072.9,2100.0,96753090.0
2025-09-12 08:30:00,46072.2,46081.5,46062.1,46081.5,1067.0,49168960.5
2025-09-12 09:00:00,46081.0,46090.4,46072.9,46082.5,877.0,40414352.5
2025-09-12 09:30:00,46082.9,46083.4,46058.0,46065.9,879.0,40491926.1
2025-09-12 10:00:00,46065.4,46073.9,46056.9,46057.4,604.0,27818669.6
2025-09-12 10:30:00,46056.9,46083.1,46056.9,46081.3,743.0,34238405.9
2025-09-12 11:00:00,46081.2,46088.4,46044.0,46083.6,766.0,35300037.6
2025-09-12 11:30:00,46083.0,46083.4,46036.1,46045.8,898.0,41349128.400000006
2025-09-12 12:00:00,46046.3,46060.4,46038.1,46058.3,1348.0,62086588.400000006
2025-09-12 12:30:00,46057.9,46079.4,46037.8,46079.1,1984.0,91420934.39999999
2025-09-12 13:00:00,46079.5,46114.1,46066.1,46067.2,1681.0,77438963.19999999
2025-09-12 13:30:00,46066.8,46114.8,46011.4,46092.8,18078.0,833265638.4000001
2025-09-12 14:00:00,46092.9,46106.9,45988.4,46009.0,10980.0,505178820.0
2025-09-12 14:30:00,46009.8,46012.9,45953.4,46008.9,7652.0,352060102.8
2025-09-12 15:00:00,46008.4,46008.9,45941.4,45947.4,6262.0,287722618.8
2025-09-12 15:30:00,45946.5,45967.7,45926.3,45957.2,5191.0,238563825.2
2025-09-12 16:00:00,45957.8,45967.5,45929.1,45954.3,4409.0,202612508.70000002
2025-09-12 16:30:00,45953.7,45963.1,45916.2,45939.9,5170.0,237509283.0
2025-09-12 17:00:00,45940.3,45982.8,45921.5,45972.2,4472.0,205587678.39999998
2025-09-12 17:30:00,45972.6,45973.3,45932.8,45947.3,4743.0,217928043.9
2025-09-12 18:00:00,45947.7,45971.2,45934.7,45966.2,3966.0,182301949.2
2025-09-12 18:30:00,45966.6,45998.1,45952.3,45956.3,4877.0,224128875.10000002
2025-09-12 19:00:00,45955.8,45977.5,45923.4,45928.9,5137.0,235936759.3
2025-09-12 19:30:00,45929.2,45942.7,45841.7,45867.2,14245.0,653378264.0
2025-09-12 20:00:00,45866.8,45882.3,45853.7,45872.3,2952.0,135415029.6
2025-09-12 20:30:00,45872.2,45887.9,45869.5,45869.5,739.0,33897560.5
2025-09-14 22:00:00,45876.8,45892.4,45849.5,45881.8,631.0,28951415.8
2025-09-14 22:30:00,45881.9,45891.6,45877.3,45883.9,264.0,12113349.6
2025-09-14 23:00:00,45883.3,45889.6,45867.5,45868.7,288.0,13210185.6
2025-09-14 23:30:00,45868.3,45870.9,45856.3,45868.9,506.0,23209663.400000002
2025-09-15 00:00:00,45869.8,45874.7,45840.6,45844.4,798.0,36583831.2
2025-09-15 00:30:00,45843.5,45867.9,45841.4,45866.9,553.0,25364395.7
2025-09-15 01:00:00,45867.7,45879.9,45867.4,45878.7,500.0,22939350.0
2025-09-15 01:30:00,45879.7,45893.8,45873.4,45888.9,488.0,22393783.2
2025-09-15 02:00:00,45889.7,45896.9,45881.4,45890.4,421.0,19319858.400000002
2025-09-15 02:30:00,45889.5,45898.4,45888.6,45897.9,335.0,15375796.5
2025-09-15 03:00:00,45897.4,45902.9,45889.6,45892.8,319.0,14639803.200000001
2025-09-15 03:30:00,45892.3,45896.9,45884.4,45887.3,264.0,12114247.200000001
2025-09-15 04:00:00,45886.5,45900.9,45885.4,45899.0,200.0,9179800.0
2025-09-15 04:30:00,45898.4,45901.7,45895.4,45901.7,115.0,5278695.5
2025-09-15 05:00:00,45902.7,45903.7,45888.4,45892.0,203.0,9316076.0
2025-09-15 05:30:00,45891.4,45913.9,45889.4,45911.7,247.0,11340189.899999999
2025-09-15 06:00:00,45914.1,45928.9,45911.4,45915.9,707.0,32462541.3
2025-09-15 06:30:00,45915.4,45945.7,45912.5,45933.5,610.0,28019435.0
2025-09-15 07:00:00,45931.8,45949.7,45920.6,45935.3,1598.0,73404609.4
2025-09-15 07:30:00,45935.2,45953.9,45922.3,45949.5,1166.0,53577117.0
2025-09-15 08:00:00,45949.3,45964.8,45870.3,45960.3,4169.0,191608490.70000002
2025-09-15 08:30:00,45960.7,45980.7,45931.4,45958.3,1697.0,77991235.10000001
2025-09-15 09:00:00,45958.2,45974.6,45951.2,45972.0,1275.0,58614300.0
2025-09-15 09:30:00,45971.6,45974.1,45957.5,45963.4,965.0,44354681.0
2025-09-15 10:00:00,45963.5,45973.9,45936.5,45940.4,828.0,38038651.2
2025-09-15 10:30:00,45940.9,45954.9,45928.2,45952.3,1008.0,46319918.400000006
2025-09-15 11:00:00,45952.7,45954.6,45923.3,45932.4,1162.0,53373448.800000004
2025-09-15 11:30:00,45932.8,45950.4,45931.3,45949.9,1012.0,46501298.800000004
2025-09-15 12:00:00,45950.7,45984.7,45946.3,45974.2,2581.0,118659410.19999999
2025-09-15 12:30:00,45973.5,45979.8,45953.8,45974.4,1790.0,82294176.0
2025-09-15 13:00:00,45974.5,45976.0,45919.4,45925.6,1900.0,87258640.0
2025-09-15 13:30:00,45925.4,45988.4,45844.7,45969.7,21413.0,984349186.0999999
2025-09-15 14:00:00,45968.9,45981.3,45870.8,45975.3,12239.0,562691696.7
2025-09-15 14:30:00,45974.7,46023.4,45934.6,45986.7,8006.0,368169520.2
2025-09-15 15:00:00,45987.3,45991.3,45857.7,45859.2,7354.0,337248556.79999995
2025-09-15 15:30:00,45858.7,45887.2,45809.7,45850.0,7152.0,327919200.0
2025-09-15 16:00:00,45850.3,45917.3,45838.7,45901.7,5527.0,253698695.89999998
2025-09-15 16:30:00,45902.3,45926.3,45877.7,45877.7,4908.0,225167751.6
2025-09-15 17:00:00,45876.9,45901.0,45828.1,45849.8,5332.0,244471133.60000002
2025-09-15 17:30:00,45848.9,45930.3,45846.9,45914.7,4841.0,222273062.7
2025-09-15 18:00:00,45915.3,45915.3,45851.6,45878.2,4449.0,204112111.79999998
2025-09-15 18:30:00,45877.7,45917.4,45836.7,45898.9,5721.0,262587606.9
2025-09-15 19:00:00,45899.3,45925.3,45869.0,45911.7,5165.0,237133930.49999997
2025-09-15 19:30:00,45910.9,45947.3,45878.7,45937.7,10192.0,468197038.4
2025-09-15 20:00:00,45938.2,45940.2,45898.3,45898.3,2593.0,119014291.9
2025-09-15 20:30:00,45898.8,45917.3,45897.3,45897.3,731.0,33550926.3
2025-09-15 22:00:00,45902.0,45912.8,45894.2,45897.9,407.0,18680445.3
2025-09-15 22:30:00,45897.4,45902.7,45885.5,45888.7,346.0,15877490.2
2025-09-15 23:00:00,45889.6,45934.6,45889.6,45931.3,365.0,16764924.500000002
2025-09-15 23:30:00,45930.5,45931.8,45912.5,45924.5,396.0,18186102.0
2025-09-16 00:00:00,45924.9,45925.8,45905.4,45907.3,660.0,30298818.000000004
2025-09-16 00:30:00,45907.9,45913.8,45898.4,45912.9,482.0,22130017.8
2025-09-16 01:00:00,45913.8,45932.9,45907.4,45907.9,437.0,20061752.3
2025-09-16 01:30:00,45907.4,45924.8,45906.4,45915.9,414.0,19009182.6
2025-09-16 02:00:00,45915.4,45935.7,45912.4,45935.3,264.0,12126919.200000001
2025-09-16 02:30:00,45935.9,45948.9,45928.4,45933.9,469.0,21542999.1
2025-09-16 03:00:00,45934.7,45957.9,45932.4,45955.4,315.0,14475951.0
2025-09-16 03:30:00,45955.9,45972.7,45954.4,45965.9,341.0,15674371.9
2025-09-16 04:00:00,45965.4,45966.9,45957.4,45963.5,257.0,11812619.5
2025-09-16 04:30:00,45962.6,45965.7,45952.4,45962.8,142.0,6526717.600000001
2025-09-16 05:00:00,45962.3,45968.8,45953.4,45964.4,357.0,16409290.8
2025-09-16 05:30:00,45963.5,45985.9,45954.4,45976.4,440.0,20229616.0
2025-09-16 06:00:00,45975.5,45987.9,45964.4,45966.9,538.0,24730192.2
2025-09-16 06:30:00,45966.4,45966.9,45934.4,45936.4,523.0,24024737.2
2025-09-16 07:00:00,45934.8,45956.4,45928.0,45937.4,2612.0,119988488.8
2025-09-16 07:30:00,45936.6,45979.8,45926.4,45976.8,1458.0,67034174.400000006
2025-09-16 08:00:00,45976.4,45976.4,45930.1,45948.0,2076.0,95388048.0
2025-09-16 08:30:00,45947.8,45978.3,45943.5,45961.7,1120.0,51477104.0
2025-09-16 09:00:00,45961.4,45979.5,45945.0,45955.9,954.0,43841928.6
2025-09-16 09:30:00,45955.5,45955.9,45918.4,45930.6,948.0,43542208.8
2025-09-16 10:00:00,45930.3,45942.9,45922.4,45935.9,912.0,41893540.800000004
2025-09-16 10:30:00,45936.0,45958.8,45919.4,45943.6,1002.0,46035487.199999996
2025-09-16 11:00:00,45943.3,45947.0,45921.8,45943.2,1324.0,60828796.8
2025-09-16 11:30:00,45943.7,45947.0,45930.4,45930.4,1097.0,50385648.800000004
2025-09-16 12:00:00,45930.6,45938.7,45910.1,45923.3,1334.0,61261682.2
2025-09-16 12:30:00,45920.8,45930.0,45871.9,45884.9,2320.0,106452968.0
2025-09-16 13:00:00,45883.9,45952.4,45865.3,45938.9,3298.0,151506492.20000002
2025-09-16 13:30:00,45940.1,46012.0,45782.6,45800.7,21774.0,997264441.8
2025-09-16 14:00:00,45801.2,45819.3,45703.8,45757.4,14179.0,648794174.6
2025-09-16 14:30:00,45757.1,45779.4,45709.9,45753.1,10241.0,468557497.09999996
2025-09-16 15:00:00,45753.6,45804.6,45722.1,45742.0,8168.0,373620656.0
2025-09-16 15:30:00,45741.2,45809.6,45712.1,45802.3,7019.0,321486343.70000005
2025-09-16 16:00:00,45801.7,45831.2,45781.8,45810.9,5686.0,260480777.4
2025-09-16 16:30:00,45811.3,45832.3,45783.8,45815.6,5215.0,238928354.0
2025-09-16 17:00:00,45816.1,45837.2,45781.9,45802.1,4361.0,199742958.1
2025-09-16 17:30:00,45803.1,45833.3,45782.8,45811.8,4439.0,203358580.20000002
2025-09-16 18:00:00,45811.6,45839.9,45781.2,45805.3,3722.0,170487326.60000002
2025-09-16 18:30:00,45804.7,45856.4,45798.8,45839.3,3413.0,156449530.9
2025-09-16 19:00:00,45838.8,45841.1,45791.4,45799.9,3888.0,178070011.20000002
2025-09-16 19:30:00,45800.7,45850.9,45758.3,45808.4,9014.0,412916917.6
2025-09-16 20:00:00,45808.9,45841.3,45807.1,45839.4,1629.0,74672382.60000001
2025-09-16 20:30:00,45839.2,45848.3,45818.9,45826.2,743.0,34048866.6
2025-09-16 22:00:00,45824.4,45835.7,45809.0,45835.3,755.0,34605651.5
2025-09-16 22:30:00,45835.8,45853.8,45835.3,45844.5,270.0,12378015.0
2025-09-16 23:00:00,45844.9,45850.7,45828.6,45830.3,214.0,9807684.200000001
2025-09-16 23:30:00,45829.5,45843.8,45825.5,45840.5,256.0,11735168.0
2025-09-17 00:00:00,45839.6,45851.7,45825.6,45833.4,742.0,34008382.800000004
2025-09-17 00:30:00,45833.9,45836.9,45816.5,45824.5,445.0,20391902.5
2025-09-17 01:00:00,45824.9,45829.7,45799.4,45804.9,578.0,26475232.2
2025-09-17 01:30:00,45804.4,45805.9,45789.4,45794.4,542.0,24820564.8
2025-09-17 02:00:00,45794.9,45801.7,45774.5,45776.0,404.0,18493504.0
2025-09-17 02:30:00,45776.8,45777.1,45753.4,45771.3,379.0,17347322.7
2025-09-17 03:00:00,45770.5,45772.7,45761.4,45768.0,259.0,11853912.0
2025-09-17 03:30:00,45768.8,45774.9,45764.4,45770.9,204.0,9337263.6
2025-09-17 04:00:00,45771.7,45776.9,45762.4,45772.5,257.0,11763532.5
2025-09-17 04:30:00,45771.6,45783.9,45771.4,45777.5,205.0,9384387.5
2025-09-17 05:00:00,45777.9,45779.7,45758.5,45768.9,409.0,18719480.1
2025-09-17 05:30:00,45769.8,45789.0,45766.5,45778.5,377.0,17258494.5
2025-09-17 06:00:00,45778.9,45792.9,45753.6,45774.3,644.0,29478649.200000003
2025-09-17 06:30:00,45773.5,45808.6,45765.3,45797.8,539.0,24685014.200000003
2025-09-17 07:00:00,45799.4,45810.2,45773.2,45809.2,1898.0,86945861.6
2025-09-17 07:30:00,45809.3,45816.2,45790.3,45803.3,1267.0,58032781.1
2025-09-17 08:00:00,45803.3,45808.2,45776.3,45799.1,1376.0,63019561.6
2025-09-17 08:30:00,45798.7,45819.3,45753.7,45809.9,5442.0,249297475.8
2025-09-17 09:00:00,45809.9,45833.3,45798.8,45828.4,1463.0,67046949.2
2025-09-17 09:30:00,45828.4,45829.3,45805.9,45813.7,1190.0,54518303.0
2025-09-17 10:00:00,45813.2,45829.6,45807.6,45820.1,1067.0,48890046.699999996
2025-09-17 10:30:00,45820.6,45821.3,45793.7,45799.6,1414.0,64760634.4
2025-09-17 11:00:00,45799.7,45827.2,45779.8,45820.6,1301.0,59612600.6
2025-09-17 11:30:00,45820.2,45831.1,45803.2,45820.6,1296.0,59383497.6
2025-09-17 12:00:00,45820.5,45843.2,45815.4,45835.0,1388.0,63618980.0
2025-09-17 12:30:00,45835.3,45877.2,45833.8,45873.2,1762.0,80828578.39999999
2025-09-17 13:00:00,45873.8,45900.1,45848.0,45899.7,2041.0,93681287.69999999
2025-09-17 13:30:00,45899.2,46116.4,45896.5,46068.8,23403.0,1078148126.4
2025-09-17 14:00:00,46069.4,46107.4,45982.9,46054.5,13820.0,636473190.0
2025-09-17 14:30:00,46055.3,46133.6,46022.9,46102.4,8494.0,391593785.6
2025-09-17 15:00:00,46103.3,46130.9,46074.1,46091.1,6333.0,291894936.3
2025-09-17 15:30:00,46090.5,46153.0,46090.5,46149.5,4858.0,224194271.0
2025-09-17 16:00:00,46148.7,46153.8,46041.7,46052.1,5148.0,237076210.79999998
2025-09-17 16:30:00,46051.6,46065.0,45986.7,45994.5,5449.0,250624030.5
2025-09-17 17:00:00,45995.0,46049.5,45992.7,46027.4,5011.0,230643301.4
2025-09-17 17:30:00,46028.3,46086.9,46000.9,46081.4,5504.0,253632025.6
2025-09-17 18:00:00,46080.9,46319.5,46043.7,46259.4,58618.0,2711633509.2000003
2025-09-17 18:30:00,46260.6,46271.2,45715.7,45955.7,80494.0,3699158115.7999997
2025-09-17 19:00:00,45955.3,46111.1,45914.7,46070.6,71393.0,3289118345.7999997
2025-09-17 19:30:00,46071.3,46110.2,45995.1,46054.3,49219.0,2266746591.7000003
2025-09-17 20:00:00,46053.8,46096.2,46029.8,46071.3,4715.0,217226179.5
2025-09-17 20:30:00,46072.1,46096.2,46053.8,46073.4,1201.0,55334153.4
2025-09-17 22:00:00,46072.4,46129.9,46068.3,46127.8,808.0,37271262.400000006
2025-09-17 22:30:00,46127.3,46190.7,46121.5,46167.8,1009.0,46583310.2
2025-09-17 23:00:00,46166.6,46193.7,46166.2,46185.8,663.0,30621185.400000002
2025-09-17 23:30:00,46186.7,46214.5,46173.5,46184.9,687.0,31729026.3
2025-09-18 00:00:00,46185.7,46185.7,46132.3,46135.3,1012.0,46688923.6
2025-09-18 00:30:00,46135.9,46149.9,46133.4,46140.4,597.0,27545818.8
2025-09-18 01:00:00,46140.9,46171.9,46139.6,46163.0,809.0,37345867.0
2025-09-18 01:30:00,46163.9,46175.8,46156.5,46170.9,601.0,27748710.900000002
2025-09-18 02:00:00,46170.4,46179.9,46157.3,46178.3,411.0,18979281.3
2025-09-18 02:30:00,46178.9,46196.6,46176.1,46187.3,429.0,19814351.700000003
2025-09-18 03:00:00,46186.4,46213.9,46185.4,46198.4,691.0,31923094.400000002
2025-09-18 03:30:00,46198.9,46204.7,46176.4,46188.4,450.0,20784780.0
2025-09-18 04:00:00,46188.9,46194.9,46179.4,46192.7,405.0,18708043.5
2025-09-18 04:30:00,46193.7,46209.9,46189.5,46207.4,482.0,22271966.8
2025-09-18 05:00:00,46206.5,46211.7,46162.3,46162.6,543.0,25066291.8
2025-09-18 05:30:00,46163.0,46192.9,46160.5,46187.3,753.0,34779036.9
2025-09-18 06:00:00,46186.5,46190.7,46149.5,46162.9,1387.0,64027942.300000004
2025-09-18 06:30:00,46162.4,46214.6,46142.4,46207.9,1307.0,60393725.300000004
2025-09-18 07:00:00,46208.7,46263.8,46197.3,46221.6,2691.0,124382325.6
2025-09-18 07:30:00,46221.5,46287.0,46217.9,46279.2,2789.0,129072688.8
2025-09-18 08:00:00,46279.3,46309.9,46253.6,46305.7,3553.0,164524152.1
2025-09-18 08:30:00,46305.2,46395.8,46304.6,46381.2,2869.0,133067662.8
2025-09-18 09:00:00,46381.3,46406.2,46359.7,46372.9,2381.0,110413874.9
2025-09-18 09:30:00,46372.9,46410.0,46371.6,46373.8,1962.0,90985395.60000001
2025-09-18 10:00:00,46374.2,46391.3,46361.8,46366.8,1432.0,66397257.6
2025-09-18 10:30:00,46366.2,46366.4,46323.3,46347.7,1492.0,69150768.39999999
2025-09-18 11:00:00,46348.2,46390.0,46341.7,46362.8,3146.0,145857368.8
2025-09-18 11:30:00,46362.3,46363.1,46290.0,46306.7,2415.0,111830680.5
2025-09-18 12:00:00,46307.4,46312.5,46261.3,46275.0,2726.0,126145650.0
2025-09-18 12:30:00,46273.2,46282.4,46140.6,46140.8,4093.0,188854294.4
2025-09-18 13:00:00,46140.6,46141.8,46029.5,46038.6,7595.0,349663167.0
2025-09-18 13:30:00,46039.1,46141.5,45981.9,46110.8,44179.0,2037129033.2
2025-09-18 14:00:00,46110.1,46335.4,46106.0,46327.4,18997.0,880081617.8000001
2025-09-18 14:30:00,46326.9,46367.2,46169.7,46179.7,16706.0,771478068.1999999
2025-09-18 15:00:00,46180.3,46249.6,46117.1,46179.1,14197.0,655604682.6999999
2025-09-18 15:30:00,46179.6,46238.2,46102.1,46148.6,12263.0,565920281.8
2025-09-18 16:00:00,46148.4,46257.2,46130.9,46249.5,11143.0,515358178.5
2025-09-18 16:30:00,46250.1,46323.1,46243.7,46317.7,5563.0,257665365.1
2025-09-18 17:00:00,46318.1,46333.0,46232.6,46244.8,8276.0,382721964.8
2025-09-18 17:30:00,46245.1,46267.2,46191.5,46209.2,8345.0,385615774.0
2025-09-18 18:00:00,46209.9,46234.2,46183.6,46198.5,6617.0,305695474.5
2025-09-18 18:30:00,46199.1,46251.2,46141.6,46230.4,5861.0,270956374.40000004
2025-09-18 19:00:00,46230.6,46256.4,46183.7,46192.8,6255.0,288935964.0
2025-09-18 19:30:00,46193.4,46237.4,46149.7,46198.3,12365.0,571241979.5
2025-09-18 20:00:00,46197.8,46233.8,46185.9,46233.6,3169.0,146514278.4
2025-09-18 20:30:00,46233.3,46243.1,46227.7,46240.8,647.0,29917797.6
2025-09-18 22:00:00,46245.9,46302.6,46245.9,46292.2,754.0,34904318.8
2025-09-18 22:30:00,46291.5,46292.8,46254.4,46286.9,812.0,37584962.800000004
2025-09-18 23:00:00,46286.4,46297.8,46278.3,46284.3,475.0,21985042.5
2025-09-18 23:30:00,46283.5,46298.8,46281.3,46282.9,522.0,24159673.8
2025-09-19 00:00:00,46282.3,46304.6,46226.6,46234.9,1349.0,62370880.1
2025-09-19 00:30:00,46234.4,46251.7,46220.4,46246.0,1011.0,46754706.0
2025-09-19 01:00:00,46245.4,46249.9,46229.5,46247.9,868.0,40143177.2
2025-09-19 01:30:00,46248.7,46272.9,46248.4,46265.9,925.0,42795957.5
2025-09-19 02:00:00,46265.4,46274.7,46226.6,46227.8,899.0,41558792.2
2025-09-19 02:30:00,46227.3,46246.9,46226.4,46238.4,482.0,22286908.8
2025-09-19 03:00:00,46238.9,46287.8,46236.4,46285.7,656.0,30363419.2
2025-09-19 03:30:00,46285.3,46285.3,46243.3,46253.9,1903.0,88021171.7
2025-09-19 04:00:00,46254.7,46257.8,46205.4,46233.4,2321.0,107307721.4
2025-09-19 04:30:00,46232.5,46250.9,46226.4,46247.9,806.0,37275807.4
2025-09-19 05:00:00,46248.7,46253.7,46220.6,46220.6,692.0,31984655.2
2025-09-19 05:30:00,46219.6,46219.9,46180.4,46198.5,1347.0,62229379.5
2025-09-19 06:00:00,46199.7,46209.9,46124.7,46151.8,2257.0,104164612.60000001
2025-09-19 06:30:00,46151.3,46188.7,46132.4,46132.9,2639.0,121744723.10000001
2025-09-19 07:00:00,46132.3,46178.7,46092.2,46174.0,5722.0,264207628.0
2025-09-19 07:30:00,46173.6,46186.1,46143.2,46175.2,3165.0,146144508.0
2025-09-19 08:00:00,46176.0,46222.7,46153.7,46219.3,2774.0,128212338.2
2025-09-19 08:30:00,46218.9,46227.3,46201.6,46207.4,1520.0,70235248.0
2025-09-19 09:00:00,46207.4,46220.1,46189.2,46212.6,1602.0,74032585.2
2025-09-19 09:30:00,46213.0,46223.4,46186.6,46191.3,1930.0,89149209.0
2025-09-19 10:00:00,46192.0,46201.3,46171.6,46180.3,1799.0,83078359.7
2025-09-19 10:30:00,46180.7,46204.3,46169.6,46194.8,1512.0,69846537.60000001
2025-09-19 11:00:00,46194.0,46215.2,46180.6,46211.6,2200.0,101665520.0
2025-09-19 11:30:00,46211.2,46230.5,46199.7,46227.7,1723.0,79650327.1
2025-09-19 12:00:00,46227.2,46262.7,46222.2,46260.6,2081.0,96268308.6
2025-09-19 12:30:00,46260.9,46280.0,46248.7,46259.3,3146.0,145531757.8
2025-09-19 13:00:00,46259.9,46380.2,46253.6,46321.1,6853.0,317438498.3
2025-09-19 13:30:00,46320.4,46326.8,46144.1,46229.9,28215.0,1304376628.5
2025-09-19 14:00:00,46230.4,46290.4,46195.9,46231.4,17221.0,796150939.4
2025-09-19 14:30:00,46232.2,46276.2,46167.8,46205.6,14000.0,646878400.0
2025-09-19 15:00:00,46206.1,46243.6,46153.9,46161.7,11768.0,543230885.6
2025-09-19 15:30:00,46161.0,46212.4,46130.8,46206.4,7920.0,365954688.0
2025-09-19 16:00:00,46205.9,46321.4,46198.9,46307.3,6563.0,303914809.90000004
2025-09-19 16:30:00,46308.2,46315.4,46277.9,46300.4,5308.0,245762523.20000002
2025-09-19 17:00:00,46301.3,46323.4,46267.9,46322.0,4515.0,209143830.0
2025-09-19 17:30:00,46321.1,46354.4,46311.9,46347.4,4371.0,202584485.4
2025-09-19 18:00:00,46346.9,46351.4,46298.9,46320.4,4484.0,207700673.6
2025-09-19 18:30:00,46319.9,46351.5,46301.9,46349.9,4376.0,202827162.4
2025-09-19 19:00:00,46350.4,46412.3,46339.0,46400.9,5388.0,250008049.20000002
2025-09-19 19:30:00,46400.0,46434.5,46337.9,46347.4,11434.0,529936171.6
2025-09-19 20:00:00,46346.9,46357.3,46305.9,46312.1,3323.0,153895108.29999998
2025-09-19 20:30:00,46312.1,46327.4,46301.2,46313.0,1098.0,50851674.0
2025-09-21 22:00:00,46311.6,46345.8,46293.4,46307.3,1017.0,47094524.1
2025-09-21 22:30:00,46308.6,46333.6,46303.3,46311.5,601.0,27833211.5
2025-09-21 23:00:00,46311.9,46314.6,46294.3,46302.7,328.0,15187285.6
2025-09-21 23:30:00,46302.3,46302.9,46284.5,46288.8,383.0,17728610.400000002
2025-09-22 00:00:00,46288.3,46315.7,46286.4,46298.4,1188.0,55002499.2
2025-09-22 00:30:00,46297.5,46297.5,46253.6,46264.3,1114.0,51538430.2
2025-09-22 01:00:00,46264.8,46296.7,46260.6,46274.9,836.0,38685816.4
2025-09-22 01:30:00,46275.8,46284.9,46260.5,46280.3,818.0,37857285.400000006
2025-09-22 02:00:00,46279.5,46288.6,46271.4,46277.4,440.0,20362056.0
2025-09-22 02:30:00,46277.9,46290.9,46277.9,46286.4,292.0,13515628.8
2025-09-22 03:00:00,46285.5,46304.9,46275.5,46304.9,349.0,16160410.1
2025-09-22 03:30:00,46304.4,46321.9,46301.6,46314.9,327.0,15144972.3
2025-09-22 04:00:00,46314.4,46321.9,46302.4,46303.9,291.0,13474434.9
2025-09-22 04:30:00,46303.4,46307.7,46294.5,46295.5,199.0,9212804.5
2025-09-22 05:00:00,46296.0,46314.9,46295.6,46309.3,323.0,14957903.9
2025-09-22 05:30:00,46307.8,46310.4,46294.5,46294.5,386.0,17869677.0
2025-09-22 06:00:00,46294.9,46298.9,46269.4,46279.9,1018.0,47112938.2
2025-09-22 06:30:00,46280.7,46290.9,46266.4,46274.7,736.0,34058179.199999996
2025-09-22 07:00:00,46273.6,46290.6,46174.1,46189.6,4009.0,185174106.4
2025-09-22 07:30:00,46189.2,46229.0,46186.3,46220.7,2658.0,122854620.6
2025-09-22 08:00:00,46220.5,46264.2,46197.7,46257.0,2522.0,116660154.0
2025-09-22 08:30:00,46257.2,46265.0,46230.4,46231.5,1559.0,72074908.5
2025-09-22 09:00:00,46231.8,46239.3,46197.5,46209.3,2214.0,102307390.2
2025-09-22 09:30:00,46208.8,46220.1,46205.2,46209.9,1263.0,58363103.7
2025-09-22 10:00:00,46209.4,46247.7,46207.7,46234.9,1317.0,60891363.300000004
2025-09-22 10:30:00,46235.2,46245.4,46206.2,46207.4,1174.0,54247487.6
2025-09-22 11:00:00,46207.1,46213.3,46190.5,46200.6,1595.0,73689957.0
2025-09-22 11:30:00,46200.2,46210.2,46176.7,46206.4,1399.0,64642753.6
2025-09-22 12:00:00,46205.9,46207.0,46179.7,46179.7,1456.0,67237643.2
2025-09-22 12:30:00,46179.5,46184.2,46149.3,46159.7,2019.0,93196434.3
2025-09-22 13:00:00,46159.5,46187.0,46139.6,46178.2,2311.0,106717820.19999999
2025-09-22 13:30:00,46179.2,46262.1,46072.9,46255.1,21153.0,978434130.3
2025-09-22 14:00:00,46255.9,46293.0,46201.1,46272.6,11466.0,530561631.59999996
2025-09-22 14:30:00,46271.7,46389.1,46264.7,46385.6,7349.0,340887774.4
2025-09-22 15:00:00,46386.1,46435.2,46368.5,46378.0,6278.0,291161084.0
2025-09-22 15:30:00,46378.2,46414.1,46359.5,46387.5,6076.0,281850450.0
2025-09-22 16:00:00,46388.1,46413.2,46360.7,46398.2,8006.0,371463989.2
2025-09-22 16:30:00,46397.6,46433.2,46383.8,46424.2,5472.0,254033222.39999998
2025-09-22 17:00:00,46423.6,46456.1,46400.6,46453.1,4139.0,192269380.9
2025-09-22 17:30:00,46452.6,46482.0,46422.8,46425.1,3757.0,174419100.7
2025-09-22 18:00:00,46424.5,46443.1,46396.6,46433.1,3596.0,166973427.6
2025-09-22 18:30:00,46432.5,46463.8,46415.6,46458.1,2986.0,138723886.6
2025-09-22 19:00:00,46458.9,46476.9,46436.7,46457.1,3026.0,140579184.6
2025-09-22 19:30:00,46456.5,46498.2,46431.5,46433.1,7446.0,345740862.59999996
2025-09-22 20:00:00,46432.6,46436.9,46396.5,46398.2,1563.0,72520386.6
2025-09-22 20:30:00,46398.8,46427.8,46397.5,46417.0,425.0,19727225.0
2025-09-22 22:00:00,46421.7,46430.9,46402.5,46409.7,659.0,30583992.299999997
2025-09-22 22:30:00,46409.3,46419.6,46404.5,46417.4,394.0,18288455.6
2025-09-22 23:00:00,46417.8,46428.6,46412.5,46422.4,268.0,12441203.200000001
2025-09-22 23:30:00,46422.9,46452.0,46419.4,46436.9,415.0,19271313.5
2025-09-23 00:00:00,46437.7,46455.6,46424.4,46439.3,646.0,29999787.8
2025-09-23 00:30:00,46439.9,46449.9,46436.5,46442.3,506.0,23499803.8
2025-09-23 01:00:00,46441.5,46460.7,46439.3,46458.5,502.0,23322167.0
2025-09-23 01:30:00,46458.9,46468.9,46445.6,46448.9,495.0,22992205.5
2025-09-23 02:00:00,46448.4,46464.9,46446.4,46448.5,430.0,19972855.0
2025-09-23 02:30:00,46448.9,46459.9,46443.4,46444.7,352.0,16348534.399999999
2025-09-23 03:00:00,46444.3,46458.9,46444.3,46447.4,248.0,11518955.200000001
2025-09-23 03:30:00,46446.5,46450.9,46441.4,46441.9,243.0,11285381.700000001
2025-09-23 04:00:00,46441.4,46442.7,46422.4,46425.9,293.0,13602788.700000001
2025-09-23 04:30:00,46425.4,46428.8,46413.4,46424.4,349.0,16202115.6
2025-09-23 05:00:00,46423.5,46448.9,46419.6,46446.4,449.0,20854433.6
2025-09-23 05:30:00,46446.9,46475.7,46446.9,46449.4,520.0,24153688.0
2025-09-23 06:00:00,46450.6,46464.6,46438.4,46456.9,872.0,40510416.800000004
2025-09-23 06:30:00,46457.7,46469.7,46442.4,46466.5,611.0,28391031.5
2025-09-23 07:00:00,46467.6,46468.9,46433.8,46440.3,2617.0,121534265.10000001
2025-09-23 07:30:00,46441.0,46462.6,46435.0,46447.1,1895.0,88017254.5
2025-09-23 08:00:00,46446.6,46484.1,46430.7,46480.2,1938.0,90078627.6
2025-09-23 08:30:00,46481.0,46495.6,46460.3,46494.0,1224.0,56908656.0
2025-09-23 09:00:00,46493.9,46496.1,46475.7,46491.5,906.0,42121299.0
2025-09-23 09:30:00,46491.4,46511.2,46491.0,46496.2,885.0,41149137.0
2025-09-23 10:00:00,46496.6,46503.2,46479.3,46479.3,972.0,45177879.6
2025-09-23 10:30:00,46479.6,46480.3,46443.7,46475.1,1049.0,48752379.9
2025-09-23 11:00:00,46474.7,46476.7,46455.7,46468.8,1269.0,58968907.2
2025-09-23 11:30:00,46468.2,46491.5,46460.1,46486.5,1104.0,51321096.0
2025-09-23 12:00:00,46486.7,46497.3,46477.5,46491.3,1250.0,58114125.0
2025-09-23 12:30:00,46490.8,46494.5,46474.6,46487.5,1622.0,75402725.0
2025-09-23 13:00:00,46488.0,46498.2,46472.3,46484.0,2060.0,95757040.0
2025-09-23 13:30:00,46484.5,46740.5,46479.1,46736.2,22457.0,1049554843.4
2025-09-23 14:00:00,46735.4,46763.6,46634.4,46643.1,12692.0,591994225.1999999
2025-09-23 14:30:00,46643.6,46682.5,46594.4,46631.8,8431.0,393152705.8
2025-09-23 15:00:00,46632.6,46646.8,46564.3,46570.2,6724.0,313138024.79999995
2025-09-23 15:30:00,46569.4,46575.8,46457.2,46458.2,7460.0,346578172.0
2025-09-23 16:00:00,46458.8,46473.2,46424.3,46458.3,6729.0,312617900.70000005
2025-09-23 16:30:00,46457.8,46504.8,46409.1,46432.8,8285.0,384695748.0
2025-09-23 17:00:00,46433.6,46452.6,46350.4,46350.8,9652.0,447377921.6
2025-09-23 17:30:00,46351.6,46363.7,46255.0,46315.8,22075.0,1022421285.0000001
2025-09-23 18:00:00,46316.4,46338.4,46263.1,46300.9,12805.0,592883024.5
2025-09-23 18:30:00,46300.1,46343.2,46266.2,46281.2,8441.0,390659609.2
2025-09-23 19:00:00,46280.4,46335.8,46279.4,46311.6,7196.0,333258273.59999996
2025-09-23 19:30:00,46312.5,46389.3,46299.2,46346.2,9958.0,461515459.59999996
2025-09-23 20:00:00,46345.4,46368.3,46335.5,46368.3,2018.0,93571229.4
2025-09-23 20:30:00,46368.1,46368.1,46349.8,46361.2,517.0,23968740.4
2025-09-23 22:00:00,46371.1,46396.8,46365.2,46367.1,610.0,28283931.0
2025-09-23 22:30:00,46368.3,46386.7,46364.7,46382.9,324.0,15028059.6
2025-09-23 23:00:00,46383.8,46384.0,46369.8,46375.9,239.0,11083840.1
2025-09-23 23:30:00,46376.8,46388.2,46373.5,46376.8,307.0,14237677.600000001
2025-09-24 00:00:00,46376.3,46386.8,46339.4,46383.4,1088.0,50465139.2
2025-09-24 00:30:00,46382.5,46396.9,46361.5,46388.3,589.0,27322708.700000003
2025-09-24 01:00:00,46387.4,46391.8,46369.4,46383.9,725.0,33628327.5
2025-09-24 01:30:00,46384.7,46390.9,46357.4,46373.9,834.0,38675832.6
2025-09-24 02:00:00,46374.7,46389.9,46365.6,46389.8,592.0,27462761.6
2025-09-24 02:30:00,46390.7,46395.8,46384.3,46393.3,563.0,26119427.900000002
2025-09-24 03:00:00,46392.5,46398.9,46384.5,46393.8,390.0,18093582.0
2025-09-24 03:30:00,46394.7,46399.6,46379.0,46399.2,362.0,16796510.4
2025-09-24 04:00:00,46398.4,46402.8,46393.6,46402.3,394.0,18282506.200000003
2025-09-24 04:30:00,46403.5,46419.6,46401.5,46415.4,230.0,10675542.0
2025-09-24 05:00:00,46414.5,46425.7,46408.4,46423.0,308.0,14298284.0
2025-09-24 05:30:00,46422.4,46428.9,46408.4,46428.9,441.0,20475144.900000002
2025-09-24 06:00:00,46429.7,46441.9,46418.4,46427.4,740.0,34356276.0
2025-09-24 06:30:00,46426.5,46448.9,46420.4,46424.9,721.0,33472352.900000002
2025-09-24 07:00:00,46423.7,46434.2,46341.1,46342.8,2785.0,129064698.00000001
2025-09-24 07:30:00,46343.1,46412.0,46343.0,46411.6,1957.0,90827501.2
2025-09-24 08:00:00,46412.1,46413.0,46351.6,46351.6,2078.0,96318624.8
2025-09-24 08:30:00,46351.2,46367.2,46345.2,46363.1,1304.0,60457482.4
2025-09-24 09:00:00,46363.0,46381.8,46350.7,46377.2,1019.0,47258366.8
2025-09-24 09:30:00,46377.0,46385.1,46357.8,46366.5,951.0,44094541.5
2025-09-24 10:00:00,46366.1,46373.3,46343.1,46344.1,1008.0,46714852.8
2025-09-24 10:30:00,46344.3,46364.1,46334.6,46361.5,1005.0,46593307.5
2025-09-24 11:00:00,46361.7,46390.3,46361.5,46382.5,1070.0,49629275.0
2025-09-24 11:30:00,46382.2,46401.3,46366.2,46384.8,1428.0,66237494.400000006
2025-09-24 12:00:00,46384.5,46422.7,46380.9,46419.5,1705.0,79145247.5
2025-09-24 12:30:00,46419.7,46432.2,46407.6,46431.7,1791.0,83159174.69999999
2025-09-24 13:00:00,46431.3,46441.1,46394.3,46407.8,2108.0,97827642.4
2025-09-24 13:30:00,46407.6,46508.2,46359.0,46402.7,21912.0,1016775962.4
2025-09-24 14:00:00,46402.0,46430.4,46361.9,46397.9,14121.0,655184745.9
2025-09-24 14:30:00,46397.0,46420.4,46350.1,46368.2,10310.0,478056141.99999994
2025-09-24 15:00:00,46369.4,46384.7,46278.2,46292.8,8366.0,387285564.8
2025-09-24 15:30:00,46293.6,46303.3,46170.1,46189.9,12841.0,593124505.9
2025-09-24 16:00:00,46190.4,46237.4,46151.9,46216.4,14302.0,660986952.8000001
2025-09-24 16:30:00,46217.3,46255.4,46190.0,46198.8,8789.0,406041253.20000005
2025-09-24 17:00:00,46199.4,46265.4,46190.1,46230.4,8543.0,394946307.2
2025-09-24 17:30:00,46229.9,46264.2,46150.2,46173.4,7294.0,336788779.6
2025-09-24 18:00:00,46174.3,46195.3,46132.0,46177.4,7475.0,345176065.0
2025-09-24 18:30:00,46176.9,46208.0,46163.9,46192.9,6949.0,320994462.1
2025-09-24 19:00:00,46192.0,46192.4,46143.7,46173.9,6234.0,287848092.6
2025-09-24 19:30:00,46174.4,46190.3,46149.1,46153.3,8535.0,393918415.5
2025-09-24 20:00:00,46152.8,46219.1,46152.8,46202.6,2323.0,107328639.8
2025-09-24 20:30:00,46202.2,46209.6,46197.8,46205.3,444.0,20515153.200000003
2025-09-24 22:00:00,46211.2,46211.5,46189.6,46195.9,850.0,39266515.0
2025-09-24 22:30:00,46196.3,46210.5,46193.6,46206.9,242.0,11182069.8
2025-09-24 23:00:00,46207.5,46209.7,46197.4,46198.9,197.0,9101183.3
2025-09-24 23:30:00,46199.7,46217.7,46190.5,46215.9,300.0,13864770.0
2025-09-25 00:00:00,46216.7,46248.1,46208.6,46220.3,831.0,38409069.300000004
2025-09-25 00:30:00,46220.8,46232.8,46213.4,46228.9,517.0,23900341.3
2025-09-25 01:00:00,46228.4,46235.8,46220.6,46234.9,388.0,17939141.2
2025-09-25 01:30:00,46234.4,46249.9,46222.6,46238.7,461.0,21316040.7
2025-09-25 02:00:00,46238.3,46250.7,46235.3,46240.9,423.0,19559900.7
2025-09-25 02:30:00,46241.8,46251.9,46241.5,46250.9,224.0,10360201.6
2025-09-25 03:00:00,46250.3,46255.9,46242.6,46252.9,204.0,9435591.6
2025-09-25 03:30:00,46253.7,46262.0,46252.6,46259.5,181.0,8372969.5
2025-09-25 04:00:00,46259.9,46263.9,46242.5,46245.9,323.0,14937425.700000001
2025-09-25 04:30:00,46245.4,46246.9,46219.4,46226.8,268.0,12388782.4
2025-09-25 05:00:00,46226.3,46227.9,46199.4,46219.5,557.0,25744261.5
2025-09-25 05:30:00,46218.6,46221.9,46204.5,46219.6,474.0,21908090.4
2025-09-25 06:00:00,46220.0,46226.9,46185.6,46186.9,720.0,33254568.0
2025-09-25 06:30:00,46187.8,46194.8,46155.3,46166.5,934.0,43119511.0
2025-09-25 07:00:00,46164.8,46178.3,46108.7,46169.5,3789.0,174936235.5
2025-09-25 07:30:00,46169.4,46198.1,46152.7,46175.5,2176.0,100477888.0
2025-09-25 08:00:00,46175.4,46217.3,46169.0,46213.4,2165.0,100052011.0
2025-09-25 08:30:00,46212.9,46216.3,46162.3,46183.2,1798.0,83037393.6
2025-09-25 09:00:00,46182.8,46206.1,46176.2,46198.9,1452.0,67080802.800000004
2025-09-25 09:30:00,46198.0,46213.5,46179.6,46205.2,2570.0,118747363.99999999
2025-09-25 10:00:00,46205.9,46220.3,46183.2,46190.7,1975.0,91226632.5
2025-09-25 10:30:00,46191.2,46204.0,46163.6,46174.7,1982.0,91518255.39999999
2025-09-25 11:00:00,46174.2,46177.1,46100.5,46118.6,4166.0,192130087.6
2025-09-25 11:30:00,46118.4,46132.3,46078.6,46090.7,4145.0,191045951.5
2025-09-25 12:00:00,46089.9,46140.2,46080.7,46111.8,4608.0,212483174.4
2025-09-25 12:30:00,46106.4,46106.4,45998.1,46038.3,6509.0,299663294.70000005
2025-09-25 13:00:00,46038.1,46089.6,46011.4,46047.9,5795.0,266847580.5
2025-09-25 13:30:00,46047.8,46111.3,45926.9,45975.2,43112.0,1982082822.3999999
2025-09-25 14:00:00,45976.1,46146.3,45957.7,46097.0,24184.0,1114809848.0
2025-09-25 14:30:00,46097.5,46168.4,46080.0,46151.0,15448.0,712940648.0
2025-09-25 15:00:00,46151.5,46155.2,45991.2,46016.4,15255.0,701980182.0
2025-09-25 15:30:00,46015.9,46133.6,46014.8,46094.5,14024.0,646429268.0
2025-09-25 16:00:00,46093.9,46111.4,46030.9,46044.9,12356.0,568930784.4
2025-09-25 16:30:00,46045.4,46113.2,46029.1,46039.9,11208.0,516015199.2
2025-09-25 17:00:00,46040.4,46071.4,45945.9,45991.6,14820.0,681595512.0
2025-09-25 17:30:00,45991.3,46000.4,45884.0,45884.9,13355.0,612792839.5
2025-09-25 18:00:00,45885.4,45973.4,45823.9,45960.9,18238.0,838234894.2
2025-09-25 18:30:00,45961.4,46020.4,45934.1,45993.5,12060.0,554681610.0
2025-09-25 19:00:00,45994.3,46004.5,45935.9,45964.9,9313.0,428071113.7
2025-09-25 19:30:00,45965.4,46025.2,45946.9,45996.0,10915.0,502046340.0
2025-09-25 20:00:00,45996.4,46021.6,45985.3,46019.2,2709.0,124666012.8
2025-09-25 20:30:00,46018.8,46036.6,46001.4,46002.9,1252.0,57595630.800000004
2025-09-25 22:00:00,46013.4,46050.0,46001.2,46029.5,675.0,31069912.5
2025-09-25 22:30:00,46029.9,46042.9,45988.7,46003.9,753.0,34640936.7
2025-09-25 23:00:00,46003.4,46011.7,45977.5,45993.3,951.0,43739628.300000004
2025-09-25 23:30:00,45993.8,46011.7,45983.5,45994.4,736.0,33851878.4
2025-09-26 00:00:00,45993.5,46014.9,45978.4,45983.9,1368.0,62905975.2
2025-09-26 00:30:00,45983.4,46021.7,45975.6,46016.9,799.0,36767503.1
2025-09-26 01:00:00,46016.4,46016.4,45983.4,45991.3,1165.0,53579864.5
2025-09-26 01:30:00,45990.5,46025.8,45988.4,46000.9,1164.0,53545047.6
2025-09-26 02:00:00,46001.7,46025.9,45997.5,46021.6,852.0,39210403.199999996
2025-09-26 02:30:00,46022.0,46049.9,46021.4,46023.4,790.0,36358486.0
2025-09-26 03:00:00,46022.5,46025.9,45977.5,45995.3,867.0,39877925.1
2025-09-26 03:30:00,45994.5,46009.7,45988.4,46007.4,691.0,31791113.400000002
2025-09-26 04:00:00,46006.5,46021.9,45981.6,45994.5,1166.0,53629587.0
2025-09-26 04:30:00,45993.6,46005.7,45965.4,45969.9,781.0,35902491.9
2025-09-26 05:00:00,45970.8,46001.7,45966.6,45997.9,782.0,35970357.800000004
2025-09-26 05:30:00,45998.7,46019.8,45988.4,46018.8,943.0,43395728.400000006
2025-09-26 06:00:00,46019.7,46096.8,46011.5,46087.6,2259.0,104111888.39999999
2025-09-26 06:30:00,46088.0,46088.8,46058.8,46065.3,1532.0,70572039.60000001
2025-09-26 07:00:00,46066.5,46113.0,46040.0,46110.3,4148.0,191265524.4
2025-09-26 07:30:00,46109.8,46113.9,46076.6,46097.2,2686.0,123817079.19999999
2025-09-26 08:00:00,46096.7,46122.9,46082.2,46102.3,2770.0,127703371.00000001
2025-09-26 08:30:00,46102.4,46118.0,46070.6,46075.1,2607.0,120117785.7
2025-09-26 09:00:00,46074.7,46090.7,46050.6,46053.3,3379.0,155614100.70000002
2025-09-26 09:30:00,46053.4,46090.2,46050.5,46077.3,1991.0,91739904.30000001
2025-09-26 10:00:00,46077.9,46081.2,46046.0,46062.6,1871.0,86183124.6
2025-09-26 10:30:00,46061.8,46074.1,46053.7,46059.6,1697.0,78163141.2
2025-09-26 11:00:00,46058.9,46076.2,46030.9,46052.8,2300.0,105921440.0
2025-09-26 11:30:00,46052.9,46075.2,46044.6,46067.2,1880.0,86606336.0
2025-09-26 12:00:00,46066.7,46162.0,46059.8,46147.2,3469.0,160084636.79999998
2025-09-26 12:30:00,46147.3,46241.7,46137.5,46220.7,7935.0,366761254.5
2025-09-26 13:00:00,46221.0,46225.6,46173.5,46179.6,4643.0,214411882.79999998
2025-09-26 13:30:00,46179.7,46375.5,46147.2,46372.3,31690.0,1469538187.0
2025-09-26 14:00:00,46370.5,46400.5,46107.8,46144.1,31156.0,1437665579.6
2025-09-26 14:30:00,46143.8,46189.4,46072.1,46104.6,27781.0,1280831892.6
2025-09-26 15:00:00,46105.2,46218.4,46074.9,46215.9,22150.0,1023682185.0
2025-09-26 15:30:00,46216.4,46233.4,46134.7,46137.8,17164.0,791909199.2
2025-09-26 16:00:00,46138.2,46285.4,46126.7,46265.4,15480.0,716188392.0
2025-09-26 16:30:00,46264.9,46337.4,46238.7,46327.9,10809.0,500758271.1
2025-09-26 17:00:00,46328.4,46361.6,46308.9,46349.8,7359.0,341088178.20000005
2025-09-26 17:30:00,46350.4,46364.4,46286.8,46334.4,6786.0,314425238.40000004
2025-09-26 18:00:00,46333.9,46369.3,46296.9,46349.8,6782.0,314344343.6
2025-09-26 18:30:00,46350.4,46378.4,46334.0,46348.8,6141.0,284627980.8
2025-09-26 19:00:00,46348.0,46355.4,46288.9,46297.5,5455.0,252552862.5
2025-09-26 19:30:00,46298.3,46311.2,46259.0,46280.5,9510.0,440127555.0
2025-09-26 20:00:00,46280.2,46336.9,46278.5,46336.9,2658.0,123163480.2
2025-09-26 20:30:00,46337.3,46337.8,46291.9,46296.3,863.0,39953706.900000006
2025-09-28 22:00:00,46311.6,46344.7,46308.9,46327.2,1040.0,48180288.0
2025-09-28 22:30:00,46327.1,46355.8,46318.1,46340.7,715.0,33133600.499999996
2025-09-28 23:00:00,46340.3,46362.7,46337.3,46351.4,581.0,26930163.400000002
2025-09-28 23:30:00,46350.5,46370.0,46340.5,46354.9,809.0,37501114.1
2025-09-29 00:00:00,46355.7,46366.7,46341.5,46362.9,1351.0,62636277.9
2025-09-29 00:30:00,46363.7,46391.9,46355.5,46378.6,815.0,37798559.0
2025-09-29 01:00:00,46379.0,46389.9,46359.4,46381.4,940.0,43598516.0
2025-09-29 01:30:00,46381.9,46400.9,46377.5,46397.4,905.0,41989647.0
2025-09-29 02:00:00,46396.5,46412.8,46386.4,46407.9,670.0,31093293.0
2025-09-29 02:30:00,46408.7,46414.7,46394.4,46410.9,413.0,19167701.7
2025-09-29 03:00:00,46410.4,46422.9,46403.6,46421.7,369.0,17129607.3
2025-09-29 03:30:00,46421.3,46430.9,46413.6,46419.9,437.0,20285496.3
2025-09-29 04:00:00,46419.4,46440.8,46415.4,46436.5,433.0,20107004.5
2025-09-29 04:30:00,46435.6,46436.7,46427.4,46427.4,409.0,18988806.6
2025-09-29 05:00:00,46427.9,46438.7,46414.4,46429.3,422.0,19593164.6
2025-09-29 05:30:00,46429.9,46436.7,46408.4,46411.8,495.0,22973841.0
2025-09-29 06:00:00,46412.7,46445.7,46406.5,46436.9,1005.0,46669084.5
2025-09-29 06:30:00,46436.4,46475.0,46436.4,46457.3,1117.0,51892804.1
2025-09-29 07:00:00,46459.3,46478.7,46416.4,46474.1,2577.0,119763755.7
2025-09-29 07:30:00,46475.5,46493.2,46457.2,46466.5,2002.0,93025933.0
2025-09-29 08:00:00,46466.7,46474.2,46437.7,46462.3,2669.0,124007878.7
2025-09-29 08:30:00,46463.0,46488.2,46461.2,46478.2,1301.0,60468138.199999996
2025-09-29 09:00:00,46478.6,46499.6,46469.8,46493.5,1184.0,55048304.0
2025-09-29 09:30:00,46493.5,46507.2,46481.5,46490.7,1426.0,66295738.199999996
2025-09-29 10:00:00,46491.2,46537.5,46489.2,46532.1,1242.0,57792868.199999996
2025-09-29 10:30:00,46532.9,46533.3,46500.6,46516.2,1255.0,58377831.0
2025-09-29 11:00:00,46516.9,46520.2,46460.5,46464.0,1867.0,86748288.0
2025-09-29 11:30:00,46463.6,46474.0,46448.0,46471.8,2099.0,97544308.2
2025-09-29 12:00:00,46472.2,46483.1,46458.6,46476.5,1895.0,88072967.5
2025-09-29 12:30:00,46477.0,46514.2,46471.8,46504.2,2357.0,109610399.39999999
2025-09-29 13:00:00,46504.0,46519.6,46427.2,46443.1,3063.0,142255215.29999998
2025-09-29 13:30:00,46443.9,46454.2,46220.1,46268.6,29169.0,1349608793.3999999
2025-09-29 14:00:00,46270.5,46307.5,46226.9,46261.4,14925.0,690451395.0
2025-09-29 14:30:00,46260.9,46336.3,46244.8,46265.9,11017.0,509711420.3
2025-09-29 15:00:00,46266.4,46287.4,46201.9,46233.9,12435.0,574918546.5
2025-09-29 15:30:00,46234.4,46247.4,46192.0,46233.4,11458.0,529742297.2
2025-09-29 16:00:00,46232.9,46280.4,46210.9,46253.9,7787.0,360179119.3
2025-09-29 16:30:00,46254.4,46272.4,46222.2,46244.5,6227.0,287964501.5
2025-09-29 17:00:00,46245.2,46246.4,46212.9,46222.4,6689.0,309181633.6
2025-09-29 17:30:00,46223.3,46279.4,46197.1,46265.4,5418.0,250665937.20000002
2025-09-29 18:00:00,46266.3,46331.2,46263.0,46325.5,4206.0,194845053.0
2025-09-29 18:30:00,46325.6,46354.2,46320.7,46353.2,4390.0,203490548.0
2025-09-29 19:00:00,46353.8,46353.8,46233.2,46313.5,8416.0,389774416.0
2025-09-29 19:30:00,46314.5,46389.1,46307.4,46365.5,9235.0,428185392.5
2025-09-29 20:00:00,46366.1,46382.7,46352.2,46362.2,1788.0,82895613.6
2025-09-29 20:30:00,46362.7,46364.5,46321.2,46336.7,684.0,31694302.799999997
2025-09-29 22:00:00,46333.4,46364.3,46330.2,46333.4,611.0,28309707.400000002
2025-09-29 22:30:00,46332.9,46367.9,46332.9,46367.9,417.0,19335414.3
2025-09-29 23:00:00,46367.3,46373.9,46357.3,46368.9,291.0,13493349.9
2025-09-29 23:30:00,46369.7,46380.8,46352.4,46354.7,340.0,15760597.999999998
2025-09-30 00:00:00,46354.3,46359.7,46322.4,46351.4,1312.0,60813036.800000004
2025-09-30 00:30:00,46349.8,46382.9,46344.5,46371.5,959.0,44470268.5
2025-09-30 01:00:00,46370.5,46380.9,46349.5,46364.9,1170.0,54246933.0
2025-09-30 01:30:00,46364.4,46365.8,46327.4,46338.4,1082.0,50138148.800000004
2025-09-30 02:00:00,46337.5,46340.9,46329.4,46335.9,608.0,28172227.2
2025-09-30 02:30:00,46335.4,46372.9,46325.4,46367.5,732.0,33941010.0
2025-09-30 03:00:00,46367.9,46371.9,46351.4,46371.4,588.0,27266383.2
2025-09-30 03:30:00,46371.9,46382.8,46357.6,46358.9,659.0,30550515.1
2025-09-30 04:00:00,46359.7,46365.9,46329.5,46336.3,497.0,23029141.1
2025-09-30 04:30:00,46336.9,46343.8,46327.4,46329.9,458.0,21219094.2
2025-09-30 05:00:00,46329.4,46354.7,46320.4,46350.4,802.0,37173020.800000004
2025-09-30 05:30:00,46350.9,46356.7,46337.4,46347.9,759.0,35178056.1
2025-09-30 06:00:00,46348.8,46364.7,46338.5,46354.8,1080.0,50063184.0
2025-09-30 06:30:00,46355.7,46362.9,46293.7,46297.3,1319.0,61066138.7
2025-09-30 07:00:00,46298.6,46313.6,46275.7,46296.6,3622.0,167686285.2
2025-09-30 07:30:00,46296.7,46300.6,46236.1,46289.1,4822.0,223206040.2
2025-09-30 08:00:00,46287.6,46287.6,46237.9,46261.4,4310.0,199386634.0
2025-09-30 08:30:00,46261.1,46285.2,46255.6,46268.1,1859.0,86012397.89999999
2025-09-30 09:00:00,46267.7,46278.1,46254.9,46275.2,2019.0,93429628.8
2025-09-30 09:30:00,46275.9,46285.2,46250.5,46256.6,1554.0,71882756.39999999
2025-09-30 10:00:00,46257.1,46270.8,46209.6,46231.8,1656.0,76559860.80000001
2025-09-30 10:30:00,46232.2,46261.2,46220.6,46255.8,1545.0,71465211.0
2025-09-30 11:00:00,46255.2,46269.5,46231.8,46256.4,1811.0,83770340.4
2025-09-30 11:30:00,46255.9,46280.2,46253.3,46266.6,1731.0,80087484.6
2025-09-30 12:00:00,46266.2,46300.0,46247.5,46291.1,2162.0,100081358.2
2025-09-30 12:30:00,46291.8,46334.5,46284.6,46311.2,2409.0,111563680.8
2025-09-30 13:00:00,46311.6,46322.2,46286.3,46321.1,3292.0,152489061.2
2025-09-30 13:30:00,46321.5,46413.6,46319.2,46411.8,25215.0,1170273537.0
2025-09-30 14:00:00,46414.6,46428.5,46296.5,46323.9,21300.0,986699070.0
2025-09-30 14:30:00,46324.4,46330.4,46169.8,46254.4,19788.0,915282067.2
2025-09-30 15:00:00,46254.6,46290.4,46149.1,46200.5,15675.0,724192837.5
2025-09-30 15:30:00,46201.2,46253.3,46164.1,46244.4,12375.0,572274450.0
2025-09-30 16:00:00,46244.6,46394.2,46228.1,46333.8,10005.0,463569669.0
2025-09-30 16:30:00,46334.4,46351.2,46248.7,46250.9,8191.0,378841121.90000004
2025-09-30 17:00:00,46251.4,46265.3,46182.9,46209.4,9592.0,443240564.8
2025-09-30 17:30:00,46208.9,46268.4,46184.0,46224.9,9002.0,416116549.8
2025-09-30 18:00:00,46224.0,46314.4,46213.9,46312.0,9017.0,417595304.0
2025-09-30 18:30:00,46311.1,46362.4,46289.9,46345.9,7075.0,327897242.5
2025-09-30 19:00:00,46346.4,46413.4,46338.9,46402.4,7643.0,354653543.2
2025-09-30 19:30:00,46401.9,46476.4,46364.9,46442.4,13678.0,635239147.2
2025-09-30 20:00:00,46441.9,46452.8,46352.6,46361.7,5843.0,270891413.09999996
2025-09-30 20:30:00,46361.9,46369.2,46345.7,46358.4,1577.0,73107196.8
2025-09-30 22:00:00,46378.6,46425.9,46369.7,46425.3,765.0,35515354.5
2025-09-30 22:30:00,46425.9,46436.7,46359.3,46378.3,1308.0,60662816.400000006
2025-09-30 23:00:00,46377.5,46402.6,46353.3,46386.3,1369.0,63502844.7
2025-09-30 23:30:00,46385.5,46400.9,46382.6,46392.8,629.0,29181071.200000003
2025-10-01 00:00:00,46393.7,46401.7,46327.5,46340.7,2100.0,97315470.0
2025-10-01 00:30:00,46341.6,46358.9,46321.5,46330.4,1309.0,60646493.6
2025-10-01 01:00:00,46330.9,46334.7,46304.4,46330.4,1072.0,49666188.800000004
2025-10-01 01:30:00,46330.9,46334.8,46301.6,46305.6,688.0,31858252.8
2025-10-01 02:00:00,46304.6,46307.7,46278.4,46296.9,855.0,39583849.5
2025-10-01 02:30:00,46296.3,46296.9,46272.3,46282.9,623.0,28834246.7
2025-10-01 03:00:00,46283.7,46285.9,46245.4,46255.5,682.0,31546251.0
2025-10-01 03:30:00,46254.5,46263.7,46245.3,46260.4,607.0,28080062.8
2025-10-01 04:00:00,46260.9,46271.9,46249.4,46263.9,666.0,30811757.400000002
2025-10-01 04:30:00,46263.4,46278.7,46257.4,46271.9,499.0,23089678.1
2025-10-01 05:00:00,46271.3,46275.7,46242.6,46248.4,637.0,29460230.8
2025-10-01 05:30:00,46248.9,46257.7,46229.4,46231.9,702.0,32454793.8
2025-10-01 06:00:00,46232.8,46258.9,46221.4,46224.4,1360.0,62865184.0
2025-10-01 06:30:00,46225.6,46232.9,46108.3,46129.5,4728.0,218100276.0
2025-10-01 07:00:00,46129.9,46160.2,46098.7,46145.2,6636.0,306219547.2
2025-10-01 07:30:00,46145.3,46164.3,46120.6,46145.5,3555.0,164047252.5
2025-10-01 08:00:00,46144.9,46165.2,46120.5,46146.2,3548.0,163726717.6
2025-10-01 08:30:00,46146.6,46211.2,46142.6,46193.0,2903.0,134098279.0
2025-10-01 09:00:00,46192.7,46240.1,46185.6,46230.1,2356.0,108918115.6
2025-10-01 09:30:00,46230.3,46240.6,46211.8,46225.2,1873.0,86579799.6
2025-10-01 10:00:00,46225.9,46243.7,46210.5,46211.5,1761.0,81378451.5
2025-10-01 10:30:00,46212.0,46231.4,46206.5,46214.3,1964.0,90764885.2
2025-10-01 11:00:00,46214.9,46262.7,46209.9,46261.2,2610.0,120741731.99999999
2025-10-01 11:30:00,46261.6,46322.8,46256.1,46319.6,2398.0,111074400.8
2025-10-01 12:00:00,46318.9,46335.2,46250.5,46311.1,7190.0,332976809.0
2025-10-01 12:30:00,46310.7,46347.2,46287.6,46338.2,4571.0,211811912.2
2025-10-01 13:00:00,46338.3,46357.0,46295.7,46315.7,4205.0,194757518.5
2025-10-01 13:30:00,46317.3,46493.4,46317.3,46334.1,35373.0,1638976119.3
2025-10-01 14:00:00,46335.8,46478.4,46322.2,46433.5,17525.0,813747087.5
2025-10-01 14:30:00,46434.3,46463.4,46386.1,46430.7,12738.0,591434256.5999999
2025-10-01 15:00:00,46431.3,46529.4,46408.9,46517.4,9038.0,420424261.2
2025-10-01 15:30:00,46516.9,46577.4,46512.1,46513.8,6892.0,320573109.6
2025-10-01 16:00:00,46514.4,46531.4,46443.0,46443.5,6328.0,293894468.0
2025-10-01 16:30:00,46442.9,46450.4,46377.9,46404.9,5027.0,233277432.3
2025-10-01 17:00:00,46405.4,46475.4,46391.1,46465.3,5555.0,258114741.50000003
2025-10-01 17:30:00,46466.2,46471.4,46442.9,46459.9,5123.0,238014067.70000002
2025-10-01 18:00:00,46460.4,46513.4,46459.9,46511.5,5742.0,267069033.0
2025-10-01 18:30:00,46510.9,46556.3,46505.9,46547.4,4542.0,211418290.8
2025-10-01 19:00:00,46546.9,46560.3,46502.0,46529.0,4522.0,210404138.0
2025-10-01 19:30:00,46529.5,46550.4,46481.0,46485.4,8315.0,386526101.0
2025-10-01 20:00:00,46484.9,46487.1,46443.4,46447.8,2795.0,129821601.00000001
2025-10-01 20:30:00,46447.4,46465.3,46444.8,46457.3,858.0,39860363.400000006
2025-10-01 22:00:00,46474.6,46491.8,46465.7,46486.7,351.0,16316831.7
2025-10-01 22:30:00,46486.3,46487.9,46457.4,46460.3,320.0,14867296.0
2025-10-01 23:00:00,46460.8,46491.7,46453.4,46488.4,479.0,22267943.6
2025-10-01 23:30:00,46488.9,46488.9,46446.5,46476.3,799.0,37134563.7
2025-10-02 00:00:00,46476.8,46486.9,46449.5,46474.3,1514.0,70362090.2
2025-10-02 00:30:00,46473.5,46517.9,46469.6,46502.9,933.0,43387205.7
2025-10-02 01:00:00,46503.7,46534.7,46481.6,46517.3,1205.0,56053346.5
2025-10-02 01:30:00,46516.5,46527.7,46491.4,46521.4,849.0,39496668.6
2025-10-02 02:00:00,46521.9,46523.7,46484.4,46485.9,717.0,33330390.3
2025-10-02 02:30:00,46486.7,46492.9,46478.4,46486.4,609.0,28310217.6
2025-10-02 03:00:00,46486.9,46498.7,46474.4,46484.4,544.0,25287513.6
2025-10-02 03:30:00,46483.5,46484.9,46465.4,46479.6,646.0,30025821.599999998
2025-10-02 04:00:00,46478.6,46512.9,46454.4,46475.8,831.0,38621389.800000004
2025-10-02 04:30:00,46476.7,46495.7,46469.4,46490.4,548.0,25476739.2
2025-10-02 05:00:00,46489.5,46509.9,46477.6,46492.9,841.0,39100528.9
2025-10-02 05:30:00,46492.4,46503.7,46481.4,46487.5,654.0,30402825.0
2025-10-02 06:00:00,46487.9,46499.9,46451.5,46460.4,1481.0,68807852.4
2025-10-02 06:30:00,46460.9,46482.7,46448.6,46467.9,1536.0,71374694.4
2025-10-02 07:00:00,46466.7,46497.0,46453.5,46469.9,4698.0,218315590.20000002
2025-10-02 07:30:00,46469.6,46484.2,46451.6,46464.2,2946.0,136883533.2
2025-10-02 08:00:00,46465.0,46497.4,46455.8,46475.6,3045.0,141518202.0
2025-10-02 08:30:00,46475.7,46491.2,46462.7,46485.5,1803.0,83813356.5
2025-10-02 09:00:00,46485.2,46487.3,46458.5,46460.7,1878.0,87253194.6
2025-10-02 09:30:00,46460.5,46465.4,46426.8,46454.3,1632.0,75813417.60000001
2025-10-02 10:00:00,46455.4,46476.2,46446.6,46458.4,1870.0,86877208.0
2025-10-02 10:30:00,46458.4,46472.3,46451.6,46458.3,1100.0,51104130.0
2025-10-02 11:00:00,46457.8,46473.3,46450.7,46467.6,1512.0,70259011.2
2025-10-02 11:30:00,46467.2,46477.2,46448.6,46456.6,1469.0,68244745.39999999
2025-10-02 12:00:00,46457.0,46494.0,46447.3,46475.7,1836.0,85329385.19999999
2025-10-02 12:30:00,46476.1,46486.7,46450.8,46451.9,1508.0,70049465.2
2025-10-02 13:00:00,46451.6,46507.1,46449.8,46491.1,3731.0,173458294.1
2025-10-02 13:30:00,46491.5,46623.4,46437.7,46589.0,34359.0,1600751451.0
2025-10-02 14:00:00,46589.4,46592.2,46373.9,46424.2,19079.0,885727311.8
2025-10-02 14:30:00,46425.2,46447.4,46381.1,46396.9,15332.0,711357270.8000001
2025-10-02 15:00:00,46397.4,46416.4,46312.9,46368.5,14009.0,649576316.5
2025-10-02 15:30:00,46369.3,46441.6,46331.9,46435.4,11680.0,542365472.0
2025-10-02 16:00:00,46434.9,46446.3,46390.9,46442.4,8616.0,400147718.40000004
2025-10-02 16:30:00,46443.3,46494.2,46398.7,46469.9,6432.0,298894396.8
2025-10-02 17:00:00,46469.1,46487.1,46435.9,46461.3,5261.0,244432899.3
2025-10-02 17:30:00,46462.3,46557.4,46451.9,46554.1,4692.0,218431837.2
2025-10-02 18:00:00,46554.5,46624.2,46552.9,46621.5,4698.0,219027807.0
2025-10-02 18:30:00,46620.9,46638.4,46594.9,46594.9,3778.0,176035532.20000002
2025-10-02 19:00:00,46594.1,46609.4,46586.0,46592.4,4047.0,188559442.8
2025-10-02 19:30:00,46591.5,46593.3,46550.8,46572.3,7250.0,337649175.0
2025-10-02 20:00:00,46572.5,46587.2,46557.6,46562.0,1599.0,74452638.0
2025-10-02 20:30:00,46562.6,46573.2,46554.3,46571.1,686.0,31947774.599999998
2025-10-02 22:00:00,46571.8,46582.8,46553.5,46554.6,688.0,32029564.8
2025-10-02 22:30:00,46553.7,46578.9,46535.4,46576.8,548.0,25524086.400000002
2025-10-02 23:00:00,46576.3,46585.8,46564.4,46581.8,319.0,14859594.200000001
2025-10-02 23:30:00,46582.7,46587.7,46569.5,46583.7,435.0,20263909.5
2025-10-03 00:00:00,46583.3,46586.9,46560.4,46578.7,854.0,39778209.8
2025-10-03 00:30:00,46578.3,46609.7,46577.4,46595.4,707.0,32942947.8
2025-10-03 01:00:00,46594.5,46606.9,46590.4,46603.3,750.0,34952475.0
2025-10-03 01:30:00,46603.9,46640.0,46601.4,46638.9,502.0,23412727.8
2025-10-03 02:00:00,46639.7,46640.0,46607.6,46625.4,526.0,24524960.400000002
2025-10-03 02:30:00,46624.5,46637.7,46624.4,46630.3,334.0,15574520.200000001
2025-10-03 03:00:00,46630.9,46653.7,46630.4,46641.9,321.0,14972049.9
2025-10-03 03:30:00,46641.4,46666.7,46637.4,46659.4,351.0,16377449.4
2025-10-03 04:00:00,46658.5,46674.0,46655.7,46662.0,321.0,14978502.0
2025-10-03 04:30:00,46661.4,46674.9,46659.3,46673.4,263.0,12275104.200000001
2025-10-03 05:00:00,46672.5,46678.7,46665.5,46677.3,335.0,15636895.500000002
2025-10-03 05:30:00,46677.8,46679.9,46654.5,46655.0,379.0,17682245.0
2025-10-03 06:00:00,46654.4,46671.3,46635.5,46667.3,780.0,36400494.0
2025-10-03 06:30:00,46667.9,46682.7,46651.5,46666.9,749.0,34953508.1
2025-10-03 07:00:00,46668.4,46691.0,46666.5,46676.2,2123.0,99093572.6
2025-10-03 07:30:00,46677.4,46698.0,46673.2,46689.5,1324.0,61816898.0
2025-10-03 08:00:00,46690.0,46708.8,46662.5,46671.6,1675.0,78174930.0
2025-10-03 08:30:00,46671.5,46676.9,46664.2,46672.6,990.0,46205874.0
2025-10-03 09:00:00,46673.3,46693.7,46669.7,46687.2,908.0,42391977.599999994
2025-10-03 09:30:00,46687.9,46726.1,46684.6,46715.3,985.0,46014570.5
2025-10-03 10:00:00,46715.6,46716.6,46690.2,46691.7,829.0,38707419.3
2025-10-03 10:30:00,46691.8,46693.2,46672.3,46674.2,849.0,39626395.8
2025-10-03 11:00:00,46674.4,46682.8,46640.2,46642.4,1570.0,73228568.0
2025-10-03 11:30:00,46642.9,46670.1,46627.6,46656.9,1956.0,91260896.4
2025-10-03 12:00:00,46656.6,46667.3,46639.9,46649.2,1535.0,71606522.0
2025-10-03 12:30:00,46649.1,46665.8,46605.7,46629.6,2327.0,108507079.2
2025-10-03 13:00:00,46630.0,46632.2,46597.0,46625.7,2816.0,131297971.19999999
2025-10-03 13:30:00,46626.1,46855.4,46609.0,46792.1,20898.0,977861305.8
2025-10-03 14:00:00,46779.8,46954.3,46753.9,46951.4,17541.0,823574507.4
2025-10-03 14:30:00,46950.9,47039.4,46950.1,46969.3,11131.0,522815278.3
2025-10-03 15:00:00,46970.2,46972.6,46863.0,46878.4,8749.0,410139121.6
2025-10-03 15:30:00,46877.9,47025.4,46874.1,47015.5,6649.0,312606059.5
2025-10-03 16:00:00,47016.3,47087.5,47006.9,47053.9,5562.0,261713791.8
2025-10-03 16:30:00,47053.0,47090.4,47041.1,47074.9,5290.0,249026221.0
2025-10-03 17:00:00,47074.0,47074.5,46975.1,46975.5,14779.0,694250914.5
2025-10-03 17:30:00,46974.9,47012.4,46820.9,46867.3,17270.0,809398271.0
2025-10-03 18:00:00,46866.9,46934.2,46796.9,46922.4,18745.0,879560388.0
2025-10-03 18:30:00,46923.2,46943.4,46854.1,46880.4,14232.0,667201852.8000001
2025-10-03 19:00:00,46880.6,46898.5,46835.0,46847.9,9135.0,427955566.5
2025-10-03 19:30:00,46847.7,46882.6,46787.9,46804.4,10931.0,511618896.40000004
2025-10-03 20:00:00,46805.3,46818.5,46784.7,46811.1,3057.0,143101532.7
2025-10-03 20:30:00,46811.0,46817.1,46802.8,46814.1,529.0,24764658.9
2025-10-05 22:00:00,46848.1,46886.9,46835.2,46879.9,1738.0,81477266.2
2025-10-05 22:30:00,46879.4,46897.6,46865.6,46883.8,887.0,41585930.6
2025-10-05 23:00:00,46884.7,46899.7,46877.5,46896.9,667.0,31280232.3
2025-10-05 23:30:00,46897.8,46936.6,46892.6,46898.3,1435.0,67299060.5
2025-10-06 00:00:00,46898.9,46903.7,46838.5,46855.3,2184.0,102331975.2
2025-10-06 00:30:00,46855.9,46862.9,46844.3,46860.6,786.0,36832431.6
2025-10-06 01:00:00,46861.0,46869.7,46834.9,46856.6,621.0,29097948.599999998
2025-10-06 01:30:00,46857.7,46872.9,46857.7,46870.9,574.0,26903896.6
2025-10-06 02:00:00,46870.4,46883.7,46862.5,46878.5,314.0,14719849.0
2025-10-06 02:30:00,46878.9,46897.6,46874.5,46893.3,269.0,12614297.700000001
2025-10-06 03:00:00,46892.5,46911.9,46892.5,46907.5,410.0,19232075.0
2025-10-06 03:30:00,46907.9,46912.9,46896.6,46903.6,488.0,22888956.8
2025-10-06 04:00:00,46904.0,46921.9,46880.5,46919.9,919.0,43119388.1
2025-10-06 04:30:00,46920.7,46940.8,46919.4,46930.9,425.0,19945632.5
2025-10-06 05:00:00,46930.4,46931.8,46896.5,46898.9,580.0,27201362.0
2025-10-06 05:30:00,46899.8,46907.9,46893.5,46897.3,569.0,26684563.700000003
2025-10-06 06:00:00,46897.9,46908.9,46882.5,46899.5,1034.0,48494083.0
2025-10-06 06:30:00,46898.6,46913.9,46890.6,46909.7,787.0,36917933.9
2025-10-06 07:00:00,46912.0,46914.7,46878.3,46884.7,2704.0,126776228.8
2025-10-06 07:30:00,46885.5,46887.7,46829.4,46864.6,4458.0,208922386.79999998
2025-10-06 08:00:00,46865.5,46895.7,46861.2,46870.8,3023.0,141690428.4
2025-10-06 08:30:00,46870.7,46880.6,46861.4,46869.4,1504.0,70491577.60000001
2025-10-06 09:00:00,46869.8,46897.4,46864.1,46895.5,1151.0,53976720.5
2025-10-06 09:30:00,46895.1,46909.6,46887.9,46903.2,847.0,39727010.4
2025-10-06 10:00:00,46903.6,46903.8,46882.1,46890.1,835.0,39153233.5
2025-10-06 10:30:00,46890.0,46925.6,46885.2,46908.1,1756.0,82370623.6
2025-10-06 11:00:00,46908.3,46931.0,46891.2,46891.2,2226.0,104379811.19999999
2025-10-06 11:30:00,46890.7,46930.6,46881.4,46929.6,1390.0,65232144.0
2025-10-06 12:00:00,46929.2,46929.2,46893.2,46915.3,1770.0,83040081.0
2025-10-06 12:30:00,46914.2,46922.6,46883.4,46885.7,2022.0,94802885.39999999
2025-10-06 13:00:00,46885.2,46936.6,46880.0,46895.7,3188.0,149503491.6
2025-10-06 13:30:00,46895.5,46909.2,46577.7,46581.5,27316.0,1272420254.0
2025-10-06 14:00:00,46580.7,46619.2,46472.8,46614.5,17475.0,814588387.5
2025-10-06 14:30:00,46613.7,46717.1,46608.5,46691.5,10955.0,511505382.5
2025-10-06 15:00:00,46690.7,46761.1,46688.7,46745.1,7736.0,361620093.59999996
2025-10-06 15:30:00,46745.9,46748.1,46691.8,46709.5,6342.0,296231649.0
2025-10-06 16:00:00,46708.7,46721.8,46649.2,46700.6,5644.0,263578186.4
2025-10-06 16:30:00,46701.1,46703.8,46657.8,46691.7,4606.0,215061970.2
2025-10-06 17:00:00,46692.1,46751.1,46666.7,46735.1,4726.0,220870082.6
2025-10-06 17:30:00,46735.9,46797.2,46733.5,46779.4,6659.0,311504024.6
2025-10-06 18:00:00,46778.8,46785.9,46739.9,46750.5,4271.0,199671385.5
2025-10-06 18:30:00,46751.1,46769.0,46726.7,46740.0,3558.0,166300920.0
2025-10-06 19:00:00,46739.5,46750.9,46709.6,46721.1,3797.0,177400016.7
2025-10-06 19:30:00,46721.9,46776.2,46717.5,46736.5,6270.0,293037855.0
2025-10-06 20:00:00,46736.3,46743.6,46721.4,46740.2,1339.0,62585127.8
2025-10-06 20:30:00,46740.8,46750.1,46738.2,46745.8,482.0,22531475.6
2025-10-06 22:00:00,46743.3,46763.8,46735.9,46736.9,461.0,21545710.900000002
2025-10-06 22:30:00,46736.3,46736.3,46657.6,46663.9,1022.0,47690505.800000004
2025-10-06 23:00:00,46663.4,46692.8,46656.3,46682.3,984.0,45935383.2
2025-10-06 23:30:00,46683.5,46691.3,46662.5,46671.7,608.0,28376393.599999998
2025-10-07 00:00:00,46671.3,46681.8,46652.3,46670.7,1210.0,56471547.0
2025-10-07 00:30:00,46671.7,46680.8,46657.5,46676.9,970.0,45276593.0
2025-10-07 01:00:00,46676.3,46689.6,46654.4,46676.3,736.0,34353756.800000004
2025-10-07 01:30:00,46676.9,46676.9,46654.5,46671.5,521.0,24315851.5
2025-10-07 02:00:00,46671.9,46684.7,46663.4,46671.3,377.0,17595080.1
2025-10-07 02:30:00,46672.5,46675.9,46658.4,46664.4,303.0,14139313.200000001
2025-10-07 03:00:00,46663.5,46664.9,46648.5,46654.6,284.0,13249906.4
2025-10-07 03:30:00,46655.0,46657.7,46638.4,46651.3,340.0,15861442.000000002
2025-10-07 04:00:00,46651.9,46675.8,46648.5,46670.4,434.0,20254953.6
2025-10-07 04:30:00,46669.5,46678.6,46663.3,46675.4,360.0,16803144.0
2025-10-07 05:00:00,46673.9,46674.7,46652.6,46665.9,446.0,20812991.400000002
2025-10-07 05:30:00,46666.7,46676.9,46652.4,46654.6,474.0,22114280.4
2025-10-07 06:00:00,46655.0,46661.9,46614.6,46619.8,1212.0,56503197.6
2025-10-07 06:30:00,46619.3,46655.7,46609.3,46653.9,1170.0,54585063.0
2025-10-07 07:00:00,46653.4,46661.1,46625.8,46648.2,3256.0,151886539.2
2025-10-07 07:30:00,46647.8,46652.2,46616.6,46626.6,1987.0,92647054.2
2025-10-07 08:00:00,46627.1,46640.3,46591.8,46614.3,2246.0,104695717.80000001
2025-10-07 08:30:00,46613.8,46657.2,46604.1,46654.6,1446.0,67462551.6
2025-10-07 09:00:00,46654.1,46673.2,46650.5,46673.2,932.0,43499422.4
2025-10-07 09:30:00,46673.8,46681.0,46657.6,46669.6,928.0,43309388.8
2025-10-07 10:00:00,46669.2,46789.3,46668.6,46728.2,3011.0,140698610.2
2025-10-07 10:30:00,46729.0,46785.1,46727.6,46752.0,1652.0,77234304.0
2025-10-07 11:00:00,46751.7,46781.5,46725.2,46740.6,2097.0,98015038.2
2025-10-07 11:30:00,46740.8,46761.7,46725.7,46756.8,1261.0,58960324.800000004
2025-10-07 12:00:00,46756.2,46773.5,46749.6,46768.3,1390.0,65007937.00000001
2025-10-07 12:30:00,46767.1,46815.7,46751.8,46811.9,1670.0,78175873.0
2025-10-07 13:00:00,46811.6,46837.0,46801.1,46808.1,3144.0,147164666.4
2025-10-07 13:30:00,46809.1,46917.5,46725.9,46732.9,26184.0,1223654253.6000001
2025-10-07 14:00:00,46733.4,46750.5,46648.1,46650.8,15367.0,716882843.6
2025-10-07 14:30:00,46651.4,46696.4,46631.1,46668.5,12605.0,588256442.5
2025-10-07 15:00:00,46669.2,46695.2,46606.8,46639.9,25021.0,1166976937.9
2025-10-07 15:30:00,46640.4,46655.4,46546.9,46559.4,21884.0,1018905909.6
2025-10-07 16:00:00,46558.9,46578.2,46481.1,46531.5,15799.0,735151168.5
2025-10-07 16:30:00,46530.9,46627.2,46529.9,46554.7,11993.0,558330517.1
2025-10-07 17:00:00,46555.2,46631.3,46542.7,46582.9,10006.0,466108497.40000004
2025-10-07 17:30:00,46582.0,46618.6,46538.9,46553.4,9298.0,432853513.2
2025-10-07 18:00:00,46554.3,46579.2,46511.9,46568.6,9650.0,449386990.0
2025-10-07 18:30:00,46569.3,46597.2,46564.9,46587.4,6530.0,304215722.0
2025-10-07 19:00:00,46588.3,46600.4,46566.1,46579.4,6250.0,291121250.0
2025-10-07 19:30:00,46578.9,46644.4,46572.9,46635.9,8302.0,387171241.8
2025-10-07 20:00:00,46635.7,46667.2,46635.3,46662.2,2236.0,104336679.19999999
2025-10-07 20:30:00,46662.7,46668.8,46648.4,46655.7,439.0,20481852.299999997
2025-10-07 22:00:00,46670.6,46683.9,46657.6,46680.9,524.0,24460791.6
2025-10-07 22:30:00,46680.3,46687.8,46674.7,46679.7,328.0,15310941.6
2025-10-07 23:00:00,46679.3,46679.7,46625.4,46643.3,888.0,41419250.400000006
2025-10-07 23:30:00,46642.5,46643.7,46612.4,46623.3,809.0,37718249.7
2025-10-08 00:00:00,46622.5,46637.9,46606.4,46630.9,1466.0,68360899.4
2025-10-08 00:30:00,46630.4,46666.8,46624.4,46656.9,803.0,37465490.7
2025-10-08 01:00:00,46656.3,46689.8,46656.3,46664.4,1448.0,67570051.2
2025-10-08 01:30:00,46664.9,46677.7,46660.4,46670.4,890.0,41536656.0
2025-10-08 02:00:00,46670.9,46702.7,46668.5,46698.4,745.0,34790308.0
2025-10-08 02:30:00,46698.9,46700.9,46666.4,46688.9,545.0,25445450.5
2025-10-08 03:00:00,46688.4,46695.9,46677.4,46690.9,434.0,20263850.6
2025-10-08 03:30:00,46690.4,46698.3,46678.6,46692.9,389.0,18163538.1
2025-10-08 04:00:00,46692.4,46704.1,46680.4,46694.5,343.0,16016213.5
2025-10-08 04:30:00,46694.9,46694.9,46671.0,46683.5,348.0,16245858.0
2025-10-08 05:00:00,46683.9,46683.9,46650.4,46657.7,683.0,31867209.099999998
2025-10-08 05:30:00,46658.7,46672.4,46646.4,46650.4,701.0,32701930.400000002
2025-10-08 06:00:00,46650.9,46662.8,46636.5,46642.9,1313.0,61242127.7
2025-10-08 06:30:00,46642.4,46664.9,46636.5,46659.7,1274.0,59444457.8
2025-10-08 07:00:00,46661.4,46688.4,46649.6,46680.3,3060.0,142841718.0
2025-10-08 07:30:00,46680.7,46732.4,46669.6,46717.1,1680.0,78484728.0
2025-10-08 08:00:00,46716.7,46723.6,46695.3,46695.3,1065.0,49730494.5
2025-10-08 08:30:00,46695.7,46713.4,46670.1,46701.7,1363.0,63654417.099999994
2025-10-08 09:00:00,46702.5,46728.5,46690.2,46700.7,1101.0,51417470.699999996
2025-10-08 09:30:00,46701.2,46719.4,46698.2,46701.2,892.0,41657470.4
2025-10-08 10:00:00,46700.4,46710.7,46669.4,46708.1,1076.0,50257915.6
2025-10-08 10:30:00,46708.6,46753.6,46708.1,46750.6,861.0,40252266.6
2025-10-08 11:00:00,46751.4,46771.7,46717.4,46719.5,1479.0,69098140.5
2025-10-08 11:30:00,46720.4,46765.6,46716.1,46760.2,1315.0,61489662.99999999
2025-10-08 12:00:00,46759.8,46761.8,46726.3,46749.7,1695.0,79240741.5
2025-10-08 12:30:00,46750.5,46768.7,46743.4,46765.6,1605.0,75058788.0
2025-10-08 13:00:00,46766.4,46795.5,46757.2,46781.3,2264.0,105912863.2
2025-10-08 13:30:00,46781.7,46789.0,46542.2,46565.5,23620.0,1099877110.0
2025-10-08 14:00:00,46566.0,46741.2,46559.4,46738.2,13709.0,640733983.8
2025-10-08 14:30:00,46737.7,46765.0,46717.5,46746.1,8881.0,415152114.09999996
2025-10-08 15:00:00,46746.9,46800.1,46736.7,46790.1,6692.0,313119349.2
2025-10-08 15:30:00,46790.2,46874.0,46770.5,46840.1,4820.0,225769282.0
2025-10-08 16:00:00,46839.6,46856.0,46808.7,46814.0,4350.0,203640900.0
2025-10-08 16:30:00,46813.5,46839.0,46763.6,46801.5,3608.0,168859812.0
2025-10-08 17:00:00,46802.1,46817.2,46773.5,46790.5,3634.0,170036677.0
2025-10-08 17:30:00,46791.0,46799.1,46710.5,46720.5,3564.0,166511862.0
2025-10-08 18:00:00,46720.6,46746.4,46702.2,46721.4,6086.0,284346440.40000004
2025-10-08 18:30:00,46722.3,46730.4,46643.9,46668.4,5992.0,279637052.8
2025-10-08 19:00:00,46669.2,46691.4,46646.0,46676.4,5219.0,243604131.6
2025-10-08 19:30:00,46675.9,46687.3,46644.9,46662.9,6961.0,324820446.90000004
2025-10-08 20:00:00,46662.0,46689.6,46650.8,46684.6,1885.0,88000471.0
2025-10-08 20:30:00,46685.1,46693.7,46666.8,46670.7,691.0,32249453.7
2025-10-08 22:00:00,46676.9,46713.8,46671.8,46708.6,461.0,21532664.599999998
2025-10-08 22:30:00,46707.5,46707.5,46685.8,46698.7,403.0,18819576.099999998
2025-10-08 23:00:00,46699.7,46729.7,46682.5,46723.3,756.0,35322814.800000004
2025-10-08 23:30:00,46723.8,46725.9,46695.3,46701.9,574.0,26806890.6
2025-10-09 00:00:00,46701.3,46703.8,46682.4,46692.9,1005.0,46926364.5
2025-10-09 00:30:00,46693.7,46703.8,46688.4,46702.0,374.0,17466548.0
2025-10-09 01:00:00,46701.3,46710.9,46670.5,46698.9,1129.0,52723058.1
2025-10-09 01:30:00,46698.4,46698.9,46675.4,46678.9,1056.0,49292918.4
2025-10-09 02:00:00,46678.4,46678.4,46652.5,46670.3,681.0,31782474.3
2025-10-09 02:30:00,46670.8,46677.7,46641.4,46648.4,525.0,24490410.0
2025-10-09 03:00:00,46648.9,46664.7,46619.6,46621.9,836.0,38975908.4
2025-10-09 03:30:00,46621.3,46623.8,46586.3,46607.9,1063.0,49544197.7
2025-10-09 04:00:00,46608.7,46631.9,46604.5,46631.3,461.0,21497029.3
2025-10-09 04:30:00,46630.5,46643.9,46617.5,46642.9,307.0,14319370.3
2025-10-09 05:00:00,46643.8,46666.7,46634.6,46661.5,447.0,20857690.5
2025-10-09 05:30:00,46661.9,46679.6,46654.4,46668.9,768.0,35841715.2
2025-10-09 06:00:00,46669.7,46688.9,46656.4,46659.6,890.0,41527044.0
2025-10-09 06:30:00,46660.0,46680.8,46643.5,46661.9,1535.0,71626016.5
2025-10-09 07:00:00,46664.1,46683.0,46651.7,46666.5,3098.0,144572817.0
2025-10-09 07:30:00,46666.9,46681.1,46653.7,46654.1,2116.0,98720075.6
2025-10-09 08:00:00,46654.0,46672.3,46647.2,46658.6,1804.0,84172114.39999999
2025-10-09 08:30:00,46658.5,46668.6,46641.3,46662.0,1638.0,76432356.0
2025-10-09 09:00:00,46661.3,46682.0,46649.7,46680.0,1139.0,53168520.0
2025-10-09 09:30:00,46679.6,46700.1,46678.8,46680.6,1075.0,50181645.0
2025-10-09 10:00:00,46681.1,46688.1,46660.2,46660.6,1207.0,56319344.199999996
2025-10-09 10:30:00,46660.8,46682.9,46654.6,46669.2,860.0,40135512.0
2025-10-09 11:00:00,46669.9,46699.1,46661.1,46682.5,1512.0,70583940.0
2025-10-09 11:30:00,46681.8,46694.1,46662.0,46662.7,1325.0,61828077.49999999
2025-10-09 12:00:00,46662.8,46668.1,46633.4,46660.2,1743.0,81328728.6
2025-10-09 12:30:00,46661.5,46664.0,46633.3,46657.1,1473.0,68725908.3
2025-10-09 13:00:00,46657.3,46674.0,46635.1,46668.6,2789.0,130158725.39999999
2025-10-09 13:30:00,46668.5,46729.4,46490.9,46500.4,30783.0,1431421813.2
2025-10-09 14:00:00,46499.9,46550.5,46444.9,46467.8,18324.0,851475967.2
2025-10-09 14:30:00,46467.7,46486.7,46400.9,46471.9,16274.0,756283700.6
2025-10-09 15:00:00,46471.0,46527.4,46439.9,46447.4,10968.0,509435083.2
2025-10-09 15:30:00,46446.9,46508.2,46401.0,46482.9,11415.0,530602303.5
2025-10-09 16:00:00,46483.4,46518.4,46438.9,46462.0,9103.0,422943586.0
2025-10-09 16:30:00,46461.8,46482.4,46372.8,46380.2,11137.0,516536287.4
2025-10-09 17:00:00,46381.2,46398.4,46331.9,46353.4,15511.0,718987587.4
2025-10-09 17:30:00,46352.9,46426.6,46336.8,46386.5,11066.0,513313009.0
2025-10-09 18:00:00,46385.9,46390.2,46309.9,46355.6,9010.0,417663956.0
2025-10-09 18:30:00,46355.1,46362.1,46301.9,46328.9,6303.0,292011056.7
2025-10-09 19:00:00,46329.4,46353.4,46312.9,46342.3,6931.0,321198481.3
2025-10-09 19:30:00,46342.5,46419.6,46331.7,46396.8,7627.0,353868393.6
2025-10-09 20:00:00,46397.4,46412.1,46379.2,46388.9,2195.0,101823635.5
2025-10-09 20:30:00,46388.7,46410.1,46378.9,46406.7,847.0,39306474.9
2025-10-09 22:00:00,46406.6,46426.1,46398.0,46405.9,946.0,43899981.4
2025-10-09 22:30:00,46406.7,46434.7,46406.7,46429.9,491.0,22797080.900000002
2025-10-09 23:00:00,46429.3,46434.8,46417.5,46432.3,373.0,17319247.900000002
2025-10-09 23:30:00,46432.9,46446.9,46421.3,46445.8,594.0,27588805.200000003
2025-10-10 00:00:00,46445.3,46463.0,46413.3,46430.4,1202.0,55809340.800000004
2025-10-10 00:30:00,46429.5,46457.9,46425.4,46451.4,576.0,26756006.400000002
2025-10-10 01:00:00,46451.9,46461.9,46445.4,46460.3,581.0,26993434.3
2025-10-10 01:30:00,46460.9,46462.9,46438.6,46458.4,430.0,19977112.0
2025-10-10 02:00:00,46457.5,46460.7,46449.4,46457.0,312.0,14494584.0
2025-10-10 02:30:00,46456.4,46459.9,46432.5,46438.4,297.0,13792204.8
2025-10-10 03:00:00,46437.5,46452.6,46428.6,46432.5,394.0,18294405.0
2025-10-10 03:30:00,46431.5,46446.9,46425.4,46434.4,617.0,28650024.8
2025-10-10 04:00:00,46434.9,46444.9,46424.5,46438.5,507.0,23544319.5
2025-10-10 04:30:00,46438.9,46441.9,46407.5,46412.5,497.0,23067012.5
2025-10-10 05:00:00,46413.0,46442.7,46400.6,46434.9,631.0,29300421.900000002
2025-10-10 05:30:00,46435.8,46454.9,46434.4,46452.9,434.0,20160558.6
2025-10-10 06:00:00,46453.7,46472.7,46444.4,46445.9,1067.0,49557775.300000004
2025-10-10 06:30:00,46446.8,46456.7,46386.4,46409.9,3220.0,149439878.0
2025-10-10 07:00:00,46411.4,46453.2,46406.7,46441.7,3809.0,176896435.29999998
2025-10-10 07:30:00,46442.2,46452.0,46418.7,46449.6,2183.0,101399476.8
2025-10-10 08:00:00,46449.1,46453.0,46429.1,46432.0,2362.0,109672384.0
2025-10-10 08:30:00,46431.3,46449.1,46429.7,46438.3,1027.0,47692134.1
2025-10-10 09:00:00,46438.6,46449.1,46413.4,46417.5,2837.0,131686447.5
2025-10-10 09:30:00,46417.1,46423.3,46382.1,46391.1,2105.0,97653265.5
2025-10-10 10:00:00,46391.6,46421.6,46388.7,46409.5,1578.0,73234191.0
2025-10-10 10:30:00,46409.1,46443.7,46403.7,46439.0,1439.0,66825721.0
2025-10-10 11:00:00,46438.6,46446.4,46424.3,46433.0,1428.0,66306324.0
2025-10-10 11:30:00,46432.6,46456.7,46431.8,46451.7,1482.0,68841419.39999999
2025-10-10 12:00:00,46451.2,46475.4,46445.6,46459.8,1506.0,69968458.8
2025-10-10 12:30:00,46460.1,46476.3,46431.5,46447.6,2146.0,99676549.6
2025-10-10 13:00:00,46447.7,46535.2,46447.7,46531.9,2804.0,130475447.60000001
2025-10-10 13:30:00,46531.6,46676.3,46493.8,46530.6,26348.0,1225988248.8
2025-10-10 14:00:00,46533.4,46587.4,46483.9,46539.9,21856.0,1017176054.4
2025-10-10 14:30:00,46539.7,46574.1,46170.9,46261.1,23625.0,1092918487.5
2025-10-10 15:00:00,46260.7,46280.4,45913.3,45955.8,116499.0,5353804744.200001
2025-10-10 15:30:00,45956.3,46057.6,45782.7,45888.4,119780.0,5496512552.0
2025-10-10 16:00:00,45888.6,45939.2,45774.7,45881.4,67844.0,3112777701.6
2025-10-10 16:30:00,45880.9,45970.8,45784.9,45808.7,46146.0,2113888270.1999998
2025-10-10 17:00:00,45808.1,45837.6,45722.8,45827.5,41943.0,1922142832.5
2025-10-10 17:30:00,45827.2,45901.5,45757.8,45829.5,36633.0,1678872073.5
2025-10-10 18:00:00,45830.1,45853.6,45766.8,45800.8,30752.0,1408466201.6000001
2025-10-10 18:30:00,45801.3,45830.4,45675.0,45696.6,24453.0,1117418959.8
2025-10-10 19:00:00,45696.1,45758.5,45590.9,45624.1,25850.0,1179382985.0
2025-10-10 19:30:00,45624.4,45704.6,45482.8,45501.9,44406.0,2020557371.4
2025-10-10 20:00:00,45501.0,45579.7,45449.3,45567.0,8595.0,391648365.0
2025-10-10 20:30:00,45567.0,45568.2,45218.5,45247.2,14291.0,646627735.1999999
2025-10-12 22:00:00,45876.1,45966.5,45786.1,45849.5,7054.0,323422373.0
2025-10-12 22:30:00,45849.9,45895.5,45827.1,45835.6,3889.0,178254648.4
2025-10-12 23:00:00,45835.3,45883.7,45790.7,45876.9,6939.0,318339809.1
2025-10-12 23:30:00,45877.7,45895.9,45832.7,45876.4,6174.0,283240893.6
2025-10-13 00:00:00,45876.2,45886.7,45811.5,45853.7,7073.0,324323220.09999996
2025-10-13 00:30:00,45854.7,45903.9,45844.6,45898.3,3363.0,154355982.9
2025-10-13 01:00:00,45898.9,45910.8,45850.4,45887.0,4148.0,190339276.0
2025-10-13 01:30:00,45887.8,45925.9,45869.4,45919.3,1774.0,81460838.2
2025-10-13 02:00:00,45918.5,45951.7,45914.5,45946.5,1197.0,54997960.5
2025-10-13 02:30:00,45945.5,45955.7,45922.4,45925.4,1140.0,52354956.0
2025-10-13 03:00:00,45924.5,45949.7,45908.4,45934.5,1465.0,67294042.5
2025-10-13 03:30:00,45933.6,45934.7,45884.4,45903.3,2214.0,101629906.2
2025-10-13 04:00:00,45902.5,45923.9,45891.5,45906.7,1771.0,81300765.69999999
2025-10-13 04:30:00,45907.7,45931.8,45901.3,45924.9,923.0,42388682.7
2025-10-13 05:00:00,45924.4,45943.7,45904.6,45941.7,1349.0,61975353.3
2025-10-13 05:30:00,45942.7,45962.7,45921.4,45949.3,1305.0,59963836.50000001
2025-10-13 06:00:00,45948.5,45967.7,45896.4,45912.3,3338.0,153255257.4
2025-10-13 06:30:00,45911.5,45979.8,45911.4,45971.8,2443.0,112309107.4
2025-10-13 07:00:00,45971.3,46064.2,45944.5,46058.4,6668.0,307117411.2
2025-10-13 07:30:00,46058.4,46080.0,46018.8,46022.4,4387.0,201900268.8
2025-10-13 08:00:00,46022.4,46072.3,45972.2,45980.1,5756.0,264661455.6
2025-10-13 08:30:00,45980.3,46010.3,45954.6,45984.6,3541.0,162831468.6
2025-10-13 09:00:00,45984.5,46002.0,45961.8,45965.2,3131.0,143917041.2
2025-10-13 09:30:00,45964.7,45980.1,45950.5,45960.4,2650.0,121795060.0
2025-10-13 10:00:00,45960.1,45974.9,45930.9,45967.8,2955.0,135834849.0
2025-10-13 10:30:00,45966.9,45988.3,45916.4,45952.4,3152.0,144841964.8
2025-10-13 11:00:00,45952.7,46008.2,45813.5,45874.6,15659.0,718350361.4
2025-10-13 11:30:00,45874.9,45907.2,45831.5,45867.0,7448.0,341617416.0
2025-10-13 12:00:00,45866.6,45890.3,45821.5,45879.5,7767.0,356346076.5
2025-10-13 12:30:00,45878.8,45944.2,45875.8,45919.8,4323.0,198511295.4
2025-10-13 13:00:00,45919.5,45933.7,45841.5,45859.9,9099.0,417279230.1
2025-10-13 13:30:00,45859.6,46047.3,45835.1,46039.0,63363.0,2917169157.0
2025-10-13 14:00:00,46038.1,46069.6,45874.1,45922.7,39186.0,1799526922.1999998
2025-10-13 14:30:00,45922.9,46042.0,45874.1,45941.0,30128.0,1384110448.0
2025-10-13 15:00:00,45941.4,46122.4,45905.7,46121.9,19345.0,892228155.5
2025-10-13 15:30:00,46122.4,46165.6,46082.9,46102.1,11248.0,518556420.8
2025-10-13 16:00:00,46102.4,46162.1,46077.4,46120.1,14931.0,688619213.1
2025-10-13 16:30:00,46120.4,46184.1,46101.9,46177.9,9196.0,424651968.40000004
2025-10-13 17:00:00,46178.4,46204.4,46083.7,46089.1,10037.0,462596296.7
2025-10-13 17:30:00,46088.8,46109.0,46036.1,46100.4,9631.0,443992952.40000004
2025-10-13 18:00:00,46099.9,46171.4,46093.9,46159.9,6199.0,286145220.1
2025-10-13 18:30:00,46160.4,46184.4,46014.2,46025.8,8382.0,385788255.6
2025-10-13 19:00:00,46025.1,46116.2,46008.7,46102.1,9695.0,446959859.5
2025-10-13 19:30:00,46101.9,46164.4,46096.7,46116.0,11362.0,523969992.0
2025-10-13 20:00:00,46116.5,46134.8,46093.9,46101.7,2917.0,134478658.9
2025-10-13 20:30:00,46101.8,46111.3,46088.7,46109.8,749.0,34536240.2
2025-10-13 22:00:00,46130.1,46170.6,46129.4,46130.9,1186.0,54711247.4
2025-10-13 22:30:00,46130.4,46161.9,46130.4,46161.9,914.0,42191976.6
2025-10-13 23:00:00,46161.3,46163.7,46122.2,46145.3,1208.0,55743522.400000006
2025-10-13 23:30:00,46144.5,46147.7,46114.5,46136.7,1254.0,57855421.8
2025-10-14 00:00:00,46135.6,46234.4,46117.2,46230.9,3953.0,182750747.70000002
2025-10-14 00:30:00,46231.7,46290.8,46217.5,46249.3,3228.0,149292740.4
2025-10-14 01:00:00,46248.5,46248.8,46175.2,46224.9,4061.0,187719318.9
2025-10-14 01:30:00,46224.3,46250.8,46214.2,46236.3,1773.0,81976959.9
2025-10-14 02:00:00,46235.5,46247.9,46209.4,46209.9,1386.0,64046921.4
2025-10-14 02:30:00,46210.8,46220.7,46184.6,46189.9,1653.0,76351904.7
2025-10-14 03:00:00,46189.4,46195.9,46121.4,46146.5,2333.0,107659784.5
2025-10-14 03:30:00,46146.9,46156.9,46129.4,46143.9,1758.0,81120976.2
2025-10-14 04:00:00,46144.7,46153.7,46029.5,46046.9,8223.0,378643658.7
2025-10-14 04:30:00,46046.3,46053.9,45998.5,46048.4,5471.0,251930796.4
2025-10-14 05:00:00,46048.9,46051.8,46008.3,46013.9,4452.0,204853882.8
2025-10-14 05:30:00,46014.8,46021.7,45844.4,45933.9,9541.0,438255339.90000004
2025-10-14 06:00:00,45934.7,45961.9,45901.4,45941.9,7202.0,330873563.8
2025-10-14 06:30:00,45942.8,45963.7,45889.4,45910.9,5702.0,261783951.8
2025-10-14 07:00:00,45909.7,45933.3,45816.5,45912.5,11650.0,534880625.0
2025-10-14 07:30:00,45911.8,45928.3,45755.6,45867.0,17764.0,814781388.0
2025-10-14 08:00:00,45867.2,45898.1,45802.5,45891.6,11557.0,530369221.2
2025-10-14 08:30:00,45892.0,45930.1,45852.8,45919.4,5955.0,273450027.0
2025-10-14 09:00:00,45919.4,45952.1,45895.5,45901.9,4005.0,183837109.5
2025-10-14 09:30:00,45901.6,45919.3,45866.0,45868.7,4100.0,188061670.0
2025-10-14 10:00:00,45868.5,45883.3,45822.5,45825.4,6286.0,288058464.40000004
2025-10-14 10:30:00,45825.4,45828.2,45716.5,45766.8,14970.0,685128996.0
2025-10-14 11:00:00,45766.2,45945.7,45765.7,45870.5,10478.0,480631099.0
2025-10-14 11:30:00,45869.8,45912.8,45827.3,45852.6,8774.0,402310712.4
2025-10-14 12:00:00,45853.1,45875.0,45771.3,45791.4,8424.0,385746753.6
2025-10-14 12:30:00,45791.1,45794.3,45625.6,45736.6,8278.0,378607574.8
2025-10-14 13:00:00,45737.1,45816.2,45725.5,45739.1,6666.0,304896840.59999996
2025-10-14 13:30:00,45739.0,45781.5,45491.8,45749.9,66973.0,3064008052.7000003
2025-10-14 14:00:00,45749.1,45977.3,45718.1,45958.8,34499.0,1585532641.2
2025-10-14 14:30:00,45958.7,46076.2,45932.1,46071.1,22298.0,1027293387.8
2025-10-14 15:00:00,46071.5,46119.2,46028.0,46046.6,20803.0,957907419.8
2025-10-14 15:30:00,46047.2,46314.5,46042.9,46287.1,27744.0,1284189302.3999999
2025-10-14 16:00:00,46287.4,46376.5,46218.7,46340.5,22081.0,1023244580.5
2025-10-14 16:30:00,46340.6,46483.5,46322.7,46411.4,15030.0,697563342.0
2025-10-14 17:00:00,46410.9,46514.2,46349.9,46500.7,14149.0,657938404.3
2025-10-14 17:30:00,46501.3,46567.2,46436.7,46527.4,13028.0,606158967.2
2025-10-14 18:00:00,46528.3,46550.1,46478.9,46515.4,11684.0,543485933.6
2025-10-14 18:30:00,46514.9,46535.2,46473.1,46519.0,10528.0,489752032.0
2025-10-14 19:00:00,46519.5,46553.4,46474.7,46479.3,8121.0,377458395.3
2025-10-14 19:30:00,46478.9,46479.3,46225.3,46326.7,54375.0,2519014312.5
2025-10-14 20:00:00,46326.4,46380.1,46251.8,46276.5,4927.0,228004315.5
2025-10-14 20:30:00,46276.5,46324.2,46274.0,46308.7,1261.0,58395270.699999996
2025-10-14 22:00:00,46314.3,46393.9,46311.7,46338.9,2668.0,123632185.2
2025-10-14 22:30:00,46339.7,46352.6,46328.4,46346.9,1037.0,48061735.300000004
2025-10-14 23:00:00,46346.3,46406.8,46336.5,46370.5,1412.0,65475146.0
2025-10-14 23:30:00,46370.9,46385.9,46343.3,46346.3,1623.0,75220044.9
2025-10-15 00:00:00,46344.8,46360.8,46315.4,46355.9,3627.0,168132849.3
2025-10-15 00:30:00,46356.7,46393.6,46333.6,46386.4,2267.0,105157968.8
2025-10-15 01:00:00,46385.5,46404.7,46345.6,46387.9,2171.0,100708130.9
2025-10-15 01:30:00,46387.3,46395.9,46371.4,46376.4,1461.0,67755920.4
2025-10-15 02:00:00,46376.9,46427.6,46372.4,46414.4,1505.0,69853672.0
2025-10-15 02:30:00,46413.5,46415.8,46380.4,46390.9,1259.0,58406143.1
2025-10-15 03:00:00,46389.7,46405.7,46358.5,46404.9,1120.0,51973488.0
2025-10-15 03:30:00,46405.7,46408.9,46371.4,46393.3,1282.0,59476210.6
2025-10-15 04:00:00,46393.9,46420.6,46388.5,46412.7,940.0,43627938.0
2025-10-15 04:30:00,46413.7,46436.7,46410.6,46429.7,812.0,37700916.4
2025-10-15 05:00:00,46430.7,46460.7,46427.4,46441.4,3059.0,142064242.6
2025-10-15 05:30:00,46441.9,46449.0,46421.4,46432.9,1183.0,54930120.7
2025-10-15 06:00:00,46433.7,46439.7,46408.3,46432.9,2071.0,96162535.9
2025-10-15 06:30:00,46432.4,46459.9,46418.3,46458.0,1828.0,84925224.0
2025-10-15 07:00:00,46457.3,46489.9,46436.7,46451.5,4110.0,190915665.0
2025-10-15 07:30:00,46452.0,46472.2,46429.6,46466.5,2749.0,127736408.5
2025-10-15 08:00:00,46465.9,46505.8,46463.9,46484.9,3850.0,178966865.0
2025-10-15 08:30:00,46484.6,46489.1,46453.5,46470.6,2520.0,117105912.0
2025-10-15 09:00:00,46469.2,46534.7,46466.7,46488.2,3155.0,146670271.0
2025-10-15 09:30:00,46487.9,46533.3,46483.7,46526.7,2514.0,116968123.8
2025-10-15 10:00:00,46526.7,46530.1,46506.0,46524.2,1867.0,86860681.39999999
2025-10-15 10:30:00,46523.8,46543.2,46510.9,46523.6,1758.0,81788488.8
2025-10-15 11:00:00,46522.9,46542.2,46512.4,46533.4,2518.0,117171101.2
2025-10-15 11:30:00,46533.4,46570.3,46527.5,46560.1,2199.0,102385659.89999999
2025-10-15 12:00:00,46560.4,46597.6,46547.4,46570.6,3182.0,148187649.2
2025-10-15 12:30:00,46570.2,46587.1,46541.6,46566.7,3774.0,175742725.79999998
2025-10-15 13:00:00,46567.1,46568.2,46500.6,46520.5,3727.0,173381903.5
2025-10-15 13:30:00,46521.3,46694.5,46469.2,46649.4,37511.0,1749865643.4
2025-10-15 14:00:00,46650.2,46745.2,46646.1,46676.3,20820.0,971800566.0000001
2025-10-15 14:30:00,46677.2,46709.4,46587.9,46614.9,16808.0,783503239.2
2025-10-15 15:00:00,46615.4,46625.4,46553.1,46569.6,16864.0,785349734.4
2025-10-15 15:30:00,46570.3,46580.2,46346.0,46418.9,31081.0,1442745830.9
2025-10-15 16:00:00,46419.4,46483.3,46382.8,46421.1,25255.0,1172364880.5
2025-10-15 16:30:00,46420.1,46432.6,46339.7,46358.5,20378.0,944693513.0
2025-10-15 17:00:00,46358.6,46361.5,46066.9,46185.0,49903.0,2304770055.0
2025-10-15 17:30:00,46185.4,46393.2,46171.1,46382.6,27972.0,1297414087.2
2025-10-15 18:00:00,46382.0,46399.4,46324.9,46332.6,21221.0,983224104.6
2025-10-15 18:30:00,46332.1,46386.5,46313.9,46370.9,11607.0,538227036.3000001
2025-10-15 19:00:00,46370.1,46379.6,46298.1,46334.3,11849.0,549015120.7
2025-10-15 19:30:00,46333.9,46341.6,46225.9,46324.9,18277.0,846680197.3000001
2025-10-15 20:00:00,46324.0,46378.3,46291.0,46311.9,4831.0,223732788.9
2025-10-15 20:30:00,46310.9,46324.2,46276.1,46309.7,1541.0,71363247.69999999
2025-10-15 22:00:00,46376.7,46431.8,46371.9,46404.5,1766.0,81950347.0
2025-10-15 22:30:00,46404.9,46411.8,46358.3,46405.9,1353.0,62787182.7
2025-10-15 23:00:00,46405.4,46405.4,46331.4,46340.3,1434.0,66451990.2
2025-10-15 23:30:00,46340.9,46362.9,46327.4,46353.5,1804.0,83621714.0
2025-10-16 00:00:00,46353.9,46367.9,46311.5,46332.4,2924.0,135475937.6
2025-10-16 00:30:00,46331.5,46351.8,46304.5,46336.5,3276.0,151798374.0
2025-10-16 01:00:00,46335.6,46369.9,46327.4,46355.5,2147.0,99525258.5
2025-10-16 01:30:00,46354.6,46366.9,46331.4,46345.3,1572.0,72854811.60000001
2025-10-16 02:00:00,46345.9,46359.9,46315.4,46317.5,1363.0,63130752.5
2025-10-16 02:30:00,46317.9,46344.7,46300.6,46336.3,1475.0,68346042.5
2025-10-16 03:00:00,46336.9,46348.7,46300.4,46318.7,1216.0,56323539.199999996
2025-10-16 03:30:00,46319.7,46323.7,46297.6,46306.4,951.0,44037386.4
2025-10-16 04:00:00,46306.9,46327.9,46299.4,46319.9,859.0,39788794.1
2025-10-16 04:30:00,46319.4,46336.9,46301.5,46328.9,944.0,43734481.6
2025-10-16 05:00:00,46329.8,46343.9,46316.5,46335.4,1072.0,49671548.800000004
2025-10-16 05:30:00,46335.9,46358.7,46307.4,46336.5,2546.0,117972729.0
2025-10-16 06:00:00,46336.9,46372.7,46332.5,46369.5,2311.0,107159914.5
2025-10-16 06:30:00,46369.9,46399.7,46365.5,46394.3,1445.0,67039763.50000001
2025-10-16 07:00:00,46395.5,46415.1,46362.5,46370.3,4429.0,205374058.70000002
2025-10-16 07:30:00,46371.6,46450.8,46339.7,46420.6,6787.0,315056612.2
2025-10-16 08:00:00,46420.4,46456.0,46396.5,46397.5,4449.0,206422477.5
2025-10-16 08:30:00,46398.0,46418.2,46388.5,46414.0,2227.0,103363978.0
2025-10-16 09:00:00,46413.9,46445.3,46408.6,46442.6,1957.0,90888168.2
2025-10-16 09:30:00,46442.5,46485.5,46429.0,46482.5,2343.0,108908497.5
2025-10-16 10:00:00,46482.4,46510.6,46469.5,46510.5,1927.0,89625733.5
2025-10-16 10:30:00,46511.0,46539.2,46486.6,46511.5,1920.0,89302080.0
2025-10-16 11:00:00,46512.1,46534.2,46407.3,46447.6,3494.0,162287914.4
2025-10-16 11:30:00,46447.8,46461.8,46414.7,46422.1,1980.0,91915758.0
2025-10-16 12:00:00,46421.6,46425.3,46346.8,46401.1,3578.0,166023135.79999998
2025-10-16 12:30:00,46402.6,46453.0,46392.5,46423.7,3567.0,165593337.89999998
2025-10-16 13:00:00,46424.8,46444.2,46367.7,46387.5,4629.0,214727737.5
2025-10-16 13:30:00,46386.8,46468.2,46337.0,46374.9,46321.0,2148131742.9
2025-10-16 14:00:00,46375.4,46406.1,46280.1,46373.4,39458.0,1829801617.2
2025-10-16 14:30:00,46373.6,46469.6,46337.7,46360.7,30177.0,1399026843.8999999
2025-10-16 15:00:00,46360.9,46470.7,46293.8,46310.3,26617.0,1232641255.1000001
2025-10-16 15:30:00,46309.9,46398.2,46216.2,46252.8,41944.0,1940027443.2
2025-10-16 16:00:00,46252.1,46299.6,46133.8,46151.2,41921.0,1934704455.1999998
2025-10-16 16:30:00,46150.8,46196.8,45933.8,46189.7,66818.0,3086303374.6
2025-10-16 17:00:00,46189.1,46254.1,46079.8,46209.5,54047.0,2497484846.5
2025-10-16 17:30:00,46209.1,46239.5,46088.0,46115.6,32487.0,1498157497.2
2025-10-16 18:00:00,46115.1,46123.2,45837.9,45889.4,43618.0,2001603849.2
2025-10-16 18:30:00,45888.9,46076.6,45820.8,46018.6,44918.0,2067063474.8
2025-10-16 19:00:00,46019.2,46051.2,45871.7,45900.4,35529.0,1630795311.6000001
2025-10-16 19:30:00,45899.9,46039.1,45848.9,46003.2,34159.0,1571423308.8
2025-10-16 20:00:00,46002.8,46025.2,45886.0,45922.3,5522.0,253582940.60000002
2025-10-16 20:30:00,45921.7,45977.2,45914.9,45956.1,2094.0,96232073.39999999
2025-10-16 22:00:00,45965.3,46016.0,45946.4,45978.1,2526.0,116140680.6
2025-10-16 22:30:00,45978.1,45989.8,45884.6,45886.9,2974.0,136467640.6
2025-10-16 23:00:00,45887.0,45928.7,45868.3,45876.7,4883.0,224015926.1
2025-10-16 23:30:00,45876.3,45936.8,45872.4,45934.0,3433.0,157691422.0
2025-10-17 00:00:00,45934.3,45962.9,45901.5,45913.9,4402.0,202112987.8
2025-10-17 00:30:00,45913.4,45938.8,45892.5,45905.5,2581.0,118482095.5
2025-10-17 01:00:00,45905.9,45965.7,45905.9,45943.4,2832.0,130111708.8
2025-10-17 01:30:00,45942.5,45950.9,45876.4,45905.4,3478.0,159658981.20000002
2025-10-17 02:00:00,45905.9,45921.9,45878.3,45892.9,3260.0,149610854.0
2025-10-17 02:30:00,45892.4,45913.8,45891.5,45899.9,1329.0,61000967.1
2025-10-17 03:00:00,45899.4,45913.9,45881.4,45904.9,1263.0,57977888.7
2025-10-17 03:30:00,45905.7,45916.9,45842.5,45880.5,2891.0,132640525.5
2025-10-17 04:00:00,45880.9,45890.7,45848.6,45856.9,1671.0,76626879.9
2025-10-17 04:30:00,45857.7,45866.8,45834.6,45842.9,1860.0,85267794.0
2025-10-17 05:00:00,45843.7,45847.8,45783.5,45817.9,3395.0,155551770.5
2025-10-17 05:30:00,45818.7,45824.7,45757.5,45806.9,3291.0,150750507.9
2025-10-17 06:00:00,45807.7,45838.7,45771.5,45785.9,4163.0,190606701.70000002
2025-10-17 06:30:00,45785.4,45797.7,45702.6,45718.8,7204.0,329358235.20000005
2025-10-17 07:00:00,45717.6,45728.9,45497.4,45538.6,22464.0,1022979110.4
2025-10-17 07:30:00,45539.8,45584.7,45447.5,45553.6,21574.0,982773366.4
2025-10-17 08:00:00,45553.7,45580.3,45478.6,45577.5,16305.0,743141137.5
2025-10-17 08:30:00,45576.9,45637.3,45565.0,45596.5,9566.0,436176119.0
2025-10-17 09:00:00,45595.9,45719.1,45587.9,45692.0,6738.0,307872696.0
2025-10-17 09:30:00,45691.6,45716.9,45611.5,45617.8,8208.0,374430902.40000004
2025-10-17 10:00:00,45618.1,45679.3,45605.0,45618.0,9381.0,427942458.0
2025-10-17 10:30:00,45618.8,45749.9,45618.8,45747.0,12544.0,573850368.0
2025-10-17 11:00:00,45747.2,46028.5,45740.5,45946.5,27306.0,1254615129.0
2025-10-17 11:30:00,45947.7,45980.2,45905.5,45979.2,12027.0,552991838.4
2025-10-17 12:00:00,45978.7,46113.9,45948.5,46067.6,13523.0,622972154.8
2025-10-17 12:30:00,46068.8,46107.0,46015.9,46027.2,11296.0,519923251.2
2025-10-17 13:00:00,46027.8,46078.2,45971.6,45975.2,12382.0,569264926.4
2025-10-17 13:30:00,45974.9,46239.2,45961.1,46094.7,74048.0,3413220345.6
2025-10-17 14:00:00,46094.2,46264.1,46021.7,46125.1,58719.0,2708419746.9
2025-10-17 14:30:00,46124.8,46135.5,45990.7,45997.6,49220.0,2264001872.0
2025-10-17 15:00:00,45998.2,46127.3,45941.8,46013.8,39902.0,1836042647.6000001
2025-10-17 15:30:00,46013.7,46203.3,45950.9,46169.6,33664.0,1554253414.3999999
2025-10-17 16:00:00,46169.1,46263.5,46163.1,46202.6,19395.0,896099427.0
2025-10-17 16:30:00,46202.1,46231.6,46082.1,46125.5,22519.0,1038700134.5
2025-10-17 17:00:00,46126.0,46142.0,46051.4,46085.8,24603.0,1133848937.4
2025-10-17 17:30:00,46086.3,46195.0,46055.7,46181.5,22139.0,1022412228.5
2025-10-17 18:00:00,46181.0,46318.6,46179.7,46285.6,14309.0,662300650.4
2025-10-17 18:30:00,46286.3,46315.5,46259.7,46294.7,10513.0,486696181.09999996
2025-10-17 19:00:00,46294.0,46362.6,46284.7,46314.2,10072.0,466476622.4
2025-10-17 19:30:00,46314.5,46315.5,46218.9,46226.8,14543.0,672276352.4000001
2025-10-17 20:00:00,46226.1,46289.0,46220.9,46270.7,2346.0,108551062.19999999
2025-10-17 20:30:00,46271.2,46280.2,46264.7,46273.0,544.0,25172512.0
2025-10-19 22:00:00,46339.6,46359.1,46295.7,46311.9,1397.0,64697724.300000004
2025-10-19 22:30:00,46312.1,46316.9,46296.4,46308.7,972.0,45012056.4
2025-10-19 23:00:00,46309.6,46312.9,46228.4,46230.8,3155.0,145858174.0
2025-10-19 23:30:00,46230.4,46254.4,46217.6,46236.1,2226.0,102921558.6
2025-10-20 00:00:00,46234.7,46240.7,46166.3,46192.3,4142.0,191328506.60000002
2025-10-20 00:30:00,46192.8,46297.9,46184.4,46286.9,3848.0,178111991.20000002
2025-10-20 01:00:00,46287.6,46326.8,46278.3,46310.4,2725.0,126195840.0
2025-10-20 01:30:00,46310.2,46311.7,46263.6,46283.9,2380.0,110155682.0
2025-10-20 02:00:00,46283.4,46290.9,46262.4,46277.4,1682.0,77838586.8
2025-10-20 02:30:00,46277.9,46303.9,46272.5,46297.5,1309.0,60603427.5
2025-10-20 03:00:00,46297.9,46307.9,46292.5,46302.4,544.0,25188505.6
2025-10-20 03:30:00,46302.9,46346.8,46297.6,46334.4,972.0,45037036.800000004
2025-10-20 04:00:00,46334.9,46359.7,46328.6,46352.9,1025.0,47511722.5
2025-10-20 04:30:00,46352.4,46361.9,46329.6,46359.9,1012.0,46916218.800000004
2025-10-20 05:00:00,46359.4,46370.9,46339.4,46360.9,953.0,44181937.7
2025-10-20 05:30:00,46361.7,46393.7,46349.6,46381.6,1430.0,66325688.0
2025-10-20 06:00:00,46380.6,46384.9,46348.2,46372.9,2297.0,106518551.3
2025-10-20 06:30:00,46372.3,46402.7,46361.4,46382.4,1798.0,83395555.2
2025-10-20 07:00:00,46382.9,46417.1,46366.2,46414.2,4112.0,190855190.39999998
2025-10-20 07:30:00,46413.9,46433.9,46384.7,46392.9,3084.0,143075703.6
2025-10-20 08:00:00,46393.8,46395.1,46345.5,46357.1,3766.0,174580838.6
2025-10-20 08:30:00,46357.3,46366.9,46307.6,46326.7,2947.0,136524784.9
2025-10-20 09:00:00,46325.8,46363.2,46307.5,46351.4,3350.0,155277190.0
2025-10-20 09:30:00,46351.4,46352.8,46315.4,46335.5,2281.0,105691275.5
2025-10-20 10:00:00,46335.7,46346.3,46306.5,46323.8,2508.0,116180090.4
2025-10-20 10:30:00,46323.6,46346.6,46270.0,46274.7,3774.0,174640717.79999998
2025-10-20 11:00:00,46274.2,46313.1,46259.3,46303.7,3067.0,142013447.9
2025-10-20 11:30:00,46303.0,46331.4,46281.9,46330.5,2503.0,115965241.5
2025-10-20 12:00:00,46329.8,46331.2,46302.6,46316.1,2409.0,111575484.89999999
2025-10-20 12:30:00,46315.7,46393.3,46315.4,46392.1,2625.0,121779262.5
2025-10-20 13:00:00,46391.7,46424.0,46369.5,46397.9,3549.0,164666147.1
2025-10-20 13:30:00,46398.2,46532.2,46391.2,46418.3,37692.0,1749598563.6000001
2025-10-20 14:00:00,46418.5,46562.4,46413.8,46556.4,21758.0,1012974151.2
2025-10-20 14:30:00,46555.9,46683.2,46535.0,46659.4,12400.0,578576560.0
2025-10-20 15:00:00,46660.2,46663.2,46572.9,46616.9,10854.0,505979832.6
2025-10-20 15:30:00,46617.4,46641.4,46561.2,46586.0,13464.0,627233904.0
2025-10-20 16:00:00,46586.4,46660.3,46577.7,46652.6,10885.0,507813551.0
2025-10-20 16:30:00,46652.0,46687.3,46627.9,46683.9,7034.0,328374552.6
2025-10-20 17:00:00,46683.0,46742.6,46682.7,46714.4,5457.0,254920480.8
2025-10-20 17:30:00,46715.3,46780.2,46712.9,46764.9,4546.0,212593235.4
2025-10-20 18:00:00,46765.4,46804.4,46762.1,46778.6,4182.0,195628105.2
2025-10-20 18:30:00,46779.3,46785.3,46732.8,46768.9,4858.0,227203316.20000002
2025-10-20 19:00:00,46769.4,46804.2,46740.9,46780.9,5054.0,236430668.6
2025-10-20 19:30:00,46781.4,46809.4,46745.0,46757.9,7549.0,352975387.1
2025-10-20 20:00:00,46757.0,46791.2,46734.8,46790.8,2395.0,112063966.0
2025-10-20 20:30:00,46790.3,46806.2,46789.8,46803.8,518.0,24244368.400000002
2025-10-20 22:00:00,46810.3,46814.6,46787.6,46801.2,854.0,39968224.8
2025-10-20 22:30:00,46801.1,46805.6,46785.5,46790.3,741.0,34671612.300000004
2025-10-20 23:00:00,46790.8,46816.6,46785.5,46808.5,1033.0,48353180.5
2025-10-20 23:30:00,46808.9,46810.7,46768.3,46773.5,793.0,37091385.5
2025-10-21 00:00:00,46773.9,46807.9,46769.5,46797.9,1710.0,80024409.0
2025-10-21 00:30:00,46798.7,46802.7,46788.9,46800.9,821.0,38423538.9
2025-10-21 01:00:00,46800.4,46815.7,46786.5,46791.3,942.0,44077404.6
2025-10-21 01:30:00,46791.9,46797.9,46776.4,46786.4,864.0,40423449.6
2025-10-21 02:00:00,46785.5,46805.7,46782.4,46805.7,646.0,30236482.2
2025-10-21 02:30:00,46806.7,46809.9,46773.5,46778.9,681.0,31856430.900000002
2025-10-21 03:00:00,46779.7,46788.9,46777.4,46777.9,539.0,25213288.1
2025-10-21 03:30:00,46777.4,46786.9,46759.5,46767.9,1143.0,53455709.7
2025-10-21 04:00:00,46768.7,46770.9,46755.4,46766.8,980.0,45831464.0
2025-10-21 04:30:00,46767.7,46768.7,46732.6,46747.9,1075.0,50253992.5
2025-10-21 05:00:00,46748.7,46762.0,46726.4,46729.3,1399.0,65374290.7
2025-10-21 05:30:00,46728.5,46738.7,46707.4,46728.3,1023.0,47803050.900000006
2025-10-21 06:00:00,46728.9,46730.9,46683.6,46696.3,1563.0,72986316.9
2025-10-21 06:30:00,46696.9,46710.8,46686.5,46698.5,1283.0,59914175.5
2025-10-21 07:00:00,46700.3,46703.7,46672.6,46700.6,3119.0,145659171.4
2025-10-21 07:30:00,46701.1,46705.2,46672.5,46698.6,2800.0,130756080.0
2025-10-21 08:00:00,46698.5,46700.2,46664.3,46676.1,2843.0,132700152.3
2025-10-21 08:30:00,46675.7,46684.3,46664.2,46668.1,1485.0,69302128.5
2025-10-21 09:00:00,46668.0,46704.8,46667.5,46701.8,1482.0,69212067.60000001
2025-10-21 09:30:00,46701.3,46713.6,46690.2,46697.5,1525.0,71213687.5
2025-10-21 10:00:00,46700.9,46742.2,46700.5,46723.0,1993.0,93118939.0
2025-10-21 10:30:00,46723.8,46759.0,46702.2,46750.2,2426.0,113415985.19999999
2025-10-21 11:00:00,46749.4,46801.6,46745.3,46794.8,2050.0,95929340.0
2025-10-21 11:30:00,46794.3,46795.9,46767.7,46784.3,2439.0,114106907.7
2025-10-21 12:00:00,46784.4,46796.2,46775.7,46785.8,1826.0,85430870.80000001
2025-10-21 12:30:00,46785.6,46789.2,46754.5,46762.2,2140.0,100071108.0
2025-10-21 13:00:00,46761.7,46789.2,46726.6,46765.4,4156.0,194357002.4
2025-10-21 13:30:00,46765.0,46846.3,46745.6,46817.7,34358.0,1608562536.6
2025-10-21 14:00:00,46818.3,46987.2,46776.1,46903.9,22580.0,1059090062.0
2025-10-21 14:30:00,46903.7,47088.4,46892.7,47085.9,18774.0,883990686.6
2025-10-21 15:00:00,47086.4,47187.4,47079.9,47117.4,15996.0,753689930.4
2025-10-21 15:30:00,47118.3,47134.2,47049.9,47056.9,11834.0,556871354.6
2025-10-21 16:00:00,47054.7,47111.4,47030.9,47093.4,8787.0,413809705.8
2025-10-21 16:30:00,47094.2,47131.4,47022.4,47033.7,13502.0,635049017.4
2025-10-21 17:00:00,47033.1,47097.4,46993.2,47041.2,18818.0,885221301.5999999
2025-10-21 17:30:00,47041.5,47081.4,47016.8,47070.9,10438.0,491326054.2
2025-10-21 18:00:00,47071.4,47105.3,47038.1,47070.4,6563.0,308923035.2
2025-10-21 18:30:00,47069.9,47077.3,47026.9,47042.3,5841.0,274774074.3
2025-10-21 19:00:00,47041.9,47060.4,47016.1,47031.8,5649.0,265682638.20000002
2025-10-21 19:30:00,47031.0,47063.3,46973.9,46981.1,7403.0,347801083.3
2025-10-21 20:00:00,46980.6,47004.7,46966.4,46999.6,4613.0,216809154.79999998
2025-10-21 20:30:00,46999.2,47015.2,46987.8,47005.8,1324.0,62235679.2
2025-10-21 22:00:00,46985.0,47008.8,46964.4,47008.8,1670.0,78504696.0
2025-10-21 22:30:00,47008.4,47015.8,46981.6,47014.9,908.0,42689529.2
2025-10-21 23:00:00,47015.7,47015.7,46978.6,46989.5,1003.0,47130468.5
2025-10-21 23:30:00,46988.5,47000.7,46967.5,46968.8,896.0,42084044.800000004
2025-10-22 00:00:00,46969.7,46992.7,46951.6,46969.0,2317.0,108827173.0
2025-10-22 00:30:00,46969.8,46982.7,46946.6,46950.8,1400.0,65731120.00000001
2025-10-22 01:00:00,46950.3,46970.9,46939.4,46960.8,1213.0,56963450.400000006
2025-10-22 01:30:00,46960.3,46987.9,46950.5,46983.7,895.0,42050411.5
2025-10-22 02:00:00,46984.7,46996.9,46968.5,46994.4,827.0,38864368.800000004
2025-10-22 02:30:00,46994.9,46994.9,46978.6,46984.0,474.0,22270416.0
2025-10-22 03:00:00,46984.8,46988.7,46948.3,46950.9,755.0,35447929.5
2025-10-22 03:30:00,46951.7,47006.6,46946.4,47001.5,1031.0,48458546.5
2025-10-22 04:00:00,47001.9,47048.9,46997.5,47037.9,1518.0,71403532.2
2025-10-22 04:30:00,47037.4,47049.9,47028.6,47039.9,825.0,38807917.5
2025-10-22 05:00:00,47039.4,47049.7,47023.6,47030.4,831.0,39082262.4
2025-10-22 05:30:00,47030.9,47037.9,47005.4,47014.9,727.0,34179832.300000004
2025-10-22 06:00:00,47015.7,47047.7,46999.5,47032.4,1736.0,81648246.4
2025-10-22 06:30:00,47031.5,47053.9,47020.5,47037.3,1290.0,60678117.00000001
2025-10-22 07:00:00,47038.5,47040.0,46984.1,47026.6,4316.0,202966805.6
2025-10-22 07:30:00,47026.7,47030.9,47011.7,47015.5,2345.0,110251347.5
2025-10-22 08:00:00,47015.9,47018.9,46956.8,46967.7,3220.0,151235994.0
2025-10-22 08:30:00,46968.2,46985.2,46953.8,46976.3,2489.0,116924010.7
2025-10-22 09:00:00,46975.8,46987.6,46934.8,46981.1,2245.0,105472569.5
2025-10-22 09:30:00,46981.3,46999.1,46968.7,46991.7,1969.0,92526657.3
2025-10-22 10:00:00,46992.1,47000.3,46980.1,46998.6,1573.0,73928797.8
2025-10-22 10:30:00,46998.4,47010.7,46979.7,46984.6,1645.0,77289667.0
2025-10-22 11:00:00,46984.2,46987.2,46939.6,46950.5,3715.0,174421107.5
2025-10-22 11:30:00,46951.0,46974.6,46939.5,46950.6,3653.0,171510541.79999998
2025-10-22 12:00:00,46950.8,46998.8,46940.8,46977.6,4398.0,206607484.79999998
2025-10-22 12:30:00,46978.0,47014.2,46965.6,46997.7,2067.0,97144245.89999999
2025-10-22 13:00:00,46997.8,47001.8,46962.7,46977.7,2663.0,125101615.1
2025-10-22 13:30:00,46977.5,46977.5,46841.9,46867.8,32248.0,1511392814.4
2025-10-22 14:00:00,46867.0,46917.4,46835.1,46839.8,22950.0,1074973410.0
2025-10-22 14:30:00,46840.4,46884.4,46789.1,46884.4,29211.0,1369540208.4
2025-10-22 15:00:00,46883.9,46912.2,46776.9,46822.2,23976.0,1122609067.2
2025-10-22 15:30:00,46821.9,46891.5,46799.7,46846.9,24448.0,1145313011.2
2025-10-22 16:00:00,46847.4,46860.2,46743.1,46772.6,20457.0,956827078.1999999
2025-10-22 16:30:00,46772.2,46829.4,46536.8,46766.6,53172.0,2486673655.2
2025-10-22 17:00:00,46766.0,46780.5,46583.8,46621.6,29768.0,1387831788.8
2025-10-22 17:30:00,46621.1,46661.6,46494.7,46566.4,26392.0,1228980428.8
2025-10-22 18:00:00,46566.6,46629.4,46503.2,46605.9,28066.0,1308041189.4
2025-10-22 18:30:00,46605.7,46622.2,46552.8,46616.3,24443.0,1139442220.9
2025-10-22 19:00:00,46615.9,46666.3,46551.0,46640.8,16912.0,788789209.6
2025-10-22 19:30:00,46640.1,46673.1,46603.6,46627.9,14878.0,693729896.2
2025-10-22 20:00:00,46628.4,46683.5,46517.4,46530.8,4050.0,188449740.0
2025-10-22 20:30:00,46530.6,46572.2,46526.8,46569.3,686.0,31946539.8
2025-10-22 22:00:00,46558.4,46567.5,46529.4,46544.4,1624.0,75588105.60000001
2025-10-22 22:30:00,46544.9,46561.7,46535.4,46556.9,1118.0,52050614.2
2025-10-22 23:00:00,46556.3,46584.8,46545.5,46567.3,1098.0,51130895.400000006
2025-10-22 23:30:00,46567.9,46580.9,46513.4,46519.7,1441.0,67034887.699999996
2025-10-23 00:00:00,46519.3,46534.6,46455.4,46523.9,3542.0,164787653.8
2025-10-23 00:30:00,46523.4,46551.8,46503.6,46545.9,1991.0,92672886.9
2025-10-23 01:00:00,46545.4,46576.9,46538.4,46565.4,1921.0,89452133.4
2025-10-23 01:30:00,46564.5,46600.9,46562.4,46599.9,1885.0,87840811.5
2025-10-23 02:00:00,46600.8,46616.7,46593.4,46602.9,1170.0,54525393.0
2025-10-23 02:30:00,46603.7,46621.8,46593.4,46609.9,715.0,33326078.5
2025-10-23 03:00:00,46609.4,46635.9,46607.6,46612.9,883.0,41159190.7
2025-10-23 03:30:00,46612.3,46620.9,46586.4,46597.3,1179.0,54938216.7
2025-10-23 04:00:00,46597.9,46607.9,46576.3,46595.9,946.0,44079721.4
2025-10-23 04:30:00,46596.8,46596.9,46573.5,46583.9,919.0,42810604.1
2025-10-23 05:00:00,46584.7,46591.9,46559.5,46573.4,1214.0,56540107.6
2025-10-23 05:30:00,46573.9,46606.9,46567.4,46599.9,1332.0,62071066.800000004
2025-10-23 06:00:00,46599.3,46604.8,46577.3,46594.7,1761.0,82053266.69999999
2025-10-23 06:30:00,46595.6,46614.7,46575.5,46608.4,1670.0,77836028.0
2025-10-23 07:00:00,46609.6,46619.2,46545.7,46568.1,3983.0,185480742.29999998
2025-10-23 07:30:00,46567.6,46613.4,46564.8,46603.1,3272.0,152485343.2
2025-10-23 08:00:00,46604.2,46610.1,46573.3,46589.5,3272.0,152440844.0
2025-10-23 08:30:00,46589.7,46602.2,46557.0,46567.0,1894.0,88197898.0
2025-10-23 09:00:00,46566.6,46583.3,46505.7,46521.3,3312.0,154078545.60000002
2025-10-23 09:30:00,46520.8,46536.3,46498.6,46529.6,2519.0,117208062.39999999
2025-10-23 10:00:00,46530.0,46603.3,46529.9,46597.2,3109.0,144870694.79999998
2025-10-23 10:30:00,46597.3,46613.9,46584.6,46600.3,2142.0,99817842.60000001
2025-10-23 11:00:00,46599.1,46610.2,46546.5,46572.5,4139.0,192763577.5
2025-10-23 11:30:00,46572.7,46578.2,46510.1,46541.7,3532.0,164385284.39999998
2025-10-23 12:00:00,46541.5,46554.2,46519.1,46551.5,4837.0,225169605.5
2025-10-23 12:30:00,46552.7,46582.7,46504.6,46576.6,4554.0,212109836.4
2025-10-23 13:00:00,46575.9,46600.6,46514.5,46600.6,5384.0,250897630.4
2025-10-23 13:30:00,46600.1,46762.9,46556.3,46680.7,26470.0,1235638129.0
2025-10-23 14:00:00,46681.7,46706.5,46529.3,46611.4,22687.0,1057472831.8000001
2025-10-23 14:30:00,46610.5,46694.9,46566.3,46669.7,14839.0,692531678.3
2025-10-23 15:00:00,46670.6,46706.8,46617.5,46693.8,13633.0,636576575.4000001
2025-10-23 15:30:00,46693.5,46716.9,46590.7,46666.0,14986.0,699336676.0
2025-10-23 16:00:00,46665.5,46718.9,46637.4,46690.4,8493.0,396541567.2
2025-10-23 16:30:00,46689.4,46781.8,46684.5,46762.5,6030.0,281977875.0
2025-10-23 17:00:00,46762.2,46776.9,46688.8,46742.7,10221.0,477757136.7
2025-10-23 17:30:00,46742.4,46831.5,46742.2,46816.8,7283.0,340966754.40000004
2025-10-23 18:00:00,46817.6,46838.8,46783.2,46816.8,5654.0,264702187.20000002
2025-10-23 18:30:00,46817.6,46852.5,46815.3,46826.4,4726.0,221301566.4
2025-10-23 19:00:00,46827.3,46842.4,46803.9,46810.5,3577.0,167441158.5
2025-10-23 19:30:00,46809.9,46818.4,46754.1,46781.5,7487.0,350253090.5
2025-10-23 20:00:00,46780.9,46782.3,46732.2,46737.2,2041.0,95390625.19999999
2025-10-23 20:30:00,46736.7,46744.2,46708.9,46740.5,764.0,35709742.0
2025-10-23 22:00:00,46755.2,46780.9,46755.2,46763.4,956.0,44705810.4
2025-10-23 22:30:00,46763.8,46773.5,46757.3,46769.3,1142.0,53410540.6
2025-10-23 23:00:00,46769.1,46778.0,46765.2,46769.8,995.0,46535951.0
2025-10-23 23:30:00,46770.6,46777.5,46766.2,46774.4,431.0,20159766.400000002
2025-10-24 00:00:00,46774.8,46780.5,46748.3,46765.3,879.0,41106698.7
2025-10-24 00:30:00,46765.8,46780.8,46761.3,46777.3,827.0,38684827.1
2025-10-24 01:00:00,46776.4,46802.6,46776.4,46784.8,870.0,40702776.0
2025-10-24 01:30:00,46784.3,46807.6,46777.4,46805.8,669.0,31313080.200000003
2025-10-24 02:00:00,46805.3,46821.0,46800.3,46817.2,498.0,23314965.599999998
2025-10-24 02:30:00,46817.8,46819.8,46790.3,46802.8,767.0,35897747.6
2025-10-24 03:00:00,46803.7,46826.8,46796.4,46824.8,551.0,25800464.8
2025-10-24 03:30:00,46824.3,46833.6,46820.3,46830.8,397.0,18591827.6
2025-10-24 04:00:00,46830.3,46833.8,46814.5,46824.2,407.0,19057449.4
2025-10-24 04:30:00,46823.4,46835.8,46819.4,46829.8,358.0,16765068.4
2025-10-24 05:00:00,46829.3,46847.7,46823.3,46843.3,513.0,24030612.900000002
2025-10-24 05:30:00,46843.8,46858.7,46833.1,46856.8,450.0,21085560.0
2025-10-24 06:00:00,46855.6,46890.8,46852.4,46881.4,1139.0,53397914.6
2025-10-24 06:30:00,46880.5,46881.6,46859.4,46871.2,759.0,35575240.8
2025-10-24 07:00:00,46872.5,46876.8,46832.2,46844.8,2173.0,101793750.4
2025-10-24 07:30:00,46844.3,46868.0,46811.6,46817.3,1982.0,92791888.60000001
2025-10-24 08:00:00,46817.8,46821.9,46753.7,46781.0,2067.0,96696327.0
2025-10-24 08:30:00,46780.5,46824.0,46778.7,46792.2,1654.0,77394298.8
2025-10-24 09:00:00,46792.1,46835.3,46789.2,46827.9,1171.0,54835470.9
2025-10-24 09:30:00,46828.6,46848.5,46822.3,46824.4,995.0,46590278.0
2025-10-24 10:00:00,46824.4,46848.8,46818.8,46832.8,974.0,45615147.2
2025-10-24 10:30:00,46833.3,46843.8,46818.1,46824.8,915.0,42844692.0
2025-10-24 11:00:00,46824.4,46864.6,46824.4,46836.3,1376.0,64446748.800000004
2025-10-24 11:30:00,46835.9,46874.8,46828.1,46864.8,1141.0,53472736.800000004
2025-10-24 12:00:00,46864.3,46878.6,46842.5,46856.9,1821.0,85326414.9
2025-10-24 12:30:00,46854.8,47126.8,46851.8,46972.6,11255.0,528676613.0
2025-10-24 13:00:00,46972.9,47043.0,46970.2,47042.2,3693.0,173726844.6
2025-10-24 13:30:00,47042.7,47186.5,46959.2,47176.5,29350.0,1384630275.0
2025-10-24 14:00:00,47177.3,47214.8,47133.6,47138.2,18698.0,881390063.5999999
2025-10-24 14:30:00,47137.6,47205.9,47093.5,47164.6,14442.0,681151153.1999999
2025-10-24 15:00:00,47163.8,47299.1,47151.6,47291.1,10272.0,485774179.2
2025-10-24 15:30:00,47290.6,47369.1,47282.7,47323.6,7510.0,355400236.0
2025-10-24 16:00:00,47324.2,47348.1,47300.7,47308.6,5448.0,257737252.79999998
2025-10-24 16:30:00,47309.1,47320.1,47221.8,47276.6,5986.0,282997727.59999996
2025-10-24 17:00:00,47275.8,47321.9,47259.6,47319.6,4851.0,229547379.6
2025-10-24 17:30:00,47318.8,47358.5,47305.6,47309.8,4151.0,196382979.8
2025-10-24 18:00:00,47308.8,47332.1,47299.9,47317.0,4358.0,206207486.0
2025-10-24 18:30:00,47316.6,47347.8,47294.5,47343.3,4472.0,211719237.60000002
2025-10-24 19:00:00,47343.8,47354.8,47309.3,47311.3,4063.0,192225811.9
2025-10-24 19:30:00,47311.8,47324.8,47238.4,47260.3,7738.0,365700201.40000004
2025-10-24 20:00:00,47259.4,47281.2,47239.9,47249.5,2131.0,100688684.5
2025-10-24 20:30:00,47249.2,47272.4,47241.3,47243.3,652.0,30802631.6
2025-10-26 22:00:00,47563.7,47638.2,47516.6,47581.4,2268.0,107914615.2
2025-10-26 22:30:00,47587.6,47594.6,47542.1,47546.8,459.0,21823981.200000003
2025-10-26 23:00:00,47548.3,47578.6,47536.6,47537.0,1668.0,79291716.0
2025-10-26 23:30:00,47538.1,47563.6,47524.5,47534.9,1420.0,67499558.0
2025-10-27 00:00:00,47534.3,47564.7,47511.4,47553.7,2404.0,114319094.8
2025-10-27 00:30:00,47553.2,47561.6,47531.3,47533.6,1263.0,60034936.8
2025-10-27 01:00:00,47533.9,47537.6,47509.3,47516.8,1165.0,55357072.0
2025-10-27 01:30:00,47516.3,47526.6,47495.4,47497.2,643.0,30540699.599999998
2025-10-27 02:00:00,47497.8,47506.6,47476.3,47488.2,616.0,29252731.2
2025-10-27 02:30:00,47488.7,47522.7,47488.2,47518.8,559.0,26563009.200000003
2025-10-27 03:00:00,47519.7,47553.7,47507.5,47551.2,696.0,33095635.2
2025-10-27 03:30:00,47551.7,47555.6,47527.3,47538.2,635.0,30186757.0
2025-10-27 04:00:00,47537.4,47554.8,47533.3,47553.3,577.0,27438254.1
2025-10-27 04:30:00,47553.8,47558.8,47543.3,47551.3,468.0,22254008.400000002
2025-10-27 05:00:00,47550.4,47569.6,47547.3,47568.8,541.0,25734720.8
2025-10-27 05:30:00,47568.3,47571.8,47556.4,47566.8,484.0,23022331.200000003
2025-10-27 06:00:00,47567.6,47607.8,47563.3,47603.2,941.0,44794611.199999996
2025-10-27 06:30:00,47602.4,47605.5,47586.2,47589.8,754.0,35882709.2
2025-10-27 07:00:00,47588.6,47605.6,47578.5,47595.9,1533.0,72964514.7
2025-10-27 07:30:00,47596.5,47611.0,47575.0,47577.0,1395.0,66369915.0
2025-10-27 08:00:00,47578.1,47582.6,47529.0,47536.8,2591.0,123167848.80000001
2025-10-27 08:30:00,47537.2,47541.3,47517.2,47532.3,1424.0,67685995.2
2025-10-27 09:00:00,47532.8,47536.8,47515.3,47515.4,1219.0,57921272.6
2025-10-27 09:30:00,47515.4,47553.5,47509.4,47542.4,1403.0,66701987.2
2025-10-27 10:00:00,47542.2,47542.2,47518.4,47529.0,969.0,46055601.0
2025-10-27 10:30:00,47529.4,47537.8,47523.2,47534.3,823.0,39120728.900000006
2025-10-27 11:00:00,47534.7,47545.6,47508.1,47508.8,1283.0,60953790.400000006
2025-10-27 11:30:00,47508.7,47510.2,47471.3,47475.7,1134.0,53837443.8
2025-10-27 12:00:00,47475.3,47502.6,47468.8,47493.5,1482.0,70385367.0
2025-10-27 12:30:00,47491.9,47512.1,47478.2,47505.8,1328.0,63087702.400000006
2025-10-27 13:00:00,47505.3,47544.3,47495.6,47526.3,2015.0,95765494.5
2025-10-27 13:30:00,47527.1,47573.1,47422.3,47518.3,24849.0,1180782236.7
2025-10-27 14:00:00,47518.8,47578.8,47486.6,47496.4,14562.0,691642576.8000001
2025-10-27 14:30:00,47496.8,47525.8,47459.2,47486.8,9551.0,453546426.8
2025-10-27 15:00:00,47487.6,47499.6,47436.4,47497.6,6932.0,329253363.2
2025-10-27 15:30:00,47498.6,47528.6,47472.3,47511.3,5426.0,257796313.8
2025-10-27 16:00:00,47510.4,47529.9,47475.4,47489.2,4254.0,202019056.79999998
2025-10-27 16:30:00,47489.8,47526.6,47487.3,47508.3,3683.0,174973068.9
2025-10-27 17:00:00,47508.8,47512.9,47425.5,47460.8,3504.0,166302643.20000002
2025-10-27 17:30:00,47461.6,47495.6,47448.4,47489.2,3121.0,148213793.2
2025-10-27 18:00:00,47489.8,47490.8,47462.3,47475.3,2623.0,124527711.9
2025-10-27 18:30:00,47475.8,47509.8,47475.8,47498.3,3090.0,146769747.0
2025-10-27 19:00:00,47498.8,47526.8,47488.3,47525.8,2986.0,141912038.8
2025-10-27 19:30:00,47526.6,47612.8,47526.3,47584.8,7038.0,334901822.40000004
2025-10-27 20:00:00,47584.3,47628.4,47582.8,47620.9,2092.0,99622922.8
2025-10-27 20:30:00,47621.0,47644.3,47621.0,47624.2,916.0,43623767.199999996
2025-10-27 22:00:00,47625.7,47626.7,47604.3,47614.4,682.0,32473020.8
2025-10-27 22:30:00,47614.8,47623.8,47602.5,47605.8,402.0,19137531.6
2025-10-27 23:00:00,47606.7,47642.6,47601.3,47638.4,857.0,40826108.800000004
2025-10-27 23:30:00,47637.5,47641.8,47593.5,47598.8,929.0,44219285.2
2025-10-28 00:00:00,47598.3,47625.6,47590.3,47612.3,1189.0,56611024.7
2025-10-28 00:30:00,47611.4,47621.7,47605.5,47617.3,721.0,34332073.300000004
2025-10-28 01:00:00,47616.4,47619.7,47595.4,47605.3,887.0,42225901.1
2025-10-28 01:30:00,47604.4,47620.8,47593.4,47597.3,925.0,44027502.5
2025-10-28 02:00:00,47597.8,47606.8,47594.3,47603.3,670.0,31894211.000000004
2025-10-28 02:30:00,47602.4,47602.4,47581.5,47589.8,761.0,36215837.800000004
2025-10-28 03:00:00,47590.7,47599.6,47580.4,47589.3,531.0,25269918.3
2025-10-28 03:30:00,47588.4,47605.6,47583.3,47596.4,733.0,34888161.2
2025-10-28 04:00:00,47595.5,47604.6,47583.4,47585.2,729.0,34689610.8
2025-10-28 04:30:00,47585.8,47588.8,47573.3,47580.6,626.0,29785455.599999998
2025-10-28 05:00:00,47581.6,47587.6,47569.4,47579.2,778.0,37016617.599999994
2025-10-28 05:30:00,47578.4,47593.6,47572.3,47581.3,611.0,29072174.3
2025-10-28 06:00:00,47581.8,47595.8,47573.4,47590.3,894.0,42545728.2
2025-10-28 06:30:00,47590.8,47606.7,47577.4,47578.5,973.0,46293880.5
2025-10-28 07:00:00,47578.9,47606.0,47573.6,47605.2,1485.0,70693722.0
2025-10-28 07:30:00,47605.4,47606.5,47572.1,47579.2,1161.0,55239451.199999996
2025-10-28 08:00:00,47580.2,47597.8,47574.4,47591.8,2086.0,99276494.80000001
2025-10-28 08:30:00,47592.5,47604.6,47566.9,47596.8,1381.0,65731180.800000004
2025-10-28 09:00:00,47597.0,47608.7,47573.9,47577.2,842.0,40060002.4
2025-10-28 09:30:00,47577.4,47675.7,47572.7,47666.8,1657.0,78983887.60000001
2025-10-28 10:00:00,47667.3,47711.6,47637.4,47637.8,3142.0,149677967.60000002
2025-10-28 10:30:00,47637.3,47652.5,47627.2,47643.2,995.0,47404984.0
2025-10-28 11:00:00,47643.7,47742.0,47643.7,47739.8,2666.0,127274306.80000001
2025-10-28 11:30:00,47739.9,47775.7,47734.6,47768.1,1382.0,66015514.199999996
2025-10-28 12:00:00,47768.4,47826.8,47768.4,47824.8,1872.0,89528025.60000001
2025-10-28 12:30:00,47824.6,47827.8,47785.0,47809.3,1553.0,74247842.9
2025-10-28 13:00:00,47809.5,47932.4,47808.9,47932.4,4755.0,227918562.0
2025-10-28 13:30:00,47932.6,47967.9,47735.5,47787.7,28172.0,1346275084.3999999
2025-10-28 14:00:00,47788.7,47857.4,47769.1,47851.8,14169.0,678012154.2
2025-10-28 14:30:00,47851.3,47912.8,47827.3,47836.3,10439.0,499363135.70000005
2025-10-28 15:00:00,47836.8,47875.9,47777.3,47785.3,8093.0,386726432.90000004
2025-10-28 15:30:00,47784.4,47797.5,47735.4,47766.8,8271.0,395079202.8
2025-10-28 16:00:00,47766.3,47822.8,47762.3,47821.8,6175.0,295299615.0
2025-10-28 16:30:00,47821.3,47932.8,47813.4,47925.5,12522.0,600123111.0
2025-10-28 17:00:00,47924.6,47992.8,47923.2,47930.3,7910.0,379128673.0
2025-10-28 17:30:00,47930.8,47956.8,47905.3,47922.3,5973.0,286239897.90000004
2025-10-28 18:00:00,47922.8,47996.8,47920.3,47949.3,5397.0,258782372.10000002
2025-10-28 18:30:00,47949.8,47949.8,47885.3,47904.3,4560.0,218443608.0
2025-10-28 19:00:00,47903.5,47903.8,47848.3,47887.8,5390.0,258115242.00000003
2025-10-28 19:30:00,47888.6,47888.9,47742.5,47768.3,9707.0,463686888.1
2025-10-28 20:00:00,47768.8,47794.8,47706.2,47768.4,3804.0,181710993.6
2025-10-28 20:30:00,47767.6,47776.1,47749.7,47760.8,1306.0,62375604.800000004
2025-10-28 22:00:00,47757.0,47781.6,47751.3,47773.3,631.0,30144952.3
2025-10-28 22:30:00,47773.8,47778.5,47744.5,47744.5,690.0,32943705.0
2025-10-28 23:00:00,47745.5,47750.8,47725.8,47732.3,591.0,28209789.3
2025-10-28 23:30:00,47731.4,47745.8,47727.3,47737.4,674.0,32175007.6
2025-10-29 00:00:00,47737.8,47746.5,47727.2,47741.2,1024.0,48886988.8
2025-10-29 00:30:00,47741.7,47748.5,47705.4,47715.4,893.0,42609852.2
2025-10-29 01:00:00,47714.4,47737.6,47711.4,47719.3,891.0,42517896.300000004
2025-10-29 01:30:00,47719.8,47742.2,47696.4,47697.6,1782.0,84997123.2
2025-10-29 02:00:00,47698.5,47716.6,47697.3,47707.8,1041.0,49663819.800000004
2025-10-29 02:30:00,47708.6,47740.5,47703.2,47726.6,637.0,30401844.2
2025-10-29 03:00:00,47727.5,47738.6,47722.3,47728.6,582.0,27778045.2
2025-10-29 03:30:00,47728.2,47734.5,47715.3,47727.2,615.0,29352228.0
2025-10-29 04:00:00,47726.4,47741.7,47711.4,47733.2,609.0,29069518.799999997
2025-10-29 04:30:00,47733.7,47742.8,47733.4,47739.3,393.0,18761544.900000002
2025-10-29 05:00:00,47738.4,47744.6,47735.3,47740.3,539.0,25732021.700000003
2025-10-29 05:30:00,47740.8,47746.6,47721.3,47729.3,550.0,26251115.0
2025-10-29 06:00:00,47729.8,47744.8,47721.4,47736.3,632.0,30169341.6
2025-10-29 06:30:00,47735.4,47745.8,47735.3,47743.8,585.0,27930123.0
2025-10-29 07:00:00,47743.3,47765.3,47730.2,47748.2,1239.0,59160019.8
2025-10-29 07:30:00,47747.5,47757.2,47739.4,47756.8,1208.0,57690214.400000006
2025-10-29 08:00:00,47757.6,47773.1,47723.5,47723.5,2130.0,101651055.0
2025-10-29 08:30:00,47723.8,47730.8,47654.2,47661.6,2235.0,106523676.0
2025-10-29 09:00:00,47661.3,47668.2,47631.9,47634.8,1881.0,89601058.80000001
2025-10-29 09:30:00,47634.7,47666.8,47620.3,47666.5,1853.0,88326024.5
2025-10-29 10:00:00,47666.8,47700.6,47657.7,47688.0,1220.0,58179360.0
2025-10-29 10:30:00,47688.5,47848.5,47688.5,47824.7,3783.0,180920840.1
2025-10-29 11:00:00,47824.2,47874.7,47805.9,47865.7,1925.0,92141472.5
2025-10-29 11:30:00,47860.2,47890.5,47823.8,47846.2,2402.0,114926572.39999999
2025-10-29 12:00:00,47845.8,47859.3,47822.3,47846.7,1717.0,82152783.89999999
2025-10-29 12:30:00,47847.5,47896.1,47839.0,47884.8,2044.0,97876531.2
2025-10-29 13:00:00,47884.6,47932.0,47882.2,47926.4,2380.0,114064832.0
2025-10-29 13:30:00,47925.4,48097.7,47833.2,48054.7,29185.0,1402476419.5
2025-10-29 14:00:00,48055.5,48060.9,47961.2,48033.0,15814.0,759593862.0
2025-10-29 14:30:00,48032.4,48042.7,47945.3,48009.8,11050.0,530508290.00000006
2025-10-29 15:00:00,48010.6,48045.8,47980.5,47983.8,9354.0,448840465.20000005
2025-10-29 15:30:00,47984.7,48045.6,47979.3,47980.1,8255.0,396075725.5
2025-10-29 16:00:00,47980.7,48071.8,47968.3,48037.3,7661.0,368013755.3
2025-10-29 16:30:00,48037.1,48057.6,48011.3,48027.2,4824.0,231683212.79999998
2025-10-29 17:00:00,48027.1,48032.0,47908.5,47927.3,5435.0,260484875.50000003
2025-10-29 17:30:00,47926.5,47926.5,47869.0,47882.3,5483.0,262538650.9
2025-10-29 18:00:00,47883.6,47932.6,47835.4,47884.5,18703.0,895583803.5
2025-10-29 18:30:00,47883.6,47922.6,47509.9,47712.0,63362.0,3023127744.0
2025-10-29 19:00:00,47712.7,47755.7,47601.5,47609.5,45378.0,2160423891.0
2025-10-29 19:30:00,47609.2,47706.7,47503.0,47706.2,25559.0,1219322765.8
2025-10-29 20:00:00,47706.6,47758.8,47539.3,47664.5,6217.0,296330196.5
2025-10-29 20:30:00,47664.2,47694.5,47631.1,47650.7,1701.0,81053840.69999999
2025-10-29 22:00:00,47614.7,47654.5,47573.1,47576.2,1014.0,48242266.8
2025-10-29 22:30:00,47576.1,47629.8,47576.1,47594.5,241.0,11470274.5
2025-10-29 23:00:00,47593.4,47653.6,47577.4,47642.8,1162.0,55360933.6
2025-10-29 23:30:00,47642.9,47671.8,47586.3,47650.3,2438.0,116171431.4
2025-10-30 00:00:00,47650.8,47731.7,47643.5,47724.8,3394.0,161977971.20000002
2025-10-30 00:30:00,47725.6,47765.6,47704.4,47722.8,2914.0,139064239.20000002
2025-10-30 01:00:00,47723.6,47750.5,47682.4,47710.2,3375.0,161021925.0
2025-10-30 01:30:00,47709.3,47757.5,47693.3,47737.8,2064.0,98530819.2
2025-10-30 02:00:00,47737.2,47817.7,47731.4,47807.6,2159.0,103216608.39999999
2025-10-30 02:30:00,47807.2,47809.7,47763.5,47773.7,1413.0,67504238.1
2025-10-30 03:00:00,47774.6,47810.8,47771.2,47776.2,1863.0,89007060.6
2025-10-30 03:30:00,47775.4,47799.7,47756.2,47768.5,1811.0,86508753.5
2025-10-30 04:00:00,47768.8,47774.9,47542.6,47580.4,12504.0,594945321.6
2025-10-30 04:30:00,47579.4,47763.3,47574.3,47603.3,12121.0,576999599.3000001
2025-10-30 05:00:00,47603.7,47702.7,47587.3,47697.7,4165.0,198660920.5
2025-10-30 05:30:00,47697.9,47728.7,47681.4,47683.6,3983.0,189923778.79999998
2025-10-30 06:00:00,47683.9,47687.3,47609.2,47625.4,4947.0,235602853.8
2025-10-30 06:30:00,47625.1,47685.6,47620.4,47655.7,3193.0,152164650.1
2025-10-30 07:00:00,47655.2,47720.6,47608.2,47657.2,5571.0,265498261.2
2025-10-30 07:30:00,47657.5,47689.7,47647.2,47673.7,3436.0,163806833.2
2025-10-30 08:00:00,47673.3,47681.5,47571.3,47604.6,6015.0,286341669.0
2025-10-30 08:30:00,47604.3,47612.8,47571.6,47574.3,2889.0,137442152.70000002
2025-10-30 09:00:00,47574.1,47597.2,47521.5,47537.7,3746.0,178076224.2
2025-10-30 09:30:00,47537.3,47553.7,47487.1,47506.4,3033.0,144086911.20000002
2025-10-30 10:00:00,47506.2,47569.8,47504.2,47540.0,2905.0,138103700.0
2025-10-30 10:30:00,47539.5,47575.6,47526.4,47545.4,2998.0,142541109.20000002
2025-10-30 11:00:00,47546.5,47597.6,47526.2,47591.7,2586.0,123072136.19999999
2025-10-30 11:30:00,47592.0,47603.2,47531.3,47535.0,2478.0,117791730.0
2025-10-30 12:00:00,47533.9,47555.0,47450.5,47454.3,5651.0,268164249.3
2025-10-30 12:30:00,47454.1,47536.0,47451.2,47486.2,7562.0,359090644.4
2025-10-30 13:00:00,47486.0,47521.4,47438.6,47468.8,6639.0,315145363.20000005
2025-10-30 13:30:00,47468.3,47918.9,47445.5,47889.2,48993.0,2346235575.6
2025-10-30 14:00:00,47888.4,47959.3,47832.3,47903.8,39958.0,1914140040.4
2025-10-30 14:30:00,47903.0,48048.5,47900.0,48011.2,25959.0,1246322740.8
2025-10-30 15:00:00,48010.9,48076.6,47984.3,47988.8,16172.0,776074873.6
2025-10-30 15:30:00,47988.3,47999.7,47838.5,47899.2,15166.0,726439267.1999999
2025-10-30 16:00:00,47898.4,47949.7,47872.4,47924.3,13165.0,630923409.5
2025-10-30 16:30:00,47924.8,47925.6,47837.2,47870.8,11739.0,561955321.2
2025-10-30 17:00:00,47870.3,47870.3,47772.3,47848.5,12963.0,620260105.5
2025-10-30 17:30:00,47848.8,47854.9,47777.3,47844.8,11120.0,532034176.00000006
2025-10-30 18:00:00,47844.4,47850.6,47729.3,47756.3,11580.0,553017954.0
2025-10-30 18:30:00,47756.6,47786.8,47681.3,47689.3,12105.0,577278976.5
2025-10-30 19:00:00,47689.8,47696.8,47581.6,47633.7,13926.0,663346906.1999999
2025-10-30 19:30:00,47634.6,47671.6,47545.4,47555.3,17587.0,836355061.1
2025-10-30 20:00:00,47555.8,47670.5,47535.3,47645.8,7906.0,376687694.8
2025-10-30 20:30:00,47650.6,47706.8,47558.8,47631.5,10441.0,497320491.5
2025-10-30 22:00:00,47668.3,47668.3,47596.6,47613.6,1628.0,77514940.8
2025-10-30 22:30:00,47613.2,47628.8,47600.4,47619.8,1133.0,53953233.400000006
2025-10-30 23:00:00,47619.3,47627.8,47569.5,47604.6,1789.0,85164629.39999999
2025-10-30 23:30:00,47605.6,47642.7,47574.3,47639.2,1123.0,53498821.599999994
2025-10-31 00:00:00,47638.4,47676.7,47602.2,47670.4,1696.0,80848998.4
2025-10-31 00:30:00,47669.4,47673.7,47639.4,47643.2,1491.0,71036011.2
2025-10-31 01:00:00,47642.4,47645.7,47596.4,47611.2,1369.0,65179732.8
2025-10-31 01:30:00,47611.8,47648.7,47609.3,47645.8,1400.0,66704120.00000001
2025-10-31 02:00:00,47646.6,47653.7,47610.3,47611.3,1025.0,48801582.5
2025-10-31 02:30:00,47611.8,47611.8,47555.3,47580.2,1215.0,57809943.0
2025-10-31 03:00:00,47579.4,47591.7,47558.3,47569.3,1161.0,55227957.300000004
2025-10-31 03:30:00,47569.8,47603.5,47568.2,47602.2,916.0,43603615.199999996
2025-10-31 04:00:00,47602.7,47633.9,47600.2,47616.8,793.0,37760122.400000006
2025-10-31 04:30:00,47617.6,47625.6,47604.2,47610.2,640.0,30470528.0
2025-10-31 05:00:00,47609.4,47611.5,47581.2,47581.2,925.0,44012610.0
2025-10-31 05:30:00,47581.8,47590.6,47571.3,47577.4,866.0,41202028.4
2025-10-31 06:00:00,47576.4,47604.5,47575.2,47602.2,1174.0,55884982.8
2025-10-31 06:30:00,47601.4,47616.1,47576.2,47582.7,1099.0,52293387.3
2025-10-31 07:00:00,47583.6,47600.4,47575.1,47598.9,1519.0,72302729.10000001
2025-10-31 07:30:00,47599.3,47638.4,47593.4,47633.3,1305.0,62161456.50000001
2025-10-31 08:00:00,47634.5,47637.2,47585.5,47595.3,2856.0,135932176.8
2025-10-31 08:30:00,47594.8,47634.0,47585.4,47632.4,1442.0,68685920.8
2025-10-31 09:00:00,47632.8,47641.1,47602.8,47606.1,1100.0,52366710.0
2025-10-31 09:30:00,47606.4,47607.9,47574.9,47577.7,1344.0,63944428.8
2025-10-31 10:00:00,47576.8,47579.7,47521.0,47535.9,1324.0,62937531.6
2025-10-31 10:30:00,47535.0,47569.9,47528.3,47554.7,1335.0,63485524.49999999
2025-10-31 11:00:00,47555.3,47622.2,47550.0,47618.1,1921.0,91474370.1
2025-10-31 11:30:00,47617.1,47657.7,47605.1,47643.4,1365.0,65033241.0
2025-10-31 12:00:00,47642.1,47707.0,47625.9,47699.0,2134.0,101789666.0
2025-10-31 12:30:00,47697.9,47703.9,47610.5,47648.9,3949.0,188165506.1
2025-10-31 13:00:00,47648.4,47648.4,47584.4,47632.7,3504.0,166904980.79999998
2025-10-31 13:30:00,47631.9,47681.2,47523.2,47639.8,33251.0,1584070989.8000002
2025-10-31 14:00:00,47640.3,47650.4,47537.4,47598.2,20306.0,966529049.1999999
2025-10-31 14:30:00,47598.7,47719.8,47584.4,47655.3,12067.0,575056505.1
2025-10-31 15:00:00,47655.8,47691.8,47608.5,47629.3,10783.0,513586741.90000004
2025-10-31 15:30:00,47629.8,47662.8,47517.3,47551.2,17509.0,832573960.8
2025-10-31 16:00:00,47550.5,47584.6,47487.5,47565.1,16903.0,803992885.3
2025-10-31 16:30:00,47564.6,47616.4,47450.3,47459.3,14997.0,711747122.1
2025-10-31 17:00:00,47458.5,47506.7,47387.3,47418.9,17062.0,809061271.8000001
2025-10-31 17:30:00,47419.6,47503.6,47386.3,47486.3,16376.0,777635648.8000001
2025-10-31 18:00:00,47486.8,47615.8,47482.2,47598.8,11177.0,532011787.6
2025-10-31 18:30:00,47598.3,47658.8,47581.4,47651.3,9745.0,464361918.5
2025-10-31 19:00:00,47651.8,47716.8,47618.3,47713.3,9251.0,441395738.3
2025-10-31 19:30:00,47713.8,47760.8,47606.5,47609.2,14885.0,708662942.0
2025-10-31 20:00:00,47608.4,47614.2,47565.7,47573.8,3920.0,186489296.0
2025-10-31 20:30:00,47574.3,47610.4,47574.3,47609.6,997.0,47466771.199999996
2025-11-02 23:00:00,47649.8,47756.8,47646.4,47716.3,1433.0,68377457.9
2025-11-02 23:30:00,47715.4,47753.8,47704.3,47740.5,1255.0,59914327.5
2025-11-03 00:00:00,47740.9,47772.8,47737.5,47763.8,980.0,46808524.0
2025-11-03 00:30:00,47764.6,47783.6,47755.5,47778.8,751.0,35881878.800000004
2025-11-03 01:00:00,47778.3,47779.9,47741.5,47756.2,1215.0,58023783.0
2025-11-03 01:30:00,47756.7,47759.5,47728.5,47731.8,1153.0,55034765.400000006
2025-11-03 02:00:00,47731.3,47752.5,47727.3,47735.4,1089.0,51983850.6
2025-11-03 02:30:00,47734.4,47736.5,47704.2,47713.6,1378.0,65749340.8
2025-11-03 03:00:00,47713.2,47716.7,47669.3,47687.7,1228.0,58560495.599999994
2025-11-03 03:30:00,47688.6,47703.6,47677.4,47695.2,892.0,42544118.4
2025-11-03 04:00:00,47694.4,47703.7,47679.2,47698.2,724.0,34533496.8
2025-11-03 04:30:00,47698.7,47711.0,47682.3,47697.6,781.0,37251825.6
2025-11-03 05:00:00,47697.2,47705.5,47665.6,47695.7,961.0,45835567.699999996
2025-11-03 05:30:00,47696.6,47710.7,47677.4,47689.2,890.0,42443388.0
2025-11-03 06:00:00,47689.7,47704.7,47652.4,47663.8,1143.0,54479723.400000006
2025-11-03 06:30:00,47663.3,47681.6,47636.2,47659.2,1188.0,56619129.599999994
2025-11-03 07:00:00,47659.7,47661.7,47624.5,47633.2,1751.0,83405733.19999999
2025-11-03 07:30:00,47633.7,47639.6,47618.5,47626.8,1351.0,64343806.800000004
2025-11-03 08:00:00,47626.2,47659.5,47612.4,47649.2,3176.0,151333859.2
2025-11-03 08:30:00,47648.9,47689.2,47640.9,47675.7,2078.0,99070104.6
2025-11-03 09:00:00,47675.4,47740.0,47673.8,47737.8,1851.0,88362667.80000001
2025-11-03 09:30:00,47738.2,47746.0,47684.1,47687.4,1687.0,80448643.8
2025-11-03 10:00:00,47688.1,47692.3,47667.5,47676.0,1533.0,73087308.0
2025-11-03 10:30:00,47676.1,47702.2,47663.5,47675.4,1192.0,56829076.800000004
2025-11-03 11:00:00,47676.1,47703.8,47675.9,47678.9,1385.0,66035276.5
2025-11-03 11:30:00,47677.5,47681.4,47659.1,47666.3,1144.0,54530247.2
2025-11-03 12:00:00,47667.1,47679.3,47630.8,47630.8,1339.0,63777641.2
2025-11-03 12:30:00,47630.4,47654.7,47616.8,47619.8,1613.0,76810737.4
2025-11-03 13:00:00,47619.3,47622.8,47575.6,47590.0,2548.0,121259320.0
2025-11-03 13:30:00,47590.6,47624.5,47590.3,47618.1,2430.0,115711983.0
2025-11-03 14:00:00,47618.5,47686.6,47604.2,47684.3,6451.0,307611419.3
2025-11-03 14:30:00,47683.7,47694.5,47416.2,47439.3,30489.0,1446376817.7
2025-11-03 15:00:00,47440.0,47478.8,47221.3,47224.7,20780.0,981329265.9999999
2025-11-03 15:30:00,47225.5,47433.9,47184.5,47410.3,20347.0,964657374.1
2025-11-03 16:00:00,47410.8,47453.8,47385.5,47412.8,13810.0,654770768.0
2025-11-03 16:30:00,47412.4,47495.8,47407.6,47463.4,11015.0,522809351.0
2025-11-03 17:00:00,47463.8,47488.6,47377.3,47404.3,9423.0,446690718.90000004
2025-11-03 17:30:00,47404.7,47463.6,47403.2,47423.4,6881.0,326320415.40000004
2025-11-03 18:00:00,47423.8,47452.8,47385.4,47393.7,4706.0,223034752.2
2025-11-03 18:30:00,47394.0,47442.8,47394.0,47425.2,5418.0,256949733.6
2025-11-03 19:00:00,47425.8,47469.8,47398.2,47454.8,7630.0,362080124.0
2025-11-03 19:30:00,47454.3,47469.9,47391.2,47400.7,8308.0,393805015.59999996
2025-11-03 20:00:00,47401.6,47427.8,47382.3,47412.3,6699.0,317614997.70000005
2025-11-03 20:30:00,47412.8,47414.8,47349.3,47414.6,8901.0,422037354.59999996
2025-11-03 21:00:00,47415.6,47415.8,47364.2,47371.7,2332.0,110470804.39999999
2025-11-03 21:30:00,47372.6,47383.4,47360.6,47373.3,703.0,33303429.900000002
2025-11-03 23:00:00,47375.9,47388.8,47350.2,47365.8,703.0,33298157.400000002
2025-11-03 23:30:00,47366.0,47366.0,47329.5,47348.9,404.0,19128955.6
2025-11-04 00:00:00,47349.0,47349.0,47296.1,47313.2,1827.0,86441216.39999999
2025-11-04 00:30:00,47313.8,47352.8,47313.3,47350.2,1197.0,56678189.4
2025-11-04 01:00:00,47350.8,47354.7,47325.4,47335.3,1563.0,73985073.9
2025-11-04 01:30:00,47335.8,47337.7,47301.4,47323.4,1944.0,91996689.60000001
2025-11-04 02:00:00,47322.5,47328.6,47298.3,47301.2,1705.0,80648546.0
2025-11-04 02:30:00,47301.7,47307.7,47254.5,47256.8,1865.0,88133932.0
2025-11-04 03:00:00,47256.2,47310.8,47254.3,47294.7,1616.0,76428235.19999999
2025-11-04 03:30:00,47294.2,47301.7,47269.2,47273.8,2053.0,97053111.4
2025-11-04 04:00:00,47274.6,47281.7,47224.3,47238.5,1532.0,72369382.0
2025-11-04 04:30:00,47238.2,47245.7,47219.4,47232.2,1526.0,72076337.2
2025-11-04 05:00:00,47232.8,47237.6,47195.2,47196.2,1907.0,90003153.39999999
2025-11-04 05:30:00,47195.4,47220.8,47136.4,47156.8,4085.0,192635528.0
2025-11-04 06:00:00,47156.2,47174.5,47093.2,47104.8,5907.0,278248053.6
2025-11-04 06:30:00,47105.6,47144.6,47078.3,47106.4,4272.0,201238540.8
2025-11-04 07:00:00,47105.5,47121.6,47051.4,47094.8,4169.0,196338221.20000002
2025-11-04 07:30:00,47094.2,47122.5,47069.4,47084.8,2917.0,137346361.6
2025-11-04 08:00:00,47085.6,47085.6,46976.9,47032.7,7688.0,361587397.59999996
2025-11-04 08:30:00,47032.2,47052.7,47007.0,47044.8,4772.0,224497785.60000002
2025-11-04 09:00:00,47045.5,47055.8,46982.8,46986.3,4621.0,217123692.3
2025-11-04 09:30:00,46986.8,47015.8,46921.3,46925.8,4910.0,230405678.0
2025-11-04 10:00:00,46925.4,46992.8,46901.9,46985.6,4464.0,209743718.4
2025-11-04 10:30:00,46985.6,47068.5,46984.4,47063.3,3426.0,161238865.8
2025-11-04 11:00:00,47063.1,47077.8,47046.6,47070.3,2359.0,111038837.7
2025-11-04 11:30:00,47069.6,47090.3,47053.7,47066.9,2841.0,133717062.9
2025-11-04 12:00:00,47067.5,47119.7,47031.2,47119.7,3743.0,176369037.1
2025-11-04 12:30:00,47120.3,47143.1,47093.2,47117.0,3211.0,151292687.0
2025-11-04 13:00:00,47117.0,47128.2,47095.6,47101.3,3512.0,165419765.60000002
2025-11-04 13:30:00,47101.8,47148.7,47076.3,47133.3,4042.0,190512798.60000002
2025-11-04 14:00:00,47133.7,47137.2,47087.4,47098.8,6318.0,297570218.40000004
2025-11-04 14:30:00,47099.9,47204.4,46935.3,47198.8,39853.0,1881013776.4
2025-11-04 15:00:00,47199.5,47319.5,47199.2,47302.8,17414.0,823730959.2
2025-11-04 15:30:00,47302.3,47327.8,47208.2,47244.3,15072.0,712066089.6
2025-11-04 16:00:00,47244.8,47282.5,47183.4,47231.3,15100.0,713192630.0
2025-11-04 16:30:00,47231.8,47269.8,47196.2,47269.8,14588.0,689571842.4000001
2025-11-04 17:00:00,47269.3,47269.8,47108.2,47170.3,14606.0,688969401.8000001
2025-11-04 17:30:00,47170.8,47204.3,47096.3,47110.4,14709.0,692946873.6
2025-11-04 18:00:00,47109.5,47153.8,47078.3,47095.3,13092.0,616571667.6
2025-11-04 18:30:00,47094.4,47117.8,47050.5,47098.8,13223.0,622787432.4000001
2025-11-04 19:00:00,47098.3,47148.9,47082.4,47124.3,14226.0,670390291.8000001
2025-11-04 19:30:00,47124.8,47128.0,47031.6,47072.8,14075.0,662549660.0
2025-11-04 20:00:00,47073.6,47156.6,47063.3,47155.3,13398.0,631786709.4000001
2025-11-04 20:30:00,47155.8,47200.8,47104.4,47149.8,15216.0,717431356.8000001
2025-11-04 21:00:00,47149.3,47250.8,47136.7,47188.6,5874.0,277185836.4
2025-11-04 21:30:00,47188.2,47234.5,47183.1,47224.1,1780.0,84058898.0
2025-11-04 23:00:00,47248.8,47259.5,47188.2,47213.5,2261.0,106749723.5
2025-11-04 23:30:00,47213.9,47239.7,47202.5,47208.4,1873.0,88421333.2
2025-11-05 00:00:00,47209.1,47209.1,47131.3,47135.9,3781.0,178220837.9
2025-11-05 00:30:00,47136.7,47138.7,47088.5,47092.2,3918.0,184507239.6
2025-11-05 01:00:00,47092.8,47183.7,47038.5,47053.7,6614.0,311213171.79999995
2025-11-05 01:30:00,47053.2,47071.5,47007.2,47027.2,9015.0,423950208.0
2025-11-05 02:00:00,47027.7,47081.5,47016.2,47036.2,6475.0,304559395.0
2025-11-05 02:30:00,47036.8,47109.5,47036.4,47097.8,4912.0,231344393.60000002
2025-11-05 03:00:00,47098.6,47129.7,47094.3,47123.8,3892.0,183405829.60000002
2025-11-05 03:30:00,47123.3,47195.5,47109.3,47194.8,4643.0,219125456.4
2025-11-05 04:00:00,47194.9,47195.7,47141.3,47172.5,2989.0,140998602.5
2025-11-05 04:30:00,47173.5,47186.7,47149.3,47172.8,2316.0,109252204.80000001
2025-11-05 05:00:00,47173.6,47217.6,47172.2,47206.3,2740.0,129345262.00000001
2025-11-05 05:30:00,47205.4,47216.2,47150.3,47179.4,2515.0,118656191.0
2025-11-05 06:00:00,47178.5,47220.8,47150.4,47217.7,3461.0,163420459.7
2025-11-05 06:30:00,47218.6,47228.5,47201.3,47216.9,1911.0,90231495.9
2025-11-05 07:00:00,47216.3,47221.8,47171.3,47191.4,2158.0,101839041.2
2025-11-05 07:30:00,47191.8,47202.7,47167.4,47169.8,2194.0,103490541.2
2025-11-05 08:00:00,47170.7,47218.9,47144.4,47207.5,5865.0,276871987.5
2025-11-05 08:30:00,47207.8,47242.9,47205.2,47216.9,3132.0,147883330.8
2025-11-05 09:00:00,47217.5,47221.0,47152.4,47173.3,3795.0,179022673.5
2025-11-05 09:30:00,47173.8,47188.7,47149.9,47165.4,2653.0,125129806.2
2025-11-05 10:00:00,47165.2,47203.7,47141.0,47159.0,3630.0,171187170.0
2025-11-05 10:30:00,47158.5,47168.7,47083.1,47085.3,3229.0,152038433.70000002
2025-11-05 11:00:00,47084.4,47142.8,47075.2,47135.5,3537.0,166718263.5
2025-11-05 11:30:00,47134.9,47174.8,47116.1,47155.2,2855.0,134628096.0
2025-11-05 12:00:00,47155.6,47164.2,47089.6,47155.7,4281.0,201873551.7
2025-11-05 12:30:00,47155.3,47171.4,47130.1,47157.2,2717.0,128126112.39999999
2025-11-05 13:00:00,47157.6,47185.6,47137.4,47183.1,3527.0,166414793.7
2025-11-05 13:30:00,47183.6,47200.2,47155.3,47190.1,4112.0,194045691.2
2025-11-05 14:00:00,47190.0,47223.1,47144.5,47144.5,3990.0,188106555.0
2025-11-05 14:30:00,47144.8,47320.8,47095.1,47276.8,32751.0,1548362476.8000002
2025-11-05 15:00:00,47280.4,47325.7,47169.0,47226.3,30085.0,1420803235.5
2025-11-05 15:30:00,47226.8,47260.8,47137.3,47197.2,20883.0,985619127.5999999
2025-11-05 16:00:00,47197.6,47204.4,47100.3,47180.7,16313.0,769658759.0999999
2025-11-05 16:30:00,47181.6,47325.6,47178.5,47298.3,11985.0,566870125.5
2025-11-05 17:00:00,47297.4,47457.6,47290.3,47453.8,10257.0,486733626.6
2025-11-05 17:30:00,47453.3,47515.6,47419.3,47435.7,7329.0,347656245.29999995
2025-11-05 18:00:00,47436.6,47465.8,47417.4,47442.3,6713.0,318480159.90000004
2025-11-05 18:30:00,47442.8,47474.8,47421.3,47432.4,5632.0,267139276.8
2025-11-05 19:00:00,47432.8,47474.8,47395.3,47432.8,6786.0,321878980.8
2025-11-05 19:30:00,47432.3,47455.6,47423.1,47429.9,3996.0,189529880.4
2025-11-05 20:00:00,47430.4,47465.4,47427.9,47430.9,3969.0,188253242.1
2025-11-05 20:30:00,47431.4,47498.4,47358.9,47368.1,10397.0,492486135.7
2025-11-05 21:00:00,47367.1,47415.7,47346.2,47391.8,3647.0,172837894.60000002
2025-11-05 21:30:00,47392.6,47415.5,47392.4,47401.3,715.0,33891929.5
2025-11-05 23:00:00,47402.0,47408.7,47363.3,47387.3,1608.0,76198778.4
2025-11-05 23:30:00,47387.8,47435.5,47382.5,47433.3,1539.0,72999848.7
2025-11-06 00:00:00,47433.8,47433.8,47312.6,47344.4,3282.0,155384320.8
2025-11-06 00:30:00,47343.5,47387.8,47343.3,47375.9,2371.0,112328258.9
2025-11-06 01:00:00,47375.3,47375.3,47308.3,47325.7,3072.0,145384550.39999998
2025-11-06 01:30:00,47325.2,47364.7,47324.3,47340.2,2032.0,96195286.39999999
2025-11-06 02:00:00,47339.4,47342.7,47301.3,47326.8,1894.0,89636959.2
2025-11-06 02:30:00,47327.6,47364.6,47322.5,47363.3,1510.0,71518583.0
2025-11-06 03:00:00,47362.4,47370.7,47336.2,47346.6,1137.0,53833084.199999996
2025-11-06 03:30:00,47347.5,47371.8,47336.5,47358.3,1411.0,66822561.300000004
2025-11-06 04:00:00,47357.4,47379.7,47342.3,47376.2,1241.0,58793864.199999996
2025-11-06 04:30:00,47376.1,47382.8,47363.3,47376.8,803.0,38043570.400000006
2025-11-06 05:00:00,47377.6,47382.7,47361.3,47369.7,1033.0,48932900.099999994
2025-11-06 05:30:00,47369.2,47373.7,47332.3,47338.5,1160.0,54912660.0
2025-11-06 06:00:00,47337.5,47358.8,47327.3,47332.2,1478.0,69956991.6
2025-11-06 06:30:00,47331.4,47357.5,47321.4,47327.4,1218.0,57644773.2
2025-11-06 07:00:00,47327.8,47353.7,47310.4,47332.4,1405.0,66502022.0
2025-11-06 07:30:00,47331.4,47332.6,47281.4,47289.8,1993.0,94248571.4
2025-11-06 08:00:00,47291.3,47293.9,47246.2,47266.2,5080.0,240112296.0
2025-11-06 08:30:00,47267.0,47308.3,47249.0,47297.5,3690.0,174527775.0
2025-11-06 09:00:00,47297.8,47349.3,47286.6,47344.8,2351.0,111307624.80000001
2025-11-06 09:30:00,47344.3,47368.8,47335.2,47346.8,1969.0,93225849.2
2025-11-06 10:00:00,47347.0,47380.7,47338.3,47376.3,1583.0,74996682.9
2025-11-06 10:30:00,47375.9,47385.3,47350.6,47357.8,1793.0,84912535.4
2025-11-06 11:00:00,47358.0,47370.0,47350.3,47359.8,1824.0,86384275.2
2025-11-06 11:30:00,47359.9,47381.7,47343.1,47356.8,1675.0,79322640.0
2025-11-06 12:00:00,47356.3,47396.6,47354.2,47376.9,2653.0,125690915.7
2025-11-06 12:30:00,47377.6,47406.4,47371.4,47401.0,1870.0,88639870.0
2025-11-06 13:00:00,47400.8,47421.8,47398.3,47421.1,2026.0,96075148.6
2025-11-06 13:30:00,47422.0,47434.7,47368.3,47372.4,2230.0,105640452.0
2025-11-06 14:00:00,47372.1,47388.6,47238.6,47263.5,6071.0,286936708.5
2025-11-06 14:30:00,47264.1,47401.8,47090.3,47095.8,34865.0,1641995067.0
2025-11-06 15:00:00,47095.3,47210.6,46988.4,47162.6,33846.0,1596265359.6
2025-11-06 15:30:00,47162.9,47188.6,46949.5,47000.9,30760.0,1445747684.0
2025-11-06 16:00:00,47001.6,47032.6,46880.3,46946.8,26851.0,1260568526.8000002
2025-11-06 16:30:00,46946.3,46946.3,46830.5,46836.4,22800.0,1067869920.0
2025-11-06 17:00:00,46835.5,46959.8,46834.3,46880.3,23284.0,1091560905.2
2025-11-06 17:30:00,46879.5,46996.5,46863.2,46944.8,17802.0,835711329.6
2025-11-06 18:00:00,46944.4,46964.8,46840.2,46948.8,20066.0,942074620.8000001
2025-11-06 18:30:00,46948.3,47066.8,46945.3,47037.8,14933.0,702415467.4000001
2025-11-06 19:00:00,47038.6,47123.6,47021.3,47118.8,15303.0,721058996.4000001
2025-11-06 19:30:00,47118.3,47140.6,47056.3,47102.3,14089.0,663624304.7
2025-11-06 20:00:00,47102.8,47144.9,47071.3,47091.3,14047.0,661491491.1
2025-11-06 20:30:00,47091.8,47114.8,46942.3,46982.2,21155.0,993908440.9999999
2025-11-06 21:00:00,46982.8,47033.6,46975.4,47026.3,4129.0,194171592.70000002
2025-11-06 21:30:00,47026.8,47072.7,47026.3,47038.7,1786.0,84011118.19999999
2025-11-06 23:00:00,47052.9,47066.6,47026.2,47059.2,1286.0,60518131.199999996
2025-11-06 23:30:00,47059.7,47095.0,47051.4,47075.6,877.0,41285301.199999996
2025-11-07 00:00:00,47075.3,47108.9,47039.7,47070.8,3545.0,166865986.0
2025-11-07 00:30:00,47072.3,47100.6,47063.3,47067.8,1799.0,84674972.2
2025-11-07 01:00:00,47067.3,47069.8,46991.3,46995.8,5565.0,261531627.00000003
2025-11-07 01:30:00,46995.4,47027.6,46958.2,47017.8,5234.0,246091165.20000002
2025-11-07 02:00:00,47018.6,47021.8,46966.5,46967.3,3333.0,156542010.9
2025-11-07 02:30:00,46967.8,47009.9,46967.3,47008.8,2661.0,125090416.80000001
2025-11-07 03:00:00,47009.6,47015.8,46964.2,46975.9,2415.0,113446798.5
2025-11-07 03:30:00,46975.3,46980.6,46943.3,46972.8,2138.0,100427846.4
2025-11-07 04:00:00,46973.6,47002.6,46920.3,46991.4,3090.0,145203426.0
2025-11-07 04:30:00,46991.8,47008.8,46980.3,47005.3,1528.0,71824098.4
2025-11-07 05:00:00,47004.4,47036.8,47001.5,47018.3,2169.0,101982692.7
2025-11-07 05:30:00,47017.4,47065.4,47016.3,47059.8,1544.0,72660331.2
2025-11-07 06:00:00,47060.7,47070.6,47051.3,47062.3,1246.0,58639625.800000004
2025-11-07 06:30:00,47061.4,47074.8,47047.5,47063.2,1413.0,66500301.599999994
2025-11-07 07:00:00,47062.4,47089.5,47049.4,47064.6,1772.0,83398471.2
2025-11-07 07:30:00,47064.2,47089.6,47063.3,47073.8,1720.0,80966936.0
2025-11-07 08:00:00,47072.6,47089.0,47012.7,47023.8,4888.0,229852334.4
2025-11-07 08:30:00,47023.7,47043.4,47006.4,47038.8,3956.0,186085492.8
2025-11-07 09:00:00,47037.8,47068.0,46998.1,47014.8,3860.0,181477128.0
2025-11-07 09:30:00,47015.0,47028.0,46968.0,46988.3,3891.0,182831475.3
2025-11-07 10:00:00,46988.6,47007.0,46917.3,46940.9,4361.0,204709264.9
2025-11-07 10:30:00,46940.4,46970.9,46938.5,46951.8,3183.0,149447579.4
2025-11-07 11:00:00,46952.6,46954.2,46826.2,46848.5,6890.0,322786165.0
2025-11-07 11:30:00,46848.2,46918.6,46811.8,46912.9,5931.0,278240409.90000004
2025-11-07 12:00:00,46913.6,46913.9,46848.2,46862.1,5800.0,271800180.0
2025-11-07 12:30:00,46862.0,46862.0,46793.8,46803.8,5512.0,257982545.60000002
2025-11-07 13:00:00,46803.4,46874.3,46777.4,46850.8,7131.0,334093054.8
2025-11-07 13:30:00,46851.0,46884.8,46834.6,46853.1,5820.0,272685042.0
2025-11-07 14:00:00,46853.6,46886.2,46801.8,46860.5,5327.0,249625883.5
2025-11-07 14:30:00,46861.1,46876.6,46688.3,46839.7,45145.0,2114578256.4999998
2025-11-07 15:00:00,46840.8,46916.9,46734.6,46843.6,39447.0,1847839489.2
2025-11-07 15:30:00,46842.8,46890.1,46731.6,46732.8,27832.0,1300667289.6000001
2025-11-07 16:00:00,46731.8,46757.0,46630.5,46634.3,19982.0,931846582.6
2025-11-07 16:30:00,46634.8,46685.8,46557.3,46593.3,19012.0,885831819.6
2025-11-07 17:00:00,46593.8,46699.6,46527.8,46655.3,17605.0,821366556.5
2025-11-07 17:30:00,46654.5,46701.9,46580.2,46698.8,19311.0,901800526.8000001
2025-11-07 18:00:00,46698.3,46784.8,46682.3,46755.3,15036.0,703012690.8000001
2025-11-07 18:30:00,46755.8,46792.8,46691.5,46772.8,14480.0,677270144.0
2025-11-07 19:00:00,46773.6,46827.6,46750.3,46819.2,11980.0,560894016.0
2025-11-07 19:30:00,46819.8,47013.8,46819.8,47006.4,19618.0,922171555.2
2025-11-07 20:00:00,47006.2,47009.8,46878.4,46920.3,21565.0,1011836269.5000001
2025-11-07 20:30:00,46920.7,47038.8,46916.7,47027.9,20662.0,971690469.8000001
2025-11-07 21:00:00,47028.4,47097.4,47027.8,47065.3,3581.0,168540839.3
2025-11-07 21:30:00,47065.7,47102.6,47065.7,47102.3,792.0,37305021.6
2025-11-09 23:00:00,47180.3,47258.1,47158.3,47159.0,1213.0,57203867.0
2025-11-09 23:30:00,47159.0,47196.6,47155.2,47171.8,2202.0,103872303.60000001
2025-11-10 00:00:00,47171.3,47180.8,47113.3,47162.3,3705.0,174736321.5
2025-11-10 00:30:00,47161.4,47178.8,47138.3,47162.2,2594.0,122338746.8
2025-11-10 01:00:00,47161.4,47162.7,47112.2,47126.2,3572.0,168334786.39999998
2025-11-10 01:30:00,47125.4,47130.8,47099.6,47126.8,1962.0,92462781.60000001
2025-11-10 02:00:00,47125.6,47138.6,47115.2,47132.2,1369.0,64523981.8
2025-11-10 02:30:00,47132.8,47150.8,47128.4,47129.8,1159.0,54623438.2
2025-11-10 03:00:00,47129.2,47150.8,47117.4,47125.3,1431.0,67436304.3
2025-11-10 03:30:00,47124.4,47132.6,47094.5,47095.3,1147.0,54018309.1
2025-11-10 04:00:00,47094.4,47125.6,47094.3,47113.2,1164.0,54839764.8
2025-11-10 04:30:00,47112.4,47126.6,47099.0,47108.4,984.0,46354665.6
2025-11-10 05:00:00,47108.8,47164.8,47108.3,47143.8,1069.0,50396722.2
2025-11-10 05:30:00,47143.3,47144.8,47126.2,47139.4,1061.0,50014903.4
2025-11-10 06:00:00,47138.5,47160.7,47132.2,47142.2,1167.0,55014947.4
2025-11-10 06:30:00,47141.4,47160.8,47115.2,47116.8,1131.0,53289100.800000004
2025-11-10 07:00:00,47116.3,47136.6,47088.3,47113.7,2206.0,103932822.19999999
2025-11-10 07:30:00,47114.6,47132.7,47109.2,47120.2,1437.0,67711727.39999999
2025-11-10 08:00:00,47121.5,47141.9,47086.5,47138.8,3155.0,148722914.0
2025-11-10 08:30:00,47138.9,47182.9,47133.4,47182.9,2353.0,111021363.7
2025-11-10 09:00:00,47183.6,47252.7,47183.2,47224.5,3084.0,145640358.0
2025-11-10 09:30:00,47224.8,47245.8,47209.6,47236.7,1840.0,86915528.0
2025-11-10 10:00:00,47237.5,47245.9,47227.0,47235.1,1436.0,67829603.6
2025-11-10 10:30:00,47235.1,47254.0,47227.6,47230.7,1543.0,72876970.1
2025-11-10 11:00:00,47230.3,47248.0,47194.8,47206.8,1857.0,87663027.60000001
2025-11-10 11:30:00,47206.4,47242.9,47202.2,47242.9,1550.0,73226495.0
2025-11-10 12:00:00,47243.3,47257.2,47213.8,47215.2,2149.0,101465464.8
2025-11-10 12:30:00,47215.4,47226.5,47193.2,47207.0,2216.0,104610712.0
2025-11-10 13:00:00,47207.7,47220.8,47197.6,47212.3,1877.0,88617487.10000001
2025-11-10 13:30:00,47212.7,47227.4,47189.6,47224.5,2147.0,101391001.5
2025-11-10 14:00:00,47224.8,47245.6,47192.0,47222.4,3145.0,148514448.0
2025-11-10 14:30:00,47223.7,47371.5,47170.5,47173.3,29063.0,1370997617.9
2025-11-10 15:00:00,47173.7,47237.8,47138.5,47197.4,16875.0,796456125.0
2025-11-10 15:30:00,47197.8,47198.8,47042.4,47050.8,14546.0,684400936.8000001
2025-11-10 16:00:00,47050.3,47091.7,46981.3,47003.3,16862.0,792569644.6
2025-11-10 16:30:00,47003.8,47096.9,46988.2,47093.2,14816.0,697732851.1999999
2025-11-10 17:00:00,47092.4,47171.8,47082.3,47150.2,11467.0,540671343.4
2025-11-10 17:30:00,47149.5,47289.8,47149.3,47276.8,6934.0,327817331.20000005
2025-11-10 18:00:00,47276.4,47307.8,47267.5,47286.3,4863.0,229953276.9
2025-11-10 18:30:00,47286.8,47350.8,47286.3,47341.8,4974.0,235478113.20000002
2025-11-10 19:00:00,47342.7,47401.8,47341.4,47394.8,4731.0,224224798.8
2025-11-10 19:30:00,47394.3,47456.8,47366.4,47420.4,4011.0,190203224.4
2025-11-10 20:00:00,47419.5,47462.8,47385.3,47399.3,4857.0,230218400.10000002
2025-11-10 20:30:00,47398.4,47450.6,47385.3,47416.3,9117.0,432294407.1
2025-11-10 21:00:00,47416.8,47463.7,47404.5,47449.6,2069.0,98173222.39999999
2025-11-10 21:30:00,47449.6,47450.2,47411.2,47411.2,653.0,30959513.599999998
2025-11-10 23:00:00,47423.2,47433.3,47404.3,47421.6,1213.0,57522400.8
2025-11-10 23:30:00,47422.5,47452.0,47406.3,47450.4,2289.0,108613965.60000001
2025-11-11 00:00:00,47450.2,47475.8,47430.6,47450.8,3484.0,165318587.20000002
2025-11-11 00:30:00,47450.3,47459.8,47427.4,47434.5,1923.0,91216543.5
2025-11-11 01:00:00,47434.3,47446.8,47423.4,47431.8,2247.0,106579254.60000001
2025-11-11 01:30:00,47431.3,47437.8,47412.3,47428.3,1926.0,91346905.80000001
2025-11-11 02:00:00,47427.4,47454.6,47411.4,47436.6,1912.0,90698779.2
2025-11-11 02:30:00,47437.6,47464.6,47427.2,47436.8,1216.0,57683148.800000004
2025-11-11 03:00:00,47436.3,47456.6,47431.3,47440.8,943.0,44736674.400000006
2025-11-11 03:30:00,47440.3,47464.8,47433.4,47457.4,1040.0,49355696.0
2025-11-11 04:00:00,47456.4,47456.4,47423.5,47442.4,1093.0,51854543.2
2025-11-11 04:30:00,47442.8,47449.6,47419.4,47426.8,1037.0,49181591.6
2025-11-11 05:00:00,47427.6,47438.6,47412.3,47434.3,1859.0,88180363.7
2025-11-11 05:30:00,47434.8,47440.8,47419.3,47423.3,1528.0,72462802.4
2025-11-11 06:00:00,47423.8,47448.8,47421.3,47440.3,1398.0,66321539.400000006
2025-11-11 06:30:00,47439.4,47449.6,47419.3,47430.3,1364.0,64694929.2
2025-11-11 07:00:00,47430.8,47442.6,47421.3,47429.3,1560.0,73989708.0
2025-11-11 07:30:00,47428.4,47438.8,47395.4,47397.3,1303.0,61758681.900000006
2025-11-11 08:00:00,47399.8,47414.5,47381.1,47383.1,3243.0,153663393.29999998
2025-11-11 08:30:00,47383.0,47393.9,47371.2,47377.5,2013.0,95370907.5
2025-11-11 09:00:00,47377.8,47397.8,47372.0,47397.4,1874.0,88822727.60000001
2025-11-11 09:30:00,47397.4,47403.8,47377.9,47390.6,1705.0,80800973.0
2025-11-11 10:00:00,47390.9,47415.2,47383.9,47412.2,1265.0,59976433.0
2025-11-11 10:30:00,47412.7,47423.6,47397.2,47416.8,1411.0,66905104.800000004
2025-11-11 11:00:00,47417.5,47433.9,47413.3,47421.5,1685.0,79905227.5
2025-11-11 11:30:00,47421.8,47438.3,47415.8,47437.5,1221.0,57921187.5
2025-11-11 12:00:00,47437.8,47452.8,47419.6,47435.3,1496.0,70963208.8
2025-11-11 12:30:00,47435.4,47448.8,47425.8,47437.5,1642.0,77892375.0
2025-11-11 13:00:00,47437.5,47459.6,47417.0,47427.3,2249.0,106663997.7
2025-11-11 13:30:00,47426.9,47465.6,47426.4,47446.3,2234.0,105995034.2
2025-11-11 14:00:00,47446.4,47482.1,47432.2,47468.8,2621.0,124415724.80000001
2025-11-11 14:30:00,47469.0,47554.5,47445.1,47546.8,24732.0,1175927457.6000001
2025-11-11 15:00:00,47546.3,47597.6,47456.3,47591.2,17075.0,812619740.0
2025-11-11 15:30:00,47591.8,47625.9,47553.5,47589.8,14801.0,704376629.8000001
2025-11-11 16:00:00,47589.3,47678.8,47569.3,47609.3,11877.0,565455656.1
2025-11-11 16:30:00,47609.8,47742.9,47584.3,47730.3,11961.0,570902118.3000001
2025-11-11 17:00:00,47730.8,47819.4,47724.3,47813.3,9636.0,460728958.8
2025-11-11 17:30:00,47813.8,47890.6,47799.3,47885.3,7797.0,373361684.1
2025-11-11 18:00:00,47884.4,47986.8,47882.3,47971.2,8490.0,407275488.0
2025-11-11 18:30:00,47971.8,47981.6,47924.4,47934.3,8499.0,407393615.70000005
2025-11-11 19:00:00,47934.8,47989.8,47893.3,47980.8,6939.0,332938771.20000005
2025-11-11 19:30:00,47980.4,48006.6,47963.5,47994.3,5523.0,265072518.9
2025-11-11 20:00:00,47994.8,48034.8,47971.3,47983.8,5185.0,248796003.00000003
2025-11-11 20:30:00,47983.3,48043.8,47954.3,47999.3,9383.0,450377431.90000004
2025-11-11 21:00:00,47999.8,48039.1,47986.3,48021.7,2629.0,126249049.3
2025-11-11 21:30:00,48022.1,48030.8,48004.9,48010.7,678.0,32551254.599999998
2025-11-11 23:00:00,47988.9,48011.6,47982.3,47998.8,1307.0,62734431.6
2025-11-11 23:30:00,47999.6,48015.8,47992.5,47995.8,895.0,42956241.0
2025-11-12 00:00:00,47996.6,48031.1,47988.5,48019.6,1776.0,85282809.6
2025-11-12 00:30:00,48019.2,48028.6,48010.3,48013.8,1018.0,48878048.400000006
2025-11-12 01:00:00,48013.3,48026.6,47996.3,48001.3,1829.0,87794377.7
2025-11-12 01:30:00,48000.4,48036.8,47998.3,48032.8,1285.0,61722148.00000001
2025-11-12 02:00:00,48033.6,48052.7,48032.5,48043.3,997.0,47899170.1
2025-11-12 02:30:00,48042.4,48042.4,48008.4,48018.7,1269.0,60935730.3
2025-11-12 03:00:00,48019.6,48023.7,48003.4,48016.2,941.0,45183244.199999996
2025-11-12 03:30:00,48016.7,48029.7,48011.5,48019.3,794.0,38127324.2
2025-11-12 04:00:00,48019.1,48026.6,48002.3,48018.8,1207.0,57958691.6
2025-11-12 04:30:00,48018.3,48027.8,48011.3,48025.2,801.0,38468185.199999996
2025-11-12 05:00:00,48024.4,48039.6,48023.3,48026.8,1081.0,51916970.800000004
2025-11-12 05:30:00,48026.3,48053.6,48026.3,48040.8,769.0,36943375.2
2025-11-12 06:00:00,48040.3,48050.6,48037.3,48047.3,688.0,33056542.400000002
2025-11-12 06:30:00,48046.4,48055.8,48042.3,48051.4,621.0,29839919.400000002
2025-11-12 07:00:00,48051.8,48063.8,48046.3,48059.8,673.0,32344245.400000002
2025-11-12 07:30:00,48059.3,48079.8,48050.4,48053.8,1106.0,53147502.800000004
2025-11-12 08:00:00,48055.3,48077.2,48037.2,48077.2,2245.0,107933314.0
2025-11-12 08:30:00,48078.0,48081.8,48035.7,48041.0,1784.0,85705144.0
2025-11-12 09:00:00,48040.8,48061.0,48029.8,48055.2,1796.0,86307139.19999999
2025-11-12 09:30:00,48055.6,48083.7,48055.5,48070.8,1319.0,63405385.2
2025-11-12 10:00:00,48070.9,48080.9,48053.2,48056.2,1350.0,64875869.99999999
2025-11-12 10:30:00,48056.5,48067.8,48041.2,48056.8,1328.0,63819430.400000006
2025-11-12 11:00:00,48057.0,48094.7,48045.3,48045.3,1360.0,65341608.00000001
2025-11-12 11:30:00,48044.5,48071.5,48029.9,48042.3,2185.0,104972425.5
2025-11-12 12:00:00,48041.5,48115.4,48032.3,48109.4,2335.0,112335449.0
2025-11-12 12:30:00,48108.9,48122.9,48081.3,48109.7,1481.0,71250465.7
2025-11-12 13:00:00,48109.6,48117.8,48100.0,48104.4,1457.0,70088110.8
2025-11-12 13:30:00,48103.8,48118.1,48092.2,48107.2,1327.0,63838254.4
2025-11-12 14:00:00,48107.4,48131.4,48091.9,48103.2,1996.0,96013987.19999999
2025-11-12 14:30:00,48104.1,48486.6,48104.1,48476.3,26076.0,1264067998.8000002
2025-11-12 15:00:00,48476.8,48479.6,48380.2,48394.2,17135.0,829234617.0
2025-11-12 15:30:00,48394.7,48407.7,48324.2,48369.3,15657.0,757318130.1
2025-11-12 16:00:00,48369.8,48395.6,48275.5,48320.5,14704.0,710504632.0
2025-11-12 16:30:00,48319.5,48358.9,48276.2,48312.8,15376.0,742857612.8000001
2025-11-12 17:00:00,48312.5,48400.6,48307.5,48367.4,15581.0,753612459.4
2025-11-12 17:30:00,48366.5,48436.8,48354.3,48397.3,12477.0,603853112.1
2025-11-12 18:00:00,48396.5,48414.9,48351.3,48370.7,9366.0,453039976.2
2025-11-12 18:30:00,48370.3,48417.8,48365.6,48382.7,7893.0,381884651.09999996
2025-11-12 19:00:00,48383.6,48388.4,48309.2,48320.8,8239.0,398115071.20000005
2025-11-12 19:30:00,48321.6,48367.8,48296.3,48335.2,8678.0,419452865.59999996
2025-11-12 20:00:00,48334.4,48385.6,48305.5,48372.9,8701.0,420892602.90000004
2025-11-12 20:30:00,48372.3,48411.6,48304.3,48330.2,10722.0,518196404.4
2025-11-12 21:00:00,48329.4,48397.3,48329.3,48372.4,3370.0,163014988.0
2025-11-12 21:30:00,48373.0,48374.7,48340.9,48343.3,866.0,41865297.800000004
2025-11-12 23:00:00,48358.7,48361.4,48256.2,48323.7,2672.0,129120926.39999999
2025-11-12 23:30:00,48323.9,48323.9,48271.3,48297.5,3177.0,153441157.5
2025-11-13 00:00:00,48298.5,48351.8,48297.3,48320.3,2162.0,104468488.60000001
2025-11-13 00:30:00,48320.8,48341.6,48304.3,48337.8,2619.0,126596698.2
2025-11-13 01:00:00,48337.3,48431.7,48330.3,48393.2,5970.0,288907404.0
2025-11-13 01:30:00,48392.4,48435.7,48390.5,48406.7,2641.0,127842094.69999999
2025-11-13 02:00:00,48406.2,48422.7,48394.4,48408.7,1916.0,92751069.19999999
2025-11-13 02:30:00,48408.2,48408.7,48381.3,48392.7,1337.0,64701039.9
2025-11-13 03:00:00,48393.6,48435.7,48376.1,48433.2,1205.0,58362006.0
2025-11-13 03:30:00,48432.4,48442.7,48398.3,48411.6,1384.0,67001654.4
2025-11-13 04:00:00,48410.4,48421.5,48400.5,48411.9,800.0,38729520.0
2025-11-13 04:30:00,48412.7,48440.7,48410.2,48437.8,751.0,36376787.800000004
2025-11-13 05:00:00,48438.0,48450.8,48434.2,48441.8,902.0,43694503.6
2025-11-13 05:30:00,48442.6,48453.7,48434.2,48439.8,680.0,32939064.000000004
2025-11-13 06:00:00,48440.6,48460.7,48438.3,48453.8,1099.0,53250726.2
2025-11-13 06:30:00,48453.3,48464.5,48440.2,48441.3,909.0,44033141.7
2025-11-13 07:00:00,48441.8,48458.6,48435.1,48455.7,1503.0,72828917.1
2025-11-13 07:30:00,48455.4,48461.7,48419.2,48421.2,1665.0,80621298.0
2025-11-13 08:00:00,48421.7,48438.0,48401.3,48413.5,3955.0,191475392.5
2025-11-13 08:30:00,48413.8,48431.8,48407.2,48423.8,2640.0,127838832.00000001
2025-11-13 09:00:00,48423.4,48426.9,48332.0,48335.8,3744.0,180969235.20000002
2025-11-13 09:30:00,48335.3,48351.2,48319.2,48339.3,3132.0,151398687.60000002
2025-11-13 10:00:00,48339.7,48376.5,48331.2,48363.6,2064.0,99822470.39999999
2025-11-13 10:30:00,48363.2,48382.7,48344.9,48354.3,1818.0,87908117.4
2025-11-13 11:00:00,48353.8,48366.7,48296.3,48299.6,2425.0,117126530.0
2025-11-13 11:30:00,48299.2,48312.7,48264.5,48305.6,3159.0,152597390.4
2025-11-13 12:00:00,48305.2,48307.6,48270.2,48290.1,2630.0,127002963.0
2025-11-13 12:30:00,48290.0,48320.7,48279.7,48291.8,2394.0,115610569.2
2025-11-13 13:00:00,48292.6,48293.9,48225.6,48257.0,3267.0,157655619.0
2025-11-13 13:30:00,48257.0,48269.3,48186.4,48236.8,4866.0,234720268.8
2025-11-13 14:00:00,48236.7,48238.7,48176.6,48187.5,5764.0,277752750.0
2025-11-13 14:30:00,48187.8,48291.8,48153.7,48193.3,39681.0,1912358337.3000002
2025-11-13 15:00:00,48193.7,48287.8,48159.2,48188.6,29999.0,1445609811.3999999
2025-11-13 15:30:00,48188.3,48199.8,47955.2,47993.8,22706.0,1089747222.8
2025-11-13 16:00:00,47993.3,48007.7,47890.3,47926.8,20334.0,974543551.2
2025-11-13 16:30:00,47926.4,47985.9,47814.2,47882.3,23214.0,1111539712.2
2025-11-13 17:00:00,47881.5,47915.6,47826.7,47898.4,24809.0,1188311405.6000001
2025-11-13 17:30:00,47897.5,47943.9,47797.2,47807.3,24420.0,1167454266.0
2025-11-13 18:00:00,47807.7,47848.8,47735.2,47743.6,16775.0,800898890.0
2025-11-13 18:30:00,47743.9,47747.8,47639.3,47682.6,21711.0,1035236928.6
2025-11-13 19:00:00,47682.9,47708.5,47618.2,47708.5,20996.0,1001687666.0
2025-11-13 19:30:00,47709.5,47719.8,47497.5,47566.8,21355.0,1015789014.0000001
2025-11-13 20:00:00,47566.3,47573.6,47464.4,47504.1,24737.0,1175108921.7
2025-11-13 20:30:00,47504.6,47610.9,47467.1,47517.7,25992.0,1235080058.3999999
2025-11-13 21:00:00,47518.5,47627.7,47516.7,47602.5,4534.0,215829735.0
2025-11-13 21:30:00,47602.1,47608.5,47547.0,47552.6,1424.0,67714902.39999999
2025-11-13 23:00:00,47550.5,47591.8,47544.5,47588.6,2695.0,128251277.0
2025-11-13 23:30:00,47589.5,47597.7,47550.1,47560.7,2538.0,120709056.6
2025-11-14 00:00:00,47560.3,47596.6,47550.5,47590.3,2456.0,116881776.80000001
2025-11-14 00:30:00,47589.4,47597.6,47561.3,47576.6,2328.0,110758324.8
2025-11-14 01:00:00,47576.2,47594.6,47557.2,47562.6,2675.0,127229955.0
2025-11-14 01:30:00,47563.5,47594.6,47558.2,47571.3,2342.0,111411984.60000001
2025-11-14 02:00:00,47571.8,47583.8,47554.3,47556.4,1620.0,77041368.0
2025-11-14 02:30:00,47555.5,47572.8,47546.3,47558.6,1409.0,67010067.4
2025-11-14 03:00:00,47558.2,47561.6,47533.2,47544.2,1363.0,64802744.599999994
2025-11-14 03:30:00,47544.7,47546.7,47512.5,47536.6,1434.0,68167484.39999999
2025-11-14 04:00:00,47537.6,47543.6,47493.2,47505.4,2193.0,104179342.2
2025-11-14 04:30:00,47504.4,47513.8,47489.4,47502.7,2188.0,103935907.6
2025-11-14 05:00:00,47503.6,47528.6,47469.3,47511.2,2755.0,130893355.99999999
2025-11-14 05:30:00,47510.4,47547.8,47502.3,47519.2,2244.0,106633084.8
2025-11-14 06:00:00,47518.4,47521.7,47475.4,47481.8,2596.0,123262752.80000001
2025-11-14 06:30:00,47481.3,47503.7,47447.2,47495.7,2761.0,131135627.69999999
2025-11-14 07:00:00,47495.2,47495.2,47389.1,47425.8,5455.0,258707739.00000003
2025-11-14 07:30:00,47425.2,47448.4,47414.3,47434.8,3776.0,179113804.8
2025-11-14 08:00:00,47435.6,47448.8,47371.1,47410.8,7937.0,376299519.6
2025-11-14 08:30:00,47411.0,47475.4,47376.2,47470.2,7190.0,341310738.0
2025-11-14 09:00:00,47469.5,47499.8,47436.2,47436.2,5167.0,245102845.39999998
2025-11-14 09:30:00,47436.7,47449.8,47396.3,47404.4,4326.0,205071434.4
2025-11-14 10:00:00,47404.2,47446.7,47396.2,47419.6,3917.0,185742573.2
2025-11-14 10:30:00,47419.2,47438.8,47379.1,47397.3,3497.0,165748358.10000002
2025-11-14 11:00:00,47396.9,47396.9,47256.4,47279.5,5939.0,280792950.5
2025-11-14 11:30:00,47280.3,47294.0,47222.3,47260.3,5878.0,277796043.40000004
2025-11-14 12:00:00,47260.8,47280.6,47201.9,47263.8,7056.0,333493372.8
2025-11-14 12:30:00,47264.0,47271.6,47166.3,47228.5,7268.0,343256738.0
2025-11-14 13:00:00,47228.3,47241.7,47140.4,47156.3,7212.0,340091235.6
2025-11-14 13:30:00,47156.1,47199.9,47105.2,47181.6,7600.0,358580160.0
2025-11-14 14:00:00,47181.8,47233.1,47137.2,47149.7,6770.0,319203469.0
2025-11-14 14:30:00,47150.6,47156.2,46899.4,47034.7,56209.0,2643773452.2999997
2025-11-14 15:00:00,47034.3,47126.7,46893.3,47123.7,42072.0,1982588306.3999999
2025-11-14 15:30:00,47123.3,47212.5,47059.5,47184.8,30389.0,1433898887.2
2025-11-14 16:00:00,47184.5,47344.7,47112.4,47319.1,21769.0,1030089487.9
2025-11-14 16:30:00,47319.7,47361.6,47243.3,47351.2,21379.0,1012321304.8
2025-11-14 17:00:00,47350.5,47409.8,47320.3,47368.4,19299.0,914162751.6
2025-11-14 17:30:00,47368.8,47419.6,47282.2,47332.8,21598.0,1022293814.4000001
2025-11-14 18:00:00,47332.4,47350.8,47221.4,47285.8,23495.0,1110979871.0
2025-11-14 18:30:00,47285.3,47321.7,47193.5,47300.4,21180.0,1001822472.0
2025-11-14 19:00:00,47299.5,47349.6,47241.3,47319.5,19565.0,925806017.5
2025-11-14 19:30:00,47319.2,47362.8,47292.3,47345.3,16045.0,759655338.5
2025-11-14 20:00:00,47345.8,47372.8,47182.5,47221.2,15043.0,710348511.5999999
2025-11-14 20:30:00,47220.5,47241.8,47150.2,47202.7,18226.0,860316410.1999999
2025-11-14 21:00:00,47202.2,47238.3,47152.7,47222.9,4220.0,199280638.0
2025-11-14 21:30:00,47223.6,47232.1,47201.8,47229.7,1100.0,51952670.0
2025-11-16 23:00:00,47188.3,47197.6,47078.7,47175.9,3724.0,175683051.6
2025-11-16 23:30:00,47175.4,47213.7,47171.2,47195.3,2841.0,134081847.30000001
2025-11-17 00:00:00,47194.4,47204.8,47133.3,47187.8,3607.0,170206394.60000002
2025-11-17 00:30:00,47187.3,47232.8,47187.3,47213.8,2910.0,137392158.0
2025-11-17 01:00:00,47214.7,47226.8,47187.1,47215.3,2601.0,122806995.30000001
2025-11-17 01:30:00,47215.8,47223.6,47169.2,47181.3,1833.0,86483322.9
2025-11-17 02:00:00,47181.8,47207.8,47168.3,47189.2,1635.0,77154342.0
2025-11-17 02:30:00,47189.8,47238.8,47185.3,47228.4,1313.0,62010889.2
2025-11-17 03:00:00,47228.8,47247.8,47224.5,47226.8,1170.0,55255356.0
2025-11-17 03:30:00,47226.3,47240.8,47221.3,47237.8,1067.0,50402732.6
2025-11-17 04:00:00,47238.6,47259.7,47233.3,47252.4,849.0,40117287.6
2025-11-17 04:30:00,47252.8,47261.6,47242.5,47251.3,611.0,28870544.3
2025-11-17 05:00:00,47251.8,47267.8,47242.3,47250.6,991.0,46825344.6
2025-11-17 05:30:00,47250.2,47255.8,47226.3,47227.8,953.0,45008093.400000006
2025-11-17 06:00:00,47227.3,47256.8,47221.3,47249.8,1156.0,54620768.800000004
2025-11-17 06:30:00,47249.3,47254.8,47231.3,47243.2,1051.0,49652603.199999996
2025-11-17 07:00:00,47242.4,47303.6,47236.4,47300.2,1630.0,77099326.0
2025-11-17 07:30:00,47300.7,47301.4,47284.3,47287.2,1310.0,61946231.99999999
2025-11-17 08:00:00,47287.8,47334.8,47280.2,47300.8,3668.0,173499334.4
2025-11-17 08:30:00,47301.5,47345.7,47295.4,47314.0,2678.0,126706892.0
2025-11-17 09:00:00,47314.0,47320.9,47236.3,47281.6,4421.0,209031953.6
2025-11-17 09:30:00,47281.2,47289.5,47242.2,47272.5,3677.0,173820982.5
2025-11-17 10:00:00,47272.2,47274.0,47198.2,47205.8,3685.0,173953373.0
2025-11-17 10:30:00,47206.3,47218.8,47164.4,47175.0,3937.0,185727975.0
2025-11-17 11:00:00,47175.0,47233.8,47161.2,47223.2,3719.0,175623080.79999998
2025-11-17 11:30:00,47222.8,47248.0,47204.5,47213.3,3726.0,175916755.8
2025-11-17 12:00:00,47213.1,47216.5,47167.4,47202.3,4616.0,217885816.8
2025-11-17 12:30:00,47201.6,47206.6,47175.4,47193.2,4207.0,198541792.39999998
2025-11-17 13:00:00,47192.8,47208.5,47142.8,47168.8,5273.0,248721082.4
2025-11-17 13:30:00,47168.4,47168.4,47083.1,47135.4,5453.0,257029336.20000002
2025-11-17 14:00:00,47135.8,47147.8,47085.0,47116.2,5395.0,254191898.99999997
2025-11-17 14:30:00,47115.9,47265.7,47056.2,47163.9,37238.0,1756289308.2
2025-11-17 15:00:00,47164.4,47231.6,47117.4,47211.9,32420.0,1530609798.0
2025-11-17 15:30:00,47211.5,47219.8,47058.6,47107.3,28568.0,1345761346.4
2025-11-17 16:00:00,47107.8,47122.8,46912.3,47091.4,22676.0,1067844586.4
2025-11-17 16:30:00,47090.6,47208.5,47085.5,47206.7,17489.0,825597976.3
2025-11-17 17:00:00,47207.0,47211.9,47157.4,47209.7,15243.0,719617457.0999999
2025-11-17 17:30:00,47209.3,47222.7,47029.2,47033.4,18230.0,857418882.0
2025-11-17 18:00:00,47033.1,47039.8,46954.1,46977.4,19479.0,915072774.6
2025-11-17 18:30:00,46977.7,47015.8,46819.4,46820.0,17802.0,833489640.0
2025-11-17 19:00:00,46820.6,46830.8,46712.2,46758.4,21757.0,1017322508.8000001
2025-11-17 19:30:00,46758.2,46778.8,46523.4,46526.3,19239.0,895119485.7
2025-11-17 20:00:00,46525.5,46599.5,46478.2,46590.4,23222.0,1081922268.8
2025-11-17 20:30:00,46590.7,46668.6,46531.5,46653.6,23859.0,1113108242.3999999
2025-11-17 21:00:00,46654.6,46705.9,46641.6,46686.6,4102.0,191508433.2
2025-11-17 21:30:00,46686.2,46691.8,46651.2,46683.7,1623.0,75767645.1
2025-11-17 23:00:00,46677.8,46710.5,46649.3,46692.5,2733.0,127610602.5
2025-11-17 23:30:00,46692.8,46710.5,46676.3,46691.8,3017.0,140869160.6
2025-11-18 00:00:00,46692.6,46708.7,46637.4,46640.6,3558.0,165947254.79999998
2025-11-18 00:30:00,46641.6,46668.8,46613.5,46638.7,4111.0,191731695.7
2025-11-18 01:00:00,46639.6,46728.8,46630.4,46693.6,4445.0,207553052.0
2025-11-18 01:30:00,46692.5,46728.8,46686.5,46704.8,2831.0,132221288.80000001
2025-11-18 02:00:00,46704.3,46726.8,46682.2,46700.2,2579.0,120439815.8
2025-11-18 02:30:00,46700.8,46709.8,46631.4,46632.2,3169.0,147777441.79999998
2025-11-18 03:00:00,46631.4,46639.8,46600.4,46609.3,3915.0,182475409.5
2025-11-18 03:30:00,46609.8,46619.8,46566.4,46575.8,3483.0,162223511.4
2025-11-18 04:00:00,46575.3,46575.3,46366.2,46414.6,7256.0,336784337.59999996
2025-11-18 04:30:00,46415.5,46503.8,46415.5,46494.4,4883.0,227032155.20000002
2025-11-18 05:00:00,46494.8,46519.8,46454.3,46474.8,5327.0,247571259.60000002
2025-11-18 05:30:00,46475.6,46517.8,46468.3,46468.8,3214.0,149350723.20000002
2025-11-18 06:00:00,46469.6,46510.6,46462.2,46493.3,4164.0,193598101.20000002
2025-11-18 06:30:00,46492.4,46492.4,46397.2,46410.8,4219.0,195807165.20000002
2025-11-18 07:00:00,46409.6,46434.8,46350.4,46425.7,5612.0,260541028.39999998
2025-11-18 07:30:00,46425.2,46501.5,46422.4,46459.6,4194.0,194851562.4
2025-11-18 08:00:00,46460.6,46533.9,46448.2,46483.3,10244.0,476174925.20000005
2025-11-18 08:30:00,46483.7,46591.5,46473.4,46528.9,7591.0,353200879.90000004
2025-11-18 09:00:00,46529.0,46546.0,46490.4,46508.0,6199.0,288303092.0
2025-11-18 09:30:00,46507.5,46539.7,46474.3,46530.6,4736.0,220368921.6
2025-11-18 10:00:00,46530.3,46537.0,46480.2,46486.7,3969.0,184505712.29999998
2025-11-18 10:30:00,46487.5,46519.3,46470.1,46514.8,3564.0,165778747.20000002
2025-11-18 11:00:00,46510.7,46511.4,46402.1,46411.6,5013.0,232661350.79999998
2025-11-18 11:30:00,46412.5,46417.7,46378.2,46417.6,3943.0,183024596.79999998
2025-11-18 12:00:00,46417.3,46430.6,46299.9,46309.6,6305.0,291982028.0
2025-11-18 12:30:00,46309.2,46343.8,46217.5,46248.3,7203.0,333126504.90000004
2025-11-18 13:00:00,46248.7,46310.6,46240.5,46267.8,7633.0,353162117.40000004
2025-11-18 13:30:00,46267.9,46328.7,46235.9,46293.1,7370.0,341180147.0
2025-11-18 14:00:00,46292.6,46315.6,46197.2,46225.9,7211.0,333334964.90000004
2025-11-18 14:30:00,46226.4,46373.5,46102.4,46139.8,60812.0,2805853517.6000004
2025-11-18 15:00:00,46137.4,46189.5,45999.2,46101.7,55889.0,2576577911.2999997
2025-11-18 15:30:00,46102.0,46178.7,46006.2,46009.6,51632.0,2375567667.2
2025-11-18 16:00:00,46009.3,46255.5,45961.2,46243.9,38667.0,1788112881.3
2025-11-18 16:30:00,46243.4,46280.9,46166.5,46176.2,32548.0,1502942957.6
2025-11-18 17:00:00,46175.5,46204.5,46003.2,46004.8,28946.0,1331654940.8000002
2025-11-18 17:30:00,46004.5,46360.9,45964.0,46318.7,30707.0,1422308320.8999999
2025-11-18 18:00:00,46318.9,46381.9,46299.3,46315.6,26338.0,1219860272.8
2025-11-18 18:30:00,46315.2,46423.8,46274.6,46289.4,26710.0,1236389874.0
2025-11-18 19:00:00,46289.8,46370.7,46278.4,46291.8,25941.0,1200855583.8000002
2025-11-18 19:30:00,46292.6,46411.9,46273.5,46380.2,24262.0,1125276412.3999999
2025-11-18 20:00:00,46380.7,46415.8,46200.1,46240.6,24243.0,1121010865.8
2025-11-18 20:30:00,46240.3,46269.0,46133.3,46146.3,27620.0,1274560806.0
2025-11-18 21:00:00,46145.4,46151.1,46071.3,46103.3,7662.0,353243484.6
2025-11-18 21:30:00,46102.5,46125.7,46079.3,46088.0,2093.0,96462184.0
2025-11-18 23:00:00,46110.3,46209.8,46110.3,46202.8,3084.0,142489435.20000002
2025-11-18 23:30:00,46203.6,46213.8,46171.3,46202.4,2628.0,121419907.2
2025-11-19 00:00:00,46202.8,46211.6,46093.5,46113.5,6828.0,314862978.0
2025-11-19 00:30:00,46113.9,46185.8,46103.3,46171.4,5362.0,247571046.8
2025-11-19 01:00:00,46171.9,46222.5,46140.5,46193.3,6136.0,283442088.8
2025-11-19 01:30:00,46193.8,46205.7,46131.3,46149.9,4293.0,198121520.70000002
2025-11-19 02:00:00,46150.7,46216.6,46150.7,46208.8,3450.0,159420360.0
2025-11-19 02:30:00,46209.6,46232.8,46206.3,46215.2,1904.0,87993740.8
2025-11-19 03:00:00,46215.8,46226.8,46150.5,46168.8,2491.0,115006480.80000001
2025-11-19 03:30:00,46168.3,46168.6,46107.5,46108.8,2338.0,107802374.4
2025-11-19 04:00:00,46109.6,46117.6,46070.5,46105.8,2303.0,106181657.4
2025-11-19 04:30:00,46106.6,46123.6,46070.3,46091.6,2308.0,106379412.8
2025-11-19 05:00:00,46092.6,46120.8,46091.3,46092.8,2518.0,116061670.4
2025-11-19 05:30:00,46093.6,46135.8,46033.4,46116.6,3262.0,150432349.2
2025-11-19 06:00:00,46117.6,46148.8,46098.5,46132.8,2940.0,135630432.0
2025-11-19 06:30:00,46132.3,46144.6,46119.4,46134.2,1931.0,89085140.19999999
2025-11-19 07:00:00,46134.8,46195.7,46115.4,46165.2,2740.0,126492647.99999999
2025-11-19 07:30:00,46165.8,46193.8,46152.4,46174.3,2741.0,126563756.30000001
2025-11-19 08:00:00,46172.7,46196.2,46117.8,46190.8,6481.0,299362574.8
2025-11-19 08:30:00,46190.3,46209.9,46131.1,46135.1,4976.0,229568257.6
2025-11-19 09:00:00,46134.5,46164.6,46098.5,46159.3,4931.0,227611508.3
2025-11-19 09:30:00,46160.4,46218.0,46145.5,46217.2,4083.0,188704827.6
2025-11-19 10:00:00,46216.7,46235.7,46202.3,46229.8,2654.0,122693889.2
2025-11-19 10:30:00,46229.5,46237.9,46199.2,46221.1,2654.0,122670799.39999999
2025-11-19 11:00:00,46220.8,46257.3,46214.2,46239.3,3295.0,152358493.5
2025-11-19 11:30:00,46238.5,46248.7,46213.3,46218.7,3193.0,147576309.1
2025-11-19 12:00:00,46217.7,46234.6,46192.1,46222.6,3613.0,167002253.79999998
2025-11-19 12:30:00,46222.3,46273.9,46221.2,46245.5,3263.0,150899066.5
2025-11-19 13:00:00,46245.3,46258.8,46182.7,46225.9,4515.0,208709938.5
2025-11-19 13:30:00,46226.0,46255.1,46195.4,46206.2,4204.0,194250864.79999998
2025-11-19 14:00:00,46205.5,46209.7,46121.8,46159.7,6084.0,280835614.8
2025-11-19 14:30:00,46160.2,46255.5,46070.6,46247.5,40245.0,1861230637.5
2025-11-19 15:00:00,46246.5,46353.7,46197.3,46222.9,23512.0,1086792824.8
2025-11-19 15:30:00,46223.6,46250.7,46034.3,46046.3,21211.0,976688069.3000001
2025-11-19 16:00:00,46046.8,46093.5,45982.2,46020.2,25803.0,1187459220.6
2025-11-19 16:30:00,46020.8,46086.6,45966.5,46083.3,24618.0,1134478679.4
2025-11-19 17:00:00,46082.5,46133.8,46019.2,46074.6,29544.0,1361227982.3999999
2025-11-19 17:30:00,46073.7,46125.7,45956.3,46085.8,32784.0,1510876867.2
2025-11-19 18:00:00,46085.4,46188.8,46072.3,46100.5,24853.0,1145735726.5
2025-11-19 18:30:00,46100.2,46217.6,46070.1,46186.4,23837.0,1100945216.8
2025-11-19 19:00:00,46186.8,46198.4,45977.2,45994.9,24053.0,1106315329.7
2025-11-19 19:30:00,45995.5,46097.6,45952.3,46062.8,23170.0,1067275076.0000001
2025-11-19 20:00:00,46062.6,46256.9,46046.2,46201.8,23497.0,1085603694.6000001
2025-11-19 20:30:00,46201.5,46273.6,46101.1,46186.2,28153.0,1300280088.6
2025-11-19 21:00:00,46185.4,46288.6,46131.2,46221.6,10994.0,508160270.4
2025-11-19 21:30:00,46221.3,46279.8,46197.9,46205.5,9604.0,443757622.0
2025-11-19 23:00:00,46207.4,46342.6,46202.1,46341.2,5044.0,233745012.79999998
2025-11-19 23:30:00,46341.8,46393.8,46332.3,46387.4,3632.0,168479036.8
2025-11-20 00:00:00,46387.8,46441.6,46362.3,46429.6,3086.0,143281745.6
2025-11-20 00:30:00,46430.6,46450.6,46405.3,46414.4,1974.0,91622025.60000001
2025-11-20 01:00:00,46413.5,46440.8,46393.4,46438.8,1992.0,92506089.60000001
2025-11-20 01:30:00,46439.7,46454.6,46414.3,46434.3,1570.0,72901851.0
2025-11-20 02:00:00,46433.4,46445.3,46405.2,46420.8,1583.0,73484126.4
2025-11-20 02:30:00,46421.6,46472.8,46417.4,46465.8,1068.0,49625474.400000006
2025-11-20 03:00:00,46465.3,46492.8,46455.4,46457.4,1250.0,58071750.0
2025-11-20 03:30:00,46456.5,46459.8,46408.5,46440.8,1853.0,86054802.4
2025-11-20 04:00:00,46441.6,46475.8,46441.4,46465.3,1492.0,69326227.60000001
2025-11-20 04:30:00,46464.4,46494.8,46461.3,46491.3,806.0,37471987.800000004
2025-11-20 05:00:00,46491.8,46511.9,46483.3,46486.8,1373.0,63826376.400000006
2025-11-20 05:30:00,46486.3,46486.3,46450.3,46459.6,1229.0,57098848.4
2025-11-20 06:00:00,46459.2,46474.6,46434.3,46441.8,1485.0,68966073.0
2025-11-20 06:30:00,46442.6,46477.6,46442.2,46476.6,1170.0,54377622.0
2025-11-20 07:00:00,46476.2,46517.9,46462.3,46511.3,1759.0,81813376.7
2025-11-20 07:30:00,46511.1,46532.8,46431.2,46435.6,2088.0,96957532.8
2025-11-20 08:00:00,46435.2,46483.8,46433.4,46469.2,4503.0,209250807.6
2025-11-20 08:30:00,46469.0,46526.0,46450.3,46456.6,3638.0,169009110.79999998
2025-11-20 09:00:00,46457.5,46468.8,46378.3,46380.3,4263.0,197719218.9
2025-11-20 09:30:00,46379.5,46399.8,46358.8,46383.4,4225.0,195969865.0
2025-11-20 10:00:00,46383.8,46451.3,46378.4,46441.8,3643.0,169187477.4
2025-11-20 10:30:00,46441.7,46485.8,46440.2,46475.5,2489.0,115677519.5
2025-11-20 11:00:00,46475.8,46475.8,46398.3,46401.9,3888.0,180410587.20000002
2025-11-20 11:30:00,46401.5,46441.6,46377.2,46403.2,3986.0,184963155.2
2025-11-20 12:00:00,46403.6,46423.0,46357.1,46414.0,4134.0,191875476.0
2025-11-20 12:30:00,46414.0,46491.0,46409.2,46483.8,2797.0,130015188.60000001
2025-11-20 13:00:00,46483.3,46506.9,46421.3,46437.8,4564.0,211942119.20000002
2025-11-20 13:30:00,46437.3,46654.7,46433.6,46643.9,12979.0,605391178.1
2025-11-20 14:00:00,46644.5,46687.6,46613.0,46674.1,6819.0,318270687.9
2025-11-20 14:30:00,46674.7,46870.8,46654.4,46842.6,45954.0,2152604840.4
2025-11-20 15:00:00,46842.9,46895.8,46724.3,46890.3,29144.0,1366570903.2
2025-11-20 15:30:00,46890.7,46915.6,46752.4,46754.3,23580.0,1102466394.0
2025-11-20 16:00:00,46754.7,46759.6,46439.4,46488.2,39523.0,1837353128.6
2025-11-20 16:30:00,46488.6,46501.7,46046.2,46075.3,62956.0,2900716586.8
2025-11-20 17:00:00,46076.3,46188.0,45882.2,45969.2,87703.0,4031636747.6
2025-11-20 17:30:00,45968.5,46020.9,45780.5,45900.7,64556.0,2963165589.2
2025-11-20 18:00:00,45900.2,46200.0,45870.3,46074.7,52260.0,2407863822.0
2025-11-20 18:30:00,46075.6,46103.0,45792.5,45834.3,44714.0,2049434890.2
2025-11-20 19:00:00,45834.8,46047.6,45817.3,46015.8,40811.0,1877950813.8000002
2025-11-20 19:30:00,46016.6,46094.9,45925.3,46088.1,40906.0,1885279818.6
2025-11-20 20:00:00,46087.6,46089.9,45953.5,45995.5,38525.0,1771976637.5
2025-11-20 20:30:00,45995.2,46014.8,45782.2,45815.8,39722.0,1819895207.6000001
2025-11-20 21:00:00,45816.6,45835.8,45769.4,45829.2,7957.0,364662944.4
2025-11-20 21:30:00,45829.4,45845.8,45807.0,45811.0,2109.0,96615399.0
2025-11-20 23:00:00,45847.3,45898.2,45753.5,45856.3,6107.0,280044424.1
2025-11-20 23:30:00,45856.8,45912.8,45836.3,45887.3,6150.0,282206895.0
2025-11-21 00:00:00,45887.8,45953.8,45869.4,45936.7,5687.0,261242012.89999998
2025-11-21 00:30:00,45936.2,45984.8,45930.3,45967.3,3180.0,146176014.0
2025-11-21 01:00:00,45967.8,45997.8,45953.5,45996.8,4195.0,192956576.0
2025-11-21 01:30:00,45997.6,46024.8,45953.3,45997.3,3782.0,173961788.60000002
2025-11-21 02:00:00,45997.8,46017.7,45978.3,45999.8,3764.0,173143247.20000002
2025-11-21 02:30:00,45999.3,46034.9,45993.4,46001.2,2735.0,125813281.99999999
2025-11-21 03:00:00,46001.8,46029.8,45987.5,46018.6,2919.0,134328293.4
2025-11-21 03:30:00,46019.5,46067.8,46001.3,46001.5,3624.0,166709436.0
2025-11-21 04:00:00,46001.8,46009.8,45944.4,45980.2,3524.0,162034224.79999998
2025-11-21 04:30:00,45980.8,45998.6,45920.5,45994.3,3438.0,158128403.4
2025-11-21 05:00:00,45993.4,46027.6,45976.5,46001.3,3776.0,173700908.8
2025-11-21 05:30:00,46001.8,46010.8,45941.4,45953.3,2841.0,130553325.30000001
2025-11-21 06:00:00,45953.8,45991.6,45944.3,45944.3,2892.0,132870915.60000001
2025-11-21 06:30:00,45943.4,46001.6,45938.3,45975.3,2240.0,102984672.0
2025-11-21 07:00:00,45974.4,45980.7,45941.3,45964.2,2703.0,124241232.6
2025-11-21 07:30:00,45963.4,45970.6,45812.2,45828.6,5182.0,237483805.2
2025-11-21 08:00:00,45829.6,45963.7,45826.4,45946.0,11416.0,524519536.0
2025-11-21 08:30:00,45944.4,46042.4,45907.5,46026.1,6953.0,320019473.3
2025-11-21 09:00:00,46026.0,46029.6,45948.4,45982.3,7339.0,337464099.70000005
2025-11-21 09:30:00,45981.5,45991.7,45911.3,45949.8,7503.0,344761349.40000004
2025-11-21 10:00:00,45949.3,45952.6,45798.5,45814.4,12463.0,570984867.2
2025-11-21 10:30:00,45814.1,45974.8,45813.6,45969.9,9020.0,414648498.0
2025-11-21 11:00:00,45970.0,46027.0,45958.6,45958.6,6776.0,311415473.59999996
2025-11-21 11:30:00,45958.3,45976.3,45887.3,45929.8,6055.0,278104939.0
2025-11-21 12:00:00,45929.3,45939.7,45816.6,45828.0,9355.0,428720940.0
2025-11-21 12:30:00,45828.0,46136.7,45828.0,46104.5,20569.0,948323460.5
2025-11-21 13:00:00,46104.2,46130.5,46012.2,46017.1,10974.0,504991655.4
2025-11-21 13:30:00,46017.7,46080.9,46013.2,46055.9,7767.0,357716175.3
2025-11-21 14:00:00,46055.3,46062.8,45977.2,45995.8,9308.0,428128906.40000004
2025-11-21 14:30:00,45995.9,46077.6,45827.2,45932.9,68022.0,3124447723.8
2025-11-21 15:00:00,45935.8,46130.9,45901.4,46012.2,68099.0,3133384807.7999997
2025-11-21 15:30:00,46012.7,46100.9,45889.3,45995.8,68358.0,3144180896.4
2025-11-21 16:00:00,45995.4,46137.8,45878.3,46136.4,52604.0,2426959185.6
2025-11-21 16:30:00,46135.5,46452.8,46113.5,46450.6,37837.0,1757551352.2
2025-11-21 17:00:00,46450.2,46537.6,46404.2,46506.7,30603.0,1423244540.1
2025-11-21 17:30:00,46507.0,46531.7,46405.5,46450.2,25424.0,1180949884.8
2025-11-21 18:00:00,46450.6,46472.9,46234.2,46326.5,30294.0,1403414991.0
2025-11-21 18:30:00,46326.8,46626.9,46306.1,46521.9,37335.0,1736895136.5
2025-11-21 19:00:00,46522.7,46606.7,46498.2,46577.8,25127.0,1170360380.6000001
2025-11-21 19:30:00,46577.3,46603.9,46430.3,46468.2,25493.0,1184613822.6
2025-11-21 20:00:00,46468.6,46496.9,46297.5,46298.3,23462.0,1086250714.6000001
2025-11-21 20:30:00,46297.5,46397.6,46261.6,46308.3,35773.0,1656586815.9
2025-11-21 21:00:00,46307.4,46364.8,46301.9,46317.2,5357.0,248121240.39999998
2025-11-21 21:30:00,46317.7,46357.7,46314.4,46338.8,1498.0,69415522.4
2025-11-23 23:00:00,46509.5,46541.2,46467.3,46482.4,2349.0,109187157.60000001
2025-11-23 23:30:00,46482.1,46483.7,46450.1,46463.8,1963.0,91208439.4
2025-11-24 00:00:00,46463.3,46463.3,46370.3,46406.8,2268.0,105250622.4
2025-11-24 00:30:00,46406.3,46443.8,46404.3,46423.2,1468.0,68149257.6
2025-11-24 01:00:00,46422.4,46431.8,46394.3,46419.7,2597.0,120551960.89999999
2025-11-24 01:30:00,46419.2,46426.6,46366.4,46389.3,2388.0,110777648.4
2025-11-24 02:00:00,46389.8,46435.7,46371.3,46429.4,2102.0,97594598.8
2025-11-24 02:30:00,46428.5,46464.8,46407.5,46463.3,1636.0,76013958.80000001
2025-11-24 03:00:00,46463.8,46473.6,46445.3,46454.6,1221.0,56721066.6
2025-11-24 03:30:00,46455.6,46457.8,46430.5,46439.3,1319.0,61253436.7
2025-11-24 04:00:00,46438.4,46441.8,46391.3,46396.8,1645.0,76322736.0
2025-11-24 04:30:00,46396.3,46415.8,46386.3,46391.5,1574.0,73020221.0
2025-11-24 05:00:00,46390.5,46437.9,46382.2,46434.4,1519.0,70533853.60000001
2025-11-24 05:30:00,46433.5,46434.8,46412.3,46425.3,1104.0,51253531.2
2025-11-24 06:00:00,46425.8,46428.8,46406.4,46409.3,982.0,45573932.6
2025-11-24 06:30:00,46408.4,46418.7,46394.3,46408.9,904.0,41953645.6
2025-11-24 07:00:00,46408.3,46436.5,46376.4,46432.7,1478.0,68627530.6
2025-11-24 07:30:00,46432.2,46475.7,46419.2,46455.7,1484.0,68940258.8
2025-11-24 08:00:00,46453.2,46489.5,46381.2,46469.3,5732.0,266362027.60000002
2025-11-24 08:30:00,46469.0,46493.9,46446.5,46487.8,3743.0,174003835.4
2025-11-24 09:00:00,46487.3,46493.9,46212.2,46216.5,6779.0,313301653.5
2025-11-24 09:30:00,46216.2,46327.6,46212.2,46302.7,7945.0,367874951.5
2025-11-24 10:00:00,46303.2,46327.6,46264.4,46283.3,5830.0,269831639.0
2025-11-24 10:30:00,46283.6,46317.9,46243.2,46282.1,5565.0,257559886.5
2025-11-24 11:00:00,46281.4,46322.7,46249.3,46270.2,4728.0,218765505.6
2025-11-24 11:30:00,46269.4,46356.0,46257.4,46349.6,4520.0,209500192.0
2025-11-24 12:00:00,46349.3,46395.7,46317.9,46387.2,4541.0,210644275.2
2025-11-24 12:30:00,46387.7,46441.9,46379.3,46436.1,4573.0,212352285.29999998
2025-11-24 13:00:00,46436.0,46487.8,46425.5,46457.5,3994.0,185551255.0
2025-11-24 13:30:00,46457.8,46477.2,46387.2,46394.2,3494.0,162101334.79999998
2025-11-24 14:00:00,46393.6,46478.9,46386.3,46431.8,6085.0,282537503.0
2025-11-24 14:30:00,46431.3,46458.5,46149.3,46343.8,53475.0,2478234705.0
2025-11-24 15:00:00,46343.5,46486.5,46332.6,46447.8,37691.0,1750664029.8000002
2025-11-24 15:30:00,46448.6,46584.6,46413.4,46547.8,17693.0,823570225.4000001
2025-11-24 16:00:00,46547.3,46641.8,46543.2,46584.7,11576.0,539264487.1999999
2025-11-24 16:30:00,46584.3,46594.8,46505.4,46513.8,11328.0,526908326.40000004
2025-11-24 17:00:00,46514.6,46545.8,46451.3,46516.8,11456.0,532896460.8
2025-11-24 17:30:00,46517.6,46583.6,46477.6,46570.3,8621.0,401482556.3
2025-11-24 18:00:00,46570.6,46630.8,46570.6,46599.5,6351.0,295953424.5
2025-11-24 18:30:00,46599.9,46629.8,46567.3,46603.7,6378.0,297238398.59999996
2025-11-24 19:00:00,46604.6,46624.9,46537.2,46550.6,5659.0,263429845.4
2025-11-24 19:30:00,46551.5,46557.9,46469.2,46494.6,8982.0,417614497.2
2025-11-24 20:00:00,46494.3,46555.9,46488.5,46516.5,8079.0,375806803.5
2025-11-24 20:30:00,46516.9,46570.4,46464.2,46496.8,13175.0,612595340.0
2025-11-24 21:00:00,46496.4,46528.6,46479.3,46517.8,2867.0,133366532.60000001
2025-11-24 21:30:00,46518.7,46541.2,46513.6,46513.6,685.0,31861816.0
2025-11-24 23:00:00,46497.8,46520.6,46493.4,46509.6,1557.0,72415447.2
2025-11-24 23:30:00,46511.3,46523.4,46477.2,46488.4,1209.0,56204475.6
2025-11-25 00:00:00,46487.4,46488.7,46457.3,46467.2,1780.0,82711616.0
2025-11-25 00:30:00,46467.8,46485.8,46459.3,46484.2,1365.0,63450932.99999999
2025-11-25 01:00:00,46483.4,46490.8,46454.1,46455.2,1585.0,73631492.0
2025-11-25 01:30:00,46455.8,46457.8,46424.4,46429.6,1170.0,54322632.0
2025-11-25 02:00:00,46429.2,46459.8,46427.3,46439.3,1322.0,61392754.6
2025-11-25 02:30:00,46438.5,46458.8,46433.3,46456.9,888.0,41253727.2
2025-11-25 03:00:00,46457.7,46460.6,46445.3,46451.3,815.0,37857809.5
2025-11-25 03:30:00,46451.8,46452.8,46410.3,46417.8,1866.0,86615614.80000001
2025-11-25 04:00:00,46418.6,46465.8,46417.3,46454.3,973.0,45200033.900000006
2025-11-25 04:30:00,46453.4,46462.8,46447.3,46459.3,585.0,27178690.5
2025-11-25 05:00:00,46458.4,46482.6,46434.3,46436.4,1007.0,46761454.800000004
2025-11-25 05:30:00,46436.9,46457.8,46435.3,46447.2,817.0,37947362.4
2025-11-25 06:00:00,46447.8,46464.6,46435.3,46442.9,922.0,42820353.800000004
2025-11-25 06:30:00,46442.3,46453.6,46420.3,46432.8,872.0,40489401.6
2025-11-25 07:00:00,46433.6,46459.8,46420.5,46451.3,945.0,43896478.5
2025-11-25 07:30:00,46451.1,46494.8,46449.3,46467.2,1232.0,57247590.4
2025-11-25 08:00:00,46466.4,46482.9,46423.4,46476.3,4025.0,187067107.5
2025-11-25 08:30:00,46476.6,46489.6,46406.1,46424.7,3136.0,145587859.2
2025-11-25 09:00:00,46425.6,46482.6,46414.7,46438.8,3310.0,153712428.0
2025-11-25 09:30:00,46438.3,46441.7,46403.5,46427.8,3148.0,146154714.4
2025-11-25 10:00:00,46428.0,46450.9,46411.6,46422.9,2296.0,106586978.4
2025-11-25 10:30:00,46422.4,46464.7,46402.3,46452.9,2749.0,127699022.10000001
2025-11-25 11:00:00,46453.0,46454.4,46424.5,46427.3,1993.0,92529608.9
2025-11-25 11:30:00,46427.1,46443.8,46416.4,46443.7,2125.0,98692862.5
2025-11-25 12:00:00,46443.3,46483.3,46442.5,46461.7,2745.0,127537366.49999999
2025-11-25 12:30:00,46461.9,46578.7,46433.1,46471.8,7659.0,355927516.20000005
2025-11-25 13:00:00,46470.6,46557.8,46467.5,46540.6,4574.0,212876704.4
2025-11-25 13:30:00,46539.4,46561.8,46490.3,46529.3,4678.0,217664065.4
2025-11-25 14:00:00,46529.7,46605.1,46502.2,46602.7,3696.0,172243579.2
2025-11-25 14:30:00,46602.3,46839.8,46384.5,46640.8,38457.0,1793665245.6000001
2025-11-25 15:00:00,46641.7,46740.8,46538.3,46691.2,46116.0,2153211379.2
2025-11-25 15:30:00,46691.7,46912.6,46676.3,46807.2,31698.0,1483694625.6
2025-11-25 16:00:00,46807.7,46885.8,46781.3,46831.4,20345.0,952784833.0
2025-11-25 16:30:00,46832.4,46937.8,46821.3,46930.3,13206.0,619761541.8000001
2025-11-25 17:00:00,46929.5,47067.8,46927.6,47041.4,9625.0,452773475.0
2025-11-25 17:30:00,47041.8,47086.8,47030.5,47044.3,9658.0,454353849.40000004
2025-11-25 18:00:00,47044.6,47076.8,47026.3,47064.3,8639.0,406588487.70000005
2025-11-25 18:30:00,47064.8,47080.7,47035.4,47054.8,6689.0,314749557.20000005
2025-11-25 19:00:00,47055.6,47080.6,47034.3,47071.7,7699.0,362405018.29999995
2025-11-25 19:30:00,47071.9,47135.6,47041.4,47114.2,7730.0,364192766.0
2025-11-25 20:00:00,47114.8,47180.6,47114.4,47137.8,6500.0,306395700.0
2025-11-25 20:30:00,47137.3,47237.6,47130.4,47162.3,9975.0,470443942.5
2025-11-25 21:00:00,47162.8,47205.8,47156.3,47180.8,2020.0,95305216.0
2025-11-25 21:30:00,47181.3,47191.2,47178.6,47181.4,536.0,25289230.400000002
2025-11-25 23:00:00,47177.7,47204.5,47165.8,47193.0,1123.0,52997739.0
2025-11-25 23:30:00,47193.5,47217.7,47172.3,47213.7,998.0,47119272.599999994
2025-11-26 00:00:00,47214.9,47236.8,47194.2,47227.7,1396.0,65929869.199999996
2025-11-26 00:30:00,47228.5,47231.7,47206.3,47229.3,948.0,44773376.400000006
2025-11-26 01:00:00,47229.8,47264.6,47221.3,47244.8,1638.0,77386982.4
2025-11-26 01:30:00,47244.3,47266.8,47234.3,47261.3,1452.0,68623407.60000001
2025-11-26 02:00:00,47260.4,47278.6,47256.3,47261.3,923.0,43622179.900000006
2025-11-26 02:30:00,47261.8,47262.8,47243.0,47256.7,659.0,31142165.299999997
2025-11-26 03:00:00,47257.5,47269.5,47249.3,47257.2,547.0,25849688.4
2025-11-26 03:30:00,47257.8,47268.6,47253.3,47257.3,631.0,29819356.3
2025-11-26 04:00:00,47256.4,47262.6,47239.3,47239.3,573.0,27068118.900000002
2025-11-26 04:30:00,47239.8,47259.6,47239.8,47254.2,450.0,21264390.0
2025-11-26 05:00:00,47253.4,47280.6,47253.3,47270.6,594.0,28078736.4
2025-11-26 05:30:00,47270.2,47281.8,47265.4,47267.8,478.0,22594008.400000002
2025-11-26 06:00:00,47267.3,47269.8,47254.4,47263.4,588.0,27790879.2
2025-11-26 06:30:00,47263.8,47285.6,47263.3,47275.4,630.0,29783502.0
2025-11-26 07:00:00,47274.5,47306.8,47273.4,47306.8,804.0,38034667.2
2025-11-26 07:30:00,47306.3,47318.6,47292.4,47295.5,1188.0,56187054.0
2025-11-26 08:00:00,47296.5,47311.9,47271.5,47297.8,2851.0,134846027.8
2025-11-26 08:30:00,47298.0,47304.2,47273.2,47281.0,2388.0,112907028.0
2025-11-26 09:00:00,47280.6,47281.8,47224.3,47249.3,3094.0,146189334.20000002
2025-11-26 09:30:00,47249.6,47283.7,47249.3,47257.3,1705.0,80573696.5
2025-11-26 10:00:00,47257.8,47288.8,47257.8,47261.3,1448.0,68434362.4
2025-11-26 10:30:00,47260.4,47279.8,47244.6,47264.3,1442.0,68155120.60000001
2025-11-26 11:00:00,47264.1,47266.0,47227.1,47249.5,1671.0,78953914.5
2025-11-26 11:30:00,47249.0,47259.6,47205.3,47218.3,2671.0,126120079.30000001
2025-11-26 12:00:00,47217.4,47226.5,47176.3,47203.5,5280.0,249234480.0
2025-11-26 12:30:00,47202.6,47222.0,47170.3,47218.8,2582.0,121918941.60000001
2025-11-26 13:00:00,47218.3,47259.0,47191.8,47251.4,2324.0,109812253.60000001
2025-11-26 13:30:00,47249.1,47286.0,47237.1,47280.6,2969.0,140376101.4
2025-11-26 14:00:00,47281.5,47306.6,47236.1,47259.1,3592.0,169754687.2
2025-11-26 14:30:00,47259.8,47469.6,47229.7,47317.8,27274.0,1290545677.2
2025-11-26 15:00:00,47318.6,47386.5,47287.1,47374.6,21809.0,1033192651.4
2025-11-26 15:30:00,47375.6,47478.8,47375.6,47476.8,13448.0,638468006.4000001
2025-11-26 16:00:00,47476.9,47543.8,47464.3,47520.3,7674.0,364670782.20000005
2025-11-26 16:30:00,47520.8,47596.6,47500.4,47584.3,7156.0,340513250.8
2025-11-26 17:00:00,47584.8,47615.8,47529.4,47566.3,7566.0,359886625.8
2025-11-26 17:30:00,47566.8,47625.8,47566.3,47578.8,6509.0,309690409.20000005
2025-11-26 18:00:00,47578.3,47609.6,47499.7,47577.8,12454.0,592533921.2
2025-11-26 18:30:00,47577.4,47577.8,47489.5,47539.8,8971.0,426479545.8
2025-11-26 19:00:00,47540.0,47601.8,47525.3,47588.6,7409.0,352583937.4
2025-11-26 19:30:00,47588.2,47598.6,47544.3,47552.8,6048.0,287599334.40000004
2025-11-26 20:00:00,47552.3,47589.8,47528.3,47560.4,5495.0,261344398.0
2025-11-26 20:30:00,47559.5,47572.8,47475.3,47480.3,9098.0,431975769.40000004
2025-11-26 21:00:00,47479.5,47512.5,47479.5,47485.8,1672.0,79396257.60000001
2025-11-26 21:30:00,47485.4,47509.3,47484.5,47501.4,519.0,24653226.6
2025-11-26 23:00:00,47508.7,47520.7,47483.1,47487.9,545.0,25880905.5
2025-11-26 23:30:00,47488.4,47535.6,47476.2,47487.2,955.0,45350276.0
2025-11-27 00:00:00,47487.7,47537.6,47480.4,47520.3,1109.0,52700012.7
2025-11-27 00:30:00,47520.7,47529.7,47508.2,47527.7,663.0,31510865.099999998
2025-11-27 01:00:00,47528.5,47531.7,47497.2,47511.8,1196.0,56824112.800000004
2025-11-27 01:30:00,47512.7,47526.8,47503.3,47525.8,974.0,46290129.2
2025-11-27 02:00:00,47526.6,47529.8,47517.3,47522.3,637.0,30271705.1
2025-11-27 02:30:00,47522.8,47527.8,47503.3,47505.8,505.0,23990429.0
2025-11-27 03:00:00,47506.7,47511.6,47497.3,47503.3,491.0,23324120.3
2025-11-27 03:30:00,47503.8,47514.8,47498.3,47514.8,411.0,19528582.8
2025-11-27 04:00:00,47514.3,47518.8,47501.3,47510.2,279.0,13255345.799999999
2025-11-27 04:30:00,47510.1,47519.8,47508.3,47516.3,275.0,13066982.5
2025-11-27 05:00:00,47515.4,47530.8,47515.4,47524.3,346.0,16443407.8
2025-11-27 05:30:00,47524.8,47532.6,47514.3,47519.8,353.0,16774489.4
2025-11-27 06:00:00,47519.3,47520.6,47489.5,47497.7,361.0,17146669.7
2025-11-27 06:30:00,47497.2,47497.7,47480.3,47484.0,610.0,28965240.0
2025-11-27 07:00:00,47484.6,47503.6,47481.2,47499.2,496.0,23559603.2
2025-11-27 07:30:00,47499.7,47508.6,47479.2,47502.8,660.0,31351848.000000004
2025-11-27 08:00:00,47502.3,47525.6,47468.2,47522.3,1885.0,89579535.5
2025-11-27 08:30:00,47522.1,47526.7,47482.7,47485.3,1498.0,71132979.4
2025-11-27 09:00:00,47484.5,47495.9,47474.4,47493.7,1305.0,61979278.49999999
2025-11-27 09:30:00,47494.0,47506.6,47452.2,47453.0,1193.0,56611429.0
2025-11-27 10:00:00,47453.0,47487.8,47445.0,47479.8,1094.0,51942901.2
2025-11-27 10:30:00,47480.6,47490.5,47472.3,47484.9,832.0,39507436.800000004
2025-11-27 11:00:00,47485.0,47491.9,47457.1,47458.6,695.0,32983727.0
2025-11-27 11:30:00,47459.2,47486.2,47455.8,47479.4,891.0,42304145.4
2025-11-27 12:00:00,47479.2,47502.7,47474.3,47482.8,960.0,45583488.0
2025-11-27 12:30:00,47482.3,47496.0,47480.3,47481.8,854.0,40549457.2
2025-11-27 13:00:00,47482.0,47484.9,47454.6,47472.8,789.0,37456039.2
2025-11-27 13:30:00,47472.3,47507.7,47471.8,47488.7,1177.0,55894199.9
2025-11-27 14:00:00,47488.9,47519.8,47486.1,47515.0,859.0,40815385.0
2025-11-27 14:30:00,47515.3,47518.5,47494.4,47508.3,1204.0,57199993.2
2025-11-27 15:00:00,47508.8,47521.7,47491.3,47517.5,651.0,30933892.5
2025-11-27 15:30:00,47517.1,47517.7,47478.2,47485.5,656.0,31150488.0
2025-11-27 16:00:00,47485.1,47493.5,47461.0,47491.5,675.0,32056762.5
2025-11-27 16:30:00,47491.8,47498.5,47464.3,47483.9,599.0,28442856.1
2025-11-27 17:00:00,47483.3,47490.7,47458.2,47469.7,396.0,18798001.2
2025-11-27 17:30:00,47470.5,47493.6,47470.5,47481.7,448.0,21271801.599999998
2025-11-27 23:00:00,47501.9,47539.5,47497.7,47539.5,582.0,27667989.0
2025-11-27 23:30:00,47539.1,47567.7,47525.3,47565.0,478.0,22736070.0
2025-11-28 00:00:00,47565.0,47582.5,47559.4,47563.1,717.0,34102742.699999996
2025-11-28 00:30:00,47563.7,47567.5,47553.4,47562.3,421.0,20023728.3
2025-11-28 01:00:00,47562.7,47585.9,47561.1,47581.4,331.0,15749443.4
2025-11-28 01:30:00,47581.1,47581.5,47545.2,47549.9,204.0,9700179.6
2025-11-28 02:00:00,47549.1,47561.4,47541.0,47555.3,107.0,5088417.100000001
2025-11-28 02:30:00,47555.7,47555.7,47549.2,47551.1,23.0,1093675.3
2025-11-28 13:30:00,47543.8,47600.5,47471.8,47545.9,392.0,18637992.8
2025-11-28 14:00:00,47547.0,47677.1,47521.9,47560.3,1160.0,55169948.0
2025-11-28 14:30:00,47561.3,47625.8,47530.3,47615.1,5297.0,252217184.7
2025-11-28 15:00:00,47615.6,47754.7,47608.2,47722.7,4878.0,232791330.6
2025-11-28 15:30:00,47723.5,47775.7,47723.5,47760.3,5702.0,272329230.6
2025-11-28 16:00:00,47759.4,47788.9,47719.2,47746.9,5095.0,243270455.5
2025-11-28 16:30:00,47747.6,47804.8,47726.4,47785.1,4894.0,233860279.4
2025-11-28 17:00:00,47785.0,47800.6,47699.1,47708.7,4827.0,230289894.89999998
2025-11-28 17:30:00,47709.4,47786.8,47700.1,47760.5,7733.0,369331946.5
2025-11-28 18:00:00,47761.5,47786.8,47736.4,47751.3,3271.0,156194502.3
2025-11-30 23:00:00,47767.9,47790.4,47730.5,47759.2,1636.0,78134051.19999999
2025-11-30 23:30:00,47758.3,47760.5,47691.2,47719.2,2301.0,109801879.19999999
2025-12-01 00:00:00,47719.7,47730.5,47630.4,47651.4,3081.0,146813963.4
2025-12-01 00:30:00,47651.8,47659.6,47604.5,47615.3,2901.0,138131985.3
2025-12-01 01:00:00,47614.4,47633.5,47552.3,47611.1,4739.0,225629002.9
2025-12-01 01:30:00,47611.7,47624.6,47586.3,47597.4,2819.0,134177070.60000001
2025-12-01 02:00:00,47597.8,47603.7,47570.3,47577.8,1655.0,78741259.0
2025-12-01 02:30:00,47577.3,47587.8,47548.5,47558.2,1465.0,69672763.0
2025-12-01 03:00:00,47557.4,47560.8,47531.2,47553.2,1266.0,60202351.199999996
2025-12-01 03:30:00,47552.4,47564.5,47534.3,47551.8,1197.0,56919504.6
2025-12-01 04:00:00,47551.3,47551.8,47526.3,47529.8,729.0,34649224.2
2025-12-01 04:30:00,47529.3,47532.8,47498.3,47499.8,746.0,35434850.800000004
2025-12-01 05:00:00,47499.3,47500.8,47476.3,47486.3,1092.0,51855039.6
2025-12-01 05:30:00,47486.8,47522.3,47474.2,47516.7,913.0,43382747.099999994
2025-12-01 06:00:00,47516.2,47527.6,47497.5,47519.9,1011.0,48042618.9
2025-12-01 06:30:00,47520.7,47521.8,47505.3,47513.7,879.0,41764542.3
2025-12-01 07:00:00,47514.5,47520.7,47470.7,47516.2,1566.0,74410369.19999999
2025-12-01 07:30:00,47516.7,47523.5,47486.2,47513.3,1297.0,61624750.1
2025-12-01 08:00:00,47513.8,47577.9,47485.7,47555.0,3088.0,146849840.0
2025-12-01 08:30:00,47555.0,47581.9,47543.1,47561.2,2298.0,109295637.6
2025-12-01 09:00:00,47560.3,47593.9,47552.3,47581.0,2483.0,118143623.0
2025-12-01 09:30:00,47581.4,47588.2,47512.2,47519.6,2682.0,127447567.2
2025-12-01 10:00:00,47519.3,47574.0,47515.1,47560.1,1881.0,89460548.1
2025-12-01 10:30:00,47559.5,47565.9,47530.2,47532.0,2142.0,101813544.0
2025-12-01 11:00:00,47531.3,47545.6,47517.1,47538.0,2333.0,110906154.0
2025-12-01 11:30:00,47538.0,47574.3,47535.2,47568.1,2219.0,105553613.89999999
2025-12-01 12:00:00,47568.5,47580.0,47530.5,47534.3,3293.0,156530449.9
2025-12-01 12:30:00,47534.1,47545.7,47506.2,47536.1,2919.0,138757875.9
2025-12-01 13:00:00,47536.7,47557.8,47511.1,47546.3,2776.0,131988528.80000001
2025-12-01 13:30:00,47546.2,47566.3,47527.4,47551.7,2370.0,112697529.0
2025-12-01 14:00:00,47551.2,47555.8,47435.3,47464.7,3131.0,148611975.7
2025-12-01 14:30:00,47463.7,47727.8,47452.2,47698.9,28226.0,1346349151.4
2025-12-01 15:00:00,47698.5,47719.7,47432.6,47441.2,20495.0,972307393.9999999
2025-12-01 15:30:00,47440.5,47564.6,47383.2,47545.3,19298.0,917529199.4000001
2025-12-01 16:00:00,47545.8,47577.6,47473.4,47536.3,15507.0,737145404.1
2025-12-01 16:30:00,47535.6,47597.9,47521.3,47558.6,9777.0,464980432.2
2025-12-01 17:00:00,47558.2,47579.8,47496.3,47540.4,8953.0,425629201.2
2025-12-01 17:30:00,47540.8,47573.6,47509.4,47551.3,7100.0,337614230.0
2025-12-01 18:00:00,47551.1,47609.5,47549.2,47589.6,5267.0,250654423.2
2025-12-01 18:30:00,47590.5,47624.8,47585.5,47590.8,4489.0,213635101.20000002
2025-12-01 19:00:00,47590.3,47591.6,47424.3,47432.3,8825.0,418590047.5
2025-12-01 19:30:00,47432.8,47463.8,47387.5,47409.8,11806.0,559720098.8000001
2025-12-01 20:00:00,47409.3,47467.6,47399.3,47438.8,9835.0,466560598.0
2025-12-01 20:30:00,47438.3,47455.6,47325.5,47367.4,12047.0,570635067.8000001
2025-12-01 21:00:00,47366.5,47374.8,47343.3,47363.4,2525.0,119592585.0
2025-12-01 21:30:00,47363.5,47365.2,47349.3,47351.9,639.0,30257864.1
2025-12-01 23:00:00,47339.0,47353.5,47307.2,47344.6,1390.0,65808994.0
2025-12-01 23:30:00,47345.4,47355.4,47318.2,47319.3,1100.0,52051230.0
2025-12-02 00:00:00,47319.8,47327.8,47303.3,47324.2,1627.0,76996473.39999999
2025-12-02 00:30:00,47324.8,47346.6,47320.3,47322.2,900.0,42589980.0
2025-12-02 01:00:00,47321.4,47357.5,47313.6,47345.2,1532.0,72532846.39999999
2025-12-02 01:30:00,47344.4,47344.4,47324.3,47324.8,1001.0,47372124.800000004
2025-12-02 02:00:00,47321.6,47327.5,47306.2,47312.3,1163.0,55024204.900000006
2025-12-02 02:30:00,47311.4,47342.9,47302.3,47333.3,701.0,33180643.3
2025-12-02 03:00:00,47333.8,47334.8,47277.3,47281.8,778.0,36785240.400000006
2025-12-02 03:30:00,47281.3,47323.8,47268.5,47311.6,1535.0,72623306.0
2025-12-02 04:00:00,47311.9,47319.8,47308.4,47312.3,560.0,26494888.0
2025-12-02 04:30:00,47311.4,47319.6,47288.3,47293.8,604.0,28565455.200000003
2025-12-02 05:00:00,47294.6,47303.8,47286.4,47295.8,775.0,36654245.0
2025-12-02 05:30:00,47296.6,47301.8,47291.3,47298.8,525.0,24831870.0
2025-12-02 06:00:00,47298.3,47298.3,47260.3,47266.8,851.0,40224046.800000004
2025-12-02 06:30:00,47267.6,47312.8,47267.5,47298.2,865.0,40912943.0
2025-12-02 07:00:00,47298.8,47326.7,47298.4,47324.7,745.0,35256901.5
2025-12-02 07:30:00,47325.5,47328.5,47290.4,47303.8,924.0,43708711.2
2025-12-02 08:00:00,47301.9,47302.8,47256.5,47298.0,3263.0,154333374.0
2025-12-02 08:30:00,47298.0,47352.4,47294.1,47349.1,2089.0,98912269.89999999
2025-12-02 09:00:00,47349.0,47386.8,47347.2,47376.6,1993.0,94421563.8
2025-12-02 09:30:00,47376.8,47383.6,47346.4,47374.8,1665.0,78879042.0
2025-12-02 10:00:00,47375.0,47387.0,47363.3,47384.5,1564.0,74109358.0
2025-12-02 10:30:00,47384.2,47430.4,47381.5,47419.2,1590.0,75396528.0
2025-12-02 11:00:00,47419.7,47424.8,47400.6,47411.2,1369.0,64905932.8
2025-12-02 11:30:00,47411.2,47420.7,47387.9,47390.8,1206.0,57153304.800000004
2025-12-02 12:00:00,47390.6,47393.0,47364.4,47387.3,1502.0,71175724.60000001
2025-12-02 12:30:00,47386.6,47396.0,47348.3,47393.3,1621.0,76824539.30000001
2025-12-02 13:00:00,47392.5,47421.2,47376.9,47419.6,1507.0,71461337.2
2025-12-02 13:30:00,47420.5,47479.7,47412.1,47477.3,2006.0,95239463.80000001
2025-12-02 14:00:00,47476.5,47495.9,47408.3,47426.4,2755.0,130659732.0
2025-12-02 14:30:00,47426.8,47506.6,47315.2,47466.1,27879.0,1323307401.8999999
2025-12-02 15:00:00,47467.0,47562.8,47397.9,47405.8,17080.0,809691064.0
2025-12-02 15:30:00,47405.3,47613.8,47373.3,47606.8,16883.0,803745604.4000001
2025-12-02 16:00:00,47607.6,47656.8,47385.2,47407.9,23142.0,1097113621.8
2025-12-02 16:30:00,47407.5,47508.8,47396.3,47464.6,21636.0,1026944085.6
2025-12-02 17:00:00,47464.3,47608.5,47459.3,47595.5,11786.0,560960563.0
2025-12-02 17:30:00,47595.8,47621.6,47421.2,47422.2,10863.0,515147358.59999996
2025-12-02 18:00:00,47421.4,47482.6,47386.5,47411.8,11837.0,561213476.6
2025-12-02 18:30:00,47411.3,47468.8,47365.5,47456.3,11398.0,540906907.4
2025-12-02 19:00:00,47455.4,47533.6,47453.3,47525.8,8968.0,426211374.40000004
2025-12-02 19:30:00,47525.3,47591.8,47515.3,47561.8,7916.0,376499208.8
2025-12-02 20:00:00,47562.6,47617.8,47551.1,47606.7,6264.0,298208368.79999995
2025-12-02 20:30:00,47606.3,47647.9,47525.3,47532.6,9159.0,435351083.4
2025-12-02 21:00:00,47532.2,47559.7,47518.4,47556.7,1528.0,72666637.6
2025-12-02 21:30:00,47556.3,47557.0,47536.5,47543.8,523.0,24865407.400000002
2025-12-02 23:00:00,47563.9,47577.4,47545.4,47573.0,712.0,33871976.0
2025-12-02 23:30:00,47572.9,47604.7,47558.3,47588.6,1144.0,54441358.4
2025-12-03 00:00:00,47588.1,47601.7,47539.4,47546.2,1697.0,80685901.39999999
2025-12-03 00:30:00,47545.3,47616.5,47544.2,47605.4,1254.0,59697171.6
2025-12-03 01:00:00,47605.8,47613.7,47596.2,47604.2,1116.0,53126287.199999996
2025-12-03 01:30:00,47604.8,47617.8,47601.3,47607.8,874.0,41609217.2
2025-12-03 02:00:00,47607.3,47640.6,47603.3,47629.3,829.0,39484689.7
2025-12-03 02:30:00,47629.1,47629.8,47610.3,47620.2,573.0,27286374.599999998
2025-12-03 03:00:00,47620.8,47647.6,47615.3,47647.6,459.0,21870248.4
2025-12-03 03:30:00,47648.6,47661.9,47648.2,47657.2,549.0,26163802.799999997
2025-12-03 04:00:00,47656.4,47664.8,47655.3,47658.8,386.0,18396296.8
2025-12-03 04:30:00,47658.3,47658.8,47647.3,47650.4,334.0,15915233.6
2025-12-03 05:00:00,47649.5,47664.6,47648.5,47659.6,432.0,20588947.2
2025-12-03 05:30:00,47659.2,47660.6,47632.5,47636.2,292.0,13909770.399999999
2025-12-03 06:00:00,47635.4,47638.8,47611.4,47614.8,520.0,24759696.0
2025-12-03 06:30:00,47614.3,47661.7,47601.5,47620.5,919.0,43763239.5
2025-12-03 07:00:00,47621.5,47653.5,47621.5,47646.1,699.0,33304623.9
2025-12-03 07:30:00,47645.3,47645.7,47610.2,47624.4,867.0,41290354.800000004
2025-12-03 08:00:00,47624.8,47646.2,47607.8,47615.6,2555.0,121657858.0
2025-12-03 08:30:00,47615.9,47653.9,47596.0,47649.8,1951.0,92964759.80000001
2025-12-03 09:00:00,47650.6,47652.7,47610.4,47620.9,1862.0,88670115.8
2025-12-03 09:30:00,47621.3,47651.4,47613.5,47633.8,1812.0,86312445.60000001
2025-12-03 10:00:00,47633.9,47652.3,47632.0,47639.7,1106.0,52689508.199999996
2025-12-03 10:30:00,47639.7,47639.7,47591.3,47604.5,1420.0,67598390.0
2025-12-03 11:00:00,47604.8,47616.7,47590.4,47614.3,1326.0,63136561.800000004
2025-12-03 11:30:00,47613.8,47625.7,47603.0,47604.4,1061.0,50508268.4
2025-12-03 12:00:00,47602.9,47644.5,47581.1,47644.5,1644.0,78327558.0
2025-12-03 12:30:00,47644.2,47668.3,47643.2,47651.4,1269.0,60469626.6
2025-12-03 13:00:00,47650.9,47667.7,47612.1,47631.1,2292.0,109170481.2
2025-12-03 13:30:00,47630.4,47645.0,47610.0,47611.5,2061.0,98127301.5
2025-12-03 14:00:00,47610.6,47616.8,47420.2,47490.5,15779.0,749352599.5
2025-12-03 14:30:00,47490.8,47643.7,47475.5,47586.2,35418.0,1685408031.6
2025-12-03 15:00:00,47586.6,47710.8,47583.2,47694.3,21637.0,1031961569.1
2025-12-03 15:30:00,47694.6,47766.5,47671.2,47714.8,18131.0,865117038.8000001
2025-12-03 16:00:00,47714.3,47799.8,47702.3,47739.8,14496.0,692036140.8000001
2025-12-03 16:30:00,47741.3,47836.8,47702.5,47727.5,12409.0,592250547.5
2025-12-03 17:00:00,47727.9,47865.8,47727.3,47849.6,11024.0,527493990.4
2025-12-03 17:30:00,47849.3,47907.8,47848.5,47884.8,7378.0,353294054.40000004
2025-12-03 18:00:00,47885.6,47922.6,47864.4,47907.3,6220.0,297983406.0
2025-12-03 18:30:00,47907.8,47971.8,47902.3,47933.3,5594.0,268138880.20000002
2025-12-03 19:00:00,47932.4,47992.8,47927.3,47991.8,4934.0,236791541.20000002
2025-12-03 19:30:00,47992.6,48006.8,47971.4,47978.8,3958.0,189900090.4
2025-12-03 20:00:00,47979.6,48025.8,47962.3,47985.3,4410.0,211615173.0
2025-12-03 20:30:00,47984.4,48006.8,47938.3,47949.8,7728.0,370556054.40000004
2025-12-03 21:00:00,47950.6,48073.4,47925.0,48029.5,5559.0,266995990.5
2025-12-03 21:30:00,48028.8,48043.5,48025.9,48038.9,621.0,29832156.900000002
2025-12-03 23:00:00,47986.3,47997.6,47968.0,47988.6,694.0,33304088.4
2025-12-03 23:30:00,47989.3,48002.3,47981.2,47992.6,786.0,37722183.6
2025-12-04 00:00:00,47992.1,48015.5,47984.1,48001.2,1093.0,52465311.599999994
2025-12-04 00:30:00,48001.7,48007.7,47962.4,47969.7,673.0,32283608.099999998
2025-12-04 01:00:00,47969.2,48003.7,47967.4,48003.2,1144.0,54915660.8
2025-12-04 01:30:00,48002.3,48002.3,47981.3,47989.8,719.0,34504666.2
2025-12-04 02:00:00,47989.3,47991.8,47971.3,47986.3,901.0,43235656.300000004
2025-12-04 02:30:00,47985.4,48007.8,47985.4,48001.8,358.0,17184644.400000002
2025-12-04 03:00:00,48001.3,48001.8,47975.4,47979.8,507.0,24325758.6
2025-12-04 03:30:00,47979.2,47986.8,47965.5,47985.4,513.0,24616510.2
2025-12-04 04:00:00,47985.8,47995.7,47980.5,47992.1,531.0,25483805.099999998
2025-12-04 04:30:00,47992.8,48004.8,47990.3,47999.8,416.0,19967916.8
2025-12-04 05:00:00,48000.6,48004.8,47988.3,47988.3,550.0,26393565.0
2025-12-04 05:30:00,47987.5,47999.6,47986.5,47994.8,420.0,20157816.0
2025-12-04 06:00:00,47995.7,48003.8,47979.5,47993.4,583.0,27980152.2
2025-12-04 06:30:00,47992.5,48003.7,47986.8,47999.7,411.0,19727876.7
2025-12-04 07:00:00,48000.5,48020.5,47997.2,48007.7,621.0,29812781.7
2025-12-04 07:30:00,48007.2,48011.7,47992.4,48006.3,503.0,24147168.900000002
2025-12-04 08:00:00,48006.8,48007.8,47944.6,47954.2,2454.0,117679606.8
2025-12-04 08:30:00,47953.5,47983.3,47947.7,47960.4,1955.0,93762582.0
2025-12-04 09:00:00,47960.8,47976.7,47940.6,47974.9,1737.0,83332401.3
2025-12-04 09:30:00,47974.4,48008.6,47973.0,48004.5,1575.0,75607087.5
2025-12-04 10:00:00,48004.8,48010.4,47996.8,47998.4,1059.0,50830305.6
2025-12-04 10:30:00,47998.5,47998.8,47960.8,47975.2,1225.0,58769620.0
2025-12-04 11:00:00,47975.7,47993.8,47966.1,47978.3,1449.0,69520556.7
2025-12-04 11:30:00,47978.7,48000.9,47973.3,48000.5,1108.0,53184554.0
2025-12-04 12:00:00,48000.2,48010.8,47990.5,47993.8,1070.0,51353366.0
2025-12-04 12:30:00,47994.0,47999.2,47977.2,47982.3,1283.0,61561290.900000006
2025-12-04 13:00:00,47981.5,47994.9,47964.7,47992.4,1438.0,69013071.2
2025-12-04 13:30:00,47993.8,48000.9,47944.1,47967.5,2606.0,125003305.0
2025-12-04 14:00:00,47967.8,48006.2,47952.2,47968.1,3760.0,180360056.0
2025-12-04 14:30:00,47967.4,48119.5,47844.3,47887.5,31525.0,1509653437.5
2025-12-04 15:00:00,47887.7,47982.8,47847.3,47967.3,19942.0,956563896.6
2025-12-04 15:30:00,47967.8,48008.6,47897.2,47935.3,17393.0,833738672.9000001
2025-12-04 16:00:00,47934.4,47968.8,47888.3,47917.2,15401.0,737972797.1999999
2025-12-04 16:30:00,47916.4,47937.8,47857.3,47926.3,12286.0,588822521.8000001
2025-12-04 17:00:00,47926.8,47936.9,47830.2,47905.8,8469.0,405714220.20000005
2025-12-04 17:30:00,47905.3,47950.8,47886.3,47937.8,6905.0,331010509.0
2025-12-04 18:00:00,47937.3,47998.8,47902.3,47991.5,6745.0,323702667.5
2025-12-04 18:30:00,47991.9,47997.8,47919.3,47938.3,6475.0,310400492.5
2025-12-04 19:00:00,47938.8,47949.7,47748.3,47809.3,13141.0,628262011.3000001
2025-12-04 19:30:00,47809.8,47916.8,47795.5,47860.4,12175.0,582700370.0
2025-12-04 20:00:00,47859.5,47871.6,47798.3,47819.5,10166.0,486133037.0
2025-12-04 20:30:00,47819.9,47919.8,47811.3,47907.3,9520.0,456077496.0
2025-12-04 21:00:00,47907.8,47914.6,47889.9,47903.2,1596.0,76453507.19999999
2025-12-04 21:30:00,47902.8,47909.6,47896.7,47898.3,383.0,18345048.900000002
2025-12-04 23:00:00,47912.1,47923.2,47886.3,47900.2,687.0,32907437.4
2025-12-04 23:30:00,47900.7,47908.5,47875.2,47888.3,838.0,40130395.400000006
2025-12-05 00:00:00,47887.4,47921.7,47877.2,47912.1,1321.0,63291884.1
2025-12-05 00:30:00,47911.3,47932.7,47904.3,47919.8,910.0,43607018.0
2025-12-05 01:00:00,47919.2,47933.5,47915.2,47921.3,963.0,46148211.900000006
2025-12-05 01:30:00,47920.4,47938.8,47919.2,47936.3,576.0,27611308.8
2025-12-05 02:00:00,47936.8,47970.7,47923.2,47970.2,877.0,42069865.4
2025-12-05 02:30:00,47969.3,47969.3,47922.5,47941.7,786.0,37682176.199999996
2025-12-05 03:00:00,47941.2,47946.5,47930.4,47933.1,474.0,22720289.4
2025-12-05 03:30:00,47933.7,47941.7,47920.3,47936.2,503.0,24111908.599999998
2025-12-05 04:00:00,47935.3,47948.5,47919.2,47930.2,783.0,37529346.599999994
2025-12-05 04:30:00,47930.7,47935.7,47921.2,47932.5,471.0,22576207.5
2025-12-05 05:00:00,47933.5,47944.7,47933.1,47937.8,447.0,21428196.6
2025-12-05 05:30:00,47938.7,47950.7,47933.3,47946.6,302.0,14479873.2
2025-12-05 06:00:00,47945.5,47953.8,47935.5,47936.8,449.0,21523623.200000003
2025-12-05 06:30:00,47937.6,47955.2,47921.3,47934.7,487.0,23344198.9
2025-12-05 07:00:00,47934.2,47953.5,47925.2,47939.7,605.0,29003518.5
2025-12-05 07:30:00,47940.5,47946.9,47927.4,47936.1,693.0,33219717.3
2025-12-05 08:00:00,47936.7,47967.7,47923.1,47934.8,2170.0,104018516.0
2025-12-05 08:30:00,47934.9,47935.9,47902.3,47905.3,1565.0,74971794.5
2025-12-05 09:00:00,47904.5,47932.0,47901.4,47928.7,1671.0,80088857.69999999
2025-12-05 09:30:00,47928.3,47928.8,47889.9,47894.4,943.0,45164419.2
2025-12-05 10:00:00,47894.5,47909.4,47889.6,47907.3,906.0,43404013.800000004
2025-12-05 10:30:00,47906.4,47910.2,47898.0,47904.4,818.0,39185799.2
2025-12-05 11:00:00,47904.8,47940.8,47898.1,47936.2,998.0,47840327.599999994
2025-12-05 11:30:00,47936.0,47987.9,47934.7,47951.1,1454.0,69720899.39999999
2025-12-05 12:00:00,47952.4,47978.7,47939.2,47954.2,1526.0,73178109.2
2025-12-05 12:30:00,47954.1,47966.6,47945.3,47958.9,1197.0,57406803.300000004
2025-12-05 13:00:00,47958.4,47963.8,47928.2,47935.0,1305.0,62555175.0
2025-12-05 13:30:00,47934.4,47938.2,47812.3,47854.4,4252.0,203476908.8
2025-12-05 14:00:00,47854.5,47942.9,47852.3,47930.1,2501.0,119873180.1
2025-12-05 14:30:00,47930.7,48092.5,47930.2,48074.2,24211.0,1163924456.2
2025-12-05 15:00:00,48075.6,48179.8,48075.1,48111.2,12252.0,589458422.4
2025-12-05 15:30:00,48110.4,48126.8,48036.2,48050.7,11316.0,543741721.1999999
2025-12-05 16:00:00,48049.9,48078.9,47993.3,47998.8,15745.0,755741106.0
2025-12-05 16:30:00,47999.6,48016.8,47915.7,47993.3,15339.0,736169228.7
2025-12-05 17:00:00,47992.5,48004.8,47934.3,47960.8,10888.0,522197190.40000004
2025-12-05 17:30:00,47960.3,48048.8,47911.3,48043.3,8885.0,426864720.5
2025-12-05 18:00:00,48043.8,48088.6,47999.3,48071.8,7287.0,350299206.6
2025-12-05 18:30:00,48071.3,48101.6,48033.3,48067.8,6744.0,324169243.20000005
2025-12-05 19:00:00,48068.6,48070.8,48015.5,48037.3,7156.0,343754918.8
2025-12-05 19:30:00,48037.8,48071.6,48027.3,48064.8,5876.0,282428764.8
2025-12-05 20:00:00,48064.3,48065.6,48001.3,48021.8,5553.0,266665055.4
2025-12-05 20:30:00,48021.3,48021.8,47925.3,47983.8,10185.0,488715003.0
2025-12-05 21:00:00,47983.3,48016.6,47976.3,48007.3,1824.0,87565315.2
2025-12-05 21:30:00,48007.2,48014.8,48000.5,48004.9,402.0,19297969.8
2025-12-07 23:00:00,48032.7,48033.7,47988.7,48003.1,961.0,46130979.1
2025-12-07 23:30:00,48002.9,48016.5,47995.2,47997.2,839.0,40269650.8
2025-12-08 00:00:00,47997.7,47998.7,47953.0,47976.5,1588.0,76186682.0
2025-12-08 00:30:00,47976.1,47997.7,47973.2,47993.5,689.0,33067521.5
2025-12-08 01:00:00,47993.1,47998.5,47969.3,47975.4,1140.0,54691956.0
2025-12-08 01:30:00,47975.8,47995.6,47975.8,47983.2,666.0,31956811.2
2025-12-08 02:00:00,47983.8,47996.8,47980.3,47993.2,626.0,30043743.2
2025-12-08 02:30:00,47993.8,48002.6,47985.3,48002.2,441.0,21168970.2
2025-12-08 03:00:00,48001.4,48011.8,47993.5,48009.4,418.0,20067929.2
2025-12-08 03:30:00,48008.5,48016.8,47998.5,47999.3,446.0,21407687.8
2025-12-08 04:00:00,47999.1,48012.8,47999.1,48009.8,334.0,16035273.200000001
2025-12-08 04:30:00,48010.6,48013.6,48003.3,48010.8,267.0,12818883.600000001
2025-12-08 05:00:00,48010.3,48027.8,48006.3,48022.8,349.0,16759957.200000001
2025-12-08 05:30:00,48023.6,48028.6,48013.5,48019.3,320.0,15366176.0
2025-12-08 06:00:00,48019.8,48029.6,48008.3,48018.4,497.0,23865144.8
2025-12-08 06:30:00,48017.5,48025.8,48005.2,48005.7,309.0,14833761.299999999
2025-12-08 07:00:00,48005.2,48040.8,48000.2,48031.8,694.0,33334069.200000003
2025-12-08 07:30:00,48031.3,48037.7,48012.3,48016.3,595.0,28569698.5
2025-12-08 08:00:00,48017.4,48024.5,47995.4,48009.0,1885.0,90496965.0
2025-12-08 08:30:00,48009.0,48014.7,47977.3,47982.4,1636.0,78499206.4
2025-12-08 09:00:00,47982.8,48016.5,47981.6,48013.8,1561.0,74949541.80000001
2025-12-08 09:30:00,48013.4,48024.8,47990.4,47993.8,1227.0,58888392.6
2025-12-08 10:00:00,47993.6,48001.3,47977.9,48000.2,1326.0,63648265.199999996
2025-12-08 10:30:00,47999.7,48023.1,47991.7,48021.8,1125.0,54024525.0
2025-12-08 11:00:00,48021.4,48021.4,47989.9,48002.9,1105.0,53043204.5
2025-12-08 11:30:00,48003.5,48013.7,47995.7,48007.4,1113.0,53432236.2
2025-12-08 12:00:00,48007.8,48027.2,47992.4,48016.6,1318.0,63285878.8
2025-12-08 12:30:00,48016.8,48029.8,48010.3,48012.9,1069.0,51325790.1
2025-12-08 13:00:00,48012.4,48039.7,47998.4,48015.6,1594.0,76536866.39999999
2025-12-08 13:30:00,48016.3,48028.6,47990.4,48024.3,1575.0,75638272.5
2025-12-08 14:00:00,48024.7,48062.0,48023.6,48031.1,2270.0,109030597.0
2025-12-08 14:30:00,48032.2,48037.6,47825.2,47962.7,18503.0,887453838.0999999
2025-12-08 15:00:00,47962.2,47962.8,47848.1,47892.7,9039.0,432902115.29999995
2025-12-08 15:30:00,47893.5,47934.7,47821.2,47827.1,7455.0,356551030.5
2025-12-08 16:00:00,47827.5,47887.8,47756.2,47886.4,9758.0,467275491.2
2025-12-08 16:30:00,47885.5,47886.8,47784.3,47829.3,8711.0,416641032.3
2025-12-08 17:00:00,47829.8,47829.8,47745.4,47779.7,9042.0,432024047.4
2025-12-08 17:30:00,47779.2,47844.9,47768.3,47838.3,8125.0,388686187.5
2025-12-08 18:00:00,47837.5,47846.8,47707.5,47711.3,7713.0,367997256.90000004
2025-12-08 18:30:00,47710.4,47747.8,47658.2,47698.3,9294.0,443308000.20000005
2025-12-08 19:00:00,47698.8,47749.8,47681.2,47712.8,8178.0,390195278.40000004
2025-12-08 19:30:00,47712.3,47758.6,47706.4,47726.2,6200.0,295902440.0
2025-12-08 20:00:00,47726.8,47774.6,47722.3,47756.3,5353.0,255639473.9
2025-12-08 20:30:00,47756.8,47804.6,47725.5,47796.8,7080.0,338401344.0
2025-12-08 21:00:00,47798.4,47812.2,47776.4,47802.5,2001.0,95652802.5
2025-12-08 21:30:00,47802.2,47819.6,47778.8,47805.8,1552.0,74194601.60000001
2025-12-08 23:00:00,47791.0,47813.9,47786.4,47798.8,1282.0,61278061.6
2025-12-08 23:30:00,47798.2,47831.5,47774.4,47831.1,1100.0,52614210.0
2025-12-09 00:00:00,47830.3,47830.3,47804.2,47810.6,855.0,40878063.0
2025-12-09 00:30:00,47810.1,47820.7,47800.3,47814.2,542.0,25915296.4
2025-12-09 01:00:00,47813.3,47816.6,47789.3,47799.8,1186.0,56690562.800000004
2025-12-09 01:30:00,47799.3,47803.8,47779.3,47791.3,1077.0,51471230.1
2025-12-09 02:00:00,47791.8,47813.6,47783.5,47804.8,803.0,38387254.400000006
2025-12-09 02:30:00,47805.6,47821.8,47792.3,47807.8,790.0,37768162.0
2025-12-09 03:00:00,47807.2,47817.7,47801.2,47808.6,447.0,21370444.2
2025-12-09 03:30:00,47809.6,47819.5,47801.5,47808.8,598.0,28589662.400000002
2025-12-09 04:00:00,47809.7,47809.8,47798.2,47805.1,338.0,16158123.799999999
2025-12-09 04:30:00,47804.3,47804.3,47795.4,47799.3,359.0,17159948.7
2025-12-09 05:00:00,47799.8,47802.8,47791.3,47798.8,537.0,25667955.6
2025-12-09 05:30:00,47798.3,47805.8,47795.3,47796.3,344.0,16441927.200000001
2025-12-09 06:00:00,47796.8,47805.8,47779.7,47804.3,542.0,25909930.6
2025-12-09 06:30:00,47804.8,47829.8,47797.3,47824.7,716.0,34242485.199999996
2025-12-09 07:00:00,47825.5,47829.5,47814.2,47819.6,651.0,31130559.599999998
2025-12-09 07:30:00,47819.1,47830.7,47810.2,47822.7,588.0,28119747.599999998
2025-12-09 08:00:00,47822.2,47855.6,47814.3,47826.3,1796.0,85896034.80000001
2025-12-09 08:30:00,47825.5,47833.5,47805.8,47826.1,1692.0,80921761.2
2025-12-09 09:00:00,47826.1,47834.7,47807.6,47832.0,1874.0,89637168.0
2025-12-09 09:30:00,47832.0,47838.9,47808.3,47819.1,1206.0,57669834.6
2025-12-09 10:00:00,47818.5,47829.8,47806.3,47829.7,1282.0,61317675.4
2025-12-09 10:30:00,47829.9,47866.7,47729.8,47864.2,4530.0,216824826.0
2025-12-09 11:00:00,47864.7,47868.9,47830.2,47868.2,2731.0,130728054.19999999
2025-12-09 11:30:00,47868.7,47868.7,47839.2,47842.5,1327.0,63486997.5
2025-12-09 12:00:00,47842.7,47845.5,47821.3,47825.1,1396.0,66763839.6
2025-12-09 12:30:00,47825.1,47827.0,47783.2,47804.5,1647.0,78734011.5
2025-12-09 13:00:00,47803.6,47824.6,47787.4,47800.0,1928.0,92158400.0
2025-12-09 13:30:00,47799.8,47805.9,47750.3,47756.2,2606.0,124452657.19999999
2025-12-09 14:00:00,47756.7,47793.8,47742.1,47788.2,3410.0,162957762.0
2025-12-09 14:30:00,47788.6,48009.6,47773.5,47952.0,25324.0,1214336448.0
2025-12-09 15:00:00,47948.4,47976.4,47852.2,47880.5,15238.0,729603059.0
2025-12-09 15:30:00,47880.9,47932.7,47864.2,47921.3,12744.0,610709047.2
2025-12-09 16:00:00,47920.4,47987.8,47901.3,47929.3,9286.0,445071479.8
2025-12-09 16:30:00,47929.8,47967.6,47893.3,47896.3,8150.0,390354845.0
2025-12-09 17:00:00,47896.8,47922.6,47792.8,47819.3,6936.0,331674664.8
2025-12-09 17:30:00,47819.8,47848.7,47658.4,47719.4,11564.0,551827141.6
2025-12-09 18:00:00,47718.5,47735.6,47678.3,47685.2,8779.0,418628370.79999995
2025-12-09 18:30:00,47685.8,47700.8,47605.3,47678.2,7994.0,381139530.79999995
2025-12-09 19:00:00,47678.8,47713.7,47650.3,47657.8,6777.0,322976910.6
2025-12-09 19:30:00,47658.6,47693.8,47633.3,47669.8,5661.0,269858737.8
2025-12-09 20:00:00,47669.3,47687.8,47647.3,47649.8,5534.0,263693993.20000002
2025-12-09 20:30:00,47649.3,47663.8,47592.3,47624.8,8604.0,409763779.20000005
2025-12-09 21:00:00,47625.6,47631.6,47584.8,47591.8,1750.0,83285650.0
2025-12-09 21:30:00,47591.3,47602.0,47585.7,47590.8,666.0,31695472.8
2025-12-09 23:00:00,47607.3,47617.2,47587.2,47606.8,957.0,45559707.6
2025-12-09 23:30:00,47607.6,47614.7,47596.4,47599.2,426.0,20277259.2
2025-12-10 00:00:00,47598.3,47636.7,47597.2,47611.7,787.0,37470407.9
2025-12-10 00:30:00,47612.6,47617.7,47595.5,47595.9,561.0,26701299.900000002
2025-12-10 01:00:00,47595.3,47638.6,47589.3,47622.1,1265.0,60241956.5
2025-12-10 01:30:00,47621.3,47627.7,47593.2,47608.3,867.0,41276396.1
2025-12-10 02:00:00,47607.4,47628.8,47606.2,47620.3,524.0,24953037.200000003
2025-12-10 02:30:00,47619.4,47625.5,47606.3,47611.3,434.0,20663304.200000003
2025-12-10 03:00:00,47610.4,47621.8,47610.4,47612.3,359.0,17092815.7
2025-12-10 03:30:00,47611.4,47622.8,47604.4,47621.8,413.0,19667803.400000002
2025-12-10 04:00:00,47622.0,47643.8,47622.0,47638.7,382.0,18197983.4
2025-12-10 04:30:00,47639.5,47662.5,47638.2,47647.6,378.0,18010792.8
2025-12-10 05:00:00,47647.2,47647.8,47616.4,47624.3,649.0,30908170.700000003
2025-12-10 05:30:00,47624.8,47634.8,47620.3,47630.8,421.0,20052566.8
2025-12-10 06:00:00,47630.3,47650.8,47630.3,47641.3,580.0,27631954.0
2025-12-10 06:30:00,47641.8,47646.6,47627.3,47637.2,487.0,23199316.4
2025-12-10 07:00:00,47637.7,47640.7,47626.2,47636.7,577.0,27486375.9
2025-12-10 07:30:00,47636.2,47649.6,47621.4,47631.2,490.0,23339288.0
2025-12-10 08:00:00,47632.5,47663.0,47625.4,47642.4,1988.0,94713091.2
2025-12-10 08:30:00,47641.8,47652.9,47614.9,47635.4,1877.0,89411645.8
2025-12-10 09:00:00,47635.8,47655.1,47605.3,47618.8,2002.0,95332837.60000001
2025-12-10 09:30:00,47619.3,47641.4,47613.4,47626.9,1360.0,64772584.0
2025-12-10 10:00:00,47627.0,47649.7,47548.1,47549.8,2855.0,135754679.0
2025-12-10 10:30:00,47549.4,47586.6,47532.2,47562.2,2830.0,134601026.0
2025-12-10 11:00:00,47561.4,47614.5,47560.1,47597.4,2730.0,129940902.0
2025-12-10 11:30:00,47596.9,47602.8,47581.9,47587.3,1354.0,64433204.2
2025-12-10 12:00:00,47587.8,47600.6,47570.3,47588.3,1964.0,93463421.2
2025-12-10 12:30:00,47588.8,47596.9,47573.3,47593.3,1321.0,62870749.300000004
2025-12-10 13:00:00,47593.4,47671.3,47577.3,47664.7,2024.0,96473352.8
2025-12-10 13:30:00,47665.5,47671.7,47612.3,47612.8,2391.0,113842204.80000001
2025-12-10 14:00:00,47613.6,47620.0,47561.3,47590.8,3289.0,156526141.20000002
2025-12-10 14:30:00,47590.3,47737.4,47512.4,47713.8,25445.0,1214077641.0
2025-12-10 15:00:00,47713.4,47777.8,47690.4,47737.2,14182.0,677008970.4
2025-12-10 15:30:00,47737.8,47803.8,47658.3,47743.8,14130.0,674619894.0
2025-12-10 16:00:00,47743.3,47877.8,47688.3,47857.8,11732.0,561467709.6
2025-12-10 16:30:00,47857.3,47873.8,47826.3,47854.4,8929.0,427291937.6
2025-12-10 17:00:00,47853.5,47853.9,47801.3,47814.8,6638.0,317394642.40000004
2025-12-10 17:30:00,47814.3,47853.6,47764.6,47830.8,7152.0,342085881.6
2025-12-10 18:00:00,47830.4,47867.6,47791.3,47805.3,7643.0,365375907.90000004
2025-12-10 18:30:00,47804.4,47825.6,47745.3,47787.9,7801.0,372793407.90000004
2025-12-10 19:00:00,47793.1,47974.7,47781.2,47877.2,25446.0,1218283231.1999998
2025-12-10 19:30:00,47876.4,48169.5,47854.5,48158.3,37306.0,1796593539.8000002
2025-12-10 20:00:00,48157.4,48249.7,48095.6,48189.8,22183.0,1068994333.4000001
2025-12-10 20:30:00,48189.3,48256.7,48105.3,48121.3,15756.0,758199202.8000001
2025-12-10 21:00:00,48120.4,48167.2,48116.3,48163.1,2751.0,132496688.1
2025-12-10 21:30:00,48162.7,48175.8,48146.4,48166.5,741.0,35691376.5
2025-12-10 23:00:00,48180.8,48190.8,48160.0,48167.2,806.0,38822763.199999996
2025-12-10 23:30:00,48167.0,48176.5,48158.1,48168.9,513.0,24710645.7
2025-12-11 00:00:00,48168.9,48174.4,48146.2,48159.7,951.0,45799874.699999996
2025-12-11 00:30:00,48159.2,48159.2,48121.2,48125.5,969.0,46633609.5
2025-12-11 01:00:00,48125.1,48137.5,48116.2,48124.3,1146.0,55150447.800000004
2025-12-11 01:30:00,48125.4,48133.7,48103.5,48106.6,933.0,44883457.8
2025-12-11 02:00:00,48105.6,48106.8,48056.2,48062.2,1313.0,63105668.599999994
2025-12-11 02:30:00,48062.7,48067.5,48024.2,48038.7,2422.0,116349731.39999999
2025-12-11 03:00:00,48038.2,48039.5,47876.2,47931.7,6811.0,326462808.7
2025-12-11 03:30:00,47931.2,47949.5,47896.5,47934.4,2996.0,143611462.4
2025-12-11 04:00:00,47934.8,47954.6,47921.3,47929.6,1734.0,83109926.39999999
2025-12-11 04:30:00,47929.2,47943.5,47914.2,47931.7,1108.0,53108323.599999994
2025-12-11 05:00:00,47931.2,47942.5,47890.2,47892.8,1488.0,71264486.4
2025-12-11 05:30:00,47892.3,47919.7,47884.2,47915.2,1233.0,59079441.599999994
2025-12-11 06:00:00,47915.7,47923.7,47880.3,47891.2,1171.0,56080595.199999996
2025-12-11 06:30:00,47891.7,47939.5,47889.2,47933.6,1240.0,59437664.0
2025-12-11 07:00:00,47932.5,47945.5,47890.2,47942.5,1254.0,60119895.0
2025-12-11 07:30:00,47943.5,47964.5,47936.2,47948.2,1318.0,63195727.599999994
2025-12-11 08:00:00,47947.3,47952.7,47892.4,47902.4,4936.0,236446246.4
2025-12-11 08:30:00,47902.2,47983.8,47891.3,47979.4,3488.0,167352147.20000002
2025-12-11 09:00:00,47979.1,48005.5,47959.4,47976.3,2965.0,142249729.5
2025-12-11 09:30:00,47975.8,48039.6,47974.9,48038.5,2132.0,102418082.0
2025-12-11 10:00:00,48038.7,48051.7,48015.1,48045.3,2211.0,106228158.30000001
2025-12-11 10:30:00,48045.7,48047.9,48007.9,48008.4,1784.0,85646985.60000001
2025-12-11 11:00:00,48008.4,48057.9,47998.4,48056.9,1757.0,84435973.3
2025-12-11 11:30:00,48056.7,48093.8,48042.9,48088.8,1711.0,82279936.80000001
2025-12-11 12:00:00,48088.4,48153.4,48084.1,48146.0,2192.0,105536032.0
2025-12-11 12:30:00,48146.5,48168.8,48135.3,48154.0,2295.0,110513430.0
2025-12-11 13:00:00,48153.4,48163.5,48116.3,48129.3,1954.0,94044652.2
2025-12-11 13:30:00,48129.8,48146.6,48111.4,48126.2,3052.0,146881162.4
2025-12-11 14:00:00,48126.6,48212.1,48126.2,48205.9,3941.0,189979451.9
2025-12-11 14:30:00,48205.5,48499.0,48178.7,48328.4,35482.0,1714788288.8
2025-12-11 15:00:00,48328.8,48569.5,48285.1,48537.3,25733.0,1249010340.9
2025-12-11 15:30:00,48537.8,48616.8,48478.4,48605.3,22956.0,1115783266.8
2025-12-11 16:00:00,48605.8,48657.8,48557.2,48576.4,20138.0,978231543.2
2025-12-11 16:30:00,48576.8,48727.8,48573.6,48656.4,16865.0,820590186.0
2025-12-11 17:00:00,48656.8,48790.5,48651.2,48753.3,12432.0,606101025.6
2025-12-11 17:30:00,48753.7,48773.6,48675.3,48718.2,9722.0,473638340.4
2025-12-11 18:00:00,48717.5,48770.4,48708.4,48722.8,8255.0,402206714.0
2025-12-11 18:30:00,48722.5,48759.8,48699.1,48729.7,7436.0,362354049.2
2025-12-11 19:00:00,48730.6,48760.7,48708.3,48752.3,6092.0,296999011.6
2025-12-11 19:30:00,48752.8,48804.6,48747.5,48793.5,5133.0,250457035.5
2025-12-11 20:00:00,48793.9,48817.5,48761.5,48778.8,5383.0,262576280.4
2025-12-11 20:30:00,48778.3,48804.7,48748.2,48772.8,8850.0,431639280.0
2025-12-11 21:00:00,48773.6,48828.1,48771.7,48804.3,4373.0,213421203.9
2025-12-11 21:30:00,48805.3,48843.7,48797.3,48831.9,1487.0,72613035.3
2025-12-11 23:00:00,48897.7,48903.2,48820.1,48823.0,1517.0,74064491.0
2025-12-11 23:30:00,48823.6,48840.6,48823.1,48825.2,721.0,35202969.199999996
2025-12-12 00:00:00,48823.7,48826.7,48795.4,48820.7,1081.0,52775176.699999996
2025-12-12 00:30:00,48821.5,48851.5,48816.4,48822.2,1163.0,56780218.599999994
2025-12-12 01:00:00,48822.7,48861.7,48820.2,48853.2,1466.0,71618791.2
2025-12-12 01:30:00,48852.3,48874.6,48840.2,48871.3,935.0,45694665.5
2025-12-12 02:00:00,48870.4,48890.5,48865.3,48868.5,978.0,47793393.0
2025-12-12 02:30:00,48868.1,48888.5,48865.4,48871.4,669.0,32694966.6
2025-12-12 03:00:00,48870.4,48877.7,48850.2,48863.2,688.0,33617881.6
2025-12-12 03:30:00,48863.7,48893.7,48861.4,48882.2,691.0,33777600.199999996
2025-12-12 04:00:00,48882.7,48885.5,48858.3,48860.2,591.0,28876378.2
2025-12-12 04:30:00,48860.7,48876.5,48858.2,48869.7,579.0,28295556.299999997
2025-12-12 05:00:00,48869.2,48889.5,48866.4,48873.7,801.0,39147833.699999996
2025-12-12 05:30:00,48874.6,48900.4,48873.2,48894.2,649.0,31732335.799999997
2025-12-12 06:00:00,48894.7,48901.7,48892.2,48896.1,529.0,25866036.9
2025-12-12 06:30:00,48896.7,48897.5,48867.4,48876.4,666.0,32551682.400000002
2025-12-12 07:00:00,48875.4,48882.7,48866.2,48881.1,734.0,35878727.4
2025-12-12 07:30:00,48880.3,48893.7,48877.2,48881.2,730.0,35683276.0
2025-12-12 08:00:00,48880.4,48929.1,48866.6,48921.9,2194.0,107334648.60000001
2025-12-12 08:30:00,48921.4,48947.9,48915.2,48922.1,1760.0,86102896.0
2025-12-12 09:00:00,48921.5,48926.8,48887.2,48894.8,2671.0,130598010.80000001
2025-12-12 09:30:00,48894.9,48898.7,48856.6,48888.4,2515.0,122954326.0
2025-12-12 10:00:00,48888.6,48907.1,48874.5,48875.4,1924.0,94036269.60000001
2025-12-12 10:30:00,48875.8,48899.9,48859.8,48899.2,1635.0,79950192.0
2025-12-12 11:00:00,48899.7,48915.4,48881.6,48887.7,1505.0,73575988.5
2025-12-12 11:30:00,48887.9,48893.0,48839.3,48861.0,2231.0,109008891.0
2025-12-12 12:00:00,48861.0,48890.5,48840.6,48885.3,2115.0,103392409.5
2025-12-12 12:30:00,48884.8,48892.1,48862.3,48876.8,2341.0,114420588.80000001
2025-12-12 13:00:00,48876.4,48905.4,48867.3,48879.8,2142.0,104700531.60000001
2025-12-12 13:30:00,48879.4,48915.1,48870.3,48914.8,1733.0,84769348.4
2025-12-12 14:00:00,48914.4,48914.8,48851.0,48864.0,2914.0,142389696.0
2025-12-12 14:30:00,48864.7,48960.4,48825.5,48883.5,24188.0,1182394098.0
2025-12-12 15:00:00,48883.8,48925.4,48726.3,48735.4,23397.0,1140262153.8
2025-12-12 15:30:00,48735.0,48871.5,48578.4,48600.2,27874.0,1354681974.8
2025-12-12 16:00:00,48599.4,48651.7,48454.3,48546.2,35632.0,1729798198.3999999
2025-12-12 16:30:00,48545.4,48545.7,48403.1,48503.3,25550.0,1239259315.0
2025-12-12 17:00:00,48502.5,48644.5,48486.2,48541.6,17106.0,830352609.6
2025-12-12 17:30:00,48541.2,48637.3,48508.6,48617.6,15204.0,739181990.4
2025-12-12 18:00:00,48618.4,48678.7,48582.2,48631.6,16560.0,805339296.0
2025-12-12 18:30:00,48632.5,48639.7,48568.4,48589.1,11868.0,576655438.8
2025-12-12 19:00:00,48589.6,48594.7,48504.5,48527.2,13451.0,652739367.1999999
2025-12-12 19:30:00,48527.8,48580.8,48525.3,48562.3,11760.0,571092648.0
2025-12-12 20:00:00,48561.4,48603.9,48499.4,48517.5,9780.0,474501150.0
2025-12-12 20:30:00,48518.4,48562.4,48443.1,48528.8,15611.0,757583096.8000001
2025-12-12 21:00:00,48529.6,48582.4,48523.6,48568.8,3542.0,172030689.60000002
2025-12-12 21:30:00,48568.5,48588.0,48561.0,48572.7,1178.0,57218640.599999994
2025-12-14 23:00:00,48580.5,48585.6,48505.6,48569.7,1481.0,71931725.7
2025-12-14 23:30:00,48570.5,48601.5,48568.3,48595.5,1108.0,53843814.0
2025-12-15 00:00:00,48595.1,48634.7,48583.2,48634.5,1746.0,84915837.0
2025-12-15 00:30:00,48634.1,48654.5,48634.1,48647.7,949.0,46166667.3
2025-12-15 01:00:00,48647.2,48652.7,48613.2,48627.2,1406.0,68369843.2
2025-12-15 01:30:00,48627.7,48660.7,48622.2,48658.3,1240.0,60336292.0
2025-12-15 02:00:00,48659.4,48672.7,48651.2,48672.5,887.0,43172507.5
2025-12-15 02:30:00,48672.1,48682.7,48646.2,48657.2,739.0,35957670.8
2025-12-15 03:00:00,48657.7,48668.5,48647.2,48666.3,677.0,32947085.1
2025-12-15 03:30:00,48666.7,48674.8,48662.2,48667.2,594.0,28908316.799999997
2025-12-15 04:00:00,48667.8,48682.7,48648.4,48678.3,603.0,29353014.900000002
2025-12-15 04:30:00,48678.7,48705.7,48669.2,48700.2,600.0,29220120.0
2025-12-15 05:00:00,48699.3,48707.6,48685.2,48692.3,769.0,37444378.7
2025-12-15 05:30:00,48691.4,48706.7,48689.4,48689.4,458.0,22299745.2
2025-12-15 06:00:00,48688.4,48688.7,48662.2,48669.2,853.0,41514827.599999994
2025-12-15 06:30:00,48668.3,48689.5,48648.4,48678.2,669.0,32565715.799999997
2025-12-15 07:00:00,48678.7,48694.7,48655.2,48664.7,977.0,47545411.9
2025-12-15 07:30:00,48664.2,48679.7,48652.4,48665.2,1278.0,62194125.599999994
2025-12-15 08:00:00,48664.3,48693.7,48644.3,48686.0,3322.0,161734892.0
2025-12-15 08:30:00,48685.9,48738.7,48681.4,48717.4,1980.0,96460452.0
2025-12-15 09:00:00,48717.1,48747.7,48703.7,48731.7,2181.0,106283837.69999999
2025-12-15 09:30:00,48731.4,48759.1,48724.5,48751.9,1565.0,76296723.5
2025-12-15 10:00:00,48752.0,48770.7,48745.5,48756.6,1282.0,62505961.199999996
2025-12-15 10:30:00,48755.7,48782.3,48748.4,48780.8,1027.0,50097881.6
2025-12-15 11:00:00,48781.0,48783.0,48759.0,48761.9,820.0,39984758.0
2025-12-15 11:30:00,48762.6,48786.5,48755.2,48772.1,906.0,44187522.6
2025-12-15 12:00:00,48772.3,48774.1,48733.2,48739.4,1367.0,66626759.800000004
2025-12-15 12:30:00,48739.7,48785.1,48739.2,48765.2,1393.0,67929923.6
2025-12-15 13:00:00,48764.4,48770.8,48742.7,48762.7,1495.0,72900236.5
2025-12-15 13:30:00,48760.4,48788.8,48757.4,48783.4,1552.0,75711836.8
2025-12-15 14:00:00,48782.5,48807.0,48756.2,48756.2,2238.0,109116375.6
2025-12-15 14:30:00,48755.7,48768.5,48557.4,48557.8,27988.0,1359035706.4
2025-12-15 15:00:00,48558.5,48596.7,48390.2,48427.5,23780.0,1151605950.0
2025-12-15 15:30:00,48428.4,48548.4,48415.2,48473.6,20499.0,993660326.4
2025-12-15 16:00:00,48473.3,48567.8,48433.2,48548.5,16266.0,789689901.0
2025-12-15 16:30:00,48548.1,48558.7,48380.2,48423.6,17433.0,844168618.8
2025-12-15 17:00:00,48423.2,48473.3,48381.4,48419.9,12653.0,612656994.7
2025-12-15 17:30:00,48419.5,48492.7,48351.2,48422.4,12035.0,582763584.0
2025-12-15 18:00:00,48422.1,48467.5,48344.9,48383.7,9955.0,481659733.5
2025-12-15 18:30:00,48383.2,48464.8,48356.1,48437.1,9375.0,454097812.5
2025-12-15 19:00:00,48437.4,48478.7,48411.2,48453.3,8523.0,412967475.90000004
2025-12-15 19:30:00,48453.8,48526.5,48432.5,48520.2,8290.0,402232458.0
2025-12-15 20:00:00,48520.7,48527.8,48474.3,48504.2,7422.0,359998172.4
2025-12-15 20:30:00,48504.6,48537.8,48465.2,48498.8,11168.0,541634598.4
2025-12-15 21:00:00,48498.3,48529.1,48481.8,48490.3,2082.0,100956804.60000001
2025-12-15 21:30:00,48490.2,48522.4,48488.2,48520.3,526.0,25521677.8
2025-12-15 23:00:00,48531.4,48542.5,48507.4,48514.7,770.0,37356319.0
2025-12-15 23:30:00,48515.5,48522.6,48474.3,48499.5,1818.0,88172091.0
2025-12-16 00:00:00,48499.1,48516.7,48450.3,48501.7,3077.0,149239730.89999998
2025-12-16 00:30:00,48501.2,48513.5,48458.1,48464.3,1993.0,96589349.9
2025-12-16 01:00:00,48464.8,48497.5,48451.2,48483.7,2110.0,102300607.0
2025-12-16 01:30:00,48483.2,48492.7,48339.3,48379.1,7386.0,357328032.59999996
2025-12-16 02:00:00,48379.7,48405.5,48358.4,48391.3,2886.0,139657291.8
2025-12-16 02:30:00,48391.7,48394.7,48351.2,48379.3,2056.0,99467840.80000001
2025-12-16 03:00:00,48379.7,48392.7,48351.4,48366.7,1649.0,79756688.3
2025-12-16 03:30:00,48367.5,48406.7,48342.2,48396.3,1754.0,84887110.2
2025-12-16 04:00:00,48395.4,48398.7,48369.2,48385.1,1461.0,70690631.1
2025-12-16 04:30:00,48384.3,48412.7,48382.3,48404.4,1094.0,52954413.6
2025-12-16 05:00:00,48404.8,48407.8,48377.2,48377.7,1456.0,70437931.2
2025-12-16 05:30:00,48377.2,48377.7,48323.4,48329.5,1446.0,69884457.0
2025-12-16 06:00:00,48330.5,48359.7,48324.2,48347.7,1666.0,80547268.19999999
2025-12-16 06:30:00,48347.2,48366.7,48334.5,48365.5,1039.0,50251754.5
2025-12-16 07:00:00,48366.5,48380.6,48355.4,48371.4,1291.0,62447477.4
2025-12-16 07:30:00,48370.4,48379.5,48322.4,48367.5,2287.0,110616472.5
2025-12-16 08:00:00,48368.5,48416.9,48362.2,48406.9,3701.0,179153936.9
2025-12-16 08:30:00,48406.3,48437.3,48390.4,48434.3,2905.0,140701641.5
2025-12-16 09:00:00,48432.8,48437.6,48408.1,48413.8,2057.0,99587186.60000001
2025-12-16 09:30:00,48414.6,48425.7,48347.1,48360.2,2810.0,135892162.0
2025-12-16 10:00:00,48360.7,48433.7,48349.2,48427.2,2499.0,121019572.8
2025-12-16 10:30:00,48427.6,48462.6,48412.2,48439.8,2186.0,105889402.80000001
2025-12-16 11:00:00,48439.9,48452.8,48432.3,48448.5,1773.0,85899190.5
2025-12-16 11:30:00,48449.1,48491.3,48437.1,48487.7,1892.0,91738728.39999999
2025-12-16 12:00:00,48488.4,48512.9,48480.4,48497.9,2215.0,107422848.5
2025-12-16 12:30:00,48498.4,48521.8,48494.1,48498.3,1885.0,91419295.5
2025-12-16 13:00:00,48497.6,48511.6,48476.5,48484.6,3283.0,159174941.79999998
2025-12-16 13:30:00,48483.2,48594.3,48451.2,48476.3,7774.0,376854756.20000005
2025-12-16 14:00:00,48476.6,48507.7,48406.0,48429.5,6157.0,298180431.5
2025-12-16 14:30:00,48428.9,48528.8,48335.9,48437.2,37388.0,1810970033.6
2025-12-16 15:00:00,48437.7,48467.5,48169.4,48245.2,31106.0,1500715191.1999998
2025-12-16 15:30:00,48244.4,48391.7,48230.5,48341.7,28175.0,1362027397.5
2025-12-16 16:00:00,48343.1,48359.8,48219.2,48240.2,21917.0,1057280463.4
2025-12-16 16:30:00,48239.5,48291.8,48187.0,48238.4,19434.0,937465065.6
2025-12-16 17:00:00,48238.8,48289.4,48158.3,48187.3,17272.0,832291045.6
2025-12-16 17:30:00,48187.8,48231.7,48042.2,48051.4,16579.0,796644160.6
2025-12-16 18:00:00,48051.7,48076.8,47997.6,48052.4,13444.0,646016465.6
2025-12-16 18:30:00,48052.8,48231.8,48051.2,48170.2,13048.0,628524769.5999999
2025-12-16 19:00:00,48169.4,48171.3,48013.8,48091.4,14763.0,709973338.2
2025-12-16 19:30:00,48090.4,48158.7,48085.4,48106.1,12771.0,614363003.1
2025-12-16 20:00:00,48106.6,48206.7,48096.3,48201.3,9551.0,460370616.3
2025-12-16 20:30:00,48200.5,48275.9,48154.2,48157.4,15064.0,725443073.6
2025-12-16 21:00:00,48157.8,48174.1,48116.9,48133.9,3906.0,188011013.4
2025-12-16 21:30:00,48133.5,48147.4,48120.1,48124.0,1160.0,55823840.0
2025-12-16 23:00:00,48150.3,48159.4,48108.2,48138.3,942.0,45346278.6
2025-12-16 23:30:00,48138.0,48162.4,48112.2,48113.4,1869.0,89923944.60000001
2025-12-17 00:00:00,48113.1,48113.1,48052.2,48096.5,4434.0,213259881.0
2025-12-17 00:30:00,48096.1,48110.6,48071.3,48088.3,2807.0,134983858.1
2025-12-17 01:00:00,48088.8,48158.7,48088.3,48127.7,3725.0,179275682.5
2025-12-17 01:30:00,48127.2,48161.9,48098.4,48160.8,3239.0,155992831.20000002
2025-12-17 02:00:00,48160.3,48163.6,48113.4,48144.3,2492.0,119975595.60000001
2025-12-17 02:30:00,48143.4,48154.8,48124.4,48145.8,1429.0,68800348.2
2025-12-17 03:00:00,48145.3,48155.8,48135.4,48151.8,1096.0,52774372.800000004
2025-12-17 03:30:00,48151.3,48154.8,48121.4,48127.7,1107.0,53277363.9
2025-12-17 04:00:00,48128.5,48149.5,48103.2,48111.5,999.0,48063388.5
2025-12-17 04:30:00,48112.5,48116.5,48100.3,48106.2,983.0,47288394.599999994
2025-12-17 05:00:00,48106.8,48121.8,48093.2,48101.7,1440.0,69266448.0
2025-12-17 05:30:00,48102.6,48142.5,48100.4,48142.5,925.0,44531812.5
2025-12-17 06:00:00,48142.1,48182.8,48140.2,48168.7,1304.0,62811984.8
2025-12-17 06:30:00,48168.2,48175.5,48155.5,48161.4,927.0,44645617.800000004
2025-12-17 07:00:00,48161.8,48207.7,48159.3,48174.3,1668.0,80354732.4
2025-12-17 07:30:00,48173.4,48192.4,48148.2,48172.2,1403.0,67585596.6
2025-12-17 08:00:00,48170.7,48210.4,48145.3,48200.6,4319.0,208178391.4
2025-12-17 08:30:00,48200.3,48232.4,48187.4,48207.1,2966.0,142982258.6
2025-12-17 09:00:00,48205.7,48235.7,48180.2,48219.9,3084.0,148710171.6
2025-12-17 09:30:00,48219.9,48262.6,48216.0,48251.7,2097.0,101183814.89999999
2025-12-17 10:00:00,48251.9,48281.6,48245.1,48268.6,1645.0,79401847.0
2025-12-17 10:30:00,48269.4,48284.7,48256.8,48282.3,1933.0,93329685.9
2025-12-17 11:00:00,48282.8,48285.8,48247.7,48261.5,1561.0,75336201.5
2025-12-17 11:30:00,48261.0,48276.7,48248.0,48266.3,1541.0,74378368.30000001
2025-12-17 12:00:00,48266.8,48274.4,48252.2,48255.2,1669.0,80537928.8
2025-12-17 12:30:00,48255.7,48285.2,48251.3,48274.9,1398.0,67488310.2
2025-12-17 13:00:00,48275.6,48306.8,48234.0,48298.4,5647.0,272741064.8
2025-12-17 13:30:00,48297.5,48316.4,48261.0,48280.1,3644.0,175932684.4
2025-12-17 14:00:00,48280.5,48304.8,48226.7,48247.1,3207.0,154728449.7
2025-12-17 14:30:00,48246.7,48422.7,48212.1,48403.7,35127.0,1700276769.8999999
2025-12-17 15:00:00,48403.3,48436.6,48291.1,48325.8,24843.0,1200557849.4
2025-12-17 15:30:00,48325.3,48342.4,48033.2,48064.2,30501.0,1466006164.1999998
2025-12-17 16:00:00,48063.3,48141.9,48012.2,48068.8,27565.0,1325016472.0
2025-12-17 16:30:00,48069.5,48102.4,47995.3,48084.2,21900.0,1053043979.9999999
2025-12-17 17:00:00,48084.7,48131.8,48001.4,48055.4,17782.0,854521122.8000001
2025-12-17 17:30:00,48055.8,48119.7,47991.5,48033.7,17607.0,845729355.9
2025-12-17 18:00:00,48033.2,48103.9,47969.5,47977.3,15179.0,728247436.7
2025-12-17 18:30:00,47976.5,48005.8,47923.3,47960.6,15528.0,744732196.8
2025-12-17 19:00:00,47960.3,47999.7,47929.5,47982.8,13915.0,667680662.0
2025-12-17 19:30:00,47983.2,48023.8,47959.6,48014.9,11997.0,576034755.3000001
2025-12-17 20:00:00,48014.6,48029.9,47949.5,47968.8,9992.0,479304249.6
2025-12-17 20:30:00,47969.2,47992.2,47897.7,47922.2,13961.0,669041834.1999999
2025-12-17 21:00:00,47923.0,47988.3,47922.7,47973.8,3093.0,148382963.4
2025-12-17 21:30:00,47974.2,47996.9,47957.9,47966.4,1111.0,53290670.4
2025-12-17 23:00:00,47957.0,47974.5,47935.4,47964.7,1446.0,69356956.2
2025-12-17 23:30:00,47964.2,47985.7,47919.4,47930.7,1464.0,70170544.8
2025-12-18 00:00:00,47931.5,47968.7,47906.4,47932.7,4912.0,235445422.39999998
2025-12-18 00:30:00,47932.2,47974.8,47921.5,47974.6,2517.0,120752068.2
2025-12-18 01:00:00,47975.6,47976.7,47935.5,47957.8,2718.0,130349300.4
2025-12-18 01:30:00,47957.3,47963.8,47914.4,47924.7,2678.0,128342346.6
2025-12-18 02:00:00,47924.2,47975.7,47911.4,47936.7,3571.0,171181955.7
2025-12-18 02:30:00,47936.2,47949.8,47917.5,47923.4,1555.0,74520887.0
2025-12-18 03:00:00,47923.8,47924.8,47845.2,47860.8,2259.0,108117547.2
2025-12-18 03:30:00,47861.7,47893.5,47856.4,47876.6,2011.0,96279842.6
2025-12-18 04:00:00,47877.6,47899.5,47866.3,47888.2,1104.0,52868572.8
2025-12-18 04:30:00,47887.3,47918.8,47886.2,47912.8,1011.0,48439840.800000004
2025-12-18 05:00:00,47912.3,47912.6,47872.4,47888.3,1158.0,55454651.400000006
2025-12-18 05:30:00,47888.7,47909.5,47874.4,47887.5,1372.0,65701650.0
2025-12-18 06:00:00,47887.1,47900.5,47879.2,47896.2,1034.0,49524670.8
2025-12-18 06:30:00,47895.3,47903.7,47868.2,47890.3,1403.0,67190090.9
2025-12-18 07:00:00,47890.8,47918.4,47889.2,47901.2,2058.0,98580669.6
2025-12-18 07:30:00,47900.3,47918.7,47894.2,47911.8,1175.0,56296365.0
2025-12-18 08:00:00,47913.3,47941.8,47889.2,47901.2,3647.0,174695676.39999998
2025-12-18 08:30:00,47900.5,47944.8,47896.5,47938.4,3320.0,159155488.0
2025-12-18 09:00:00,47938.8,47961.7,47929.4,47955.7,2810.0,134755517.0
2025-12-18 09:30:00,47955.2,48001.8,47955.2,48000.3,1643.0,78864492.9
2025-12-18 10:00:00,48000.7,48018.2,47993.1,48001.9,1312.0,62978492.800000004
2025-12-18 10:30:00,48001.7,48018.2,47989.2,47998.4,1475.0,70797640.0
2025-12-18 11:00:00,47998.7,48035.8,47992.3,48028.9,1203.0,57778766.7
2025-12-18 11:30:00,48028.1,48077.8,48026.3,48071.9,1349.0,64848993.1
2025-12-18 12:00:00,48066.2,48070.8,48024.2,48029.0,2145.0,103022205.0
2025-12-18 12:30:00,48029.2,48037.1,47992.3,48002.3,1954.0,93796494.2
2025-12-18 13:00:00,48001.5,48067.8,47995.8,48055.6,2586.0,124271781.6
2025-12-18 13:30:00,48072.3,48212.9,48072.3,48145.5,10157.0,489013843.5
2025-12-18 14:00:00,48145.2,48209.7,48141.5,48173.3,5052.0,243371511.60000002
2025-12-18 14:30:00,48173.0,48357.6,48078.2,48249.0,36498.0,1760992002.0
2025-12-18 15:00:00,48249.3,48316.7,48133.2,48282.3,26685.0,1288413175.5
2025-12-18 15:30:00,48282.7,48429.7,48248.5,48361.8,19582.0,947020767.6
2025-12-18 16:00:00,48361.4,48425.6,48326.5,48352.8,13249.0,640626247.2
2025-12-18 16:30:00,48354.2,48410.8,48235.3,48248.5,12521.0,604119468.5
2025-12-18 17:00:00,48248.1,48254.7,47904.0,47976.4,29933.0,1436077581.2
2025-12-18 17:30:00,47976.7,48197.0,47942.1,48122.1,21682.0,1043383372.1999999
2025-12-18 18:00:00,48122.5,48188.8,48068.5,48171.8,14591.0,702874733.8000001
2025-12-18 18:30:00,48171.3,48244.8,48100.5,48116.5,12743.0,613148559.5
2025-12-18 19:00:00,48116.2,48124.6,48029.3,48058.7,17945.0,862413371.5
2025-12-18 19:30:00,48059.6,48075.6,47942.3,47984.6,16082.0,771688337.1999999
2025-12-18 20:00:00,47984.9,48100.7,47980.2,48090.6,15171.0,729582492.6
2025-12-18 20:30:00,48090.2,48147.8,48006.4,48012.8,15067.0,723408857.6
2025-12-18 21:00:00,48012.3,48024.3,47963.5,47971.2,3002.0,144009542.4
2025-12-18 21:30:00,47970.8,47972.9,47946.7,47956.7,929.0,44551774.3
2025-12-18 23:00:00,47941.0,47962.7,47913.2,47927.5,1207.0,57848492.5
2025-12-18 23:30:00,47928.5,47964.6,47922.2,47964.6,1198.0,57461590.8
2025-12-19 00:00:00,47964.1,47969.7,47931.5,47953.2,2017.0,96721604.39999999
2025-12-19 00:30:00,47953.7,47976.5,47934.5,47968.2,1330.0,63797705.99999999
2025-12-19 01:00:00,47967.3,47969.5,47930.2,47955.3,1734.0,83154490.2
2025-12-19 01:30:00,47954.4,47970.5,47929.2,47959.2,1999.0,95870440.8
2025-12-19 02:00:00,47958.3,47968.5,47935.3,47949.5,1635.0,78397432.5
2025-12-19 02:30:00,47949.9,47963.6,47927.3,47929.8,1586.0,76016662.80000001
2025-12-19 03:00:00,47929.3,47965.5,47909.5,47941.3,2329.0,111655287.7
2025-12-19 03:30:00,47941.8,47954.8,47928.3,47944.8,1996.0,95697820.80000001
2025-12-19 04:00:00,47945.6,47958.8,47937.4,47947.8,1201.0,57585307.800000004
2025-12-19 04:30:00,47947.3,47954.8,47933.3,47940.8,980.0,46981984.0
2025-12-19 05:00:00,47940.3,47944.8,47911.4,47919.6,1066.0,51082293.6
2025-12-19 05:30:00,47920.6,47929.8,47894.3,47898.3,1032.0,49431045.6
2025-12-19 06:00:00,47898.8,47911.7,47881.4,47887.2,1183.0,56650557.599999994
2025-12-19 06:30:00,47886.4,47892.6,47836.3,47878.5,1379.0,66024451.5
2025-12-19 07:00:00,47880.2,47943.7,47880.2,47931.2,1841.0,88241339.19999999
2025-12-19 07:30:00,47930.3,47963.5,47912.2,47960.4,1451.0,69590540.4
2025-12-19 08:00:00,47960.8,48019.8,47946.3,47984.7,3973.0,190643213.1
2025-12-19 08:30:00,47984.2,48056.3,47983.2,48036.3,2578.0,123837581.4
2025-12-19 09:00:00,48036.1,48068.6,48017.3,48064.6,2814.0,135253784.4
2025-12-19 09:30:00,48064.6,48083.8,48059.2,48082.3,1717.0,82557309.10000001
2025-12-19 10:00:00,48082.8,48091.7,48038.2,48073.4,1820.0,87493588.0
2025-12-19 10:30:00,48073.2,48078.9,48040.2,48048.8,1829.0,87881255.2
2025-12-19 11:00:00,48048.6,48050.4,47998.2,48026.7,2580.0,123908885.99999999
2025-12-19 11:30:00,48027.5,48044.6,48009.6,48015.3,1717.0,82442270.10000001
2025-12-19 12:00:00,48015.7,48038.6,47991.3,48032.4,2688.0,129111091.2
2025-12-19 12:30:00,48032.8,48041.8,47970.6,47979.3,2376.0,113998816.80000001
2025-12-19 13:00:00,47979.6,48012.0,47973.3,48011.3,2490.0,119548137.0
2025-12-19 13:30:00,48011.2,48044.8,48001.3,48002.5,3081.0,147895702.5
2025-12-19 14:00:00,48002.5,48119.3,47987.3,48104.8,5032.0,242063353.60000002
2025-12-19 14:30:00,48104.3,48269.7,48091.2,48257.3,24436.0,1179215382.8
2025-12-19 15:00:00,48256.5,48341.5,48224.4,48276.5,20220.0,976150830.0
2025-12-19 15:30:00,48276.8,48327.7,48237.4,48255.3,16898.0,815418059.4000001
2025-12-19 16:00:00,48254.5,48316.4,48235.2,48311.2,12323.0,595338917.5999999
2025-12-19 16:30:00,48311.6,48330.6,48249.3,48278.3,10489.0,506391088.70000005
2025-12-19 17:00:00,48278.7,48322.6,48249.3,48301.8,7704.0,372117067.20000005
2025-12-19 17:30:00,48302.6,48318.8,48260.3,48283.3,6135.0,296218045.5
2025-12-19 18:00:00,48283.8,48329.6,48269.5,48315.6,4886.0,236070021.6
2025-12-19 18:30:00,48316.6,48327.8,48259.5,48265.7,5164.0,249244074.79999998
2025-12-19 19:00:00,48265.9,48300.8,48238.3,48284.3,4930.0,238041599.0
2025-12-19 19:30:00,48283.5,48304.6,48247.4,48255.2,4352.0,210006630.39999998
2025-12-19 20:00:00,48255.7,48270.7,48184.3,48186.9,5879.0,283290785.1
2025-12-19 20:30:00,48186.3,48210.6,48131.3,48176.2,12285.0,591844617.0
2025-12-19 21:00:00,48175.4,48204.7,48165.5,48190.2,2121.0,102211414.19999999
2025-12-19 21:30:00,48190.4,48222.6,48184.3,48196.7,831.0,40051457.699999996
2025-12-21 23:00:00,48297.9,48306.2,48257.2,48266.0,1258.0,60718628.0
2025-12-21 23:30:00,48265.1,48290.6,48265.1,48282.1,696.0,33604341.6
2025-12-22 00:00:00,48282.6,48285.7,48236.1,48238.2,1395.0,67292289.0
2025-12-22 00:30:00,48238.7,48253.6,48227.2,48227.9,926.0,44659035.4
2025-12-22 01:00:00,48228.5,48258.7,48225.2,48246.2,1137.0,54855929.4
2025-12-22 01:30:00,48246.7,48258.6,48231.3,48231.3,731.0,35257080.300000004
2025-12-22 02:00:00,48231.7,48240.7,48221.4,48231.2,592.0,28552870.4
2025-12-22 02:30:00,48231.7,48241.7,48229.2,48239.2,451.0,21755879.2
2025-12-22 03:00:00,48239.7,48248.7,48230.2,48230.7,463.0,22330814.099999998
2025-12-22 03:30:00,48230.2,48234.7,48219.3,48222.8,504.0,24304291.200000003
2025-12-22 04:00:00,48223.6,48233.6,48222.2,48229.7,407.0,19629487.9
2025-12-22 04:30:00,48230.5,48230.7,48220.2,48220.8,299.0,14418019.200000001
2025-12-22 05:00:00,48221.7,48233.6,48206.3,48206.8,471.0,22705402.8
2025-12-22 05:30:00,48206.3,48215.8,48204.3,48205.8,299.0,14413534.200000001
2025-12-22 06:00:00,48205.3,48216.6,48205.3,48213.8,389.0,18755168.200000003
2025-12-22 06:30:00,48213.3,48221.8,48205.4,48218.8,408.0,19673270.400000002
2025-12-22 07:00:00,48219.6,48253.7,48218.3,48243.1,723.0,34879761.3
2025-12-22 07:30:00,48243.7,48259.7,48243.3,48252.3,627.0,30254192.1
2025-12-22 08:00:00,48252.8,48266.8,48236.3,48258.3,1616.0,77985412.80000001
2025-12-22 08:30:00,48258.7,48262.2,48213.3,48214.7,1583.0,76323870.1
2025-12-22 09:00:00,48214.4,48242.7,48210.9,48233.9,1401.0,67575693.9
2025-12-22 09:30:00,48234.3,48236.8,48226.1,48231.2,858.0,41382369.599999994
2025-12-22 10:00:00,48231.5,48244.8,48227.3,48235.2,671.0,32365819.2
2025-12-22 10:30:00,48234.8,48237.9,48225.8,48230.8,649.0,31301789.200000003
2025-12-22 11:00:00,48231.3,48238.6,48196.4,48203.3,2755.0,132800091.50000001
2025-12-22 11:30:00,48202.5,48212.0,48181.4,48203.5,3032.0,146153012.0
2025-12-22 12:00:00,48203.2,48229.9,48197.2,48209.5,1117.0,53850011.5
2025-12-22 12:30:00,48209.8,48218.3,48195.4,48209.4,931.0,44882951.4
2025-12-22 13:00:00,48209.2,48224.7,48192.0,48215.1,1038.0,50047273.8
2025-12-22 13:30:00,48215.1,48248.6,48196.4,48246.3,1099.0,53022683.7
2025-12-22 14:00:00,48246.4,48287.0,48235.8,48247.6,4370.0,210842012.0
2025-12-22 14:30:00,48248.4,48438.3,48248.4,48297.8,28978.0,1399573648.4
2025-12-22 15:00:00,48298.5,48384.7,48272.5,48378.4,14861.0,718951402.4
2025-12-22 15:30:00,48377.5,48430.5,48315.3,48371.3,12616.0,610252320.8000001
2025-12-22 16:00:00,48371.8,48483.7,48365.5,48430.3,8422.0,407879986.6
2025-12-22 16:30:00,48430.8,48460.8,48407.4,48453.8,6294.0,304968217.20000005
2025-12-22 17:00:00,48454.6,48478.4,48422.5,48438.6,4533.0,219572173.79999998
2025-12-22 17:30:00,48439.6,48509.7,48432.3,48497.8,4338.0,210383456.4
2025-12-22 18:00:00,48498.6,48499.8,48417.3,48441.3,4173.0,202145544.9
2025-12-22 18:30:00,48441.8,48455.8,48406.1,48412.6,3413.0,165232203.79999998
2025-12-22 19:00:00,48412.2,48430.8,48382.4,48428.3,3744.0,181315555.20000002
2025-12-22 19:30:00,48428.8,48447.8,48426.4,48444.2,3062.0,148336140.4
2025-12-22 20:00:00,48443.4,48462.5,48418.3,48439.8,3339.0,161740492.20000002
2025-12-22 20:30:00,48440.6,48444.6,48402.3,48410.3,5356.0,259285566.8
2025-12-22 21:00:00,48409.9,48423.6,48398.5,48402.8,991.0,47967174.800000004
2025-12-22 21:30:00,48402.7,48410.4,48395.2,48402.1,386.0,18683210.599999998
2025-12-22 23:00:00,48406.9,48425.7,48402.6,48419.1,553.0,26775762.3
2025-12-22 23:30:00,48418.3,48424.5,48406.2,48412.6,366.0,17719011.599999998
2025-12-23 00:00:00,48413.5,48417.7,48404.3,48410.4,560.0,27109824.0
2025-12-23 00:30:00,48409.4,48418.5,48405.3,48417.6,430.0,20819568.0
2025-12-23 01:00:00,48417.2,48425.6,48408.3,48417.3,586.0,28372537.8
2025-12-23 01:30:00,48416.4,48432.7,48407.2,48421.8,659.0,31909966.200000003
2025-12-23 02:00:00,48422.6,48441.8,48417.3,48422.8,559.0,27068345.200000003
2025-12-23 02:30:00,48422.3,48430.6,48406.3,48414.8,599.0,29000465.200000003
2025-12-23 03:00:00,48415.6,48420.6,48406.5,48409.2,374.0,18105040.8
2025-12-23 03:30:00,48408.4,48411.6,48403.2,48406.8,307.0,14860887.600000001
2025-12-23 04:00:00,48406.3,48407.8,48395.2,48396.8,344.0,16648499.200000001
2025-12-23 04:30:00,48397.0,48399.8,48373.4,48378.8,374.0,18093671.2
2025-12-23 05:00:00,48378.3,48380.8,48367.3,48375.3,475.0,22978267.5
2025-12-23 05:30:00,48375.8,48386.1,48372.5,48380.8,301.0,14562620.8
2025-12-23 06:00:00,48380.3,48389.6,48378.3,48387.8,516.0,24968104.8
2025-12-23 06:30:00,48387.3,48388.6,48378.3,48383.8,366.0,17708470.8
2025-12-23 07:00:00,48384.7,48397.6,48382.4,48392.3,471.0,22792773.3
2025-12-23 07:30:00,48392.8,48401.6,48383.3,48391.3,479.0,23179432.700000003
2025-12-23 08:00:00,48391.8,48429.9,48386.4,48421.2,1466.0,70985479.2
2025-12-23 08:30:00,48420.8,48424.7,48403.7,48409.3,984.0,47634751.2
2025-12-23 09:00:00,48408.5,48440.4,48406.4,48433.8,999.0,48385366.2
2025-12-23 09:30:00,48433.3,48447.8,48433.3,48445.9,727.0,35220169.300000004
2025-12-23 10:00:00,48446.5,48458.2,48426.4,48435.9,681.0,32984847.900000002
2025-12-23 10:30:00,48435.7,48436.8,48414.2,48416.3,775.0,37522632.5
2025-12-23 11:00:00,48415.9,48432.7,48407.2,48416.3,617.0,29872857.1
2025-12-23 11:30:00,48415.9,48422.6,48401.8,48401.8,570.0,27589026.0
2025-12-23 12:00:00,48401.7,48409.6,48369.7,48382.2,1121.0,54236446.199999996
2025-12-23 12:30:00,48382.1,48394.9,48373.3,48384.4,935.0,45239414.0
2025-12-23 13:00:00,48383.9,48391.6,48367.1,48383.7,1163.0,56270243.099999994
2025-12-23 13:30:00,48387.3,48396.8,48304.1,48314.5,3650.0,176347925.0
2025-12-23 14:00:00,48314.2,48325.5,48260.2,48282.1,2777.0,134079391.7
2025-12-23 14:30:00,48281.0,48433.5,48281.0,48396.5,18723.0,906127669.5
2025-12-23 15:00:00,48396.9,48462.8,48369.5,48424.2,12145.0,588111909.0
2025-12-23 15:30:00,48424.0,48522.5,48421.2,48494.6,7429.0,360266383.4
2025-12-23 16:00:00,48494.2,48510.6,48459.5,48461.8,6273.0,304000871.40000004
2025-12-23 16:30:00,48462.6,48503.8,48461.4,48487.3,4211.0,204180020.3
2025-12-23 17:00:00,48486.5,48527.8,48468.3,48504.3,3228.0,156571880.4
2025-12-23 17:30:00,48503.4,48522.6,48491.5,48501.8,2930.0,142110274.0
2025-12-23 18:00:00,48501.3,48578.6,48496.2,48569.7,2875.0,139637887.5
2025-12-23 18:30:00,48570.5,48583.7,48531.3,48534.3,2178.0,105707705.4
2025-12-23 19:00:00,48534.8,48540.8,48518.1,48526.3,2517.0,122140697.10000001
2025-12-23 19:30:00,48526.8,48534.8,48491.3,48492.3,2105.0,102076291.5
2025-12-23 20:00:00,48492.8,48518.8,48489.3,48495.4,2101.0,101888835.4
2025-12-23 20:30:00,48494.5,48519.8,48483.3,48487.8,4621.0,224062123.8
2025-12-23 21:00:00,48487.3,48494.2,48460.9,48464.4,1289.0,62470611.6
2025-12-23 21:30:00,48464.1,48474.6,48457.3,48464.9,491.0,23796265.900000002
2025-12-23 23:00:00,48470.9,48478.1,48459.5,48466.3,637.0,30873033.1
2025-12-23 23:30:00,48466.0,48472.7,48463.2,48467.2,483.0,23409657.599999998
2025-12-24 00:00:00,48468.4,48484.5,48467.2,48470.7,821.0,39794444.699999996
2025-12-24 00:30:00,48470.2,48479.7,48466.4,48472.3,381.0,18467946.3
2025-12-24 01:00:00,48472.1,48486.8,48464.3,48475.4,480.0,23268192.0
2025-12-24 01:30:00,48475.8,48481.6,48461.3,48465.2,461.0,22342457.2
2025-12-24 02:00:00,48464.4,48468.5,48459.3,48461.2,374.0,18124488.8
2025-12-24 02:30:00,48460.4,48467.8,48457.4,48460.9,322.0,15604409.8
2025-12-24 03:00:00,48460.3,48467.6,48452.4,48467.6,281.0,13619395.6
2025-12-24 03:30:00,48467.2,48472.6,48463.5,48465.3,254.0,12310186.200000001
2025-12-24 04:00:00,48464.4,48471.8,48462.3,48465.3,196.0,9499198.8
2025-12-24 04:30:00,48465.8,48466.6,48459.3,48462.6,198.0,9595594.799999999
2025-12-24 05:00:00,48463.6,48468.6,48458.5,48462.8,244.0,11824923.200000001
2025-12-24 05:30:00,48462.3,48469.8,48451.2,48452.3,311.0,15068665.3
2025-12-24 06:00:00,48451.5,48451.8,48443.5,48448.3,246.0,11918281.8
2025-12-24 06:30:00,48447.4,48457.8,48442.5,48456.3,194.0,9400522.200000001
2025-12-24 07:00:00,48456.8,48458.6,48437.3,48439.8,243.0,11770871.4
2025-12-24 07:30:00,48439.3,48447.7,48437.5,48441.1,199.0,9639778.9
2025-12-24 08:00:00,48441.7,48455.7,48439.4,48449.2,529.0,25629626.799999997
2025-12-24 08:30:00,48448.5,48452.2,48442.3,48445.3,374.0,18118542.2
2025-12-24 09:00:00,48444.9,48469.7,48441.3,48463.4,524.0,25394821.6
2025-12-24 09:30:00,48463.0,48469.2,48459.6,48464.9,254.0,12310084.6
2025-12-24 10:00:00,48465.0,48467.2,48455.5,48465.6,329.0,15945182.4
2025-12-24 10:30:00,48465.6,48475.8,48463.4,48471.3,294.0,14250562.200000001
2025-12-24 11:00:00,48470.5,48472.8,48464.4,48470.8,269.0,13038645.200000001
2025-12-24 11:30:00,48470.4,48470.9,48450.3,48456.7,311.0,15070033.7
2025-12-24 12:00:00,48457.2,48474.5,48449.7,48460.7,579.0,28058745.299999997
2025-12-24 12:30:00,48461.2,48472.8,48455.3,48472.3,406.0,19679753.8
2025-12-24 13:00:00,48472.4,48479.2,48446.7,48473.4,653.0,31653130.2
2025-12-24 13:30:00,48473.2,48502.0,48473.2,48493.0,760.0,36854680.0
2025-12-24 14:00:00,48492.0,48510.2,48479.3,48486.1,1097.0,53189251.699999996
2025-12-24 14:30:00,48487.0,48627.3,48421.0,48584.3,13586.0,660066299.8000001
2025-12-24 15:00:00,48583.4,48677.7,48578.9,48673.4,6285.0,305912319.0
2025-12-24 15:30:00,48672.5,48694.8,48654.2,48687.2,4026.0,196014667.2
2025-12-24 16:00:00,48687.8,48742.7,48683.2,48737.2,3429.0,167119858.79999998
2025-12-24 16:30:00,48737.7,48774.7,48732.1,48762.3,3374.0,164524000.20000002
2025-12-24 17:00:00,48762.8,48794.8,48760.3,48788.3,2832.0,138168465.6
2025-12-24 17:30:00,48788.7,48823.7,48755.1,48758.3,5051.0,246278173.3
2025-12-24 18:00:00,48759.3,48788.7,48744.4,48757.3,2057.0,100293766.10000001
2025-12-25 23:00:00,48787.3,48832.3,48782.3,48792.6,653.0,31861567.8
2025-12-25 23:30:00,48792.1,48803.6,48783.1,48800.0,691.0,33720800.0
2025-12-26 00:00:00,48799.3,48822.7,48790.8,48815.7,732.0,35733092.4
2025-12-26 00:30:00,48816.5,48820.5,48811.4,48818.7,411.0,20064485.7
2025-12-26 01:00:00,48818.2,48819.7,48784.4,48787.4,716.0,34931778.4
2025-12-26 01:30:00,48787.7,48794.7,48765.2,48767.2,501.0,24432367.2
2025-12-26 02:00:00,48767.7,48771.7,48748.4,48750.4,379.0,18476401.6
2025-12-26 02:30:00,48749.4,48762.7,48743.3,48758.7,340.0,16577957.999999998
2025-12-26 03:00:00,48759.5,48766.7,48745.3,48745.3,202.0,9846550.600000001
2025-12-26 03:30:00,48745.7,48752.7,48742.2,48750.5,318.0,15502659.0
2025-12-26 04:00:00,48751.5,48769.7,48745.1,48768.3,253.0,12338379.9
2025-12-26 04:30:00,48768.7,48787.5,48768.2,48782.2,212.0,10341826.399999999
2025-12-26 05:00:00,48782.7,48784.7,48775.2,48776.2,250.0,12194050.0
2025-12-26 05:30:00,48775.4,48775.4,48747.2,48753.4,227.0,11067021.8
2025-12-26 06:00:00,48752.4,48776.5,48749.2,48772.7,298.0,14534264.6
2025-12-26 06:30:00,48773.5,48774.7,48750.2,48751.7,301.0,14674261.7
2025-12-26 07:00:00,48752.5,48755.5,48726.4,48732.1,386.0,18810590.599999998
2025-12-26 07:30:00,48731.3,48736.5,48717.8,48721.3,328.0,15980586.4
2025-12-26 08:00:00,48721.7,48729.8,48702.8,48714.2,649.0,31615515.799999997
2025-12-26 08:30:00,48713.7,48740.2,48710.5,48732.5,497.0,24220052.5
2025-12-26 09:00:00,48731.8,48745.1,48722.3,48732.3,688.0,33527822.400000002
2025-12-26 09:30:00,48732.1,48732.1,48719.2,48727.1,319.0,15543944.9
2025-12-26 10:00:00,48726.4,48740.7,48726.2,48736.7,454.0,22126461.799999997
2025-12-26 10:30:00,48737.4,48737.9,48720.5,48724.7,305.0,14861033.5
2025-12-26 11:00:00,48725.3,48728.0,48704.5,48705.7,304.0,14806532.799999999
2025-12-26 11:30:00,48705.6,48705.6,48667.1,48682.8,685.0,33347718.000000004
2025-12-26 12:00:00,48683.5,48717.3,48683.5,48716.3,698.0,34003977.4
2025-12-26 12:30:00,48716.4,48728.7,48710.0,48725.5,555.0,27042652.5
2025-12-26 13:00:00,48725.7,48744.4,48708.8,48728.5,1031.0,50239083.5
2025-12-26 13:30:00,48728.2,48749.0,48725.4,48732.6,1061.0,51705288.6
2025-12-26 14:00:00,48733.1,48762.1,48723.4,48739.3,1576.0,76813136.80000001
2025-12-26 14:30:00,48740.1,48819.1,48707.2,48767.4,15725.0,766867365.0
2025-12-26 15:00:00,48767.1,48772.8,48691.4,48759.8,10949.0,533871050.20000005
2025-12-26 15:30:00,48760.5,48793.7,48709.2,48738.8,7061.0,344144666.8
2025-12-26 16:00:00,48738.3,48748.8,48669.2,48717.7,5985.0,291575434.5
2025-12-26 16:30:00,48717.3,48725.7,48661.2,48691.7,3845.0,187219586.5
2025-12-26 17:00:00,48691.2,48712.8,48655.2,48709.8,4298.0,209354720.4
2025-12-26 17:30:00,48710.6,48712.8,48644.2,48664.2,3295.0,160348539.0
2025-12-26 18:00:00,48664.8,48685.6,48618.8,48646.7,2956.0,143799645.2
2025-12-26 18:30:00,48646.2,48697.8,48642.2,48672.8,2818.0,137159950.4
2025-12-26 19:00:00,48672.3,48689.5,48654.5,48665.2,2395.0,116553154.0
2025-12-26 19:30:00,48665.8,48701.8,48664.4,48671.8,2365.0,115108807.0
2025-12-26 20:00:00,48671.3,48709.8,48669.3,48706.8,2268.0,110467022.4
2025-12-26 20:30:00,48706.3,48766.8,48705.3,48744.7,4397.0,214330445.89999998
2025-12-26 21:00:00,48745.2,48754.8,48726.5,48744.8,1140.0,55569072.0
2025-12-26 21:30:00,48745.3,48751.6,48737.3,48749.3,365.0,17793494.5
2025-12-28 23:00:00,48764.9,48793.5,48751.7,48775.8,802.0,39118191.6
2025-12-28 23:30:00,48776.4,48793.4,48776.1,48781.3,563.0,27463871.900000002
2025-12-29 00:00:00,48781.7,48786.7,48768.2,48778.7,920.0,44876404.0
2025-12-29 00:30:00,48778.2,48804.5,48775.2,48800.2,697.0,34013739.4
2025-12-29 01:00:00,48799.3,48811.5,48778.2,48780.4,797.0,38877978.800000004
2025-12-29 01:30:00,48779.4,48790.8,48765.4,48769.2,839.0,40917358.8
2025-12-29 02:00:00,48769.7,48776.7,48764.5,48767.4,538.0,26236861.2
2025-12-29 02:30:00,48767.8,48774.8,48761.3,48761.3,439.0,21406210.700000003
2025-12-29 03:00:00,48760.4,48773.6,48760.4,48768.3,329.0,16044770.700000001
2025-12-29 03:30:00,48768.8,48784.8,48768.3,48776.8,389.0,18974175.200000003
2025-12-29 04:00:00,48777.6,48781.6,48771.3,48772.2,241.0,11754100.2
2025-12-29 04:30:00,48772.8,48781.6,48756.4,48757.6,237.0,11555551.2
2025-12-29 05:00:00,48757.1,48757.1,48739.3,48751.6,711.0,34662387.6
2025-12-29 05:30:00,48752.6,48756.8,48742.5,48747.6,449.0,21887672.4
2025-12-29 06:00:00,48747.2,48774.8,48742.3,48768.8,620.0,30236656.0
2025-12-29 06:30:00,48769.6,48772.8,48744.4,48751.2,495.0,24131844.0
2025-12-29 07:00:00,48750.3,48771.5,48736.4,48771.5,889.0,43357863.5
2025-12-29 07:30:00,48773.2,48775.7,48763.3,48763.7,602.0,29355747.4
2025-12-29 08:00:00,48765.2,48767.7,48725.3,48739.2,2363.0,115170729.6
2025-12-29 08:30:00,48739.6,48746.7,48707.4,48719.0,2375.0,115707625.0
2025-12-29 09:00:00,48720.0,48756.1,48720.0,48753.6,1845.0,89950392.0
2025-12-29 09:30:00,48752.7,48770.9,48745.1,48764.9,1107.0,53982744.300000004
2025-12-29 10:00:00,48764.7,48784.0,48757.5,48773.2,925.0,45115210.0
2025-12-29 10:30:00,48773.1,48776.0,48753.7,48755.9,819.0,39931082.1
2025-12-29 11:00:00,48755.5,48763.8,48742.7,48750.2,899.0,43826429.8
2025-12-29 11:30:00,48750.7,48765.5,48745.4,48763.7,764.0,37255466.8
2025-12-29 12:00:00,48763.3,48763.3,48734.5,48735.2,917.0,44690178.4
2025-12-29 12:30:00,48734.6,48736.4,48677.3,48707.5,1263.0,61517572.5
2025-12-29 13:00:00,48707.8,48715.7,48684.2,48700.3,1340.0,65258402.00000001
2025-12-29 13:30:00,48699.5,48708.3,48633.3,48662.5,2236.0,108809350.0
2025-12-29 14:00:00,48662.8,48662.8,48588.8,48638.7,3133.0,152385047.1
2025-12-29 14:30:00,48638.2,48748.4,48560.2,48599.7,21492.0,1044504752.4
2025-12-29 15:00:00,48600.5,48611.7,48535.3,48543.8,11918.0,578545008.4
2025-12-29 15:30:00,48543.4,48564.7,48489.3,48519.4,9709.0,471074854.6
2025-12-29 16:00:00,48519.8,48539.6,48483.4,48497.8,7612.0,369165253.6
2025-12-29 16:30:00,48497.3,48529.8,48457.3,48501.8,5849.0,283687028.2
2025-12-29 17:00:00,48502.6,48507.8,48434.5,48444.8,4013.0,194408982.4
2025-12-29 17:30:00,48444.3,48471.8,48424.3,48463.8,4029.0,195260650.20000002
2025-12-29 18:00:00,48463.3,48528.8,48459.3,48522.8,3784.0,183610275.20000002
2025-12-29 18:30:00,48523.0,48566.6,48512.3,48513.8,3262.0,158252015.60000002
2025-12-29 19:00:00,48513.3,48530.8,48470.4,48529.8,3448.0,167330750.4
2025-12-29 19:30:00,48530.6,48570.8,48527.3,48566.3,3490.0,169496387.0
2025-12-29 20:00:00,48566.8,48600.8,48563.3,48575.3,2568.0,124741370.4
2025-12-29 20:30:00,48575.8,48585.8,48484.2,48513.8,5264.0,255376643.20000002
2025-12-29 21:00:00,48513.3,48532.9,48490.3,48530.4,1215.0,58964436.0
2025-12-29 21:30:00,48530.7,48530.7,48513.7,48520.6,339.0,16448483.4
2025-12-29 23:00:00,48532.0,48533.2,48501.2,48501.3,753.0,36521478.9
2025-12-29 23:30:00,48501.7,48526.5,48501.7,48507.4,680.0,32985032.0
2025-12-30 00:00:00,48507.8,48526.7,48506.2,48525.7,554.0,26883237.799999997
2025-12-30 00:30:00,48526.5,48528.5,48503.4,48503.4,576.0,27937958.400000002
2025-12-30 01:00:00,48503.8,48526.7,48498.5,48513.4,701.0,34007893.4
2025-12-30 01:30:00,48512.5,48524.6,48510.3,48524.2,653.0,31686302.599999998
2025-12-30 02:00:00,48524.8,48526.8,48500.3,48500.8,528.0,25608422.400000002
2025-12-30 02:30:00,48500.3,48507.8,48496.3,48501.2,538.0,26093645.599999998
2025-12-30 03:00:00,48501.8,48516.8,48501.3,48513.8,419.0,20327282.200000003
2025-12-30 03:30:00,48513.3,48529.6,48509.5,48510.8,558.0,27069026.400000002
2025-12-30 04:00:00,48510.3,48530.8,48504.4,48517.3,410.0,19892093.0
2025-12-30 04:30:00,48517.8,48522.8,48517.3,48519.3,247.0,11984267.100000001
2025-12-30 05:00:00,48519.8,48523.7,48511.5,48515.4,380.0,18435852.0
2025-12-30 05:30:00,48514.5,48525.7,48502.5,48520.1,394.0,19116919.4
2025-12-30 06:00:00,48518.8,48519.8,48493.2,48493.7,513.0,24877268.099999998
2025-12-30 06:30:00,48494.5,48509.6,48493.2,48503.3,387.0,18770777.1
2025-12-30 07:00:00,48502.4,48502.4,48468.4,48473.1,719.0,34852158.9
2025-12-30 07:30:00,48472.3,48474.5,48449.1,48458.7,507.0,24568560.9
2025-12-30 08:00:00,48460.2,48510.8,48457.3,48498.7,1683.0,81623312.1
2025-12-30 08:30:00,48498.5,48528.0,48495.1,48519.7,986.0,47840424.199999996
2025-12-30 09:00:00,48519.5,48531.6,48513.1,48515.5,838.0,40655989.0
2025-12-30 09:30:00,48515.8,48521.9,48503.2,48516.1,792.0,38424751.199999996
2025-12-30 10:00:00,48516.1,48526.8,48510.8,48524.3,731.0,35471263.300000004
2025-12-30 10:30:00,48524.1,48524.9,48499.9,48502.4,796.0,38607910.4
2025-12-30 11:00:00,48501.9,48503.3,48470.4,48480.0,754.0,36553920.0
2025-12-30 11:30:00,48480.0,48524.4,48477.4,48514.4,752.0,36482828.800000004
2025-12-30 12:00:00,48514.8,48527.6,48505.2,48505.4,882.0,42781762.800000004
2025-12-30 12:30:00,48504.9,48517.9,48491.2,48501.1,1107.0,53690717.699999996
2025-12-30 13:00:00,48500.5,48517.8,48485.2,48500.6,1150.0,55775690.0
2025-12-30 13:30:00,48499.9,48508.1,48485.6,48501.0,1467.0,71150967.0
2025-12-30 14:00:00,48501.6,48517.3,48492.4,48517.1,1848.0,89659600.8
2025-12-30 14:30:00,48518.2,48529.5,48332.2,48463.7,20466.0,991858084.1999999
2025-12-30 15:00:00,48463.2,48476.7,48385.2,48402.8,11759.0,569168525.2
2025-12-30 15:30:00,48402.3,48425.8,48357.3,48413.6,7732.0,374333955.2
2025-12-30 16:00:00,48413.2,48481.8,48408.3,48466.8,5891.0,285517918.8
2025-12-30 16:30:00,48466.3,48472.8,48388.5,48392.3,4686.0,226766317.8
2025-12-30 17:00:00,48391.4,48410.6,48355.5,48407.1,3546.0,171651576.6
2025-12-30 17:30:00,48407.7,48455.8,48407.7,48446.3,2674.0,129545406.2
2025-12-30 18:00:00,48446.8,48460.5,48424.3,48457.3,2427.0,117605867.10000001
2025-12-30 18:30:00,48456.4,48475.8,48445.5,48463.9,2041.0,98914819.9
2025-12-30 19:00:00,48463.4,48470.8,48436.8,48449.2,2951.0,142973589.2
2025-12-30 19:30:00,48449.8,48462.8,48411.3,48429.2,2849.0,137974790.79999998
2025-12-30 20:00:00,48429.8,48457.8,48412.4,48452.2,3237.0,156839771.39999998
2025-12-30 20:30:00,48451.4,48477.8,48404.4,48419.7,4602.0,222827459.39999998
2025-12-30 21:00:00,48419.2,48438.8,48405.4,48437.7,1479.0,71639358.3
2025-12-30 21:30:00,48438.2,48450.8,48436.3,48442.4,419.0,20297365.6
2025-12-30 23:00:00,48455.8,48463.5,48430.0,48436.2,819.0,39669247.8
2025-12-30 23:30:00,48436.7,48443.7,48422.2,48435.7,472.0,22861650.4
2025-12-31 00:00:00,48435.2,48435.2,48416.3,48423.3,454.0,21984178.200000003
2025-12-31 00:30:00,48421.7,48421.7,48377.4,48384.2,703.0,34014092.6
2025-12-31 01:00:00,48383.3,48391.7,48353.2,48384.2,1316.0,63673607.199999996
2025-12-31 01:30:00,48383.3,48389.7,48369.2,48377.7,809.0,39137559.3
2025-12-31 02:00:00,48377.2,48396.7,48374.2,48394.7,661.0,31988896.7
2025-12-31 02:30:00,48394.2,48417.8,48393.3,48412.2,786.0,38051989.199999996
2025-12-31 03:00:00,48411.4,48418.8,48405.3,48405.3,519.0,25122350.700000003
2025-12-31 03:30:00,48404.4,48411.6,48398.3,48404.2,356.0,17231895.2
2025-12-31 04:00:00,48404.8,48412.8,48402.3,48410.6,415.0,20090399.0
2025-12-31 04:30:00,48410.2,48412.8,48395.3,48395.3,276.0,13357102.8
2025-12-31 05:00:00,48395.8,48400.8,48387.5,48391.5,370.0,17904855.0
2025-12-31 05:30:00,48391.9,48396.8,48367.2,48371.7,546.0,26410948.2
2025-12-31 06:00:00,48371.2,48377.6,48355.5,48360.4,657.0,31772782.8
2025-12-31 06:30:00,48360.7,48370.6,48360.2,48369.7,410.0,19831577.0
2025-12-31 07:00:00,48369.2,48379.5,48353.3,48376.2,609.0,29461105.799999997
2025-12-31 07:30:00,48376.7,48385.5,48366.3,48372.2,493.0,23847494.599999998
2025-12-31 08:00:00,48372.7,48377.2,48357.1,48357.8,884.0,42748295.2
2025-12-31 08:30:00,48358.6,48360.9,48341.4,48345.8,1017.0,49167678.6
2025-12-31 09:00:00,48345.7,48367.1,48340.9,48358.6,1067.0,51598626.199999996
2025-12-31 09:30:00,48358.5,48367.0,48344.5,48346.9,591.0,28573017.900000002
2025-12-31 10:00:00,48346.7,48350.1,48332.4,48348.6,586.0,28332279.599999998
2025-12-31 10:30:00,48349.1,48357.9,48340.3,48340.4,529.0,25572071.6
2025-12-31 11:00:00,48340.4,48361.1,48334.9,48350.9,581.0,28091872.900000002
2025-12-31 11:30:00,48350.3,48354.8,48343.9,48353.4,562.0,27174610.8
2025-12-31 12:00:00,48353.4,48382.9,48343.3,48380.8,735.0,35559888.0
2025-12-31 12:30:00,48380.4,48392.8,48378.9,48388.3,720.0,34839576.0
2025-12-31 13:00:00,48388.7,48394.3,48377.2,48383.6,847.0,40980909.199999996
2025-12-31 13:30:00,48383.2,48436.8,48379.3,48422.6,1628.0,78831992.8
2025-12-31 14:00:00,48422.2,48445.7,48420.2,48421.7,1463.0,70840947.1
2025-12-31 14:30:00,48421.0,48434.6,48275.2,48337.2,15740.0,760827528.0
2025-12-31 15:00:00,48336.3,48339.7,48241.3,48269.4,11191.0,540182855.4
2025-12-31 15:30:00,48268.5,48298.8,48212.4,48216.3,7203.0,347302008.90000004
2025-12-31 16:00:00,48215.4,48278.8,48210.5,48267.8,5960.0,287676088.0
2025-12-31 16:30:00,48268.7,48297.8,48246.3,48284.3,4346.0,209843567.8
2025-12-31 17:00:00,48284.8,48286.8,48215.2,48242.7,3951.0,190606907.7
2025-12-31 17:30:00,48243.6,48275.7,48224.3,48229.7,3278.0,158096956.6
2025-12-31 18:00:00,48229.3,48275.8,48229.2,48274.3,2892.0,139609275.6
2025-12-31 18:30:00,48274.8,48331.8,48271.3,48320.2,3310.0,159939862.0
2025-12-31 19:00:00,48320.8,48343.6,48266.3,48266.8,3490.0,168451132.0
2025-12-31 19:30:00,48267.7,48275.8,48200.3,48206.3,6054.0,291840940.2
2025-12-31 20:00:00,48206.8,48212.4,48122.3,48135.7,7493.0,360680800.09999996
2025-12-31 20:30:00,48135.2,48208.8,48085.3,48109.8,10468.0,503613386.40000004
2025-12-31 21:00:00,48110.7,48148.7,48110.2,48135.2,2568.0,123611193.6
2025-12-31 21:30:00,48134.8,48134.9,48112.6,48122.3,554.0,26659754.200000003
2026-01-01 23:00:00,48156.2,48192.7,48133.0,48181.2,1281.0,61720117.199999996
2026-01-01 23:30:00,48181.7,48202.5,48174.2,48179.6,642.0,30931303.2
2026-01-02 00:00:00,48179.1,48191.7,48159.4,48190.7,838.0,40383806.599999994
2026-01-02 00:30:00,48191.5,48191.7,48168.2,48181.3,470.0,22645211.0
2026-01-02 01:00:00,48181.7,48214.5,48181.7,48197.3,1098.0,52920635.400000006
2026-01-02 01:30:00,48196.4,48207.6,48194.3,48195.5,660.0,31809030.0
2026-01-02 02:00:00,48194.5,48211.7,48187.5,48208.1,676.0,32588675.599999998
2026-01-02 02:30:00,48207.3,48221.6,48204.2,48216.8,413.0,19913538.400000002
2026-01-02 03:00:00,48216.3,48227.5,48211.3,48225.7,291.0,14033678.7
2026-01-02 03:30:00,48225.2,48239.8,48220.5,48239.8,408.0,19681838.400000002
2026-01-02 04:00:00,48240.7,48248.7,48233.2,48236.7,365.0,17606395.5
2026-01-02 04:30:00,48237.5,48243.7,48221.4,48223.2,416.0,20060851.2
2026-01-02 05:00:00,48222.4,48234.7,48220.2,48234.2,476.0,22959479.2
2026-01-02 05:30:00,48234.7,48244.7,48232.2,48241.7,281.0,13555917.7
2026-01-02 06:00:00,48241.2,48257.7,48241.2,48251.2,241.0,11628539.2
2026-01-02 06:30:00,48251.7,48252.7,48233.2,48233.8,268.0,12926658.4
2026-01-02 07:00:00,48233.2,48235.5,48199.4,48211.8,557.0,26853972.6
2026-01-02 07:30:00,48212.6,48213.7,48198.4,48200.3,517.0,24919555.1
2026-01-02 08:00:00,48201.5,48223.7,48192.3,48205.8,1775.0,85565295.0
2026-01-02 08:30:00,48205.3,48237.5,48196.5,48225.3,1406.0,67804771.8
2026-01-02 09:00:00,48225.4,48275.9,48223.1,48275.5,1890.0,91240695.0
2026-01-02 09:30:00,48275.4,48297.5,48266.1,48294.7,975.0,47087332.5
2026-01-02 10:00:00,48295.2,48303.7,48272.8,48278.8,1183.0,57113820.400000006
2026-01-02 10:30:00,48278.7,48303.0,48262.3,48302.3,1015.0,49026834.5
2026-01-02 11:00:00,48302.6,48316.5,48290.9,48293.6,876.0,42305193.6
2026-01-02 11:30:00,48293.3,48329.8,48293.2,48321.5,923.0,44600744.5
2026-01-02 12:00:00,48320.9,48343.1,48296.3,48299.5,1332.0,64334934.0
2026-01-02 12:30:00,48299.5,48311.0,48290.7,48295.9,1035.0,49986256.5
2026-01-02 13:00:00,48296.5,48301.0,48271.0,48272.7,1168.0,56382513.599999994
2026-01-02 13:30:00,48272.4,48275.8,48238.9,48262.2,1525.0,73599855.0
2026-01-02 14:00:00,48262.6,48282.1,48226.8,48229.0,2493.0,120234897.0
2026-01-02 14:30:00,48227.9,48232.9,47864.1,48109.6,32938.0,1584634004.8
2026-01-02 15:00:00,48109.7,48177.7,47913.2,47988.3,26774.0,1284838744.2
2026-01-02 15:30:00,47988.7,48201.6,47969.2,48131.6,26179.0,1260037156.3999999
2026-01-02 16:00:00,48131.1,48280.7,48103.2,48221.5,22157.0,1068443775.5
2026-01-02 16:30:00,48221.8,48256.7,48080.4,48136.2,17370.0,836125794.0
2026-01-02 17:00:00,48136.7,48276.5,48127.7,48257.7,12266.0,591928948.1999999
2026-01-02 17:30:00,48258.5,48297.5,48134.5,48156.7,10455.0,503478298.49999994
2026-01-02 18:00:00,48156.3,48206.7,48113.2,48156.4,7473.0,359872777.2
2026-01-02 18:30:00,48157.4,48190.8,48102.2,48172.4,8112.0,390774508.8
2026-01-02 19:00:00,48172.2,48359.7,48157.2,48353.1,10485.0,506982253.5
2026-01-02 19:30:00,48353.7,48423.7,48349.2,48387.7,8557.0,414053548.9
2026-01-02 20:00:00,48388.6,48424.8,48357.4,48369.7,7675.0,371237447.5
2026-01-02 20:30:00,48369.2,48400.5,48295.2,48389.7,10507.0,508430577.9
2026-01-02 21:00:00,48389.2,48407.0,48368.3,48392.7,1846.0,89332924.19999999
2026-01-02 21:30:00,48393.5,48393.7,48359.1,48367.7,413.0,19975860.099999998
2026-01-04 23:00:00,48426.8,48432.0,48377.1,48410.2,2375.0,114974225.0
2026-01-04 23:30:00,48409.3,48409.7,48371.2,48402.2,1867.0,90366907.39999999
2026-01-05 00:00:00,48402.0,48413.6,48372.3,48409.9,2516.0,121799308.4
2026-01-05 00:30:00,48409.3,48412.8,48383.3,48409.8,1663.0,80505497.4
2026-01-05 01:00:00,48409.3,48428.7,48364.4,48387.7,2266.0,109646528.19999999
2026-01-05 01:30:00,48387.2,48410.8,48372.1,48396.8,1590.0,76950912.0
2026-01-05 02:00:00,48397.6,48418.8,48397.2,48411.4,922.0,44635310.800000004
2026-01-05 02:30:00,48411.8,48434.7,48406.5,48425.1,659.0,31912140.9
2026-01-05 03:00:00,48424.3,48424.7,48406.4,48407.7,512.0,24784742.4
2026-01-05 03:30:00,48407.2,48407.7,48380.4,48380.8,610.0,29512288.0
2026-01-05 04:00:00,48380.3,48399.7,48376.5,48393.7,471.0,22793432.7
2026-01-05 04:30:00,48394.5,48430.7,48393.1,48423.2,429.0,20773552.799999997
2026-01-05 05:00:00,48423.7,48425.7,48400.4,48420.4,731.0,35395312.4
2026-01-05 05:30:00,48419.4,48431.7,48417.2,48430.1,432.0,20921803.2
2026-01-05 06:00:00,48429.3,48438.8,48407.2,48409.2,604.0,29239156.799999997
2026-01-05 06:30:00,48409.7,48467.7,48403.5,48464.2,879.0,42600031.8
2026-01-05 07:00:00,48464.7,48476.7,48416.2,48418.2,1072.0,51904310.4
2026-01-05 07:30:00,48418.7,48444.7,48413.4,48441.4,972.0,47085040.800000004
2026-01-05 08:00:00,48441.8,48473.7,48420.4,48454.9,3189.0,154522676.1
2026-01-05 08:30:00,48454.4,48476.7,48447.2,48453.3,2492.0,120745623.60000001
2026-01-05 09:00:00,48453.4,48463.2,48408.3,48410.4,1959.0,94835973.60000001
2026-01-05 09:30:00,48409.6,48443.1,48397.5,48421.7,1586.0,76796816.19999999
2026-01-05 10:00:00,48420.6,48449.2,48417.1,48421.3,1460.0,70695098.0
2026-01-05 10:30:00,48420.6,48423.7,48412.0,48416.3,1068.0,51708608.400000006
2026-01-05 11:00:00,48416.1,48438.0,48407.3,48422.4,959.0,46437081.6
2026-01-05 11:30:00,48422.7,48443.8,48415.7,48439.3,1038.0,50279993.400000006
2026-01-05 12:00:00,48439.2,48457.6,48395.6,48403.3,1435.0,69458735.5
2026-01-05 12:30:00,48403.6,48420.7,48384.2,48409.4,1381.0,66853381.4
2026-01-05 13:00:00,48409.7,48413.3,48347.2,48365.6,2245.0,108580772.0
2026-01-05 13:30:00,48365.3,48464.1,48361.7,48448.8,2453.0,118844906.4
2026-01-05 14:00:00,48449.2,48514.8,48437.4,48472.1,4740.0,229757754.0
2026-01-05 14:30:00,48472.4,48990.4,48460.2,48939.0,42704.0,2089891056.0
2026-01-05 15:00:00,48937.2,49099.5,48917.1,49097.2,26471.0,1299651981.1999998
2026-01-05 15:30:00,49097.7,49120.7,49038.2,49073.6,14785.0,725553176.0
2026-01-05 16:00:00,49074.5,49146.5,49039.4,49099.1,11313.0,555458118.3
2026-01-05 16:30:00,49098.3,49168.7,49059.2,49160.7,8600.0,422782020.0
2026-01-05 17:00:00,49161.5,49202.6,49140.2,49148.5,8702.0,427690247.0
2026-01-05 17:30:00,49148.1,49215.7,49148.1,49186.9,6681.0,328617678.90000004
2026-01-05 18:00:00,49186.3,49223.7,49167.2,49207.3,6727.0,331017507.1
2026-01-05 18:30:00,49206.4,49251.8,49203.3,49239.3,4135.0,203604505.5
2026-01-05 19:00:00,49238.5,49255.8,49199.3,49206.3,4485.0,220690255.5
2026-01-05 19:30:00,49206.8,49214.6,49093.4,49112.2,5813.0,285489218.59999996
2026-01-05 20:00:00,49112.7,49151.8,49070.2,49096.3,5818.0,285642273.40000004
2026-01-05 20:30:00,49096.8,49111.8,49005.1,49030.1,8222.0,403125482.2
2026-01-05 21:00:00,49029.3,49046.2,49011.4,49040.8,1561.0,76552688.80000001
2026-01-05 21:30:00,49041.2,49041.2,49010.5,49012.3,609.0,29848490.700000003
2026-01-05 23:00:00,49019.8,49039.9,49019.6,49033.7,822.0,40305701.4
2026-01-05 23:30:00,49033.2,49034.5,49001.4,49003.5,1053.0,51600685.5
2026-01-06 00:00:00,49004.5,49018.8,48992.2,49010.7,1382.0,67732787.39999999
2026-01-06 00:30:00,49010.2,49011.7,48994.3,49002.6,789.0,38663051.4
2026-01-06 01:00:00,49003.6,49040.7,48999.2,49038.3,1149.0,56345006.7
2026-01-06 01:30:00,49038.7,49059.9,49029.8,49042.2,1231.0,60370948.199999996
2026-01-06 02:00:00,49042.7,49046.7,49031.2,49044.2,647.0,31731597.4
2026-01-06 02:30:00,49044.7,49049.6,49036.4,49048.1,536.0,26289781.599999998
2026-01-06 03:00:00,49048.7,49048.7,49036.3,49041.8,340.0,16674212.000000002
2026-01-06 03:30:00,49041.3,49046.8,49036.5,49044.3,457.0,22413245.1
2026-01-06 04:00:00,49044.8,49059.8,49044.8,49045.4,483.0,23688928.2
2026-01-06 04:30:00,49045.7,49049.7,49029.3,49035.9,473.0,23193980.7
2026-01-06 05:00:00,49035.3,49040.6,49030.3,49038.2,412.0,20203738.4
2026-01-06 05:30:00,49037.4,49040.8,49021.4,49025.2,575.0,28189490.0
2026-01-06 06:00:00,49024.3,49036.6,49009.4,49032.2,654.0,32067058.799999997
2026-01-06 06:30:00,49031.3,49060.8,49031.2,49044.7,607.0,29770132.9
2026-01-06 07:00:00,49045.5,49046.5,49021.2,49026.8,464.0,22748435.200000003
2026-01-06 07:30:00,49027.6,49033.6,49014.2,49023.2,486.0,23825275.2
2026-01-06 08:00:00,49021.7,49022.5,48925.4,48925.4,3061.0,149760649.4
2026-01-06 08:30:00,48925.2,48928.7,48892.3,48912.8,2319.0,113428783.2
2026-01-06 09:00:00,48914.1,48948.7,48889.3,48932.9,2277.0,111420213.3
2026-01-06 09:30:00,48932.7,48936.0,48892.6,48892.6,1852.0,90549095.2
2026-01-06 10:00:00,48892.6,48933.7,48886.5,48930.3,1396.0,68306698.8
2026-01-06 10:30:00,48929.6,48943.9,48921.1,48922.7,875.0,42807362.5
2026-01-06 11:00:00,48923.2,48952.8,48917.4,48940.2,929.0,45465445.8
2026-01-06 11:30:00,48939.8,48945.8,48924.6,48925.2,860.0,42075672.0
2026-01-06 12:00:00,48924.8,48956.4,48920.7,48955.4,1158.0,56690353.2
2026-01-06 12:30:00,48955.5,49004.1,48940.2,48999.8,1094.0,53605781.2
2026-01-06 13:00:00,48998.1,49002.7,48958.3,48964.7,1647.0,80644860.89999999
2026-01-06 13:30:00,48964.9,49002.7,48944.2,48972.5,2322.0,113714145.0
2026-01-06 14:00:00,48972.1,48978.6,48938.3,48970.1,3648.0,178642924.79999998
2026-01-06 14:30:00,48969.6,49136.4,48926.6,49108.8,32284.0,1585428499.2
2026-01-06 15:00:00,49109.6,49230.5,49096.1,49218.7,16569.0,815504640.3
2026-01-06 15:30:00,49218.2,49230.5,49099.7,49147.2,13980.0,687077856.0
2026-01-06 16:00:00,49146.4,49259.2,49127.2,49253.4,13326.0,656350808.4
2026-01-06 16:30:00,49254.2,49293.5,49210.4,49285.8,8251.0,406657135.8
2026-01-06 17:00:00,49285.3,49397.7,49281.2,49390.7,5856.0,289231939.2
2026-01-06 17:30:00,49391.5,49456.7,49387.2,49443.7,4857.0,240148050.89999998
2026-01-06 18:00:00,49444.5,49472.7,49422.4,49460.3,4381.0,216685574.3
2026-01-06 18:30:00,49459.5,49494.8,49449.2,49494.3,4384.0,216983011.20000002
2026-01-06 19:00:00,49494.8,49534.7,49485.2,49485.2,3567.0,176513708.39999998
2026-01-06 19:30:00,49485.7,49509.8,49468.2,49499.3,3464.0,171465575.20000002
2026-01-06 20:00:00,49498.5,49547.8,49495.3,49536.5,3416.0,169216684.0
2026-01-06 20:30:00,49535.5,49552.7,49496.3,49501.8,5576.0,276022036.8
2026-01-06 21:00:00,49502.3,49541.7,49494.5,49539.0,1530.0,75794670.0
2026-01-06 21:30:00,49539.3,49540.6,49528.0,49532.5,493.0,24419522.5
2026-01-06 23:00:00,49536.7,49549.5,49522.2,49537.7,716.0,35468993.199999996
2026-01-06 23:30:00,49538.5,49538.7,49516.4,49519.5,569.0,28176595.5
2026-01-07 00:00:00,49520.5,49543.5,49520.5,49541.7,876.0,43398529.199999996
2026-01-07 00:30:00,49541.2,49548.7,49529.9,49540.2,722.0,35768024.4
2026-01-07 01:00:00,49540.7,49547.7,49532.2,49545.7,788.0,39042011.599999994
2026-01-07 01:30:00,49546.5,49579.7,49535.2,49568.2,1164.0,57697384.8
2026-01-07 02:00:00,49567.4,49578.5,49557.2,49559.4,647.0,32064931.8
2026-01-07 02:30:00,49559.8,49582.7,49556.2,49571.2,419.0,20770332.799999997
2026-01-07 03:00:00,49571.7,49583.5,49557.2,49570.2,597.0,29593409.4
2026-01-07 03:30:00,49570.7,49575.7,49560.2,49567.1,423.0,20966883.3
2026-01-07 04:00:00,49567.7,49582.7,49560.2,49578.1,515.0,25532721.5
2026-01-07 04:30:00,49577.3,49596.5,49577.2,49589.1,454.0,22513451.4
2026-01-07 05:00:00,49588.3,49598.8,49584.2,49596.3,379.0,18796997.7
2026-01-07 05:30:00,49595.5,49596.8,49571.4,49575.7,321.0,15913799.7
2026-01-07 06:00:00,49576.5,49585.7,49568.2,49568.7,362.0,17943869.4
2026-01-07 06:30:00,49568.2,49575.7,49540.2,49541.2,466.0,23086199.2
2026-01-07 07:00:00,49541.7,49563.5,49541.3,49558.9,419.0,20765179.1
2026-01-07 07:30:00,49558.3,49562.5,49543.2,49545.1,419.0,20759396.9
2026-01-07 08:00:00,49546.4,49561.4,49540.2,49545.2,1380.0,68372376.0
2026-01-07 08:30:00,49544.5,49556.9,49535.2,49547.6,1121.0,55542859.6
2026-01-07 09:00:00,49547.8,49579.0,49538.8,49549.6,1724.0,85423510.39999999
2026-01-07 09:30:00,49549.4,49553.6,49522.8,49534.7,899.0,44531695.3
2026-01-07 10:00:00,49534.2,49545.2,49512.3,49513.7,912.0,45156494.4
2026-01-07 10:30:00,49513.9,49537.8,49510.2,49535.7,993.0,49188950.099999994
2026-01-07 11:00:00,49536.2,49546.7,49530.7,49531.3,760.0,37643788.0
2026-01-07 11:30:00,49531.7,49542.7,49525.9,49539.6,806.0,39928917.6
2026-01-07 12:00:00,49540.5,49546.9,49529.7,49536.4,994.0,49239181.6
2026-01-07 12:30:00,49536.5,49556.9,49517.2,49555.2,1144.0,56691148.8
2026-01-07 13:00:00,49554.9,49567.5,49534.3,49564.5,1492.0,73950234.0
2026-01-07 13:30:00,49564.7,49589.6,49561.3,49578.3,1671.0,82845339.30000001
2026-01-07 14:00:00,49578.5,49611.5,49561.9,49605.1,2931.0,145392548.1
2026-01-07 14:30:00,49606.1,49665.5,49397.2,49415.7,26327.0,1300967133.8999999
2026-01-07 15:00:00,49414.9,49431.6,49255.5,49265.2,16333.0,804648511.5999999
2026-01-07 15:30:00,49264.4,49338.5,49238.2,49315.7,14012.0,691011588.4
2026-01-07 16:00:00,49316.5,49352.5,49297.4,49340.3,8466.0,417714979.8
2026-01-07 16:30:00,49339.5,49414.7,49319.2,49404.6,6791.0,335506638.59999996
2026-01-07 17:00:00,49405.6,49436.7,49392.2,49410.8,5313.0,262519580.4
2026-01-07 17:30:00,49410.2,49415.7,49293.3,49308.2,6694.0,330069090.79999995
2026-01-07 18:00:00,49307.4,49307.5,49217.3,49223.2,7330.0,360806056.0
2026-01-07 18:30:00,49222.4,49266.8,49199.4,49266.3,5739.0,282739295.7
2026-01-07 19:00:00,49266.8,49273.7,49164.4,49184.7,7447.0,366278460.9
2026-01-07 19:30:00,49185.5,49231.8,49179.3,49189.6,5686.0,279692065.59999996
2026-01-07 20:00:00,49189.2,49194.7,49068.2,49076.8,8580.0,421078944.0
2026-01-07 20:30:00,49076.3,49076.3,48982.2,49032.4,10740.0,526607976.0
2026-01-07 21:00:00,49032.8,49033.7,48973.2,48988.6,2095.0,102631117.0
2026-01-07 21:30:00,48988.8,49034.6,48982.9,49024.0,988.0,48435712.0
2026-01-07 23:00:00,49053.7,49059.7,49036.1,49043.6,1039.0,50956300.4
2026-01-07 23:30:00,49044.4,49061.7,49030.1,49058.2,706.0,34635089.199999996
2026-01-08 00:00:00,49058.7,49068.5,49046.4,49047.7,769.0,37717681.3
2026-01-08 00:30:00,49047.2,49066.5,49046.4,49062.7,543.0,26641046.099999998
2026-01-08 01:00:00,49063.5,49064.5,49028.2,49041.1,918.0,45019729.8
2026-01-08 01:30:00,49040.3,49051.5,49024.4,49048.3,846.0,41494861.800000004
2026-01-08 02:00:00,49047.4,49059.7,49011.2,49012.5,1035.0,50727937.5
2026-01-08 02:30:00,49013.5,49020.6,48978.4,48985.7,1314.0,64367209.8
2026-01-08 03:00:00,48986.5,48989.5,48946.2,48959.4,856.0,41909246.4
2026-01-08 03:30:00,48959.8,48973.7,48953.4,48967.2,717.0,35109482.4
2026-01-08 04:00:00,48966.4,48969.7,48948.2,48958.2,643.0,31480122.599999998
2026-01-08 04:30:00,48957.4,48960.7,48951.4,48952.7,475.0,23252532.5
2026-01-08 05:00:00,48953.5,48957.7,48930.4,48938.2,693.0,33914172.6
2026-01-08 05:30:00,48938.7,48938.7,48905.2,48907.2,811.0,39663739.199999996
2026-01-08 06:00:00,48907.7,48909.5,48865.3,48865.3,1960.0,95775988.0
2026-01-08 06:30:00,48865.8,48901.5,48864.5,48895.8,1305.0,63809019.00000001
2026-01-08 07:00:00,48896.6,48934.6,48868.2,48901.2,2592.0,126751910.39999999
2026-01-08 07:30:00,48900.4,48926.7,48894.2,48909.1,1412.0,69059649.2
2026-01-08 08:00:00,48907.7,48943.2,48905.0,48941.2,2002.0,97980282.39999999
2026-01-08 08:30:00,48940.8,48946.3,48912.3,48915.7,1565.0,76553070.5
2026-01-08 09:00:00,48916.3,48937.6,48911.3,48913.7,1452.0,71022692.39999999
2026-01-08 09:30:00,48914.2,48916.7,48886.7,48894.4,1361.0,66545278.4
2026-01-08 10:00:00,48894.7,48895.1,48864.2,48871.6,1240.0,60600784.0
2026-01-08 10:30:00,48871.7,48900.1,48869.4,48889.6,1123.0,54903020.8
2026-01-08 11:00:00,48890.5,48908.4,48885.4,48898.9,1011.0,49436787.9
2026-01-08 11:30:00,48898.4,48902.6,48846.1,48865.3,2059.0,100613652.7
2026-01-08 12:00:00,48864.4,48875.7,48835.3,48867.2,1856.0,90697523.19999999
2026-01-08 12:30:00,48866.5,48867.7,48831.0,48854.3,1379.0,67370079.7
2026-01-08 13:00:00,48853.8,48889.8,48847.4,48887.2,1818.0,88876929.6
2026-01-08 13:30:00,48887.8,48899.8,48845.8,48861.4,2108.0,102999831.2
2026-01-08 14:00:00,48860.6,48865.8,48797.8,48814.6,3147.0,153619546.2
2026-01-08 14:30:00,48815.1,49119.7,48810.5,49080.3,35441.0,1739454912.3000002
2026-01-08 15:00:00,49080.6,49225.7,49055.2,49168.7,18523.0,910751830.0999999
2026-01-08 15:30:00,49169.5,49251.7,49126.4,49247.7,19555.0,963038773.5
2026-01-08 16:00:00,49248.5,49292.7,49181.4,49285.7,15479.0,762893350.3
2026-01-08 16:30:00,49285.2,49339.8,49258.4,49320.2,13100.0,646094620.0
2026-01-08 17:00:00,49319.4,49351.7,49290.3,49306.8,9073.0,447360596.40000004
2026-01-08 17:30:00,49306.3,49380.8,49306.3,49347.5,7116.0,351156810.0
2026-01-08 18:00:00,49347.1,49360.7,49267.2,49299.5,8183.0,403417808.5
2026-01-08 18:30:00,49299.8,49333.7,49268.2,49280.2,6375.0,314161275.0
2026-01-08 19:00:00,49280.7,49319.5,49240.2,49289.3,7509.0,370113353.70000005
2026-01-08 19:30:00,49289.8,49319.5,49242.3,49262.2,6146.0,302765481.2
2026-01-08 20:00:00,49262.7,49306.8,49248.4,49305.2,5689.0,280497282.8
2026-01-08 20:30:00,49305.8,49330.8,49275.2,49279.7,8432.0,415526430.4
2026-01-08 21:00:00,49280.5,49342.1,49276.7,49341.2,1451.0,71594081.2
2026-01-08 21:30:00,49340.7,49396.7,49339.5,49364.7,1092.0,53906252.4
2026-01-08 23:00:00,49376.8,49388.7,49355.2,49355.7,805.0,39731338.5
2026-01-08 23:30:00,49355.2,49356.5,49320.4,49329.2,648.0,31965321.599999998
2026-01-09 00:00:00,49329.7,49341.7,49317.4,49329.2,985.0,48589262.0
2026-01-09 00:30:00,49329.7,49335.5,49295.2,49299.2,875.0,43136800.0
2026-01-09 01:00:00,49299.7,49308.7,49278.2,49281.7,1601.0,78900001.69999999
2026-01-09 01:30:00,49282.5,49291.7,49273.2,49285.5,1037.0,51109063.5
2026-01-09 02:00:00,49286.5,49302.5,49279.2,49296.2,859.0,42345435.8
2026-01-09 02:30:00,49295.4,49311.5,49290.4,49296.2,721.0,35542560.199999996
2026-01-09 03:00:00,49295.4,49303.8,49286.2,49294.2,651.0,32090524.2
2026-01-09 03:30:00,49293.4,49304.7,49286.3,49296.2,579.0,28542499.799999997
2026-01-09 04:00:00,49296.7,49300.7,49284.2,49292.5,591.0,29131867.5
2026-01-09 04:30:00,49292.1,49304.7,49291.2,49299.3,538.0,26523023.400000002
2026-01-09 05:00:00,49299.8,49307.6,49289.3,49294.3,725.0,35738367.5
2026-01-09 05:30:00,49294.8,49296.8,49275.3,49294.9,612.0,30168478.8
2026-01-09 06:00:00,49294.3,49303.8,49277.3,49285.2,672.0,33119654.4
2026-01-09 06:30:00,49285.8,49308.5,49284.5,49294.7,519.0,25583949.299999997
2026-01-09 07:00:00,49294.2,49296.7,49256.4,49264.7,735.0,36209554.5
2026-01-09 07:30:00,49264.2,49290.5,49259.4,49285.7,779.0,38393560.3
2026-01-09 08:00:00,49287.2,49309.8,49278.3,49279.2,2081.0,102550015.19999999
2026-01-09 08:30:00,49279.5,49286.2,49249.8,49259.0,1735.0,85464365.0
2026-01-09 09:00:00,49258.4,49283.7,49254.2,49279.7,1439.0,70913488.3
2026-01-09 09:30:00,49279.6,49314.8,49279.6,49313.5,1269.0,62578831.5
2026-01-09 10:00:00,49314.4,49319.9,49292.2,49306.2,1134.0,55913230.8
2026-01-09 10:30:00,49306.3,49306.7,49289.9,49290.8,876.0,43178740.800000004
2026-01-09 11:00:00,49291.2,49298.7,49277.4,49296.3,1094.0,53930152.2
2026-01-09 11:30:00,49296.1,49308.8,49285.4,49289.6,1015.0,50028944.0
2026-01-09 12:00:00,49288.7,49306.8,49278.9,49290.7,1056.0,52050979.199999996
2026-01-09 12:30:00,49291.2,49328.7,49282.3,49325.7,1109.0,54702201.3
2026-01-09 13:00:00,49325.3,49383.6,49318.9,49363.8,2208.0,108995270.4
2026-01-09 13:30:00,49360.9,49473.1,49334.8,49441.6,5064.0,250372262.4
2026-01-09 14:00:00,49442.1,49444.6,49271.8,49301.1,5671.0,279586538.09999996
2026-01-09 14:30:00,49302.4,49472.5,49243.0,49387.6,36553.0,1805264942.8
2026-01-09 15:00:00,49388.6,49492.7,49204.5,49464.2,33971.0,1680348338.1999998
2026-01-09 15:30:00,49464.7,49481.6,49333.1,49387.4,16989.0,839042538.6
2026-01-09 16:00:00,49387.7,49528.8,49371.6,49468.2,13531.0,669354214.1999999
2026-01-09 16:30:00,49467.4,49575.8,49425.2,49549.3,10757.0,533001820.1
2026-01-09 17:00:00,49549.8,49585.8,49537.3,49574.8,7510.0,372306748.0
2026-01-09 17:30:00,49574.3,49592.8,49501.3,49501.3,5512.0,272851165.6
2026-01-09 18:00:00,49500.5,49521.7,49466.2,49492.2,5183.0,256518072.6
2026-01-09 18:30:00,49492.8,49557.7,49492.3,49504.2,5828.0,288510477.59999996
2026-01-09 19:00:00,49503.4,49541.8,49495.3,49541.2,4619.0,228830802.79999998
2026-01-09 19:30:00,49540.4,49555.8,49516.3,49543.6,4298.0,212938392.79999998
2026-01-09 20:00:00,49543.2,49558.8,49511.2,49557.8,4424.0,219243707.20000002
2026-01-09 20:30:00,49557.3,49572.7,49518.3,49524.2,6957.0,344539859.4
2026-01-09 21:00:00,49524.7,49531.2,49510.5,49512.5,1409.0,69763112.5
2026-01-09 21:30:00,49512.2,49519.4,49504.7,49517.1,451.0,22332212.099999998
2026-01-11 23:00:00,49528.1,49541.7,49445.1,49492.6,2262.0,111952261.2
2026-01-11 23:30:00,49493.5,49502.7,49470.4,49471.4,1158.0,57287881.2
2026-01-12 00:00:00,49471.8,49472.5,49440.1,49454.7,1807.0,89364642.89999999
2026-01-12 00:30:00,49454.2,49454.5,49351.1,49375.3,3721.0,183725491.3
2026-01-12 01:00:00,49375.7,49376.7,49322.2,49352.4,3990.0,196916076.0
2026-01-12 01:30:00,49352.8,49388.8,49324.3,49365.4,2571.0,126918443.4
2026-01-12 02:00:00,49365.8,49365.8,49319.2,49323.7,1710.0,84343527.0
2026-01-12 02:30:00,49323.2,49330.7,49300.5,49308.1,1194.0,58873871.4
2026-01-12 03:00:00,49308.7,49311.7,49298.2,49299.2,851.0,41953619.199999996
2026-01-12 03:30:00,49299.7,49306.5,49273.2,49283.1,1029.0,50712309.9
2026-01-12 04:00:00,49283.7,49298.5,49272.7,49291.1,818.0,40320119.8
2026-01-12 04:30:00,49291.7,49303.5,49288.2,49289.7,460.0,22673262.0
2026-01-12 05:00:00,49289.2,49305.5,49272.2,49283.7,985.0,48544444.5
2026-01-12 05:30:00,49283.2,49296.7,49281.2,49293.2,754.0,37167072.8
2026-01-12 06:00:00,49292.4,49316.7,49287.2,49309.7,792.0,39053282.4
2026-01-12 06:30:00,49309.2,49322.5,49304.4,49309.7,557.0,27465502.9
2026-01-12 07:00:00,49309.2,49334.8,49294.2,49302.2,1053.0,51915216.599999994
2026-01-12 07:30:00,49301.4,49304.7,49276.2,49304.7,861.0,42451346.699999996
2026-01-12 08:00:00,49303.5,49323.4,49248.2,49250.6,3136.0,154449881.6
2026-01-12 08:30:00,49250.3,49255.1,49228.8,49234.1,2738.0,134802965.79999998
2026-01-12 09:00:00,49234.2,49242.1,49151.1,49154.4,5436.0,267203318.4
2026-01-12 09:30:00,49154.4,49200.1,49150.1,49191.8,1510.0,74279618.0
2026-01-12 10:00:00,49192.4,49194.7,49160.3,49171.7,1243.0,61120423.099999994
2026-01-12 10:30:00,49171.2,49189.6,49162.0,49162.0,1076.0,52898312.0
2026-01-12 11:00:00,49162.7,49201.4,49102.2,49191.2,2427.0,119387042.39999999
2026-01-12 11:30:00,49191.3,49197.6,49155.2,49167.6,1134.0,55756058.4
2026-01-12 12:00:00,49167.5,49195.6,49163.7,49186.6,1653.0,81305449.8
2026-01-12 12:30:00,49186.2,49218.1,49172.2,49202.2,1372.0,67505418.39999999
2026-01-12 13:00:00,49201.6,49237.1,49178.8,49231.4,1588.0,78179463.2
2026-01-12 13:30:00,49231.7,49237.6,49195.2,49219.4,1805.0,88841017.0
2026-01-12 14:00:00,49218.9,49271.9,49204.3,49257.7,3652.0,179889120.39999998
2026-01-12 14:30:00,49258.4,49376.7,49024.1,49359.1,30737.0,1517150656.7
2026-01-12 15:00:00,49358.3,49363.8,49214.2,49274.7,17381.0,856443560.6999999
2026-01-12 15:30:00,49274.2,49451.7,49271.2,49445.7,12331.0,609714926.6999999
2026-01-12 16:00:00,49445.2,49469.5,49404.4,49447.7,9258.0,457786806.59999996
2026-01-12 16:30:00,49448.5,49523.7,49441.2,49457.2,6325.0,312816790.0
2026-01-12 17:00:00,49456.4,49484.5,49416.2,49450.2,5141.0,254223478.2
2026-01-12 17:30:00,49450.7,49494.7,49414.4,49480.2,4428.0,219098325.6
2026-01-12 18:00:00,49480.7,49554.8,49470.2,49547.8,4380.0,217019364.0
2026-01-12 18:30:00,49548.6,49573.6,49535.3,49564.2,3352.0,166139198.39999998
2026-01-12 19:00:00,49563.4,49573.7,49526.2,49543.3,3695.0,183062493.5
2026-01-12 19:30:00,49542.5,49611.8,49536.3,49593.2,4203.0,208440219.6
2026-01-12 20:00:00,49593.7,49614.8,49534.3,49565.8,4384.0,217296467.20000002
2026-01-12 20:30:00,49565.2,49664.7,49563.2,49618.2,6359.0,315522133.79999995
2026-01-12 21:00:00,49617.6,49618.8,49591.4,49600.6,1254.0,62199152.4
2026-01-12 21:30:00,49600.3,49607.2,49560.3,49573.6,941.0,46648757.6
2026-01-12 23:00:00,49584.9,49589.9,49548.2,49575.2,1226.0,60779195.199999996
2026-01-12 23:30:00,49574.4,49586.5,49565.4,49566.4,671.0,33259054.400000002
2026-01-13 00:00:00,49566.7,49581.5,49553.4,49558.7,947.0,46932088.9
2026-01-13 00:30:00,49558.2,49570.7,49552.2,49556.7,627.0,31072050.9
2026-01-13 01:00:00,49556.2,49563.6,49544.2,49558.7,750.0,37169025.0
2026-01-13 01:30:00,49558.2,49594.7,49553.2,49580.1,1198.0,59396959.8
2026-01-13 02:00:00,49580.7,49599.7,49574.4,49593.3,888.0,44038850.400000006
2026-01-13 02:30:00,49592.5,49606.7,49587.5,49603.1,466.0,23115044.599999998
2026-01-13 03:00:00,49603.7,49616.7,49601.2,49609.2,422.0,20935082.4
2026-01-13 03:30:00,49608.4,49609.8,49597.3,49600.8,476.0,23609980.8
2026-01-13 04:00:00,49601.6,49617.6,49597.3,49610.2,476.0,23614455.2
2026-01-13 04:30:00,49610.8,49614.8,49598.3,49614.3,301.0,14933904.3
2026-01-13 05:00:00,49614.8,49617.8,49595.3,49598.6,432.0,21426595.2
2026-01-13 05:30:00,49599.6,49600.5,49586.2,49598.2,402.0,19938476.4
2026-01-13 06:00:00,49597.4,49600.7,49580.2,49580.7,353.0,17501987.099999998
2026-01-13 06:30:00,49580.2,49598.7,49573.2,49587.7,423.0,20975597.099999998
2026-01-13 07:00:00,49589.2,49595.5,49574.4,49592.7,578.0,28664580.599999998
2026-01-13 07:30:00,49592.2,49592.7,49576.2,49584.2,418.0,20726195.599999998
2026-01-13 08:00:00,49582.7,49583.6,49561.1,49571.6,1484.0,73564254.39999999
2026-01-13 08:30:00,49571.5,49578.2,49556.3,49578.2,901.0,44669958.199999996
2026-01-13 09:00:00,49577.6,49579.3,49560.9,49564.2,974.0,48275530.8
2026-01-13 09:30:00,49564.4,49576.6,49549.8,49564.5,741.0,36727294.5
2026-01-13 10:00:00,49564.4,49566.9,49532.1,49553.2,881.0,43656369.199999996
2026-01-13 10:30:00,49552.8,49565.7,49546.5,49560.2,666.0,33007093.2
2026-01-13 11:00:00,49560.6,49564.2,49550.7,49558.3,561.0,27802206.3
2026-01-13 11:30:00,49558.4,49644.6,49507.2,49612.4,3037.0,150672858.8
2026-01-13 12:00:00,49611.3,49613.4,49557.3,49562.3,1523.0,75483382.9
2026-01-13 12:30:00,49562.6,49577.5,49510.3,49511.9,1107.0,54809673.300000004
2026-01-13 13:00:00,49511.4,49530.8,49490.2,49509.2,1595.0,78967174.0
2026-01-13 13:30:00,49509.6,49716.4,49509.6,49582.4,8010.0,397155024.0
2026-01-13 14:00:00,49579.6,49637.7,49569.3,49587.2,3878.0,192299161.6
2026-01-13 14:30:00,49585.9,49629.5,49293.6,49332.5,30568.0,1507995860.0
2026-01-13 15:00:00,49331.6,49356.7,49234.4,49279.2,22817.0,1124403506.3999999
2026-01-13 15:30:00,49278.3,49435.7,49270.4,49321.1,18089.0,892169377.9
2026-01-13 16:00:00,49320.3,49371.7,49228.3,49315.5,13181.0,650027605.5
2026-01-13 16:30:00,49315.2,49356.7,49273.2,49321.7,10512.0,518469710.4
2026-01-13 17:00:00,49321.2,49357.7,49291.2,49324.4,8785.0,433314854.0
2026-01-13 17:30:00,49324.7,49337.5,49255.2,49272.1,9913.0,488434327.3
2026-01-13 18:00:00,49271.3,49276.7,49210.2,49262.2,10760.0,530061271.99999994
2026-01-13 18:30:00,49262.7,49332.4,49245.2,49276.8,8222.0,405153849.6
2026-01-13 19:00:00,49277.6,49295.7,49203.4,49261.5,10911.0,537492226.5
2026-01-13 19:30:00,49260.5,49281.8,49197.4,49230.8,7116.0,350326372.8
2026-01-13 20:00:00,49230.3,49230.8,49137.0,49147.5,6831.0,335726572.5
2026-01-13 20:30:00,49147.1,49232.8,49089.5,49218.7,10285.0,506214329.49999994
2026-01-13 21:00:00,49219.2,49237.9,49197.0,49203.9,1804.0,88763835.60000001
2026-01-13 21:30:00,49204.2,49211.1,49192.3,49199.2,523.0,25731181.599999998
2026-01-13 23:00:00,49198.3,49209.4,49180.1,49182.7,850.0,41805295.0
2026-01-13 23:30:00,49182.2,49197.7,49175.4,49181.5,566.0,27836729.0
2026-01-14 00:00:00,49181.1,49202.7,49173.2,49192.7,1280.0,62966656.0
2026-01-14 00:30:00,49193.5,49194.7,49180.3,49182.2,692.0,34034082.4
2026-01-14 01:00:00,49181.4,49183.8,49156.2,49167.1,1044.0,51330452.4
2026-01-14 01:30:00,49166.3,49170.7,49125.4,49128.4,1120.0,55023808.0
2026-01-14 02:00:00,49127.4,49140.3,49118.2,49132.2,968.0,47559969.599999994
2026-01-14 02:30:00,49132.7,49143.7,49125.2,49140.7,632.0,31056922.4
2026-01-14 03:00:00,49140.2,49158.7,49138.2,49153.4,592.0,29098812.8
2026-01-14 03:30:00,49153.8,49160.5,49125.5,49143.7,721.0,35432607.699999996
2026-01-14 04:00:00,49143.2,49150.7,49118.2,49119.4,498.0,24461461.2
2026-01-14 04:30:00,49118.4,49121.7,49090.5,49098.8,668.0,32797998.400000002
2026-01-14 05:00:00,49098.3,49109.8,49090.3,49099.8,1064.0,52242187.2
2026-01-14 05:30:00,49100.6,49102.6,49078.3,49084.7,694.0,34064781.8
2026-01-14 06:00:00,49085.5,49095.7,49078.3,49079.7,1089.0,53447793.3
2026-01-14 06:30:00,49080.5,49113.5,49080.1,49113.1,1084.0,53238600.4
2026-01-14 07:00:00,49113.7,49124.7,49099.3,49107.2,874.0,42919692.8
2026-01-14 07:30:00,49107.7,49114.7,49097.2,49108.5,604.0,29661534.0
2026-01-14 08:00:00,49109.5,49132.7,49108.2,49125.6,1939.0,95254538.39999999
2026-01-14 08:30:00,49125.6,49128.7,49099.7,49127.5,1427.0,70104942.5
2026-01-14 09:00:00,49127.6,49159.2,49121.4,49155.2,1182.0,58101446.4
2026-01-14 09:30:00,49155.1,49164.3,49138.3,49152.8,1119.0,55001983.2
2026-01-14 10:00:00,49152.3,49152.3,49082.4,49096.6,2128.0,104477564.8
2026-01-14 10:30:00,49096.9,49108.8,49050.6,49063.7,3323.0,163038675.1
2026-01-14 11:00:00,49063.4,49085.5,49032.4,49079.0,2222.0,109053538.0
2026-01-14 11:30:00,49078.9,49085.7,49052.5,49069.8,1718.0,84301916.4
2026-01-14 12:00:00,49070.2,49120.1,49034.4,49118.3,2447.0,120192480.10000001
2026-01-14 12:30:00,49117.9,49138.2,49089.3,49096.7,1326.0,65102224.199999996
2026-01-14 13:00:00,49096.2,49110.7,49069.4,49108.2,2786.0,136815445.2
2026-01-14 13:30:00,49109.3,49114.7,49040.8,49062.6,3415.0,167548779.0
2026-01-14 14:00:00,49062.6,49108.7,49038.3,49096.1,3735.0,183373933.5
2026-01-14 14:30:00,49096.6,49222.4,49023.5,49042.2,40374.0,1980029782.8
2026-01-14 15:00:00,49042.5,49184.8,48974.1,49020.2,34924.0,1711981464.8
2026-01-14 15:30:00,49020.7,49036.7,48912.3,48978.2,24144.0,1182529660.8
2026-01-14 16:00:00,48978.5,49139.7,48925.2,49133.8,15090.0,741429042.0
2026-01-14 16:30:00,49133.3,49169.7,48880.5,48921.2,17362.0,849369874.4
2026-01-14 17:00:00,48920.4,48992.7,48908.2,48965.2,14568.0,713325033.5999999
2026-01-14 17:30:00,48965.7,49006.7,48906.5,48956.8,13590.0,665322912.0
2026-01-14 18:00:00,48956.3,49025.6,48938.2,49020.8,11862.0,581484729.6
2026-01-14 18:30:00,49021.6,49068.7,48946.2,49058.8,11649.0,571485961.2
2026-01-14 19:00:00,49059.6,49081.7,49032.3,49056.8,10946.0,536975732.8000001
2026-01-14 19:30:00,49057.4,49081.8,49004.5,49063.6,9123.0,447607222.8
2026-01-14 20:00:00,49063.2,49144.7,49019.3,49144.5,13273.0,652294948.5
2026-01-14 20:30:00,49144.2,49201.4,49067.1,49188.2,14464.0,711458124.8
2026-01-14 21:00:00,49188.7,49210.5,49137.4,49144.0,2959.0,145417096.0
2026-01-14 21:30:00,49143.7,49160.7,49042.3,49122.1,2834.0,139212031.4
2026-01-14 23:00:00,49124.8,49145.1,49081.1,49129.3,1685.0,82782870.5
2026-01-14 23:30:00,49129.7,49133.4,49095.3,49118.5,1330.0,65327605.0
2026-01-15 00:00:00,49117.5,49123.5,49097.2,49104.5,1125.0,55242562.5
2026-01-15 00:30:00,49105.5,49119.7,49102.2,49113.7,782.0,38406913.4
2026-01-15 01:00:00,49113.2,49155.5,49113.2,49136.4,1971.0,96847844.4
2026-01-15 01:30:00,49136.8,49164.7,49098.2,49162.2,2254.0,110811598.8
2026-01-15 02:00:00,49161.4,49168.8,49146.5,49150.8,1065.0,52345602.0
2026-01-15 02:30:00,49150.3,49156.7,49136.3,49150.8,782.0,38435925.6
2026-01-15 03:00:00,49150.3,49165.8,49133.2,49136.8,886.0,43535204.800000004
2026-01-15 03:30:00,49136.2,49144.7,49122.2,49130.2,1227.0,60282755.4
2026-01-15 04:00:00,49130.7,49141.5,49125.4,49135.2,786.0,38620267.199999996
2026-01-15 04:30:00,49135.7,49140.7,49127.4,49133.2,627.0,30806516.4
2026-01-15 05:00:00,49132.4,49170.8,49130.2,49167.3,889.0,43709729.7
2026-01-15 05:30:00,49167.8,49198.7,49153.2,49167.1,1556.0,76504007.6
2026-01-15 06:00:00,49166.3,49216.5,49156.4,49173.3,2415.0,118753519.5
2026-01-15 06:30:00,49173.7,49191.5,49162.2,49170.3,1297.0,63773879.1
2026-01-15 07:00:00,49169.4,49178.5,49138.4,49152.2,1402.0,68911384.39999999
2026-01-15 07:30:00,49152.7,49162.7,49139.2,49152.7,1301.0,63947662.699999996
2026-01-15 08:00:00,49152.2,49167.9,49131.2,49143.2,3007.0,147773602.4
2026-01-15 08:30:00,49143.1,49174.5,49141.7,49173.3,1594.0,78382240.2
2026-01-15 09:00:00,49173.0,49220.7,49160.1,49215.3,2083.0,102515469.9
2026-01-15 09:30:00,49214.9,49248.6,49214.9,49228.1,1494.0,73546781.39999999
2026-01-15 10:00:00,49226.7,49236.1,49208.3,49223.7,1364.0,67141126.8
2026-01-15 10:30:00,49224.2,49246.6,49221.2,49239.4,1079.0,53129312.6
2026-01-15 11:00:00,49239.8,49253.6,49228.2,49243.6,1257.0,61899205.199999996
2026-01-15 11:30:00,49244.5,49249.5,49209.4,49218.1,1145.0,56354724.5
2026-01-15 12:00:00,49217.7,49336.7,49199.1,49251.5,3164.0,155831746.0
2026-01-15 12:30:00,49251.0,49292.2,49182.2,49199.5,2670.0,131362665.0
2026-01-15 13:00:00,49198.8,49211.6,49134.7,49151.8,2644.0,129957359.2
2026-01-15 13:30:00,49150.7,49177.7,49114.7,49154.2,3082.0,151493244.39999998
2026-01-15 14:00:00,49154.6,49264.8,49127.1,49264.0,3529.0,173852656.0
2026-01-15 14:30:00,49265.1,49423.5,49251.9,49362.4,36627.0,1807996624.8
2026-01-15 15:00:00,49361.5,49521.8,49357.9,49493.1,18749.0,927946131.9
2026-01-15 15:30:00,49493.7,49519.5,49401.2,49509.1,15827.0,783580525.6999999
2026-01-15 16:00:00,49508.3,49592.7,49503.2,49580.2,10027.0,497140665.4
2026-01-15 16:30:00,49579.4,49598.7,49555.2,49558.3,8639.0,428134153.70000005
2026-01-15 17:00:00,49557.5,49601.7,49530.2,49532.8,7086.0,350989420.8
2026-01-15 17:30:00,49532.2,49598.5,49515.2,49515.2,8070.0,399587664.0
2026-01-15 18:00:00,49515.7,49586.8,49508.4,49581.3,6296.0,312163864.8
2026-01-15 18:30:00,49580.5,49619.5,49571.2,49584.8,5016.0,248717356.8
2026-01-15 19:00:00,49585.6,49617.6,49549.2,49556.8,7436.0,368504364.8
2026-01-15 19:30:00,49557.6,49567.7,49494.2,49510.2,10573.0,523471344.59999996
2026-01-15 20:00:00,49510.7,49529.5,49425.2,49441.7,10315.0,509991135.49999994
2026-01-15 20:30:00,49441.2,49494.5,49423.2,49475.7,12144.0,600832900.8
2026-01-15 21:00:00,49476.5,49487.7,49455.4,49467.8,1690.0,83600582.0
2026-01-15 21:30:00,49468.3,49481.2,49461.3,49473.3,619.0,30623972.700000003
2026-01-15 23:00:00,49492.4,49517.4,49481.1,49515.1,883.0,43721833.3
2026-01-15 23:30:00,49515.6,49517.4,49492.3,49505.4,545.0,26980443.0
2026-01-16 00:00:00,49504.4,49514.5,49490.2,49502.7,909.0,44997954.3
2026-01-16 00:30:00,49503.5,49508.5,49498.2,49505.8,585.0,28960893.0
2026-01-16 01:00:00,49506.5,49518.5,49477.2,49496.4,1142.0,56524888.800000004
2026-01-16 01:30:00,49495.4,49514.5,49494.2,49507.2,1047.0,51834038.4
2026-01-16 02:00:00,49507.7,49528.8,49497.2,49528.3,677.0,33530659.1
2026-01-16 02:30:00,49527.5,49545.7,49527.3,49541.2,618.0,30616461.599999998
2026-01-16 03:00:00,49541.7,49560.8,49539.2,49550.7,478.0,23685234.599999998
2026-01-16 03:30:00,49550.2,49563.6,49550.2,49556.5,396.0,19624374.0
2026-01-16 04:00:00,49557.4,49582.3,49552.3,49571.2,457.0,22654038.4
2026-01-16 04:30:00,49571.7,49580.7,49565.4,49580.2,293.0,14526998.6
2026-01-16 05:00:00,49580.7,49582.7,49562.2,49573.4,455.0,22555897.0
2026-01-16 05:30:00,49574.4,49578.7,49558.4,49565.5,552.0,27360156.0
2026-01-16 06:00:00,49565.1,49567.7,49550.2,49553.1,377.0,18681518.7
2026-01-16 06:30:00,49553.7,49564.7,49550.2,49561.6,310.0,15364096.0
2026-01-16 07:00:00,49562.5,49571.7,49558.4,49561.2,356.0,17643787.2
2026-01-16 07:30:00,49560.4,49570.7,49543.3,49545.2,744.0,36861628.8
2026-01-16 08:00:00,49545.7,49564.4,49529.8,49537.9,1389.0,68808143.10000001
2026-01-16 08:30:00,49537.7,49537.7,49518.8,49524.7,1158.0,57349602.599999994
2026-01-16 09:00:00,49524.6,49545.6,49517.1,49543.0,1142.0,56578106.0
2026-01-16 09:30:00,49543.6,49544.8,49505.8,49511.5,789.0,39064573.5
2026-01-16 10:00:00,49512.1,49534.8,49511.5,49533.3,727.0,36010709.1
2026-01-16 10:30:00,49532.8,49539.6,49511.5,49515.3,911.0,45108438.300000004
2026-01-16 11:00:00,49514.4,49539.7,49495.3,49509.5,1107.0,54807016.5
2026-01-16 11:30:00,49510.0,49516.7,49463.3,49467.2,1449.0,71677972.8
2026-01-16 12:00:00,49466.8,49491.3,49443.8,49458.5,1534.0,75869339.0
2026-01-16 12:30:00,49458.8,49488.4,49435.7,49455.4,1677.0,82936705.8
2026-01-16 13:00:00,49455.4,49488.1,49430.3,49485.7,1937.0,95853800.89999999
2026-01-16 13:30:00,49485.3,49500.6,49460.9,49476.3,2195.0,108600478.5
2026-01-16 14:00:00,49476.1,49510.3,49458.6,49475.1,4442.0,219768394.2
2026-01-16 14:30:00,49474.6,49632.3,49346.3,49353.4,30126.0,1486820528.4
2026-01-16 15:00:00,49353.8,49440.5,49320.4,49392.0,16692.0,824451264.0
2026-01-16 15:30:00,49392.4,49405.2,49260.1,49381.2,15722.0,776371226.4
2026-01-16 16:00:00,49381.6,49467.4,49370.4,49445.7,12990.0,642299643.0
2026-01-16 16:30:00,49446.5,49496.7,49392.4,49422.5,9219.0,455626027.5
2026-01-16 17:00:00,49421.4,49455.7,49404.2,49416.2,8064.0,398492236.79999995
2026-01-16 17:30:00,49415.4,49453.7,49405.2,49427.7,7577.0,374513682.9
2026-01-16 18:00:00,49427.2,49513.5,49414.0,49492.2,6538.0,323580003.59999996
2026-01-16 18:30:00,49492.7,49505.8,49453.2,49471.8,5369.0,265614094.20000002
2026-01-16 19:00:00,49471.3,49547.5,49418.2,49422.4,8723.0,431111595.2
2026-01-16 19:30:00,49422.7,49495.7,49422.2,49442.7,6219.0,307484151.29999995
2026-01-16 20:00:00,49442.2,49452.6,49390.3,49390.3,5855.0,289180206.5
2026-01-16 20:30:00,49389.5,49435.4,49349.3,49380.3,11545.0,570095563.5
2026-01-16 21:00:00,49380.8,49394.1,49340.2,49373.3,2039.0,100672158.7
2026-01-16 21:30:00,49373.1,49386.6,49367.5,49385.6,496.0,24495257.599999998
2026-01-18 23:00:00,49032.9,49173.4,49030.8,49126.7,5608.0,275502533.59999996
2026-01-18 23:30:00,49127.8,49151.4,49073.4,49141.4,2353.0,115629714.2
2026-01-19 00:00:00,49141.7,49141.7,49035.0,49066.1,4150.0,203624315.0
2026-01-19 00:30:00,49065.3,49091.5,49057.2,49079.6,2005.0,98404598.0
2026-01-19 01:00:00,49079.1,49100.7,49050.2,49072.7,2136.0,104819287.19999999
2026-01-19 01:30:00,49072.2,49076.7,49024.7,49027.2,1824.0,89425612.8
2026-01-19 02:00:00,49027.7,49067.2,49026.3,49061.4,1310.0,64270434.0
2026-01-19 02:30:00,49060.4,49069.5,49050.2,49060.7,708.0,34734975.6
2026-01-19 03:00:00,49060.2,49063.5,49040.2,49047.2,867.0,42523922.4
2026-01-19 03:30:00,49047.7,49060.7,49044.2,49053.4,753.0,36937210.2
2026-01-19 04:00:00,49053.7,49056.7,49033.3,49039.2,573.0,28099461.599999998
2026-01-19 04:30:00,49039.7,49045.7,49025.3,49028.8,365.0,17895512.0
2026-01-19 05:00:00,49029.6,49049.7,49012.2,49049.5,771.0,37817164.5
2026-01-19 05:30:00,49049.1,49052.7,49032.4,49037.7,468.0,22949643.599999998
2026-01-19 06:00:00,49037.2,49053.7,49035.2,49046.2,481.0,23591222.2
2026-01-19 06:30:00,49046.7,49067.8,49026.4,49027.6,793.0,38878886.8
2026-01-19 07:00:00,49028.5,49033.5,48973.1,49006.4,1713.0,83947963.2
2026-01-19 07:30:00,49005.4,49011.8,48950.2,48969.7,1740.0,85207278.0
2026-01-19 08:00:00,48968.5,49094.9,48968.5,49054.7,4000.0,196218800.0
2026-01-19 08:30:00,49054.3,49102.6,49048.4,49082.3,2190.0,107490237.0
2026-01-19 09:00:00,49082.6,49090.7,48943.3,48981.4,3338.0,163499913.20000002
2026-01-19 09:30:00,48981.2,48992.6,48902.3,48927.1,4169.0,203977079.9
2026-01-19 10:00:00,48927.0,48991.1,48919.4,48974.2,2308.0,113032453.6
2026-01-19 10:30:00,48974.3,48977.8,48913.9,48921.8,1918.0,93832012.4
2026-01-19 11:00:00,48922.0,48949.7,48908.1,48937.1,1997.0,97727388.7
2026-01-19 11:30:00,48937.0,48958.1,48916.0,48947.2,1575.0,77091840.0
2026-01-19 12:00:00,48946.8,48972.9,48922.2,48964.7,1538.0,75307708.6
2026-01-19 12:30:00,48965.2,49066.1,48965.2,49007.8,2024.0,99191787.2
2026-01-19 13:00:00,49007.0,49038.2,48974.9,48988.8,1695.0,83036016.0
2026-01-19 13:30:00,48988.0,49055.6,48982.1,49031.4,1608.0,78842491.2
2026-01-19 14:00:00,49031.7,49050.9,48959.8,48976.2,2231.0,109265902.19999999
2026-01-19 14:30:00,48975.6,49002.3,48915.4,48981.2,4004.0,196120724.79999998
2026-01-19 15:00:00,48979.8,48995.3,48963.2,48975.7,2708.0,132626195.6
2026-01-19 15:30:00,48976.5,48979.7,48932.5,48961.7,2642.0,129356811.39999999
2026-01-19 16:00:00,48962.4,49050.0,48942.3,48954.4,2614.0,127966801.60000001
2026-01-19 16:30:00,48953.9,48991.4,48952.8,48979.3,2102.0,102954488.60000001
2026-01-19 17:00:00,48979.5,49010.3,48964.1,49010.3,1227.0,60135638.1
2026-01-19 17:30:00,49010.6,49011.8,48983.7,48995.8,1598.0,78295288.4
2026-01-19 23:00:00,48990.4,49026.5,48986.0,48991.9,678.0,33216508.2
2026-01-19 23:30:00,48992.4,48992.7,48960.2,48970.7,707.0,34622284.9
2026-01-20 00:00:00,48970.2,48972.4,48914.2,48923.2,1490.0,72895568.0
2026-01-20 00:30:00,48923.7,48958.7,48905.2,48936.7,1392.0,68119886.39999999
2026-01-20 01:00:00,48937.5,48992.6,48937.5,48971.2,2431.0,119048987.19999999
2026-01-20 01:30:00,48970.4,48988.7,48959.2,48964.7,1106.0,54154958.199999996
2026-01-20 02:00:00,48965.5,48966.5,48920.2,48928.7,1114.0,54506571.8
2026-01-20 02:30:00,48929.5,48965.7,48929.5,48958.2,838.0,41026971.599999994
2026-01-20 03:00:00,48958.7,48972.5,48952.4,48971.1,472.0,23114359.2
2026-01-20 03:30:00,48970.3,48974.7,48965.2,48968.3,648.0,31731458.400000002
2026-01-20 04:00:00,48968.8,48970.8,48942.4,48945.9,583.0,28535459.7
2026-01-20 04:30:00,48946.7,48955.8,48918.4,48926.7,631.0,30872747.7
2026-01-20 05:00:00,48926.2,48956.6,48921.4,48950.1,1124.0,55019912.4
2026-01-20 05:30:00,48950.7,48960.7,48933.2,48943.2,975.0,47719620.0
2026-01-20 06:00:00,48942.4,48944.7,48796.3,48805.2,2208.0,107761881.6
2026-01-20 06:30:00,48804.3,48818.5,48733.2,48802.2,3349.0,163438567.79999998
2026-01-20 07:00:00,48803.4,48811.5,48738.9,48772.7,2505.0,122175613.5
2026-01-20 07:30:00,48772.1,48784.3,48737.4,48777.1,2509.0,122381743.89999999
2026-01-20 08:00:00,48775.7,48784.6,48672.5,48692.7,6181.0,300969578.7
2026-01-20 08:30:00,48692.2,48692.2,48609.3,48654.5,6045.0,294116452.5
2026-01-20 09:00:00,48654.7,48677.4,48593.1,48595.7,5531.0,268782816.7
2026-01-20 09:30:00,48595.5,48614.7,48542.8,48566.1,4498.0,218450317.79999998
2026-01-20 10:00:00,48566.1,48673.0,48538.0,48665.2,3216.0,156507283.2
2026-01-20 10:30:00,48665.7,48678.2,48639.7,48667.8,2518.0,122545520.4
2026-01-20 11:00:00,48667.0,48730.3,48658.7,48700.3,2606.0,126912981.80000001
2026-01-20 11:30:00,48699.8,48778.2,48699.4,48763.2,2369.0,115520020.8
2026-01-20 12:00:00,48762.7,48763.2,48710.7,48741.2,3742.0,182389570.39999998
2026-01-20 12:30:00,48740.7,48817.0,48717.7,48786.1,3186.0,155432514.6
2026-01-20 13:00:00,48786.9,48808.3,48742.1,48742.1,3688.0,179760864.79999998
2026-01-20 13:30:00,48741.5,48749.2,48647.7,48673.1,7259.0,353318032.9
2026-01-20 14:00:00,48672.7,48698.2,48634.4,48655.0,5878.0,285994090.0
2026-01-20 14:30:00,48654.2,48818.5,48631.1,48707.1,52681.0,2565938735.1
2026-01-20 15:00:00,48706.3,48909.5,48604.1,48883.2,30681.0,1499785459.1999998
2026-01-20 15:30:00,48882.4,48946.3,48840.2,48898.3,22339.0,1092339123.7
2026-01-20 16:00:00,48897.4,48902.7,48738.2,48822.7,19671.0,960391331.6999999
2026-01-20 16:30:00,48822.2,48883.5,48774.2,48868.7,18829.0,920148752.3
2026-01-20 17:00:00,48869.5,48903.7,48776.2,48797.2,17024.0,830723532.8
2026-01-20 17:30:00,48796.3,48797.7,48686.3,48710.2,15108.0,735913701.5999999
2026-01-20 18:00:00,48709.4,48760.7,48696.2,48707.6,10635.0,518005326.0
2026-01-20 18:30:00,48707.3,48716.8,48503.5,48544.7,13952.0,677295654.4
2026-01-20 19:00:00,48544.2,48582.3,48503.7,48540.3,13304.0,645780151.2
2026-01-20 19:30:00,48540.8,48550.7,48471.4,48500.3,15146.0,734585543.8000001
2026-01-20 20:00:00,48500.8,48567.8,48457.2,48542.5,13818.0,670760265.0
2026-01-20 20:30:00,48543.5,48560.7,48462.1,48535.1,15256.0,740451485.6
2026-01-20 21:00:00,48534.3,48589.8,48512.1,48581.7,2844.0,138166354.79999998
2026-01-20 21:30:00,48581.6,48582.7,48552.3,48575.1,1215.0,59018746.5
2026-01-20 23:00:00,48582.4,48605.4,48568.1,48575.5,1433.0,69608691.5
2026-01-20 23:30:00,48575.1,48587.7,48531.2,48540.6,1452.0,70480951.2
2026-01-21 00:00:00,48542.2,48582.7,48542.2,48582.1,1523.0,73990538.3
2026-01-21 00:30:00,48582.7,48597.8,48575.2,48588.8,1032.0,50143641.6
2026-01-21 01:00:00,48589.6,48620.7,48580.3,48610.7,1238.0,60180046.599999994
2026-01-21 01:30:00,48610.2,48628.8,48602.3,48616.2,1076.0,52311031.199999996
2026-01-21 02:00:00,48615.4,48625.7,48598.3,48598.8,1089.0,52924093.2
2026-01-21 02:30:00,48598.3,48603.5,48581.3,48585.9,1206.0,58594595.4
2026-01-21 03:00:00,48586.7,48637.5,48586.2,48636.7,1314.0,63908623.8
2026-01-21 03:30:00,48637.5,48637.7,48605.3,48609.2,1345.0,65379373.99999999
2026-01-21 04:00:00,48609.7,48630.7,48602.2,48623.8,1078.0,52416456.400000006
2026-01-21 04:30:00,48623.3,48623.5,48612.3,48613.3,639.0,31063898.700000003
2026-01-21 05:00:00,48612.4,48626.5,48585.0,48612.2,892.0,43362082.4
2026-01-21 05:30:00,48612.7,48620.5,48601.2,48603.3,636.0,30911698.8
2026-01-21 06:00:00,48602.4,48611.6,48590.3,48597.2,742.0,36059122.4
2026-01-21 06:30:00,48597.8,48612.5,48567.2,48568.8,775.0,37640820.0
2026-01-21 07:00:00,48568.2,48627.7,48566.4,48626.2,1056.0,51349267.199999996
2026-01-21 07:30:00,48626.7,48639.7,48611.4,48618.3,922.0,44826072.6
2026-01-21 08:00:00,48616.7,48643.7,48603.3,48629.2,2788.0,135578209.6
2026-01-21 08:30:00,48629.0,48643.7,48615.1,48622.5,1925.0,93598312.5
2026-01-21 09:00:00,48622.8,48635.0,48609.3,48611.4,2059.0,100090872.60000001
2026-01-21 09:30:00,48610.5,48611.7,48531.5,48535.3,2333.0,113232854.9
2026-01-21 10:00:00,48535.8,48589.9,48520.1,48586.2,2431.0,118113052.19999999
2026-01-21 10:30:00,48586.3,48602.9,48563.5,48566.7,1526.0,74112784.2
2026-01-21 11:00:00,48565.7,48571.8,48529.4,48535.1,1956.0,94934655.6
2026-01-21 11:30:00,48535.7,48539.4,48404.5,48407.5,3780.0,182980350.0
2026-01-21 12:00:00,48408.9,48494.0,48407.0,48457.6,3753.0,181861372.79999998
2026-01-21 12:30:00,48458.1,48460.2,48380.6,48428.5,3106.0,150418921.0
2026-01-21 13:00:00,48428.0,48438.5,48373.7,48376.7,3150.0,152386605.0
2026-01-21 13:30:00,48376.9,48427.7,48343.5,48400.1,6189.0,299548218.9
2026-01-21 14:00:00,48399.3,48679.8,48383.3,48608.0,16572.0,805531776.0
2026-01-21 14:30:00,48608.5,48846.7,48601.0,48841.7,44295.0,2163443101.5
2026-01-21 15:00:00,48841.2,48970.7,48829.3,48936.1,25716.0,1258440747.6
2026-01-21 15:30:00,48936.7,49061.7,48928.4,49005.2,17647.0,864794764.4
2026-01-21 16:00:00,49004.4,49012.7,48938.3,48992.3,14475.0,709163542.5
2026-01-21 16:30:00,48992.8,48996.8,48798.4,48802.4,24539.0,1197562093.6000001
2026-01-21 17:00:00,48802.7,48836.7,48628.2,48770.7,25820.0,1259259474.0
2026-01-21 17:30:00,48770.9,48817.4,48697.2,48789.7,23726.0,1157584422.2
2026-01-21 18:00:00,48789.3,48842.1,48662.2,48823.2,21617.0,1055411114.4
2026-01-21 18:30:00,48823.7,48891.5,48774.2,48852.6,18078.0,883157302.8
2026-01-21 19:00:00,48852.2,49130.4,48762.2,49089.5,17659.0,866871480.5
2026-01-21 19:30:00,49089.1,49337.7,49077.3,49307.7,34335.0,1692979879.5
2026-01-21 20:00:00,49308.5,49333.6,49105.2,49110.7,22719.0,1115745993.3
2026-01-21 20:30:00,49110.2,49153.7,49078.2,49123.7,18691.0,918171076.6999999
2026-01-21 21:00:00,49123.2,49169.5,49121.5,49151.6,3168.0,155712268.79999998
2026-01-21 21:30:00,49152.1,49156.6,49118.4,49135.5,1214.0,59650497.0
2026-01-21 23:00:00,49161.6,49211.8,49161.6,49205.7,1480.0,72824436.0
2026-01-21 23:30:00,49205.1,49205.1,49164.1,49180.7,1009.0,49623326.3
2026-01-22 00:00:00,49181.5,49206.5,49172.4,49193.7,1655.0,81415573.5
2026-01-22 00:30:00,49195.2,49203.5,49174.2,49195.7,1253.0,61642212.099999994
2026-01-22 01:00:00,49196.5,49222.5,49187.2,49217.8,1595.0,78502391.0
2026-01-22 01:30:00,49217.3,49233.8,49200.3,49228.5,1267.0,62372509.5
2026-01-22 02:00:00,49228.9,49253.7,49223.2,49227.2,890.0,43812208.0
2026-01-22 02:30:00,49226.4,49229.6,49212.2,49227.3,734.0,36132838.2
2026-01-22 03:00:00,49227.8,49249.5,49226.4,49237.1,634.0,31216321.4
2026-01-22 03:30:00,49237.7,49241.7,49227.3,49234.8,622.0,30624045.6
2026-01-22 04:00:00,49234.3,49235.9,49212.3,49223.3,826.0,40658445.800000004
2026-01-22 04:30:00,49222.4,49223.7,49208.8,49215.4,403.0,19833806.2
2026-01-22 05:00:00,49215.8,49224.5,49206.3,49209.8,558.0,27459068.400000002
2026-01-22 05:30:00,49209.3,49209.3,49166.2,49170.2,808.0,39729521.599999994
2026-01-22 06:00:00,49170.7,49182.7,49118.2,49120.7,1821.0,89448794.69999999
2026-01-22 06:30:00,49120.2,49170.7,49119.4,49164.2,1476.0,72566359.2
2026-01-22 07:00:00,49164.7,49177.5,49129.1,49159.2,1679.0,82538296.8
2026-01-22 07:30:00,49159.7,49214.5,49158.3,49189.7,2124.0,104478922.8
2026-01-22 08:00:00,49189.2,49262.6,49185.4,49250.2,3974.0,195720294.79999998
2026-01-22 08:30:00,49249.7,49301.6,49237.4,49277.8,3137.0,154584458.60000002
2026-01-22 09:00:00,49278.2,49328.8,49275.2,49303.3,2474.0,121976364.2
2026-01-22 09:30:00,49303.8,49335.8,49301.2,49320.8,1420.0,70035536.0
2026-01-22 10:00:00,49321.5,49327.1,49278.8,49302.8,2028.0,99986078.4
2026-01-22 10:30:00,49302.9,49331.7,49302.9,49328.3,1441.0,71082080.3
2026-01-22 11:00:00,49327.9,49335.7,49262.4,49277.9,2290.0,112846391.0
2026-01-22 11:30:00,49277.9,49308.5,49249.0,49262.7,2457.0,121038453.89999999
2026-01-22 12:00:00,49262.3,49284.3,49234.3,49257.5,2315.0,114031112.5
2026-01-22 12:30:00,49257.2,49293.2,49247.5,49275.2,2129.0,104906900.8
2026-01-22 13:00:00,49274.8,49317.7,49265.8,49313.9,2741.0,135169399.9
2026-01-22 13:30:00,49314.4,49380.6,49288.8,49376.7,3619.0,178694277.29999998
2026-01-22 14:00:00,49376.2,49403.5,49351.3,49400.9,3488.0,172310339.20000002
2026-01-22 14:30:00,49401.3,49626.4,49333.5,49380.1,40209.0,1985524440.8999999
2026-01-22 15:00:00,49380.7,49442.8,49295.2,49427.5,27959.0,1381943472.5
2026-01-22 15:30:00,49427.1,49507.5,49401.4,49469.7,17590.0,870172023.0
2026-01-22 16:00:00,49469.2,49547.8,49465.4,49527.8,12728.0,630389838.4000001
2026-01-22 16:30:00,49527.3,49586.7,49520.2,49525.3,9390.0,465042567.0
2026-01-22 17:00:00,49524.5,49601.7,49501.2,49581.3,11652.0,577721307.6
2026-01-22 17:30:00,49580.8,49652.7,49580.8,49634.8,7884.0,391320763.20000005
2026-01-22 18:00:00,49634.3,49640.7,49537.2,49542.7,8317.0,412046635.9
2026-01-22 18:30:00,49542.2,49585.8,49523.3,49541.8,7080.0,350755944.0
2026-01-22 19:00:00,49541.3,49618.5,49540.5,49581.6,6548.0,324660316.8
2026-01-22 19:30:00,49582.6,49590.7,49442.2,49442.7,9085.0,449186929.5
2026-01-22 20:00:00,49442.2,49506.8,49401.3,49402.8,10442.0,515864037.6
2026-01-22 20:30:00,49402.3,49433.7,49358.2,49426.2,13493.0,666907716.5999999
2026-01-22 21:00:00,49425.3,49436.3,49402.0,49418.3,2929.0,144746200.70000002
2026-01-22 21:30:00,49418.7,49419.8,49345.4,49366.0,1154.0,56968364.0
2026-01-22 23:00:00,49386.4,49397.4,49348.5,49387.2,1503.0,74228961.6
2026-01-22 23:30:00,49387.7,49401.7,49374.4,49387.2,652.0,32200454.4
2026-01-23 00:00:00,49386.4,49412.7,49370.4,49409.2,1208.0,59686313.599999994
2026-01-23 00:30:00,49408.3,49432.7,49404.4,49431.2,587.0,29016114.4
2026-01-23 01:00:00,49431.7,49457.7,49425.4,49437.3,1475.0,72920017.5
2026-01-23 01:30:00,49436.4,49468.4,49432.2,49466.2,1230.0,60843426.0
2026-01-23 02:00:00,49466.7,49466.7,49445.3,49457.4,691.0,34175063.4
2026-01-23 02:30:00,49456.4,49457.7,49438.2,49440.2,643.0,31790048.599999998
2026-01-23 03:00:00,49439.4,49465.8,49439.2,49463.3,673.0,33288800.900000002
2026-01-23 03:30:00,49462.5,49466.6,49450.5,49461.2,459.0,22702690.799999997
2026-01-23 04:00:00,49461.7,49461.7,49439.5,49450.3,571.0,28236121.3
2026-01-23 04:30:00,49450.8,49460.8,49442.3,49457.8,572.0,28289861.6
2026-01-23 05:00:00,49458.6,49470.6,49451.4,49462.3,623.0,30815012.900000002
2026-01-23 05:30:00,49461.5,49470.4,49458.5,49467.2,437.0,21617166.4
2026-01-23 06:00:00,49467.8,49480.8,49465.5,49468.5,589.0,29136946.5
2026-01-23 06:30:00,49467.5,49474.8,49443.3,49448.7,576.0,28482451.2
2026-01-23 07:00:00,49449.5,49464.5,49437.2,49451.7,834.0,41242717.8
2026-01-23 07:30:00,49451.2,49454.7,49432.2,49443.5,950.0,46971325.0
2026-01-23 08:00:00,49442.5,49447.7,49400.2,49410.5,2799.0,138299989.5
2026-01-23 08:30:00,49413.3,49415.9,49352.4,49369.7,2915.0,143912675.5
2026-01-23 09:00:00,49369.2,49391.1,49353.7,49372.6,2485.0,122690911.0
2026-01-23 09:30:00,49372.2,49372.7,49294.1,49318.5,3025.0,149188462.5
2026-01-23 10:00:00,49317.5,49318.1,49290.2,49295.2,2208.0,108843801.6
2026-01-23 10:30:00,49295.7,49307.5,49283.4,49307.5,1680.0,82836600.0
2026-01-23 11:00:00,49308.0,49345.5,49298.4,49332.3,3295.0,162549928.5
2026-01-23 11:30:00,49331.5,49344.6,49293.3,49302.3,1576.0,77700424.80000001
2026-01-23 12:00:00,49303.0,49332.4,49299.6,49310.3,1717.0,84665785.10000001
2026-01-23 12:30:00,49310.3,49337.9,49276.4,49322.5,1746.0,86117085.0
2026-01-23 13:00:00,49322.3,49328.2,49205.9,49206.2,2585.0,127198026.99999999
2026-01-23 13:30:00,49206.6,49222.4,49169.3,49183.2,3048.0,149910393.6
2026-01-23 14:00:00,49183.4,49215.2,49148.2,49212.2,3265.0,160677833.0
2026-01-23 14:30:00,49212.6,49242.1,49035.2,49159.2,26255.0,1290674796.0
2026-01-23 15:00:00,49159.7,49199.5,49068.1,49118.8,16445.0,807758666.0
2026-01-23 15:30:00,49118.0,49221.5,49115.5,49185.2,11229.0,552300610.8
2026-01-23 16:00:00,49185.7,49225.7,49150.2,49160.3,9381.0,461172774.3
2026-01-23 16:30:00,49159.5,49204.7,49108.2,49154.2,11186.0,549838881.1999999
2026-01-23 17:00:00,49154.7,49208.7,49136.4,49197.8,8680.0,427036904.0
2026-01-23 17:30:00,49198.6,49203.7,48995.2,49012.6,12230.0,599424098.0
2026-01-23 18:00:00,49012.2,49057.7,48983.4,49044.2,11929.0,585048261.8
2026-01-23 18:30:00,49044.7,49072.8,49012.4,49068.3,9511.0,466688601.3
2026-01-23 19:00:00,49068.8,49167.7,49065.2,49119.4,7781.0,382198051.40000004
2026-01-23 19:30:00,49119.8,49149.8,49059.2,49118.3,7359.0,361461569.70000005
2026-01-23 20:00:00,49117.5,49126.7,49069.2,49094.7,7607.0,373463382.9
2026-01-23 20:30:00,49094.2,49151.7,49078.2,49122.2,9360.0,459783792.0
2026-01-23 21:00:00,49122.7,49122.7,49029.2,49029.3,2137.0,104775614.10000001
2026-01-23 21:30:00,49028.9,49049.0,49027.2,49038.1,756.0,37072803.6
2026-01-25 23:00:00,48850.2,48949.3,48727.2,48940.3,6319.0,309253755.70000005
2026-01-25 23:30:00,48940.1,48988.7,48896.4,48972.4,3804.0,186291009.6
2026-01-26 00:00:00,48972.8,49063.7,48968.5,49053.4,3737.0,183312555.8
2026-01-26 00:30:00,49052.4,49059.5,49015.1,49026.5,1865.0,91434422.5
2026-01-26 01:00:00,49027.5,49087.5,49018.4,49026.2,3630.0,177965106.0
2026-01-26 01:30:00,49025.3,49033.5,48999.4,49015.5,2412.0,118225386.0
2026-01-26 02:00:00,49015.1,49043.7,49015.1,49034.2,1892.0,92772706.39999999
2026-01-26 02:30:00,49034.7,49034.7,48986.4,49013.7,1906.0,93420112.19999999
2026-01-26 03:00:00,49014.5,49047.5,49009.4,49017.5,1799.0,88182482.5
2026-01-26 03:30:00,49018.5,49026.7,49007.2,49018.7,1286.0,63038048.199999996
2026-01-26 04:00:00,49018.2,49033.7,49007.2,49033.1,1127.0,55260303.699999996
2026-01-26 04:30:00,49033.7,49039.7,48998.2,49011.4,1174.0,57539383.6
2026-01-26 05:00:00,49010.5,49040.7,49003.4,49032.2,1077.0,52807679.4
2026-01-26 05:30:00,49031.3,49054.6,49026.4,49051.4,928.0,45519699.2
2026-01-26 06:00:00,49051.8,49085.4,49050.4,49076.2,1269.0,62277697.8
2026-01-26 06:30:00,49076.7,49084.5,49051.2,49063.5,1266.0,62114391.0
2026-01-26 07:00:00,49064.5,49096.5,49058.2,49093.5,1035.0,50811772.5
2026-01-26 07:30:00,49093.8,49126.5,49081.2,49117.5,1107.0,54373072.5
2026-01-26 08:00:00,49119.8,49154.8,49110.2,49143.0,2509.0,123299787.0
2026-01-26 08:30:00,49142.9,49161.3,49133.1,49156.7,1847.0,90792424.89999999
2026-01-26 09:00:00,49156.6,49176.6,49130.7,49166.2,2366.0,116327229.19999999
2026-01-26 09:30:00,49166.5,49168.0,49035.2,49069.1,3309.0,162369651.9
2026-01-26 10:00:00,49069.0,49104.8,49065.5,49098.9,2497.0,122599953.3
2026-01-26 10:30:00,49098.4,49129.8,49090.1,49100.5,2037.0,100017718.5
2026-01-26 11:00:00,49101.3,49136.8,49100.3,49126.8,1525.0,74918370.0
2026-01-26 11:30:00,49126.3,49155.3,49096.9,49115.4,1453.0,71364676.2
2026-01-26 12:00:00,49114.5,49152.7,49110.0,49131.2,1912.0,93938854.39999999
2026-01-26 12:30:00,49131.7,49147.6,49120.9,49138.7,1703.0,83683206.1
2026-01-26 13:00:00,49138.8,49180.6,49122.5,49138.9,2451.0,120439443.9
2026-01-26 13:30:00,49138.9,49201.3,49112.8,49197.4,2620.0,128897188.0
2026-01-26 14:00:00,49196.9,49225.1,49185.1,49220.7,3015.0,148400410.5
2026-01-26 14:30:00,49221.9,49358.8,49176.4,49278.2,25944.0,1278473620.8
2026-01-26 15:00:00,49277.3,49403.7,49265.2,49311.7,14294.0,704861439.8
2026-01-26 15:30:00,49311.2,49386.4,49294.2,49322.5,13368.0,659343180.0
2026-01-26 16:00:00,49321.5,49327.5,49237.2,49311.4,11407.0,562495139.8000001
2026-01-26 16:30:00,49312.1,49315.4,49257.4,49270.8,9301.0,458267710.8
2026-01-26 17:00:00,49270.3,49345.8,49262.5,49330.3,5984.0,295192515.2
2026-01-26 17:30:00,49330.8,49378.7,49317.3,49364.6,6496.0,320672441.59999996
2026-01-26 18:00:00,49365.5,49473.8,49348.3,49471.3,5813.0,287576666.90000004
2026-01-26 18:30:00,49470.4,49495.5,49390.2,49401.8,6531.0,322643155.8
2026-01-26 19:00:00,49401.3,49457.6,49395.2,49453.8,6246.0,308888434.8
2026-01-26 19:30:00,49453.3,49487.8,49447.3,49454.3,4538.0,224423613.4
2026-01-26 20:00:00,49454.8,49520.6,49439.3,49479.6,4774.0,236215610.4
2026-01-26 20:30:00,49479.2,49508.8,49431.2,49435.7,7356.0,363649009.2
2026-01-26 21:00:00,49436.5,49448.3,49254.2,49318.2,4543.0,224052582.6
2026-01-26 21:30:00,49317.7,49319.4,49250.5,49250.5,1142.0,56244071.0
2026-01-26 23:00:00,49270.9,49307.6,49239.3,49265.1,1265.0,62320351.5
2026-01-26 23:30:00,49265.6,49286.7,49263.3,49285.7,948.0,46722843.599999994
2026-01-27 00:00:00,49284.5,49291.7,49263.4,49284.7,966.0,47609020.199999996
2026-01-27 00:30:00,49284.2,49299.7,49279.2,49297.4,744.0,36677265.6
2026-01-27 01:00:00,49295.8,49308.7,49285.4,49306.7,966.0,47630272.199999996
2026-01-27 01:30:00,49306.2,49327.7,49303.2,49318.2,785.0,38714787.0
2026-01-27 02:00:00,49318.7,49357.7,49318.2,49352.3,799.0,39432487.7
2026-01-27 02:30:00,49352.7,49374.7,49344.4,49373.7,823.0,40634555.099999994
2026-01-27 03:00:00,49373.2,49381.5,49364.4,49376.7,560.0,27650952.0
2026-01-27 03:30:00,49377.5,49389.7,49376.2,49383.2,560.0,27654592.0
2026-01-27 04:00:00,49383.7,49415.7,49383.2,49401.1,621.0,30678083.099999998
2026-01-27 04:30:00,49401.7,49404.5,49397.4,49399.2,259.0,12794392.799999999
2026-01-27 05:00:00,49397.7,49400.8,49381.3,49391.6,724.0,35759518.4
2026-01-27 05:30:00,49392.6,49418.8,49392.3,49414.8,717.0,35430411.6
2026-01-27 06:00:00,49414.3,49435.7,49411.3,49416.4,739.0,36518719.6
2026-01-27 06:30:00,49416.7,49421.7,49393.2,49395.7,707.0,34922759.9
2026-01-27 07:00:00,49396.5,49418.7,49396.1,49417.7,761.0,37606869.699999996
2026-01-27 07:30:00,49417.2,49424.7,49394.4,49417.2,859.0,42449374.8
2026-01-27 08:00:00,49418.4,49425.1,49389.8,49392.3,2144.0,105897091.2
2026-01-27 08:30:00,49392.7,49401.7,49365.3,49392.1,1708.0,84361706.8
2026-01-27 09:00:00,49391.4,49410.7,49388.4,49391.3,1548.0,76457732.4
2026-01-27 09:30:00,49391.4,49413.6,49388.3,49391.1,1301.0,64257821.1
2026-01-27 10:00:00,49390.4,49419.8,49386.3,49402.2,907.0,44807795.4
2026-01-27 10:30:00,49402.3,49445.7,49355.2,49357.5,1691.0,83463532.5
2026-01-27 11:00:00,49357.7,49375.5,49325.8,49336.4,1915.0,94479206.0
2026-01-27 11:30:00,49336.1,49347.1,49289.2,49295.5,1519.0,74879864.5
2026-01-27 12:00:00,49295.1,49318.1,49183.6,49186.2,2189.0,107668591.8
2026-01-27 12:30:00,49190.8,49248.1,49166.6,49179.6,2769.0,136178312.4
2026-01-27 13:00:00,49179.3,49212.3,49160.5,49173.5,1997.0,98199479.5
2026-01-27 13:30:00,49172.6,49187.1,49109.3,49113.2,2412.0,118461038.39999999
2026-01-27 14:00:00,49113.3,49128.5,49061.2,49098.9,3554.0,174497490.6
2026-01-27 14:30:00,49099.2,49151.4,48971.5,49039.2,28087.0,1377364010.3999999
2026-01-27 15:00:00,49040.3,49059.5,48920.3,48933.7,15551.0,760967968.6999999
2026-01-27 15:30:00,48933.2,49059.7,48920.2,49057.7,12215.0,599239805.5
2026-01-27 16:00:00,49057.2,49148.8,49037.2,49135.7,9203.0,452195847.09999996
2026-01-27 16:30:00,49136.5,49199.7,49100.4,49106.4,6798.0,333825307.2
2026-01-27 17:00:00,49106.7,49108.5,48944.2,49002.7,8228.0,403194215.59999996
2026-01-27 17:30:00,49003.5,49011.7,48935.5,48950.7,6811.0,333403217.7
2026-01-27 18:00:00,48951.5,48966.5,48890.2,48962.8,7070.0,346166996.0
2026-01-27 18:30:00,48963.6,49017.8,48956.4,49000.8,5350.0,262154280.00000003
2026-01-27 19:00:00,49000.3,49028.5,48976.3,49023.7,4746.0,232666480.2
2026-01-27 19:30:00,49024.5,49040.8,49003.4,49016.7,4290.0,210281643.0
2026-01-27 20:00:00,49016.2,49052.6,48996.3,49004.3,4177.0,204690961.10000002
2026-01-27 20:30:00,49004.8,49051.7,48994.4,49046.8,6360.0,311937648.0
2026-01-27 21:00:00,49046.2,49049.3,48992.2,49008.7,1956.0,95861017.19999999
2026-01-27 21:30:00,49008.9,49034.9,49007.3,49010.7,851.0,41708105.699999996
2026-01-27 23:00:00,49013.6,49032.7,49010.3,49023.7,1345.0,65936876.49999999
2026-01-27 23:30:00,49024.5,49026.5,49014.2,49019.7,348.0,17058855.599999998
2026-01-28 00:00:00,49020.5,49049.5,49019.2,49042.1,788.0,38645174.8
2026-01-28 00:30:00,49041.3,49076.5,49040.2,49057.2,1481.0,72653713.2
2026-01-28 01:00:00,49057.7,49060.7,49034.5,49043.8,1144.0,56106107.2
2026-01-28 01:30:00,49044.6,49045.8,49030.5,49039.2,968.0,47469945.599999994
2026-01-28 02:00:00,49038.4,49050.7,49029.2,49029.7,824.0,40400472.8
2026-01-28 02:30:00,49029.2,49052.5,49027.4,49041.2,628.0,30797873.599999998
2026-01-28 03:00:00,49040.3,49054.7,49039.4,49045.8,589.0,28887976.200000003
2026-01-28 03:30:00,49046.6,49060.8,49033.3,49033.8,872.0,42757473.6
2026-01-28 04:00:00,49033.3,49037.6,49018.5,49019.8,641.0,31421691.8
2026-01-28 04:30:00,49020.6,49034.5,49018.3,49034.1,284.0,13925684.4
2026-01-28 05:00:00,49034.7,49047.8,49032.2,49039.3,521.0,25549475.3
2026-01-28 05:30:00,49039.8,49064.8,49034.3,49059.3,602.0,29533698.6
2026-01-28 06:00:00,49066.4,49109.5,49038.2,49063.4,3094.0,151802159.6
2026-01-28 06:30:00,49063.8,49084.7,49057.2,49062.7,1988.0,97536647.6
2026-01-28 07:00:00,49062.2,49072.5,49048.3,49067.7,1313.0,64425890.099999994
2026-01-28 07:30:00,49067.2,49088.8,49052.2,49087.3,1250.0,61359125.0
2026-01-28 08:00:00,49087.7,49099.9,49048.2,49063.4,2501.0,122707563.4
2026-01-28 08:30:00,49062.5,49067.6,49012.3,49018.2,1915.0,93869853.0
2026-01-28 09:00:00,49019.0,49049.2,49018.9,49036.9,1828.0,89639453.2
2026-01-28 09:30:00,49037.9,49075.2,49034.7,49067.2,1262.0,61922806.4
2026-01-28 10:00:00,49066.7,49078.3,49054.9,49068.1,1097.0,53827705.699999996
2026-01-28 10:30:00,49068.6,49089.7,49063.9,49085.6,939.0,46091378.4
2026-01-28 11:00:00,49084.8,49086.3,49052.3,49070.9,1203.0,59032292.7
2026-01-28 11:30:00,49071.1,49076.2,49059.8,49062.3,1164.0,57108517.2
2026-01-28 12:00:00,49063.1,49081.1,49002.4,49008.3,3273.0,160404165.9
2026-01-28 12:30:00,49009.1,49031.7,48996.0,49005.4,2525.0,123738635.0
2026-01-28 13:00:00,49006.0,49047.9,49006.0,49031.2,2359.0,115664600.8
2026-01-28 13:30:00,49031.6,49041.1,48984.9,49005.8,2318.0,113595444.4
2026-01-28 14:00:00,49004.9,49062.8,48979.0,49062.5,3500.0,171718750.0
2026-01-28 14:30:00,49063.5,49173.7,48996.5,49025.7,28733.0,1408655438.1
2026-01-28 15:00:00,49026.5,49066.4,48940.2,49039.8,17227.0,844808634.6
2026-01-28 15:30:00,49039.3,49091.7,49017.5,49020.3,14399.0,705843299.7
2026-01-28 16:00:00,49019.5,49111.6,49017.3,49106.9,10969.0,538653586.1
2026-01-28 16:30:00,49106.3,49108.8,49021.3,49041.3,11703.0,573930333.9
2026-01-28 17:00:00,49041.8,49111.5,49038.3,49058.8,9226.0,452616488.8
2026-01-28 17:30:00,49058.3,49076.6,49004.2,49024.8,8524.0,417887395.20000005
2026-01-28 18:00:00,49024.3,49066.8,49014.5,49051.3,6539.0,320746450.70000005
2026-01-28 18:30:00,49051.8,49062.8,48969.4,48996.1,5407.0,264921912.7
2026-01-28 19:00:00,48994.0,49065.4,48937.1,48947.5,13428.0,657267030.0
2026-01-28 19:30:00,48948.5,49158.3,48922.5,48970.5,28518.0,1396540719.0
2026-01-28 20:00:00,48970.1,49087.7,48965.2,49007.1,10349.0,507174477.9
2026-01-28 20:30:00,49006.4,49073.8,48963.3,49047.8,11077.0,543302480.6
2026-01-28 21:00:00,49047.2,49102.1,48868.9,49080.4,13386.0,656990234.4
2026-01-28 21:30:00,49080.8,49087.7,48979.2,49003.5,3462.0,169650117.0
2026-01-28 23:00:00,49017.5,49033.5,48896.2,48936.7,3892.0,190461636.39999998
2026-01-28 23:30:00,48937.5,48974.3,48899.9,48903.5,3271.0,159963348.5
2026-01-29 00:00:00,48903.1,48932.5,48866.1,48929.2,5364.0,262456228.79999998
2026-01-29 00:30:00,48928.3,48928.7,48898.3,48927.7,2480.0,121340696.0
2026-01-29 01:00:00,48928.5,48933.6,48885.2,48909.5,3445.0,168493227.5
2026-01-29 01:30:00,48910.5,48920.5,48891.5,48911.3,3263.0,159597571.9
2026-01-29 02:00:00,48911.8,48975.7,48905.3,48969.3,2521.0,123451605.30000001
2026-01-29 02:30:00,48969.7,48973.5,48946.4,48956.3,1608.0,78721730.4
2026-01-29 03:00:00,48955.4,48982.7,48954.2,48971.2,1188.0,58177785.599999994
2026-01-29 03:30:00,48971.7,48994.5,48967.2,48981.7,1240.0,60737308.0
2026-01-29 04:00:00,48982.5,48995.7,48970.3,48982.7,1040.0,50942008.0
2026-01-29 04:30:00,48983.5,49008.6,48983.2,49004.3,722.0,35381104.6
2026-01-29 05:00:00,49004.8,49014.6,48994.3,49012.2,1072.0,52541078.4
2026-01-29 05:30:00,49012.8,49032.8,49010.5,49024.8,881.0,43190848.800000004
2026-01-29 06:00:00,49025.6,49059.8,49024.2,49043.8,988.0,48455274.400000006
2026-01-29 06:30:00,49043.2,49053.5,49024.2,49035.2,1076.0,52761875.199999996
2026-01-29 07:00:00,49033.7,49051.7,49028.2,49051.7,1304.0,63963416.8
2026-01-29 07:30:00,49051.2,49099.7,49047.3,49087.2,1630.0,80012136.0
2026-01-29 08:00:00,49086.4,49108.6,49042.2,49097.2,3948.0,193835745.6
2026-01-29 08:30:00,49096.4,49110.6,49078.9,49092.6,2741.0,134562816.6
2026-01-29 09:00:00,49093.6,49135.7,49093.6,49108.8,2194.0,107744707.2
2026-01-29 09:30:00,49108.9,49157.1,49081.5,49084.2,2149.0,105481945.8
2026-01-29 10:00:00,49083.8,49110.4,49081.1,49097.7,2153.0,105707348.1
2026-01-29 10:30:00,49098.5,49102.5,49031.4,49040.7,1774.0,86998201.8
2026-01-29 11:00:00,49041.1,49089.5,49008.8,49050.7,2762.0,135478033.4
2026-01-29 11:30:00,49051.2,49310.3,49051.2,49104.6,7391.0,362932098.59999996
2026-01-29 12:00:00,49105.3,49123.6,49042.1,49119.8,3037.0,149176832.6
2026-01-29 12:30:00,49120.1,49127.7,49046.2,49078.3,2680.0,131529844.00000001
2026-01-29 13:00:00,49077.9,49101.4,49048.7,49081.4,3111.0,152692235.4
2026-01-29 13:30:00,49082.3,49097.5,49047.6,49058.5,2440.0,119702740.0
2026-01-29 14:00:00,49058.9,49062.9,48970.2,49033.4,4458.0,218590897.20000002
2026-01-29 14:30:00,49032.3,49326.3,48967.2,48983.1,45362.0,2221971382.2
2026-01-29 15:00:00,48983.9,49023.5,48834.0,48839.2,32261.0,1575601431.1999998
2026-01-29 15:30:00,48838.4,48864.7,48684.2,48743.4,25399.0,1238033616.6000001
2026-01-29 16:00:00,48743.1,48919.8,48606.2,48853.8,26876.0,1312994728.8000002
2026-01-29 16:30:00,48853.2,48959.1,48850.5,48925.2,22203.0,1086286215.6
2026-01-29 17:00:00,48924.4,49088.7,48912.3,49028.2,14276.0,699926583.1999999
2026-01-29 17:30:00,49028.7,49055.7,48815.2,48820.7,14966.0,730650596.1999999
2026-01-29 18:00:00,48820.4,48980.4,48792.1,48938.2,17227.0,843058371.4
2026-01-29 18:30:00,48938.7,48974.6,48870.2,48879.8,13632.0,666329433.6
2026-01-29 19:00:00,48880.5,49020.4,48853.2,49014.5,11506.0,563960837.0
2026-01-29 19:30:00,49013.4,49034.5,48912.7,48920.9,11887.0,581522738.3000001
2026-01-29 20:00:00,48921.8,49005.0,48919.4,48945.5,9724.0,475946042.0
2026-01-29 20:30:00,48946.0,49084.0,48944.6,49036.7,11911.0,584076133.6999999
2026-01-29 21:00:00,49037.1,49068.9,48993.8,49009.6,2815.0,137962024.0
2026-01-29 21:30:00,49016.5,49051.6,48981.6,48990.6,5214.0,255436988.4
2026-01-29 23:00:00,49021.9,49021.9,48863.6,48952.9,3816.0,186804266.4
2026-01-29 23:30:00,48952.1,49007.5,48950.3,48981.7,3158.0,154684208.6
2026-01-30 00:00:00,48981.2,48992.5,48934.0,48951.8,3281.0,160610855.8
2026-01-30 00:30:00,48952.6,49009.8,48924.2,48933.2,2515.0,123066998.0
2026-01-30 01:00:00,48933.7,48944.5,48879.4,48887.1,2990.0,146172429.0
2026-01-30 01:30:00,48887.7,48897.5,48806.4,48850.1,4914.0,240049391.4
2026-01-30 02:00:00,48850.7,48861.7,48786.4,48810.3,5857.0,285881927.1
2026-01-30 02:30:00,48810.7,48835.5,48790.2,48832.7,3906.0,190740526.2
2026-01-30 03:00:00,48833.5,48876.7,48831.3,48858.2,3075.0,150238965.0
2026-01-30 03:30:00,48858.7,48893.7,48856.2,48866.8,2532.0,123730737.60000001
2026-01-30 04:00:00,48866.2,48892.7,48862.2,48880.6,1589.0,77671273.39999999
2026-01-30 04:30:00,48880.1,48893.7,48858.2,48866.1,1423.0,69536460.3
2026-01-30 05:00:00,48866.7,48886.5,48852.4,48867.2,1861.0,90941859.19999999
2026-01-30 05:30:00,48866.4,48869.5,48826.4,48826.7,1674.0,81735895.8
2026-01-30 06:00:00,48827.6,48834.7,48721.2,48742.4,2418.0,117859123.2
2026-01-30 06:30:00,48741.4,48765.5,48669.0,48676.6,3256.0,158491009.6
2026-01-30 07:00:00,48676.1,48748.5,48673.3,48712.7,3244.0,158023998.79999998
2026-01-30 07:30:00,48712.2,48728.5,48653.2,48660.5,3480.0,169338540.0
2026-01-30 08:00:00,48662.7,48726.7,48638.2,48699.9,7081.0,344843991.90000004
2026-01-30 08:30:00,48699.5,48741.6,48644.1,48716.6,5248.0,255664716.79999998
2026-01-30 09:00:00,48716.3,48754.4,48677.5,48696.9,5306.0,258385751.4
2026-01-30 09:30:00,48697.5,48702.7,48587.2,48643.4,5025.0,244433085.0
2026-01-30 10:00:00,48642.5,48690.1,48635.0,48682.1,4182.0,203588542.2
2026-01-30 10:30:00,48682.3,48728.8,48681.8,48708.7,3088.0,150412465.6
2026-01-30 11:00:00,48709.5,48808.2,48703.2,48803.4,3213.0,156805324.20000002
2026-01-30 11:30:00,48803.7,48938.7,48803.1,48930.2,4274.0,209127674.79999998
2026-01-30 12:00:00,48929.4,48972.7,48870.5,48875.4,4764.0,232842405.6
2026-01-30 12:30:00,48875.5,48894.7,48830.5,48857.2,3967.0,193816512.39999998
2026-01-30 13:00:00,48857.7,48906.9,48826.9,48849.7,4471.0,218407008.7
2026-01-30 13:30:00,48852.5,48853.4,48754.0,48795.5,7508.0,366356614.0
2026-01-30 14:00:00,48795.2,48935.7,48787.2,48927.1,7306.0,357461392.59999996
2026-01-30 14:30:00,48927.6,49060.7,48841.2,48877.2,42126.0,2059000927.1999998
2026-01-30 15:00:00,48877.7,48995.7,48840.7,48857.7,27173.0,1327610282.1
2026-01-30 15:30:00,48858.1,48977.7,48813.2,48816.3,23288.0,1136833994.4
2026-01-30 16:00:00,48815.4,48824.7,48592.4,48628.2,19206.0,933953209.1999999
2026-01-30 16:30:00,48627.2,48710.6,48608.5,48671.7,19872.0,967204022.4
2026-01-30 17:00:00,48671.3,48686.5,48527.4,48673.6,20622.0,1003746979.1999999
2026-01-30 17:30:00,48674.5,48713.8,48580.4,48583.3,21850.0,1061545105.0000001
2026-01-30 18:00:00,48581.8,48680.7,48471.2,48632.5,19376.0,942303320.0
2026-01-30 18:30:00,48632.1,48847.7,48523.4,48800.8,21550.0,1051657240.0000001
2026-01-30 19:00:00,48799.8,48926.8,48799.3,48813.4,18795.0,917447853.0
2026-01-30 19:30:00,48813.9,48919.7,48764.4,48805.9,22916.0,1118436004.4
2026-01-30 20:00:00,48806.4,48875.7,48792.2,48850.3,16305.0,796504141.5
2026-01-30 20:30:00,48850.7,48989.7,48843.4,48922.1,17693.0,865578715.3
2026-01-30 21:00:00,48922.5,48956.6,48871.3,48900.4,3909.0,191151663.6
2026-01-30 21:30:00,48900.2,48901.7,48855.2,48886.4,1299.0,63503433.6
2026-02-01 23:00:00,48778.7,48837.2,48675.9,48814.1,7812.0,381335749.2
2026-02-01 23:30:00,48813.3,48908.6,48803.2,48888.5,3902.0,190762927.0
2026-02-02 00:00:00,48888.1,48922.4,48834.2,48901.2,5030.0,245973036.0
2026-02-02 00:30:00,48900.3,48954.5,48886.7,48911.7,2952.0,144387338.4
2026-02-02 01:00:00,48912.5,48947.5,48834.2,48860.4,7084.0,346127073.6
2026-02-02 01:30:00,48860.7,48866.7,48729.4,48736.7,8794.0,428590539.79999995
2026-02-02 02:00:00,48736.2,48764.7,48710.2,48725.4,6680.0,325485672.0
2026-02-02 02:30:00,48724.4,48749.5,48676.4,48683.2,4834.0,235334588.79999998
2026-02-02 03:00:00,48683.7,48708.5,48632.4,48645.2,4090.0,198958868.0
2026-02-02 03:30:00,48644.3,48654.5,48544.4,48556.2,5612.0,272497394.4
2026-02-02 04:00:00,48556.7,48563.7,48471.2,48538.2,5977.0,290112821.4
2026-02-02 04:30:00,48538.7,48579.7,48536.2,48563.5,3614.0,175508489.0
2026-02-02 05:00:00,48563.1,48579.5,48534.4,48540.2,3761.0,182559692.2
2026-02-02 05:30:00,48540.7,48562.7,48513.4,48536.2,4461.0,216519988.2
2026-02-02 06:00:00,48536.7,48554.5,48455.4,48485.3,4333.0,210086804.9
2026-02-02 06:30:00,48484.4,48494.5,48420.8,48469.5,4565.0,221263267.5
2026-02-02 07:00:00,48470.5,48522.7,48443.2,48520.5,4579.0,222175369.5
2026-02-02 07:30:00,48520.1,48560.7,48517.2,48558.7,4159.0,201955633.29999998
2026-02-02 08:00:00,48558.2,48650.4,48551.3,48613.2,6776.0,329403043.2
2026-02-02 08:30:00,48613.6,48737.5,48613.2,48727.2,4312.0,210111686.39999998
2026-02-02 09:00:00,48727.6,48798.2,48693.1,48767.3,5432.0,264903973.60000002
2026-02-02 09:30:00,48766.4,48795.6,48748.2,48781.2,3714.0,181173376.79999998
2026-02-02 10:00:00,48781.7,48813.7,48779.2,48807.3,3427.0,167262617.10000002
2026-02-02 10:30:00,48807.7,48824.0,48772.2,48786.5,3230.0,157580395.0
2026-02-02 11:00:00,48787.2,48890.6,48785.7,48888.5,2788.0,136301138.0
2026-02-02 11:30:00,48888.1,48911.3,48851.8,48884.1,2794.0,136582175.4
2026-02-02 12:00:00,48883.4,48905.9,48862.5,48874.3,3370.0,164706391.0
2026-02-02 12:30:00,48874.0,48906.3,48871.1,48874.3,2706.0,132253855.80000001
2026-02-02 13:00:00,48874.7,48893.6,48822.3,48871.9,3807.0,186055323.3
2026-02-02 13:30:00,48872.4,48948.7,48866.5,48930.8,3583.0,175319056.4
2026-02-02 14:00:00,48931.2,48953.2,48903.1,48919.3,4857.0,237601040.10000002
2026-02-02 14:30:00,48918.3,49232.6,48727.2,49114.9,42340.0,2079524866.0
2026-02-02 15:00:00,49112.5,49285.5,49052.1,49244.7,22458.0,1105937472.6
2026-02-02 15:30:00,49244.2,49370.7,49235.2,49351.7,19483.0,961519171.0999999
2026-02-02 16:00:00,49351.2,49413.7,49306.2,49373.7,15219.0,751418340.3
2026-02-02 16:30:00,49374.5,49381.5,49312.2,49374.3,10986.0,542426059.8000001
2026-02-02 17:00:00,49372.1,49433.8,49369.2,49406.8,8530.0,421440004.0
2026-02-02 17:30:00,49407.6,49448.7,49387.3,49423.1,6295.0,311118414.5
2026-02-02 18:00:00,49423.7,49449.8,49355.3,49370.3,6359.0,313945737.70000005
2026-02-02 18:30:00,49369.5,49455.8,49366.3,49425.3,6183.0,305596629.90000004
2026-02-02 19:00:00,49424.5,49470.6,49412.3,49460.1,4791.0,236963339.1
2026-02-02 19:30:00,49459.3,49511.2,49420.2,49445.6,8332.0,411980739.2
2026-02-02 20:00:00,49446.5,49516.4,49404.2,49443.8,13987.0,691570430.6
2026-02-02 20:30:00,49444.6,49475.8,49413.4,49434.7,10393.0,513774837.09999996
2026-02-02 21:00:00,49435.5,49455.1,49413.4,49435.3,2986.0,147613805.8
2026-02-02 21:30:00,49434.9,49437.8,49398.9,49400.1,959.0,47374695.9
2026-02-02 23:00:00,49411.8,49481.5,49393.2,49461.7,1643.0,81265573.1
2026-02-02 23:30:00,49462.5,49495.7,49448.5,49454.2,1622.0,80214712.39999999
2026-02-03 00:00:00,49454.7,49488.7,49425.2,49475.7,2103.0,104047397.1
2026-02-03 00:30:00,49476.5,49484.7,49464.4,49479.2,1056.0,52250035.199999996
2026-02-03 01:00:00,49478.4,49485.7,49458.2,49463.7,1701.0,84137753.69999999
2026-02-03 01:30:00,49463.2,49463.7,49442.2,49457.2,1605.0,79378806.0
2026-02-03 02:00:00,49456.4,49460.5,49437.2,49439.1,1421.0,70252961.1
2026-02-03 02:30:00,49439.7,49455.6,49432.4,49447.7,1359.0,67199424.3
2026-02-03 03:00:00,49447.2,49474.6,49443.2,49467.2,1064.0,52633100.8
2026-02-03 03:30:00,49466.4,49475.6,49456.5,49464.4,1197.0,59208886.800000004
2026-02-03 04:00:00,49464.8,49483.7,49459.2,49464.7,708.0,35021007.6
2026-02-03 04:30:00,49465.5,49488.7,49464.8,49488.2,692.0,34245834.4
2026-02-03 05:00:00,49487.4,49487.7,49448.4,49462.7,919.0,45456221.3
2026-02-03 05:30:00,49463.5,49483.7,49459.2,49475.1,730.0,36116823.0
2026-02-03 06:00:00,49475.7,49500.8,49467.2,49483.4,801.0,39636203.4
2026-02-03 06:30:00,49482.4,49498.7,49472.2,49476.2,865.0,42796913.0
2026-02-03 07:00:00,49476.7,49495.7,49469.4,49476.5,1115.0,55166297.5
2026-02-03 07:30:00,49477.5,49491.4,49470.4,49482.7,1045.0,51709421.5
2026-02-03 08:00:00,49482.2,49516.1,49460.2,49488.1,2729.0,135053024.9
2026-02-03 08:30:00,49487.5,49491.7,49456.5,49466.4,2151.0,106402226.4
2026-02-03 09:00:00,49466.7,49475.9,49450.2,49450.6,2081.0,102906698.6
2026-02-03 09:30:00,49451.1,49453.7,49409.4,49425.8,1940.0,95886052.0
2026-02-03 10:00:00,49426.2,49452.4,49426.2,49439.6,1449.0,71637980.39999999
2026-02-03 10:30:00,49439.9,49440.5,49409.3,49414.2,1431.0,70711720.2
2026-02-03 11:00:00,49414.7,49417.4,49388.4,49405.9,1499.0,74059444.10000001
2026-02-03 11:30:00,49405.5,49410.9,49373.7,49407.5,2194.0,108400055.0
2026-02-03 12:00:00,49406.5,49451.6,49395.2,49451.2,2070.0,102363984.0
2026-02-03 12:30:00,49450.8,49475.7,49448.6,49460.0,1561.0,77207060.0
2026-02-03 13:00:00,49460.6,49460.9,49417.9,49449.7,2242.0,110866227.39999999
2026-02-03 13:30:00,49449.8,49458.5,49411.2,49424.2,2212.0,109326330.39999999
2026-02-03 14:00:00,49423.5,49426.7,49322.3,49349.8,3916.0,193253816.8
2026-02-03 14:30:00,49349.3,49689.5,49343.2,49462.0,51855.0,2564852010.0
2026-02-03 15:00:00,49462.6,49579.7,49420.3,49514.5,40989.0,2029549840.5
2026-02-03 15:30:00,49515.4,49549.6,49394.1,49486.2,33859.0,1675553245.8
2026-02-03 16:00:00,49486.7,49512.5,49394.3,49396.6,27413.0,1354108995.8
2026-02-03 16:30:00,49396.2,49418.5,49299.2,49334.7,25283.0,1247329220.1
2026-02-03 17:00:00,49334.2,49352.7,49196.1,49208.3,25917.0,1275331511.1000001
2026-02-03 17:30:00,49208.8,49213.3,49044.3,49049.2,25658.0,1258504373.6
2026-02-03 18:00:00,49048.4,49121.7,48974.2,48979.2,24067.0,1178782406.3999999
2026-02-03 18:30:00,48978.4,49014.8,48906.3,48912.2,19310.0,944494582.0
2026-02-03 19:00:00,48911.4,49055.6,48858.2,48992.3,30606.0,1499458333.8000002
2026-02-03 19:30:00,48991.4,49093.8,48965.2,49079.5,31901.0,1565685129.5
2026-02-03 20:00:00,49079.8,49178.6,49054.4,49173.2,21144.0,1039718140.8
2026-02-03 20:30:00,49172.4,49309.5,49168.5,49263.8,18055.0,889457909.0
2026-02-03 21:00:00,49264.6,49338.6,49216.9,49292.3,5950.0,293289185.0
2026-02-03 21:30:00,49291.8,49309.3,49260.4,49289.3,2445.0,120512338.5
2026-02-03 23:00:00,49313.4,49340.3,49288.1,49292.6,1963.0,96761373.8
2026-02-03 23:30:00,49292.1,49328.5,49285.1,49325.7,1291.0,63679478.699999996
2026-02-04 00:00:00,49326.6,49333.2,49290.8,49300.4,2407.0,118666062.8
2026-02-04 00:30:00,49300.7,49318.7,49290.4,49290.7,1544.0,76104840.8
2026-02-04 01:00:00,49291.5,49324.7,49291.5,49312.1,2299.0,113368517.89999999
2026-02-04 01:30:00,49311.3,49316.5,49282.4,49294.8,1673.0,82470200.4
2026-02-04 02:00:00,49294.2,49333.5,49294.2,49309.2,2045.0,100837314.0
2026-02-04 02:30:00,49308.4,49325.5,49297.4,49319.5,1269.0,62586445.5
2026-02-04 03:00:00,49320.5,49336.7,49307.2,49324.2,1404.0,69251176.8
2026-02-04 03:30:00,49323.4,49352.5,49317.2,49337.7,1348.0,66507219.599999994
2026-02-04 04:00:00,49337.2,49346.3,49324.2,49329.1,805.0,39709925.5
2026-02-04 04:30:00,49329.7,49342.7,49326.2,49331.5,687.0,33890740.5
2026-02-04 05:00:00,49331.1,49337.5,49324.2,49332.6,715.0,35272809.0
2026-02-04 05:30:00,49333.6,49348.5,49316.2,49346.2,797.0,39328921.4
2026-02-04 06:00:00,49346.7,49370.2,49337.2,49353.2,1252.0,61790206.4
2026-02-04 06:30:00,49353.7,49410.5,49348.4,49391.7,1511.0,74630858.7
2026-02-04 07:00:00,49392.5,49414.5,49387.2,49401.7,1320.0,65210243.99999999
2026-02-04 07:30:00,49401.2,49412.5,49385.2,49400.7,1165.0,57551815.5
2026-02-04 08:00:00,49402.2,49434.5,49355.2,49360.3,4203.0,207461340.9
2026-02-04 08:30:00,49358.8,49392.7,49347.1,49369.0,3837.0,189428853.0
2026-02-04 09:00:00,49369.4,49385.4,49317.1,49335.7,4545.0,224230756.5
2026-02-04 09:30:00,49335.6,49374.4,49323.4,49369.6,3604.0,177928038.4
2026-02-04 10:00:00,49369.2,49418.1,49351.3,49413.8,3311.0,163609091.8
2026-02-04 10:30:00,49414.4,49445.9,49402.4,49416.2,2607.0,128828033.39999999
2026-02-04 11:00:00,49416.7,49425.6,49395.1,49416.3,2110.0,104268393.0
2026-02-04 11:30:00,49415.9,49471.3,49401.4,49456.6,3100.0,153315460.0
2026-02-04 12:00:00,49457.1,49484.5,49368.3,49385.1,2755.0,136055950.5
2026-02-04 12:30:00,49386.5,49411.2,49361.6,49383.1,2849.0,140692451.9
2026-02-04 13:00:00,49381.9,49423.9,49348.2,49411.5,4003.0,197794234.5
2026-02-04 13:30:00,49411.7,49456.7,49355.2,49356.2,4691.0,231529934.2
2026-02-04 14:00:00,49355.7,49429.7,49314.5,49425.9,5193.0,256668698.70000002
2026-02-04 14:30:00,49427.2,49657.7,49352.2,49383.2,49853.0,2461900669.6
2026-02-04 15:00:00,49375.4,49673.7,49286.4,49641.1,40811.0,2025902932.1
2026-02-04 15:30:00,49641.4,49684.6,49479.9,49629.3,36456.0,1809285760.8000002
2026-02-04 16:00:00,49629.7,49675.6,49495.2,49667.3,27778.0,1379658259.4
2026-02-04 16:30:00,49667.6,49675.4,49442.2,49569.7,22358.0,1108279352.6
2026-02-04 17:00:00,49569.2,49609.3,49361.0,49401.3,25311.0,1250396304.3000002
2026-02-04 17:30:00,49401.8,49461.6,49237.2,49314.6,23659.0,1166734121.3999999
2026-02-04 18:00:00,49314.2,49324.7,49144.2,49300.5,20446.0,1007998023.0
2026-02-04 18:30:00,49300.2,49388.8,49192.9,49319.8,20757.0,1023731088.6
2026-02-04 19:00:00,49319.3,49388.7,49249.9,49378.7,21042.0,1039026605.4
2026-02-04 19:30:00,49378.3,49618.7,49376.3,49608.5,16234.0,805344389.0
2026-02-04 20:00:00,49607.5,49638.4,49568.2,49581.2,12700.0,629681240.0
2026-02-04 20:30:00,49580.5,49641.7,49493.1,49516.7,9860.0,488234662.0
2026-02-04 21:00:00,49517.7,49626.6,49496.0,49543.8,10220.0,506337636.0
2026-02-04 21:30:00,49543.2,49550.7,49470.4,49480.3,4368.0,216129950.4
2026-02-04 23:00:00,49481.0,49559.6,49476.0,49536.5,1347.0,66725665.5
2026-02-04 23:30:00,49537.4,49556.8,49483.1,49495.5,1727.0,85478728.5
2026-02-05 00:00:00,49496.5,49534.5,49463.2,49529.2,2913.0,144278559.6
2026-02-05 00:30:00,49529.7,49534.7,49504.4,49504.4,1283.0,63514145.2
2026-02-05 01:00:00,49504.8,49547.7,49503.4,49542.7,2431.0,120438303.69999999
2026-02-05 01:30:00,49543.5,49597.7,49538.2,49594.7,2577.0,127805541.89999999
2026-02-05 02:00:00,49595.5,49603.5,49466.2,49521.7,6161.0,305103193.7
2026-02-05 02:30:00,49522.5,49550.7,49437.7,49446.1,4547.0,224831416.7
2026-02-05 03:00:00,49446.7,49498.9,49435.3,49488.2,4830.0,239028006.0
2026-02-05 03:30:00,49488.7,49492.7,49402.2,49410.7,3831.0,189292391.7
2026-02-05 04:00:00,49411.5,49445.7,49411.5,49439.5,3127.0,154597316.5
2026-02-05 04:30:00,49440.5,49478.7,49431.2,49464.7,2029.0,100363876.3
2026-02-05 05:00:00,49465.5,49473.5,49424.2,49449.7,2532.0,125206640.39999999
2026-02-05 05:30:00,49449.2,49472.7,49436.4,49450.7,2517.0,124467411.89999999
2026-02-05 06:00:00,49451.5,49479.5,49438.2,49460.3,2370.0,117220911.0
2026-02-05 06:30:00,49459.4,49486.7,49448.2,49478.3,1851.0,91584333.30000001
2026-02-05 07:00:00,49478.7,49507.7,49467.4,49501.4,2308.0,114249231.2
2026-02-05 07:30:00,49500.4,49510.4,49463.2,49467.7,2179.0,107790118.3
2026-02-05 08:00:00,49468.5,49523.4,49460.9,49483.2,5746.0,284330467.2
2026-02-05 08:30:00,49481.8,49503.7,49360.1,49381.3,5948.0,293719972.40000004
2026-02-05 09:00:00,49382.3,49432.8,49344.3,49430.9,5913.0,292284911.7
2026-02-05 09:30:00,49430.5,49465.4,49379.4,49428.2,4213.0,208241006.6
2026-02-05 10:00:00,49428.7,49504.7,49401.2,49499.3,3503.0,173396047.9
2026-02-05 10:30:00,49499.8,49504.5,49433.2,49450.1,3387.0,167487488.7
2026-02-05 11:00:00,49449.4,49511.2,49437.4,49502.5,3507.0,173605267.5
2026-02-05 11:30:00,49503.2,49576.5,49491.2,49566.4,3804.0,188550585.6
2026-02-05 12:00:00,49565.7,49624.5,49411.5,49413.4,7257.0,358593043.8
2026-02-05 12:30:00,49412.5,49430.4,49332.1,49382.7,13395.0,661481266.5
2026-02-05 13:00:00,49381.1,49392.7,49334.3,49380.3,8776.0,433361512.8
2026-02-05 13:30:00,49381.5,49410.4,49315.3,49320.6,8824.0,435204974.4
2026-02-05 14:00:00,49320.2,49383.9,49262.3,49287.3,10051.0,495386652.3
2026-02-05 14:30:00,49287.7,49375.6,49168.4,49233.7,70599.0,3475849986.2999997
2026-02-05 15:00:00,49234.5,49288.1,48898.2,48921.4,44601.0,2181943361.4
2026-02-05 15:30:00,48920.4,48977.7,48857.5,48939.5,35118.0,1718657361.0
2026-02-05 16:00:00,48939.2,49079.5,48852.2,49035.5,28969.0,1420509399.5
2026-02-05 16:30:00,49035.1,49184.5,49008.4,49177.2,27196.0,1337423131.1999998
2026-02-05 17:00:00,49176.7,49257.7,49063.1,49242.4,22163.0,1091359311.2
2026-02-05 17:30:00,49242.7,49292.4,49159.5,49168.4,24615.0,1210280166.0
2026-02-05 18:00:00,49168.7,49209.8,49015.2,49037.0,18708.0,917384196.0
2026-02-05 18:30:00,49036.5,49093.8,48939.8,48973.7,12484.0,611387670.8
2026-02-05 19:00:00,48973.4,49174.4,48956.4,49132.1,13282.0,652572552.1999999
2026-02-05 19:30:00,49131.4,49131.7,49010.2,49053.5,13828.0,678311798.0
2026-02-05 20:00:00,49053.1,49123.7,48943.4,48965.6,13714.0,671514238.4
2026-02-05 20:30:00,48965.2,48986.4,48865.1,48917.1,15211.0,744078008.1
2026-02-05 21:00:00,48916.3,48954.0,48796.8,48828.7,12389.0,604938764.3
2026-02-05 21:30:00,48829.5,48834.7,48783.0,48811.7,4901.0,239226141.7
2026-02-05 23:00:00,48825.6,48843.6,48750.3,48799.3,4169.0,203444281.70000002
2026-02-05 23:30:00,48799.7,48807.5,48715.2,48745.2,4605.0,224471646.0
2026-02-06 00:00:00,48744.3,48760.8,48644.2,48744.8,8695.0,423836036.0
2026-02-06 00:30:00,48744.2,48801.7,48742.2,48799.3,5417.0,264345808.10000002
2026-02-06 01:00:00,48799.7,48821.8,48709.2,48743.5,6862.0,334477897.0
2026-02-06 01:30:00,48745.1,48865.5,48745.1,48862.5,5130.0,250664625.0
2026-02-06 02:00:00,48863.5,48905.7,48859.3,48903.7,4464.0,218306116.79999998
2026-02-06 02:30:00,48903.2,48908.7,48838.2,48882.3,3534.0,172750048.20000002
2026-02-06 03:00:00,48881.4,48893.7,48837.4,48865.4,3468.0,169465207.20000002
2026-02-06 03:30:00,48866.4,48895.7,48822.2,48875.4,3588.0,175364935.20000002
2026-02-06 04:00:00,48874.4,48875.6,48840.2,48842.1,2259.0,110334303.89999999
2026-02-06 04:30:00,48842.7,48845.7,48789.4,48817.2,2993.0,146109879.6
2026-02-06 05:00:00,48817.7,48823.7,48782.2,48815.2,3210.0,156696792.0
2026-02-06 05:30:00,48814.4,48909.7,48812.4,48894.7,2760.0,134949372.0
2026-02-06 06:00:00,48894.2,48921.7,48890.4,48904.3,2399.0,117321415.7
2026-02-06 06:30:00,48903.4,48926.5,48882.4,48891.7,2053.0,100374660.1
2026-02-06 07:00:00,48889.9,48905.7,48859.4,48896.2,3236.0,158228103.2
2026-02-06 07:30:00,48896.7,48916.5,48884.2,48916.1,2728.0,133443120.8
2026-02-06 08:00:00,48914.7,48960.7,48856.7,48896.4,7677.0,375377662.8
2026-02-06 08:30:00,48896.7,48961.7,48884.1,48939.7,6243.0,305530547.09999996
2026-02-06 09:00:00,48940.4,48994.5,48902.2,48976.2,6789.0,332499421.79999995
2026-02-06 09:30:00,48975.7,49063.7,48973.9,49016.2,4850.0,237728570.0
2026-02-06 10:00:00,49016.6,49033.6,48982.3,48997.4,3111.0,152430911.4
2026-02-06 10:30:00,48997.7,49071.8,48992.2,49055.7,2681.0,131518331.69999999
2026-02-06 11:00:00,49055.2,49156.5,49054.7,49140.9,3034.0,149093490.6
2026-02-06 11:30:00,49141.4,49221.2,49137.7,49209.3,3204.0,157666597.20000002
2026-02-06 12:00:00,49208.8,49233.7,49161.3,49185.2,4175.0,205348210.0
2026-02-06 12:30:00,49185.0,49209.8,49131.2,49146.0,3673.0,180513258.0
2026-02-06 13:00:00,49146.5,49231.6,49134.0,49203.2,4194.0,206358220.79999998
2026-02-06 13:30:00,49203.7,49227.7,49140.9,49197.2,5526.0,271863727.2
2026-02-06 14:00:00,49196.6,49262.4,49187.0,49262.1,6131.0,302025935.09999996
2026-02-06 14:30:00,49261.6,49685.4,49236.7,49662.1,51288.0,2547069784.7999997
2026-02-06 15:00:00,49664.1,49810.4,49645.2,49738.7,48688.0,2421677825.6
2026-02-06 15:30:00,49739.4,49848.8,49669.2,49755.7,31925.0,1588450722.5
2026-02-06 16:00:00,49756.5,49856.7,49740.2,49801.7,19965.0,994290940.5
2026-02-06 16:30:00,49801.2,49917.5,49798.3,49892.1,14518.0,724333507.8
2026-02-06 17:00:00,49892.7,49938.5,49872.4,49903.7,12823.0,639915145.0999999
2026-02-06 17:30:00,49904.5,50011.7,49872.2,49978.7,11179.0,558711887.3
2026-02-06 18:00:00,49979.5,50007.5,49943.4,49969.7,9341.0,466766967.7
2026-02-06 18:30:00,49970.5,50029.9,49968.4,49977.2,7013.0,350490103.59999996
2026-02-06 19:00:00,49977.7,50046.8,49972.2,50041.6,7270.0,363802432.0
2026-02-06 19:30:00,50042.6,50061.5,50001.3,50036.3,6558.0,328138055.40000004
2026-02-06 20:00:00,50036.8,50080.5,50024.3,50054.7,6271.0,313893023.7
2026-02-06 20:30:00,50054.2,50206.5,50045.1,50133.2,12013.0,602250131.6
2026-02-06 21:00:00,50133.7,50154.6,50108.3,50130.2,3574.0,179165334.79999998
2026-02-06 21:30:00,50129.7,50134.6,50114.7,50129.7,932.0,46720880.4
2026-02-08 23:00:00,50233.9,50294.8,50228.0,50256.1,3714.0,186651155.4
2026-02-08 23:30:00,50255.9,50293.8,50239.0,50259.4,3765.0,189226641.0
2026-02-09 00:00:00,50258.4,50281.6,50223.4,50244.4,4079.0,204946907.6
2026-02-09 00:30:00,50244.1,50271.7,50231.2,50249.7,2394.0,120297781.8
2026-02-09 01:00:00,50249.2,50265.5,50211.4,50246.7,3154.0,158478091.79999998
2026-02-09 01:30:00,50246.2,50268.4,50232.2,50241.2,2678.0,134545933.6
2026-02-09 02:00:00,50240.4,50277.7,50218.2,50228.2,2098.0,105378763.6
2026-02-09 02:30:00,50228.7,50264.7,50222.4,50226.2,1375.0,69061025.0
2026-02-09 03:00:00,50226.7,50234.7,50208.4,50209.1,1148.0,57640046.8
2026-02-09 03:30:00,50208.3,50232.5,50200.5,50206.2,1665.0,83593323.0
2026-02-09 04:00:00,50206.7,50233.7,50206.7,50227.2,1039.0,52186060.8
2026-02-09 04:30:00,50227.7,50242.5,50216.2,50239.5,784.0,39387768.0
2026-02-09 05:00:00,50239.1,50242.7,50223.4,50234.1,1037.0,52092761.699999996
2026-02-09 05:30:00,50234.7,50249.7,50223.2,50238.7,959.0,48178913.3
2026-02-09 06:00:00,50238.2,50244.7,50188.1,50216.8,3424.0,171942323.20000002
2026-02-09 06:30:00,50217.5,50244.7,50207.4,50215.4,1855.0,93149567.0
2026-02-09 07:00:00,50215.7,50221.5,50190.2,50192.4,1473.0,73933405.2
2026-02-09 07:30:00,50191.4,50221.5,50181.2,50204.2,1465.0,73549153.0
2026-02-09 08:00:00,50204.7,50279.5,50198.4,50245.6,3743.0,188069280.79999998
2026-02-09 08:30:00,50246.2,50262.1,50218.2,50231.5,2466.0,123870879.0
2026-02-09 09:00:00,50230.8,50252.7,50214.7,50231.7,2434.0,122263957.8
2026-02-09 09:30:00,50231.2,50237.1,50171.2,50184.2,2275.0,114169055.0
2026-02-09 10:00:00,50184.7,50188.3,50122.3,50126.4,2686.0,134639510.4
2026-02-09 10:30:00,50126.4,50128.4,50052.6,50123.3,4630.0,232070879.0
2026-02-09 11:00:00,50124.3,50132.2,50093.7,50123.0,2840.0,142349320.0
2026-02-09 11:30:00,50123.0,50129.4,50095.6,50096.8,2752.0,137866393.6
2026-02-09 12:00:00,50095.5,50130.0,50064.9,50125.9,3484.0,174638635.6
2026-02-09 12:30:00,50125.9,50131.7,50090.3,50128.5,2251.0,112839253.5
2026-02-09 13:00:00,50128.2,50154.7,50122.2,50126.7,2820.0,141357294.0
2026-02-09 13:30:00,50126.3,50131.0,50074.2,50083.4,3302.0,165375386.8
2026-02-09 14:00:00,50083.7,50088.6,50019.4,50047.0,4468.0,223609996.0
2026-02-09 14:30:00,50047.6,50105.6,49864.3,49967.5,45204.0,2258730870.0
2026-02-09 15:00:00,49966.5,50146.7,49953.0,50123.4,20364.0,1020712917.6
2026-02-09 15:30:00,50123.7,50254.7,50121.3,50211.7,13025.0,654007392.5
2026-02-09 16:00:00,50212.5,50223.5,50118.2,50130.7,9216.0,462004531.2
2026-02-09 16:30:00,50131.5,50181.7,50110.2,50169.2,6953.0,348826447.59999996
2026-02-09 17:00:00,50168.4,50188.7,50101.2,50142.7,5570.0,279294839.0
2026-02-09 17:30:00,50143.5,50171.8,50103.2,50106.7,5687.0,284956802.9
2026-02-09 18:00:00,50107.5,50146.4,50060.3,50117.7,9359.0,469051554.29999995
2026-02-09 18:30:00,50118.5,50182.8,50108.3,50152.2,6943.0,348206724.59999996
2026-02-09 19:00:00,50152.7,50219.5,50143.2,50202.7,5319.0,267028161.29999998
2026-02-09 19:30:00,50202.2,50216.4,50187.2,50210.2,4058.0,203752991.6
2026-02-09 20:00:00,50210.8,50236.7,50155.4,50172.5,5640.0,282972900.0
2026-02-09 20:30:00,50172.1,50213.7,50133.2,50160.4,10150.0,509128060.0
2026-02-09 21:00:00,50159.4,50169.4,50139.2,50149.3,2225.0,111582192.5
2026-02-09 21:30:00,50149.6,50167.0,50143.8,50151.1,611.0,30642322.099999998
2026-02-09 23:00:00,50150.1,50167.4,50127.2,50136.4,1588.0,79616603.2
2026-02-09 23:30:00,50136.7,50151.5,50110.2,50122.7,1423.0,71324602.1
2026-02-10 00:00:00,50122.2,50134.4,50109.2,50123.7,1611.0,80749280.69999999
2026-02-10 00:30:00,50124.5,50142.7,50113.4,50135.2,789.0,39556672.8
2026-02-10 01:00:00,50135.7,50164.4,50131.2,50149.2,1645.0,82495434.0
2026-02-10 01:30:00,50148.4,50176.5,50136.2,50166.7,1653.0,82925555.1
2026-02-10 02:00:00,50167.5,50170.7,50149.4,50162.7,1166.0,58489708.199999996
2026-02-10 02:30:00,50162.2,50165.7,50136.2,50153.7,1192.0,59783210.4
2026-02-10 03:00:00,50153.2,50158.7,50135.2,50153.7,768.0,38518041.599999994
2026-02-10 03:30:00,50153.2,50176.5,50152.2,50169.8,929.0,46607744.2
2026-02-10 04:00:00,50169.3,50189.4,50169.3,50180.2,606.0,30409201.2
2026-02-10 04:30:00,50180.7,50185.7,50173.2,50182.1,545.0,27349244.5
2026-02-10 05:00:00,50182.7,50188.5,50152.2,50156.2,652.0,32701842.4
2026-02-10 05:30:00,50155.4,50189.5,50150.2,50171.7,1022.0,51275477.4
2026-02-10 06:00:00,50172.5,50174.7,50137.2,50137.2,774.0,38806192.8
2026-02-10 06:30:00,50136.3,50141.7,50118.4,50137.2,855.0,42867306.0
2026-02-10 07:00:00,50137.7,50182.8,50135.2,50167.8,1105.0,55435419.0
2026-02-10 07:30:00,50167.2,50175.7,50162.2,50172.7,695.0,34870026.5
2026-02-10 08:00:00,50170.2,50184.7,50141.3,50162.3,2623.0,131575712.9
2026-02-10 08:30:00,50161.8,50199.8,50158.4,50190.6,2033.0,102037489.8
2026-02-10 09:00:00,50190.8,50237.4,50178.1,50236.1,1735.0,87159633.5
2026-02-10 09:30:00,50236.0,50239.6,50193.3,50199.9,1555.0,78060844.5
2026-02-10 10:00:00,50199.4,50220.9,50192.1,50206.9,2240.0,112463456.0
2026-02-10 10:30:00,50206.6,50221.7,50194.1,50199.4,1591.0,79867245.4
2026-02-10 11:00:00,50199.7,50208.8,50179.4,50194.4,1631.0,81867066.4
2026-02-10 11:30:00,50194.7,50203.7,50181.8,50188.1,1205.0,60476660.5
2026-02-10 12:00:00,50188.5,50194.5,50159.1,50176.3,1537.0,77120973.10000001
2026-02-10 12:30:00,50176.7,50184.8,50077.7,50078.1,3511.0,175824209.1
2026-02-10 13:00:00,50078.9,50127.6,50051.6,50125.6,3995.0,200251772.0
2026-02-10 13:30:00,50120.4,50160.0,50095.1,50147.3,4155.0,208362031.5
2026-02-10 14:00:00,50146.5,50261.0,50146.5,50261.0,3356.0,168675916.0
2026-02-10 14:30:00,50260.7,50554.4,50241.3,50540.2,33667.0,1701536913.3999999
2026-02-10 15:00:00,50540.7,50545.3,50379.4,50450.2,18734.0,945134046.8
2026-02-10 15:30:00,50449.4,50488.5,50351.2,50400.1,14671.0,739419867.1
2026-02-10 16:00:00,50400.9,50406.5,50277.2,50370.5,16582.0,835243631.0
2026-02-10 16:30:00,50370.2,50463.5,50354.5,50448.1,13144.0,663089826.4
2026-02-10 17:00:00,50447.3,50480.8,50373.7,50431.7,9814.0,494936703.79999995
2026-02-10 17:30:00,50431.2,50435.4,50386.4,50397.7,6798.0,342603564.59999996
2026-02-10 18:00:00,50397.2,50408.7,50221.6,50226.7,10437.0,524216067.9
2026-02-10 18:30:00,50226.2,50257.7,50149.2,50217.7,13848.0,695414709.5999999
2026-02-10 19:00:00,50218.5,50267.7,50193.4,50266.7,10427.0,524130880.9
2026-02-10 19:30:00,50266.2,50291.7,50244.4,50290.2,7389.0,371594287.79999995
2026-02-10 20:00:00,50289.4,50319.7,50272.2,50276.7,7131.0,358523147.7
2026-02-10 20:30:00,50277.5,50291.4,50186.2,50215.7,10887.0,546698325.9
2026-02-10 21:00:00,50215.2,50266.1,50202.4,50246.6,2262.0,113657809.2
2026-02-10 21:30:00,50247.1,50277.7,50246.4,50276.6,903.0,45399769.8
2026-02-10 23:00:00,50288.3,50309.5,50284.9,50297.5,764.0,38427290.0
2026-02-10 23:30:00,50297.1,50304.7,50292.0,50303.7,647.0,32546493.9
2026-02-11 00:00:00,50304.5,50320.6,50302.1,50311.2,759.0,38186200.8
2026-02-11 00:30:00,50311.7,50330.7,50310.2,50329.4,417.0,20987359.8
2026-02-11 01:00:00,50330.4,50342.5,50327.2,50331.3,990.0,49827987.0
2026-02-11 01:30:00,50330.5,50354.5,50328.5,50343.2,735.0,37002252.0
2026-02-11 02:00:00,50343.7,50353.5,50326.2,50333.7,800.0,40266960.0
2026-02-11 02:30:00,50334.5,50343.5,50327.2,50338.4,628.0,31612515.2
2026-02-11 03:00:00,50338.8,50344.4,50326.2,50341.4,546.0,27486404.400000002
2026-02-11 03:30:00,50341.7,50354.5,50333.3,50349.2,497.0,25023552.4
2026-02-11 04:00:00,50349.7,50369.7,50349.4,50352.1,525.0,26434852.5
2026-02-11 04:30:00,50352.7,50353.7,50326.2,50343.8,797.0,40124008.6
2026-02-11 05:00:00,50343.3,50356.6,50332.5,50333.7,836.0,42078973.199999996
2026-02-11 05:30:00,50334.5,50337.7,50323.2,50323.8,618.0,31100108.400000002
2026-02-11 06:00:00,50324.6,50344.7,50314.3,50321.8,1162.0,58473931.6
2026-02-11 06:30:00,50322.6,50336.7,50320.4,50325.2,747.0,37592924.4
2026-02-11 07:00:00,50325.7,50332.7,50303.4,50329.1,1035.0,52090618.5
2026-02-11 07:30:00,50328.3,50329.7,50309.2,50316.7,1008.0,50719233.599999994
2026-02-11 08:00:00,50316.2,50326.8,50271.4,50297.7,2918.0,146768688.6
2026-02-11 08:30:00,50298.4,50336.7,50298.4,50312.9,2065.0,103896138.5
2026-02-11 09:00:00,50312.5,50342.7,50301.3,50336.2,2323.0,116930992.6
2026-02-11 09:30:00,50336.7,50340.0,50294.8,50296.1,2216.0,111456157.6
2026-02-11 10:00:00,50296.6,50298.2,50218.4,50265.8,4958.0,249217836.4
2026-02-11 10:30:00,50265.4,50288.1,50249.4,50287.3,2550.0,128232615.0
2026-02-11 11:00:00,50287.0,50311.7,50268.2,50309.2,2096.0,105448083.19999999
2026-02-11 11:30:00,50309.6,50310.2,50252.1,50257.2,2527.0,126999944.39999999
2026-02-11 12:00:00,50256.4,50283.6,50250.1,50265.9,3078.0,154718440.20000002
2026-02-11 12:30:00,50265.9,50283.0,50246.1,50256.2,2363.0,118755400.6
2026-02-11 13:00:00,50256.5,50310.7,50251.1,50303.5,2740.0,137831590.0
2026-02-11 13:30:00,50304.1,50500.6,50303.7,50485.7,10622.0,536259105.4
2026-02-11 14:00:00,50485.2,50493.7,50422.7,50439.1,5469.0,275851437.9
2026-02-11 14:30:00,50439.6,50532.6,50315.0,50340.8,41059.0,2066942907.2
2026-02-11 15:00:00,50341.7,50361.6,49980.0,50042.3,34722.0,1737568740.6000001
2026-02-11 15:30:00,50041.8,50070.6,49932.2,50017.7,38588.0,1930083007.6
2026-02-11 16:00:00,50016.5,50218.7,49984.6,50115.7,24731.0,1239411376.6999998
2026-02-11 16:30:00,50115.3,50285.8,50093.5,50204.4,18395.0,923509938.0
2026-02-11 17:00:00,50204.7,50272.7,50150.3,50235.7,14574.0,732135091.8
2026-02-11 17:30:00,50235.3,50264.8,50154.2,50168.8,11420.0,572927696.0
2026-02-11 18:00:00,50168.4,50188.7,50052.2,50146.7,11982.0,600857759.4
2026-02-11 18:30:00,50146.4,50163.8,50061.2,50096.0,11373.0,569741808.0
2026-02-11 19:00:00,50095.6,50223.7,50083.2,50190.4,9020.0,452717408.0
2026-02-11 19:30:00,50190.6,50209.5,50137.2,50158.4,8470.0,424841648.0
2026-02-11 20:00:00,50157.6,50211.8,50154.2,50161.2,6698.0,335979717.59999996
2026-02-11 20:30:00,50160.3,50200.5,50126.3,50155.1,9426.0,472761972.59999996
2026-02-11 21:00:00,50155.7,50218.8,50139.4,50164.4,3335.0,167298274.0
2026-02-11 21:30:00,50163.5,50177.7,50154.1,50158.1,1340.0,67211854.0
2026-02-11 23:00:00,50167.0,50197.5,50141.2,50147.1,2285.0,114586123.5
2026-02-11 23:30:00,50147.6,50157.5,50121.3,50144.2,1712.0,85846870.39999999
2026-02-12 00:00:00,50143.4,50163.7,50127.2,50143.7,2142.0,107407805.39999999
2026-02-12 00:30:00,50144.5,50193.7,50144.1,50187.2,1086.0,54503299.199999996
2026-02-12 01:00:00,50187.7,50227.5,50183.4,50225.3,2021.0,101505331.30000001
2026-02-12 01:30:00,50224.4,50261.4,50213.2,50240.2,2084.0,104700576.8
2026-02-12 02:00:00,50240.7,50251.7,50216.2,50219.7,1395.0,70056481.5
2026-02-12 02:30:00,50220.5,50253.7,50216.2,50251.2,1028.0,51658233.599999994
2026-02-12 03:00:00,50250.4,50275.7,50244.2,50274.7,933.0,46906295.099999994
2026-02-12 03:30:00,50275.5,50291.7,50274.2,50291.7,785.0,39478984.5
2026-02-12 04:00:00,50292.5,50336.5,50286.2,50332.3,1096.0,55164200.800000004
2026-02-12 04:30:00,50331.4,50332.7,50306.2,50309.7,872.0,43870058.4
2026-02-12 05:00:00,50310.5,50329.7,50310.5,50313.7,813.0,40905038.099999994
2026-02-12 05:30:00,50313.2,50315.7,50297.2,50310.5,694.0,34915487.0
2026-02-12 06:00:00,50310.1,50315.7,50290.2,50300.7,1317.0,66246021.9
2026-02-12 06:30:00,50301.5,50313.7,50259.2,50272.7,1722.0,86569589.39999999
2026-02-12 07:00:00,50274.2,50310.5,50273.2,50304.7,1250.0,62880875.0
2026-02-12 07:30:00,50304.2,50316.5,50292.2,50310.7,926.0,46587708.199999996
2026-02-12 08:00:00,50312.2,50323.7,50274.1,50280.7,3192.0,160495994.39999998
2026-02-12 08:30:00,50280.3,50309.8,50258.8,50295.2,2110.0,106122872.0
2026-02-12 09:00:00,50295.3,50320.2,50294.3,50314.6,2137.0,107522300.2
2026-02-12 09:30:00,50315.1,50346.3,50310.2,50344.3,1538.0,77429533.4
2026-02-12 10:00:00,50343.8,50355.6,50287.9,50297.6,1610.0,80979136.0
2026-02-12 10:30:00,50297.8,50309.1,50288.6,50307.2,1205.0,60620176.0
2026-02-12 11:00:00,50307.7,50330.9,50301.2,50323.3,1374.0,69144214.2
2026-02-12 11:30:00,50322.5,50332.1,50301.1,50326.2,1073.0,54000012.599999994
2026-02-12 12:00:00,50325.5,50326.2,50294.0,50305.5,1548.0,77872914.0
2026-02-12 12:30:00,50305.2,50317.3,50278.2,50285.7,1781.0,89558831.69999999
2026-02-12 13:00:00,50285.2,50285.2,50235.2,50275.7,2413.0,121315264.1
2026-02-12 13:30:00,50274.9,50359.0,50264.3,50329.6,4068.0,204740812.79999998
2026-02-12 14:00:00,50329.2,50340.1,50249.8,50334.4,4603.0,231689243.20000002
2026-02-12 14:30:00,50333.2,50480.5,50313.1,50356.7,46228.0,2327889527.6
2026-02-12 15:00:00,50358.0,50431.1,50292.2,50325.5,29065.0,1462710657.5
2026-02-12 15:30:00,50325.9,50350.5,50114.2,50120.7,23843.0,1195027850.1
2026-02-12 16:00:00,50121.5,50132.5,49645.2,49646.2,30238.0,1501201795.6
2026-02-12 16:30:00,49645.6,49742.2,49577.8,49649.6,39680.0,1970096128.0
2026-02-12 17:00:00,49650.5,49657.4,49538.6,49559.0,30487.0,1510905233.0
2026-02-12 17:30:00,49558.2,49658.5,49499.2,49505.6,25985.0,1286403016.0
2026-02-12 18:00:00,49505.2,49579.4,49458.7,49512.5,22087.0,1093582587.5
2026-02-12 18:30:00,49513.4,49696.6,49491.1,49642.4,20640.0,1024619136.0
2026-02-12 19:00:00,49642.0,49743.7,49603.2,49670.7,17984.0,893277868.8
2026-02-12 19:30:00,49670.3,49808.4,49665.4,49774.7,14857.0,739502717.9
2026-02-12 20:00:00,49775.5,49827.7,49674.2,49677.3,14400.0,715353120.0
2026-02-12 20:30:00,49677.7,49689.3,49451.8,49486.1,17594.0,870658443.4
2026-02-12 21:00:00,49486.6,49508.1,49457.3,49507.7,4128.0,204367785.6
2026-02-12 21:30:00,49507.2,49535.7,49501.4,49515.4,1793.0,88781112.2
2026-02-12 23:00:00,49492.8,49514.6,49455.1,49504.7,2547.0,126088470.89999999
2026-02-12 23:30:00,49505.5,49513.4,49442.4,49490.4,3493.0,172869967.20000002
2026-02-13 00:00:00,49489.4,49529.7,49453.0,49462.1,4115.0,203536541.5
2026-02-13 00:30:00,49461.3,49465.5,49415.2,49440.7,3604.0,178184282.79999998
2026-02-13 01:00:00,49441.5,49502.7,49439.1,49491.7,3394.0,167974829.79999998
2026-02-13 01:30:00,49491.2,49506.6,49455.4,49469.7,2466.0,121992280.19999999
2026-02-13 02:00:00,49469.2,49507.7,49469.2,49490.7,2090.0,103435563.0
2026-02-13 02:30:00,49491.5,49511.7,49487.2,49489.7,1150.0,56913155.0
2026-02-13 03:00:00,49490.5,49504.7,49471.2,49479.2,1094.0,54130244.8
2026-02-13 03:30:00,49479.7,49499.7,49436.2,49440.2,1552.0,76731190.39999999
2026-02-13 04:00:00,49440.7,49487.5,49432.2,49473.2,1487.0,73566648.39999999
2026-02-13 04:30:00,49472.3,49474.7,49434.2,49440.7,1284.0,63481858.8
2026-02-13 05:00:00,49441.5,49445.7,49362.2,49366.2,2061.0,101743738.19999999
2026-02-13 05:30:00,49366.7,49388.5,49357.2,49373.3,2913.0,143824422.9
2026-02-13 06:00:00,49373.7,49385.7,49321.8,49334.1,2557.0,126147293.7
2026-02-13 06:30:00,49334.7,49382.5,49302.4,49373.7,2733.0,134938322.1
2026-02-13 07:00:00,49373.2,49420.7,49373.2,49394.7,2109.0,104173422.3
2026-02-13 07:30:00,49394.2,49400.5,49354.2,49391.7,1941.0,95869289.69999999
2026-02-13 08:00:00,49392.5,49431.1,49302.4,49389.2,7538.0,372295789.59999996
2026-02-13 08:30:00,49388.4,49420.6,49359.7,49376.8,5512.0,272164921.6
2026-02-13 09:00:00,49376.3,49425.1,49326.4,49405.7,4839.0,239074182.29999998
2026-02-13 09:30:00,49405.7,49414.7,49360.2,49368.5,3349.0,165335106.5
2026-02-13 10:00:00,49368.2,49414.7,49358.6,49392.6,3303.0,163143757.79999998
2026-02-13 10:30:00,49393.2,49398.9,49312.2,49316.9,3256.0,160575826.4
2026-02-13 11:00:00,49317.9,49326.6,49267.8,49286.5,5576.0,274821524.0
2026-02-13 11:30:00,49286.1,49327.7,49243.8,49326.7,6070.0,299413069.0
2026-02-13 12:00:00,49326.3,49363.9,49299.3,49353.2,5334.0,263249968.79999998
2026-02-13 12:30:00,49353.0,49404.6,49322.8,49356.8,5200.0,256655360.00000003
2026-02-13 13:00:00,49355.7,49405.4,49294.1,49390.4,6764.0,334076665.6
2026-02-13 13:30:00,49388.2,49536.5,49387.5,49486.3,12494.0,618281832.2
2026-02-13 14:00:00,49486.6,49524.7,49430.7,49485.6,6386.0,316015041.59999996
2026-02-13 14:30:00,49486.5,49495.5,49099.4,49343.1,59698.0,2945684383.7999997
2026-02-13 15:00:00,49343.4,49549.7,49324.9,49518.8,47637.0,2358927075.6
2026-02-13 15:30:00,49518.4,49629.7,49420.4,49505.6,32455.0,1606704248.0
2026-02-13 16:00:00,49506.4,49640.3,49484.2,49611.1,23729.0,1177221791.8999999
2026-02-13 16:30:00,49611.6,49710.5,49550.1,49656.7,16786.0,833537366.1999999
2026-02-13 17:00:00,49656.2,49736.6,49642.3,49659.7,12201.0,605897999.6999999
2026-02-13 17:30:00,49660.5,49721.5,49656.2,49676.3,11853.0,588813183.9
2026-02-13 18:00:00,49675.5,49760.5,49608.2,49688.5,14522.0,721576397.0
2026-02-13 18:30:00,49689.2,49721.7,49574.2,49596.1,13518.0,670440079.8
2026-02-13 19:00:00,49596.4,49682.8,49578.2,49603.7,12678.0,628875708.5999999
2026-02-13 19:30:00,49604.4,49641.5,49493.2,49500.2,15168.0,750819033.5999999
2026-02-13 20:00:00,49499.4,49579.4,49395.5,49415.3,14702.0,726503740.6
2026-02-13 20:30:00,49415.8,49528.7,49372.2,49514.4,21609.0,1069956669.6
2026-02-13 21:00:00,49514.0,49532.3,49471.4,49482.4,2740.0,135581776.0
2026-02-13 21:30:00,49482.8,49491.3,49455.4,49466.4,589.0,29135709.6
2026-02-15 23:00:00,49519.7,49579.5,49463.3,49535.4,2596.0,128593898.4
2026-02-15 23:30:00,49535.5,49552.6,49497.1,49551.1,2187.0,108368255.7
2026-02-16 00:00:00,49550.3,49571.7,49525.4,49565.9,2855.0,141510644.5
2026-02-16 00:30:00,49565.9,49580.7,49555.4,49574.5,946.0,46897477.0
2026-02-16 01:00:00,49574.8,49604.5,49566.4,49585.2,822.0,40759034.4
2026-02-16 01:30:00,49585.7,49634.4,49581.2,49631.1,787.0,39059675.699999996
2026-02-16 02:00:00,49631.7,49640.7,49596.2,49602.2,965.0,47866123.0
2026-02-16 02:30:00,49602.0,49614.7,49600.4,49604.7,558.0,27679422.599999998
2026-02-16 03:00:00,49605.5,49608.5,49582.2,49582.2,572.0,28361018.4
2026-02-16 03:30:00,49582.7,49595.7,49572.2,49595.2,808.0,40072921.599999994
2026-02-16 04:00:00,49593.7,49621.5,49593.7,49612.7,818.0,40583188.599999994
2026-02-16 04:30:00,49612.2,49617.7,49594.2,49598.7,492.0,24402560.4
2026-02-16 05:00:00,49598.2,49606.7,49587.2,49605.7,630.0,31251591.0
2026-02-16 05:30:00,49605.2,49605.7,49567.4,49573.2,512.0,25381478.4
2026-02-16 06:00:00,49573.7,49598.5,49570.2,49596.2,589.0,29212161.799999997
2026-02-16 06:30:00,49595.4,49614.5,49579.2,49608.2,758.0,37603015.6
2026-02-16 07:00:00,49608.7,49641.5,49603.4,49632.7,854.0,42386325.8
2026-02-16 07:30:00,49632.2,49664.7,49629.2,49661.7,830.0,41219211.0
2026-02-16 08:00:00,49662.5,49723.9,49636.3,49682.2,2806.0,139408253.2
2026-02-16 08:30:00,49682.7,49723.0,49657.3,49714.6,2598.0,129158530.8
2026-02-16 09:00:00,49714.4,49777.7,49708.1,49770.7,1781.0,88641616.69999999
2026-02-16 09:30:00,49770.3,49776.4,49751.4,49757.7,1428.0,71053995.6
2026-02-16 10:00:00,49757.2,49761.6,49721.4,49728.9,1648.0,81953227.2
2026-02-16 10:30:00,49728.9,49751.5,49715.0,49730.7,1397.0,69473787.89999999
2026-02-16 11:00:00,49730.3,49749.9,49699.0,49744.3,1431.0,71184093.3
2026-02-16 11:30:00,49744.7,49748.4,49722.0,49731.7,1314.0,65347453.8
2026-02-16 12:00:00,49732.5,49763.9,49715.2,49755.7,1541.0,76673533.69999999
2026-02-16 12:30:00,49756.1,49757.5,49701.8,49710.5,1657.0,82370298.5
2026-02-16 13:00:00,49710.4,49728.5,49683.2,49726.3,1723.0,85678414.9
2026-02-16 13:30:00,49726.7,49741.0,49714.3,49727.5,1780.0,88514950.0
2026-02-16 14:00:00,49727.9,49730.6,49642.1,49652.2,3662.0,181826356.39999998
2026-02-16 14:30:00,49651.5,49685.4,49582.5,49663.6,7659.0,380373512.4
2026-02-16 15:00:00,49664.5,49695.6,49591.2,49591.4,4763.0,236203838.20000002
2026-02-16 15:30:00,49590.4,49604.8,49531.2,49535.7,5454.0,270167707.8
2026-02-16 16:00:00,49535.2,49621.5,49515.5,49586.2,5575.0,276443065.0
2026-02-16 16:30:00,49586.7,49608.6,49537.2,49570.7,4609.0,228471356.29999998
2026-02-16 17:00:00,49570.2,49586.7,49553.2,49575.9,2122.0,105200059.8
2026-02-16 17:30:00,49576.2,49600.5,49547.2,49557.8,2665.0,132071537.00000001
2026-02-16 23:00:00,49581.8,49632.6,49566.0,49623.7,1160.0,57563492.0
2026-02-16 23:30:00,49624.4,49644.6,49610.4,49616.1,884.0,43860632.4
2026-02-17 00:00:00,49616.6,49622.5,49573.7,49596.3,2010.0,99688563.0
2026-02-17 00:30:00,49595.4,49599.7,49534.2,49540.5,1424.0,70545672.0
2026-02-17 01:00:00,49541.5,49570.5,49502.2,49505.2,2140.0,105941128.0
2026-02-17 01:30:00,49504.4,49528.4,49372.8,49399.7,3887.0,192016633.89999998
2026-02-17 02:00:00,49398.4,49434.5,49359.1,49424.4,4162.0,205704352.8
2026-02-17 02:30:00,49424.8,49443.5,49410.1,49426.4,1860.0,91933104.0
2026-02-17 03:00:00,49426.7,49427.5,49367.2,49390.4,2549.0,125896129.60000001
2026-02-17 03:30:00,49390.8,49392.5,49340.6,49371.2,2558.0,126291529.6
2026-02-17 04:00:00,49371.7,49393.5,49366.2,49387.4,1203.0,59413042.2
2026-02-17 04:30:00,49387.7,49387.7,49359.4,49380.4,953.0,47059521.2
2026-02-17 05:00:00,49380.7,49381.5,49323.4,49362.1,1637.0,80805757.7
2026-02-17 05:30:00,49362.7,49364.7,49312.4,49331.7,2618.0,129150390.6
2026-02-17 06:00:00,49331.2,49390.7,49331.2,49376.2,1489.0,73521161.8
2026-02-17 06:30:00,49376.7,49394.7,49359.4,49384.7,1028.0,50767471.599999994
2026-02-17 07:00:00,49384.2,49387.4,49324.2,49336.5,1793.0,88460344.5
2026-02-17 07:30:00,49337.5,49430.5,49328.2,49425.3,2040.0,100827612.0
2026-02-17 08:00:00,49425.7,49557.7,49420.3,49509.4,5417.0,268192419.8
2026-02-17 08:30:00,49509.1,49519.1,49461.6,49490.6,4834.0,239237560.4
2026-02-17 09:00:00,49490.3,49513.7,49455.5,49492.8,4119.0,203860843.20000002
2026-02-17 09:30:00,49492.9,49544.7,49492.9,49533.2,2702.0,133838706.39999999
2026-02-17 10:00:00,49533.7,49549.6,49497.1,49501.8,2329.0,115289692.2
2026-02-17 10:30:00,49501.6,49503.8,49428.3,49431.3,3017.0,149134232.1
2026-02-17 11:00:00,49430.7,49464.5,49418.4,49463.6,3316.0,164021297.6
2026-02-17 11:30:00,49463.5,49505.8,49444.3,49492.7,3143.0,155555556.1
2026-02-17 12:00:00,49492.2,49522.7,49445.3,49448.6,3742.0,185036661.2
2026-02-17 12:30:00,49448.8,49449.7,49383.3,49399.2,4295.0,212169564.0
2026-02-17 13:00:00,49399.4,49472.6,49297.7,49455.4,7203.0,356227246.2
2026-02-17 13:30:00,49455.1,49543.9,49397.5,49434.7,9416.0,465477135.2
2026-02-17 14:00:00,49434.9,49521.7,49432.1,49521.7,6428.0,318325487.59999996
2026-02-17 14:30:00,49522.5,49747.3,49342.2,49350.5,61275.0,3023951887.5
2026-02-17 15:00:00,49351.4,49436.7,49248.4,49295.5,50326.0,2480845333.0
2026-02-17 15:30:00,49295.8,49359.3,49190.1,49356.2,39413.0,1945275910.6
2026-02-17 16:00:00,49355.5,49672.7,49340.2,49564.2,27405.0,1358306901.0
2026-02-17 16:30:00,49563.4,49640.5,49505.2,49600.7,24312.0,1205892218.3999999
2026-02-17 17:00:00,49600.4,49609.6,49467.4,49567.1,21190.0,1050326849.0
2026-02-17 17:30:00,49567.5,49587.7,49359.5,49487.6,23305.0,1153308518.0
2026-02-17 18:00:00,49488.5,49553.5,49399.2,49545.3,22500.0,1114769250.0
2026-02-17 18:30:00,49545.6,49714.6,49517.2,49672.3,16160.0,802704368.0
2026-02-17 19:00:00,49672.6,49683.7,49610.5,49630.6,14480.0,718651088.0
2026-02-17 19:30:00,49630.2,49672.6,49590.2,49612.9,11168.0,554076867.2
2026-02-17 20:00:00,49612.5,49635.7,49566.5,49578.2,9081.0,450219634.2
2026-02-17 20:30:00,49577.6,49603.6,49509.3,49573.2,12151.0,602363953.1999999
2026-02-17 21:00:00,49573.7,49598.7,49538.2,49585.8,3488.0,172955270.4
2026-02-17 21:30:00,49585.6,49585.6,49558.3,49571.0,1277.0,63302167.0
2026-02-17 23:00:00,49572.3,49585.4,49518.3,49552.1,1721.0,85279164.1
2026-02-17 23:30:00,49552.6,49562.1,49497.4,49502.7,1242.0,61482353.4
2026-02-18 00:00:00,49503.5,49554.7,49498.2,49528.7,1634.0,80929895.8
2026-02-18 00:30:00,49529.5,49542.4,49506.2,49516.7,1241.0,61450224.699999996
2026-02-18 01:00:00,49516.2,49541.7,49507.7,49521.2,1673.0,82848967.6
2026-02-18 01:30:00,49520.4,49545.4,49512.2,49544.2,1097.0,54349987.4
2026-02-18 02:00:00,49544.7,49562.7,49527.4,49534.2,1028.0,50921157.599999994
2026-02-18 02:30:00,49534.7,49557.7,49534.7,49540.2,711.0,35223082.199999996
2026-02-18 03:00:00,49540.7,49558.7,49525.2,49535.2,642.0,31801598.4
2026-02-18 03:30:00,49535.7,49589.5,49535.7,49581.2,979.0,48539994.8
2026-02-18 04:00:00,49580.4,49594.5,49573.2,49590.7,864.0,42846364.8
2026-02-18 04:30:00,49590.2,49610.7,49588.4,49605.1,683.0,33880283.3
2026-02-18 05:00:00,49605.7,49614.5,49596.3,49609.9,565.0,28029593.5
2026-02-18 05:30:00,49610.4,49624.7,49602.2,49608.2,587.0,29120013.4
2026-02-18 06:00:00,49607.4,49624.2,49598.4,49617.1,872.0,43266111.199999996
2026-02-18 06:30:00,49616.3,49640.4,49599.3,49614.2,840.0,41675928.0
2026-02-18 07:00:00,49612.0,49625.8,49600.3,49624.5,1370.0,67985565.0
2026-02-18 07:30:00,49623.5,49648.7,49618.5,49634.7,1047.0,51967530.9
2026-02-18 08:00:00,49636.2,49723.8,49633.4,49697.4,3449.0,171406332.6
2026-02-18 08:30:00,49697.1,49775.4,49696.4,49769.8,2573.0,128057695.4
2026-02-18 09:00:00,49769.9,49810.7,49760.0,49799.7,2252.0,112148924.39999999
2026-02-18 09:30:00,49800.5,49834.1,49787.2,49788.8,1778.0,88524486.4
2026-02-18 10:00:00,49788.4,49837.7,49786.7,49832.6,1548.0,77140864.8
2026-02-18 10:30:00,49832.8,49836.5,49804.7,49825.4,1393.0,69406782.2
2026-02-18 11:00:00,49825.7,49833.2,49782.8,49784.7,1436.0,71490829.2
2026-02-18 11:30:00,49784.6,49786.7,49732.3,49742.7,1616.0,80384203.19999999
2026-02-18 12:00:00,49742.3,49762.8,49681.0,49682.2,3446.0,171204861.2
2026-02-18 12:30:00,49681.7,49681.9,49597.1,49663.6,3901.0,193737703.6
2026-02-18 13:00:00,49664.4,49707.6,49651.5,49703.6,2738.0,136088456.79999998
2026-02-18 13:30:00,49704.3,49719.6,49580.9,49598.6,4055.0,201122323.0
2026-02-18 14:00:00,49599.2,49675.9,49590.0,49671.7,4651.0,231023076.7
2026-02-18 14:30:00,49672.4,49830.7,49446.9,49770.5,42310.0,2105789855.0
2026-02-18 15:00:00,49770.2,49923.5,49770.2,49839.3,16119.0,803359676.7
2026-02-18 15:30:00,49838.6,49909.7,49818.3,49881.6,12826.0,639781401.6
2026-02-18 16:00:00,49881.2,49910.7,49812.2,49838.7,8882.0,442667333.4
2026-02-18 16:30:00,49839.5,49857.8,49800.1,49818.3,8352.0,416082441.6
2026-02-18 17:00:00,49818.7,49908.4,49802.1,49864.4,7863.0,392083777.2
2026-02-18 17:30:00,49864.8,49878.6,49829.2,49861.1,5710.0,284706881.0
2026-02-18 18:00:00,49860.5,49890.7,49770.2,49799.2,6561.0,326732551.2
2026-02-18 18:30:00,49799.7,49821.5,49664.3,49718.4,10041.0,499222454.40000004
2026-02-18 19:00:00,49717.3,49760.7,49644.1,49698.6,11000.0,546684600.0
2026-02-18 19:30:00,49698.2,49711.7,49556.1,49602.3,15520.0,769827696.0
2026-02-18 20:00:00,49603.4,49646.7,49549.4,49566.1,11341.0,562129140.1
2026-02-18 20:30:00,49565.3,49749.5,49560.4,49682.3,11359.0,564341245.7
2026-02-18 21:00:00,49682.6,49693.2,49660.4,49673.6,1820.0,90405952.0
2026-02-18 21:30:00,49672.5,49676.6,49649.2,49670.0,674.0,33477580.0
2026-02-18 23:00:00,49660.9,49712.4,49653.1,49693.5,976.0,48500856.0
2026-02-18 23:30:00,49693.1,49701.5,49668.3,49673.1,768.0,38148940.8
2026-02-19 00:00:00,49673.7,49679.7,49636.3,49639.4,1323.0,65672926.2
2026-02-19 00:30:00,49639.8,49657.5,49635.2,49640.7,1215.0,60313450.5
2026-02-19 01:00:00,49640.2,49699.7,49631.2,49675.5,1797.0,89266873.5
2026-02-19 01:30:00,49675.1,49686.5,49649.2,49686.1,1432.0,71150495.2
2026-02-19 02:00:00,49685.3,49699.7,49670.4,49699.2,1222.0,60732422.4
2026-02-19 02:30:00,49699.7,49708.7,49686.2,49694.7,564.0,28027810.799999997
2026-02-19 03:00:00,49695.5,49706.7,49689.4,49704.7,563.0,27983746.099999998
2026-02-19 03:30:00,49704.2,49710.7,49662.0,49680.4,835.0,41483134.0
2026-02-19 04:00:00,49680.7,49691.5,49668.2,49670.2,666.0,33080353.2
2026-02-19 04:30:00,49669.4,49679.7,49653.2,49656.2,765.0,37986993.0
2026-02-19 05:00:00,49656.7,49674.5,49635.2,49672.7,914.0,45400847.8
2026-02-19 05:30:00,49673.5,49705.7,49673.1,49696.2,843.0,41893896.599999994
2026-02-19 06:00:00,49695.4,49704.2,49680.4,49692.2,787.0,39107761.4
2026-02-19 06:30:00,49692.7,49723.7,49692.2,49723.5,981.0,48778753.5
2026-02-19 07:00:00,49725.1,49742.5,49706.2,49735.7,955.0,47497593.5
2026-02-19 07:30:00,49735.2,49746.5,49696.2,49699.3,947.0,47065237.1
2026-02-19 08:00:00,49700.4,49743.5,49684.2,49725.5,2973.0,147833911.5
2026-02-19 08:30:00,49726.4,49739.4,49616.0,49627.7,3220.0,159801194.0
2026-02-19 09:00:00,49628.8,49650.8,49608.6,49615.3,3749.0,186007759.70000002
2026-02-19 09:30:00,49616.2,49631.5,49542.6,49586.1,3558.0,176427343.79999998
2026-02-19 10:00:00,49584.8,49584.8,49474.0,49487.0,4629.0,229075323.0
2026-02-19 10:30:00,49487.5,49517.6,49476.9,49499.7,3160.0,156419052.0
2026-02-19 11:00:00,49499.3,49537.7,49480.8,49526.1,2437.0,120695105.7
2026-02-19 11:30:00,49526.6,49545.5,49501.4,49540.6,2165.0,107255399.0
2026-02-19 12:00:00,49540.2,49589.0,49478.2,49572.5,3982.0,197397695.0
2026-02-19 12:30:00,49571.8,49594.7,49547.2,49567.5,2664.0,132047820.0
2026-02-19 13:00:00,49568.2,49572.8,49496.9,49514.6,3566.0,176569063.6
2026-02-19 13:30:00,49517.0,49557.4,49472.9,49506.7,4870.0,241097629.0
2026-02-19 14:00:00,49506.4,49534.9,49476.9,49532.3,4368.0,216357086.4
2026-02-19 14:30:00,49534.4,49578.6,49363.2,49501.5,50223.0,2486113834.5
2026-02-19 15:00:00,49501.8,49580.7,49411.2,49491.8,33765.0,1671090627.0
2026-02-19 15:30:00,49491.0,49630.8,49478.8,49542.9,22385.0,1109017816.5
2026-02-19 16:00:00,49543.1,49555.7,49412.2,49420.1,14721.0,727513292.1
2026-02-19 16:30:00,49420.6,49501.4,49336.1,49398.7,15976.0,789193631.1999999
2026-02-19 17:00:00,49399.5,49485.4,49311.5,49428.3,14999.0,741375071.7
2026-02-19 17:30:00,49428.7,49448.7,49289.2,49312.2,14289.0,704622025.8
2026-02-19 18:00:00,49311.4,49344.4,49219.4,49264.2,12653.0,623339922.5999999
2026-02-19 18:30:00,49263.4,49375.7,49240.4,49366.4,10526.0,519630726.40000004
2026-02-19 19:00:00,49365.6,49413.8,49342.4,49360.6,8632.0,426080699.2
2026-02-19 19:30:00,49360.3,49369.6,49250.4,49294.4,11228.0,553477523.2
2026-02-19 20:00:00,49293.4,49389.8,49293.2,49356.3,8826.0,435618703.8
2026-02-19 20:30:00,49355.4,49424.7,49345.1,49421.5,9315.0,460361272.5
2026-02-19 21:00:00,49422.5,49454.3,49396.2,49428.0,2131.0,105331068.0
2026-02-19 21:30:00,49427.3,49427.7,49379.3,49381.7,933.0,46073126.099999994
2026-02-19 23:00:00,49400.7,49434.7,49392.1,49426.7,1448.0,71569861.6
2026-02-19 23:30:00,49426.2,49448.5,49423.1,49431.7,961.0,47503863.699999996
2026-02-20 00:00:00,49432.5,49445.4,49407.4,49435.2,1622.0,80183894.39999999
2026-02-20 00:30:00,49435.7,49463.5,49435.7,49459.7,759.0,37539912.3
2026-02-20 01:00:00,49460.5,49495.7,49457.2,49477.2,1072.0,53039558.4
2026-02-20 01:30:00,49476.4,49476.4,49454.4,49463.7,1059.0,52382058.3
2026-02-20 02:00:00,49464.5,49493.5,49454.2,49457.2,1445.0,71465654.0
2026-02-20 02:30:00,49457.7,49478.7,49451.4,49478.7,938.0,46411020.599999994
2026-02-20 03:00:00,49478.2,49488.5,49474.2,49475.7,686.0,33940330.199999996
2026-02-20 03:30:00,49475.2,49479.8,49465.4,49470.2,587.0,29039007.4
2026-02-20 04:00:00,49469.4,49491.7,49467.2,49485.2,675.0,33402509.999999996
2026-02-20 04:30:00,49485.7,49490.7,49481.2,49484.2,416.0,20585427.2
2026-02-20 05:00:00,49484.7,49506.5,49484.2,49504.5,776.0,38415492.0
2026-02-20 05:30:00,49505.5,49519.5,49493.3,49516.2,731.0,36196342.199999996
2026-02-20 06:00:00,49515.4,49529.7,49508.3,49518.7,621.0,30751112.7
2026-02-20 06:30:00,49518.2,49523.7,49500.2,49511.7,714.0,35351353.8
2026-02-20 07:00:00,49511.2,49514.7,49494.4,49494.8,845.0,41823106.0
2026-02-20 07:30:00,49494.2,49505.5,49473.2,49493.1,1102.0,54541396.199999996
2026-02-20 08:00:00,49491.6,49509.7,49472.1,49507.2,3052.0,151095974.4
2026-02-20 08:30:00,49507.6,49533.7,49477.2,49525.4,2155.0,106727237.0
2026-02-20 09:00:00,49524.8,49569.8,49523.2,49538.2,1816.0,89961371.19999999
2026-02-20 09:30:00,49538.0,49538.7,49483.7,49489.5,1842.0,91159659.0
2026-02-20 10:00:00,49489.5,49503.9,49473.8,49478.2,1642.0,81243204.39999999
2026-02-20 10:30:00,49478.5,49486.7,49426.8,49427.3,2042.0,100930546.60000001
2026-02-20 11:00:00,49427.7,49427.7,49359.2,49400.2,3974.0,196316394.79999998
2026-02-20 11:30:00,49400.1,49417.7,49359.2,49368.2,3126.0,154324993.2
2026-02-20 12:00:00,49368.7,49389.7,49330.4,49344.2,3876.0,191258119.2
2026-02-20 12:30:00,49343.7,49361.8,49319.2,49359.3,3445.0,170042788.5
2026-02-20 13:00:00,49358.4,49420.8,49351.1,49411.5,2491.0,123084046.5
2026-02-20 13:30:00,49408.9,49417.1,49279.2,49336.6,8527.0,420693188.2
2026-02-20 14:00:00,49336.2,49350.5,49254.2,49283.6,6676.0,329017313.59999996
2026-02-20 14:30:00,49284.4,49378.5,49170.8,49373.7,50864.0,2511343876.7999997
2026-02-20 15:00:00,49377.3,49731.8,49333.1,49535.5,40449.0,2003661439.5
2026-02-20 15:30:00,49534.7,49574.3,49415.6,49540.8,30404.0,1506238483.2
2026-02-20 16:00:00,49540.3,49561.7,49390.1,49392.2,23648.0,1168026745.6
2026-02-20 16:30:00,49392.6,49563.7,49369.4,49518.6,17972.0,889948279.1999999
2026-02-20 17:00:00,49518.3,49541.2,49232.3,49279.3,24673.0,1215868168.9
2026-02-20 17:30:00,49279.6,49473.7,49265.2,49451.2,22678.0,1121454313.6
2026-02-20 18:00:00,49450.5,49473.3,49325.1,49381.6,21801.0,1076568261.6
2026-02-20 18:30:00,49381.0,49640.8,49335.9,49617.7,31159.0,1546037914.3
2026-02-20 19:00:00,49617.4,49646.7,49523.5,49569.5,12216.0,605541012.0
2026-02-20 19:30:00,49569.9,49599.7,49511.2,49542.7,9964.0,493643462.79999995
2026-02-20 20:00:00,49543.5,49634.3,49541.4,49598.7,8605.0,426796813.5
2026-02-20 20:30:00,49599.5,49650.5,49572.4,49644.7,9492.0,471227492.4
2026-02-20 21:00:00,49643.5,49689.1,49627.3,49647.2,2442.0,121238462.39999999
2026-02-20 21:30:00,49646.6,49656.3,49635.5,49643.2,658.0,32665225.599999998
2026-02-22 23:00:00,49629.9,49654.4,49555.4,49565.7,3211.0,159155462.7
2026-02-22 23:30:00,49565.2,49574.6,49523.1,49565.1,1910.0,94669341.0
2026-02-23 00:00:00,49565.0,49565.7,49452.2,49470.4,2369.0,117195377.60000001
2026-02-23 00:30:00,49469.4,49476.7,49406.2,49409.1,2179.0,107662428.89999999
2026-02-23 01:00:00,49409.7,49428.7,49383.4,49414.1,3592.0,177495447.2
2026-02-23 01:30:00,49413.3,49419.5,49370.2,49374.2,2414.0,119189318.8
2026-02-23 02:00:00,49373.4,49398.5,49350.2,49375.4,2048.0,101120819.2
2026-02-23 02:30:00,49375.7,49381.5,49354.4,49358.4,1055.0,52073112.0
2026-02-23 03:00:00,49358.7,49368.5,49327.4,49344.7,1193.0,58868227.099999994
2026-02-23 03:30:00,49344.2,49347.7,49328.4,49331.2,900.0,44398080.0
2026-02-23 04:00:00,49331.7,49353.7,49326.4,49342.1,651.0,32121707.099999998
2026-02-23 04:30:00,49342.7,49347.5,49326.4,49341.2,666.0,32861239.2
2026-02-23 05:00:00,49340.4,49344.5,49326.4,49343.7,693.0,34195184.1
2026-02-23 05:30:00,49343.2,49365.7,49341.4,49363.2,599.0,29568556.799999997
2026-02-23 06:00:00,49362.4,49372.4,49356.4,49360.7,551.0,27197745.7
2026-02-23 06:30:00,49361.5,49393.5,49358.4,49387.2,633.0,31262097.599999998
2026-02-23 07:00:00,49387.7,49445.4,49385.4,49431.2,1415.0,69945148.0
2026-02-23 07:30:00,49430.4,49456.5,49418.2,49445.7,968.0,47863437.599999994
2026-02-23 08:00:00,49444.5,49463.7,49428.1,49440.7,2609.0,128990786.3
2026-02-23 08:30:00,49441.4,49468.1,49408.0,49464.1,1826.0,90321446.6
2026-02-23 09:00:00,49463.4,49526.6,49463.1,49512.8,2230.0,110413544.0
2026-02-23 09:30:00,49513.5,49538.5,49488.1,49525.2,1822.0,90234914.39999999
2026-02-23 10:00:00,49525.7,49554.8,49489.2,49526.6,2281.0,112970174.6
2026-02-23 10:30:00,49527.4,49551.7,49521.0,49531.8,1421.0,70384687.8
2026-02-23 11:00:00,49531.9,49571.5,49521.1,49531.2,1159.0,57406660.8
2026-02-23 11:30:00,49531.6,49537.8,49467.3,49491.5,1883.0,93192494.5
2026-02-23 12:00:00,49492.1,49512.7,49423.2,49428.3,2747.0,135779540.1
2026-02-23 12:30:00,49428.5,49431.7,49384.7,49391.2,2643.0,130540941.6
2026-02-23 13:00:00,49390.5,49445.4,49372.1,49431.9,2916.0,144143420.4
2026-02-23 13:30:00,49431.9,49482.5,49421.2,49459.1,3152.0,155895083.2
2026-02-23 14:00:00,49458.7,49504.7,49455.5,49493.7,3771.0,186640742.7
2026-02-23 14:30:00,49494.5,49748.5,49246.4,49256.6,43799.0,2157389823.4
2026-02-23 15:00:00,49255.6,49289.7,48950.2,49000.4,34410.0,1686103764.0
2026-02-23 15:30:00,48999.5,49040.5,48927.2,48963.4,19810.0,969964954.0
2026-02-23 16:00:00,48962.4,48975.7,48810.3,48961.7,26531.0,1299002862.6999998
2026-02-23 16:30:00,48961.2,48991.7,48906.2,48924.6,21199.0,1037152595.4
2026-02-23 17:00:00,48924.2,48950.5,48850.3,48853.8,16028.0,783028706.4000001
2026-02-23 17:30:00,48853.3,48926.5,48798.2,48904.4,15052.0,736109028.8000001
2026-02-23 18:00:00,48904.7,49033.5,48898.2,49031.3,12605.0,618039536.5
2026-02-23 18:30:00,49031.8,49046.8,48904.2,48907.2,12072.0,590407718.4
2026-02-23 19:00:00,48907.7,48931.7,48806.3,48813.8,13669.0,667235832.2
2026-02-23 19:30:00,48813.3,48865.8,48786.2,48849.8,12645.0,617705721.0
2026-02-23 20:00:00,48849.3,48871.7,48786.3,48834.8,10917.0,533129511.6
2026-02-23 20:30:00,48834.3,48885.7,48761.1,48845.7,14374.0,702108091.8
2026-02-23 21:00:00,48846.5,48872.7,48821.4,48866.3,2804.0,137021105.20000002
2026-02-23 21:30:00,48866.4,48877.8,48858.8,48873.2,778.0,38023349.599999994
2026-02-23 23:00:00,48904.7,48904.7,48859.3,48880.6,2054.0,100400752.39999999
2026-02-23 23:30:00,48881.5,48902.7,48869.2,48870.3,1035.0,50580760.5
2026-02-24 00:00:00,48870.7,48889.5,48849.4,48858.7,1740.0,85014138.0
2026-02-24 00:30:00,48858.2,48892.2,48849.4,48882.7,1105.0,54015383.5
2026-02-24 01:00:00,48882.2,48887.7,48853.4,48872.1,1988.0,97157734.8
2026-02-24 01:30:00,48872.7,48883.8,48852.1,48872.7,1731.0,84598643.69999999
2026-02-24 02:00:00,48873.5,48914.7,48867.2,48911.1,1340.0,65540874.0
2026-02-24 02:30:00,48910.3,48912.7,48895.2,48904.3,827.0,40443856.1
2026-02-24 03:00:00,48903.4,48912.6,48896.3,48902.2,665.0,32519962.999999996
2026-02-24 03:30:00,48901.3,48910.6,48895.4,48904.8,566.0,27680116.8
2026-02-24 04:00:00,48905.6,48914.5,48894.0,48907.7,579.0,28317558.299999997
2026-02-24 04:30:00,48908.5,48919.7,48895.4,48917.3,669.0,32725673.700000003
2026-02-24 05:00:00,48916.4,48933.5,48905.5,48911.8,845.0,41330471.0
2026-02-24 05:30:00,48911.2,48911.2,48877.2,48889.3,988.0,48302628.400000006
2026-02-24 06:00:00,48889.7,48897.7,48865.4,48876.1,950.0,46432295.0
2026-02-24 06:30:00,48875.3,48912.7,48872.2,48909.2,863.0,42208639.599999994
2026-02-24 07:00:00,48908.4,48938.7,48902.4,48929.5,1403.0,68648088.5
2026-02-24 07:30:00,48929.1,48936.5,48899.2,48902.7,1123.0,54917732.099999994
2026-02-24 08:00:00,48903.5,48906.5,48831.0,48870.7,5640.0,275630748.0
2026-02-24 08:30:00,48871.5,48894.5,48805.3,48838.5,3701.0,180751288.5
2026-02-24 09:00:00,48839.1,48912.6,48839.1,48882.7,3384.0,165419056.79999998
2026-02-24 09:30:00,48882.2,48918.7,48849.1,48916.4,1943.0,95044565.2
2026-02-24 10:00:00,48915.9,48930.8,48894.4,48904.3,1558.0,76192899.4
2026-02-24 10:30:00,48904.6,48908.7,48883.1,48900.7,1492.0,72959844.39999999
2026-02-24 11:00:00,48901.4,48993.7,48901.4,48952.9,2891.0,141522833.9
2026-02-24 11:30:00,48953.5,48965.8,48939.2,48963.7,1745.0,85441656.5
2026-02-24 12:00:00,48963.3,48990.5,48934.4,48934.7,3459.0,169265127.29999998
2026-02-24 12:30:00,48934.2,48945.1,48858.5,48890.7,3852.0,188326976.39999998
2026-02-24 13:00:00,48890.9,48930.7,48869.1,48930.3,3345.0,163671853.5
2026-02-24 13:30:00,48929.4,49004.1,48899.3,48991.2,3550.0,173918760.0
2026-02-24 14:00:00,48990.4,48992.2,48862.9,48880.4,4537.0,221770374.8
2026-02-24 14:30:00,48880.1,49301.7,48784.5,49085.7,49632.0,2436221462.3999996
2026-02-24 15:00:00,49084.5,49287.4,48992.2,49280.7,27485.0,1354480039.5
2026-02-24 15:30:00,49281.5,49288.7,49183.2,49202.1,13902.0,684007594.1999999
2026-02-24 16:00:00,49202.7,49277.5,49186.2,49204.7,10626.0,522849142.2
2026-02-24 16:30:00,49204.2,49204.7,49117.3,49191.2,9919.0,487927512.79999995
2026-02-24 17:00:00,49190.4,49278.7,49185.5,49257.7,6879.0,338843718.29999995
2026-02-24 17:30:00,49258.5,49271.7,49221.4,49261.7,4735.0,233254149.5
2026-02-24 18:00:00,49262.5,49309.4,49241.2,49250.6,5160.0,254133096.0
2026-02-24 18:30:00,49251.5,49333.4,49246.2,49291.2,4476.0,220627411.2
2026-02-24 19:00:00,49290.4,49306.5,49211.2,49230.7,5748.0,282978063.59999996
2026-02-24 19:30:00,49230.3,49274.5,49204.2,49242.1,4665.0,229714396.5
2026-02-24 20:00:00,49242.6,49253.7,49179.5,49185.5,4782.0,235205061.0
2026-02-24 20:30:00,49185.1,49286.7,49184.3,49223.1,7430.0,365727633.0
2026-02-24 21:00:00,49223.7,49229.6,49204.2,49206.4,1234.0,60720697.6
2026-02-24 21:30:00,49206.1,49213.5,49189.4,49190.6,518.0,25480730.8
2026-02-24 23:00:00,49205.9,49217.7,49182.3,49214.4,967.0,47590324.800000004
2026-02-24 23:30:00,49213.4,49228.6,49201.2,49220.1,574.0,28252337.4
2026-02-25 00:00:00,49219.3,49221.7,49195.2,49198.7,785.0,38620979.5
2026-02-25 00:30:00,49200.2,49243.7,49192.4,49235.7,914.0,45001429.8
2026-02-25 01:00:00,49236.5,49257.7,49229.2,49248.1,1454.0,71606737.39999999
2026-02-25 01:30:00,49248.7,49271.7,49240.2,49267.8,1202.0,59219895.6
2026-02-25 02:00:00,49267.3,49276.8,49252.4,49271.7,1110.0,54691587.0
2026-02-25 02:30:00,49271.9,49284.5,49256.2,49270.7,938.0,46215916.599999994
2026-02-25 03:00:00,49270.2,49271.7,49204.2,49210.2,1288.0,63382737.599999994
2026-02-25 03:30:00,49210.7,49253.7,49124.9,49242.1,3114.0,153339899.4
2026-02-25 04:00:00,49242.7,49242.7,49203.2,49230.7,1293.0,63655295.099999994
2026-02-25 04:30:00,49231.5,49243.5,49224.2,49226.5,908.0,44697662.0
2026-02-25 05:00:00,49227.5,49249.7,49215.2,49218.2,822.0,40457360.4
2026-02-25 05:30:00,49218.7,49233.7,49208.2,49214.7,683.0,33613640.1
2026-02-25 06:00:00,49214.2,49249.5,49205.2,49228.3,744.0,36625855.2
2026-02-25 06:30:00,49227.4,49242.7,49218.2,49223.1,728.0,35834416.8
2026-02-25 07:00:00,49223.7,49235.7,49212.2,49224.2,1048.0,51586961.599999994
2026-02-25 07:30:00,49223.4,49224.5,49204.2,49211.7,1123.0,55264739.099999994
2026-02-25 08:00:00,49212.6,49289.7,49211.2,49278.6,3526.0,173756343.6
2026-02-25 08:30:00,49278.8,49293.7,49259.0,49271.2,1729.0,85189904.8
2026-02-25 09:00:00,49270.5,49293.3,49255.2,49283.4,1969.0,97039014.60000001
2026-02-25 09:30:00,49283.1,49306.2,49280.0,49298.7,1369.0,67489920.3
2026-02-25 10:00:00,49298.9,49303.2,49264.3,49288.5,1223.0,60279835.5
2026-02-25 10:30:00,49288.3,49315.2,49279.4,49284.6,1056.0,52044537.6
2026-02-25 11:00:00,49284.8,49305.7,49280.1,49301.6,970.0,47822552.0
2026-02-25 11:30:00,49302.4,49364.1,49302.3,49363.4,1218.0,60124621.2
2026-02-25 12:00:00,49362.5,49391.5,49345.3,49367.7,1836.0,90639097.19999999
2026-02-25 12:30:00,49367.3,49393.6,49355.2,49376.9,1668.0,82360669.2
2026-02-25 13:00:00,49376.9,49402.6,49371.6,49382.4,1587.0,78369868.8
2026-02-25 13:30:00,49382.7,49411.1,49359.2,49403.8,2146.0,106020554.80000001
2026-02-25 14:00:00,49404.3,49485.8,49392.2,49411.3,4157.0,205402774.10000002
2026-02-25 14:30:00,49411.7,49477.0,49312.9,49325.5,31824.0,1569734712.0
2026-02-25 15:00:00,49326.1,49355.3,49259.0,49291.9,16768.0,826526579.2
2026-02-25 15:30:00,49291.1,49350.2,49236.0,49334.0,12475.0,615441650.0
2026-02-25 16:00:00,49333.1,49426.7,49317.2,49403.2,8835.0,436477272.0
2026-02-25 16:30:00,49402.4,49484.4,49388.2,49459.2,6519.0,322424524.79999995
2026-02-25 17:00:00,49459.7,49477.7,49414.2,49442.7,4564.0,225656482.79999998
2026-02-25 17:30:00,49443.5,49526.7,49435.3,49519.2,3885.0,192382092.0
2026-02-25 18:00:00,49519.0,49536.5,49484.2,49497.1,3528.0,174625768.79999998
2026-02-25 18:30:00,49497.7,49514.8,49473.4,49484.7,2466.0,122029270.19999999
2026-02-25 19:00:00,49484.9,49502.8,49460.2,49470.4,2697.0,133421668.8
2026-02-25 19:30:00,49469.4,49529.4,49469.4,49510.7,2791.0,138184363.7
2026-02-25 20:00:00,49510.2,49538.5,49497.3,49502.7,3331.0,164893493.7
2026-02-25 20:30:00,49503.5,49555.5,49496.1,49521.9,5112.0,253155952.8
2026-02-25 21:00:00,49522.8,49574.8,49487.2,49508.0,3257.0,161247556.0
2026-02-25 21:30:00,49507.9,49571.6,49468.4,49489.5,7906.0,391263987.0
2026-02-25 23:00:00,49522.7,49526.8,49486.5,49497.7,2640.0,130673927.99999999
2026-02-25 23:30:00,49497.2,49497.7,49426.2,49426.2,1947.0,96232811.39999999
2026-02-26 00:00:00,49426.7,49461.7,49420.2,49456.2,1526.0,75470161.2
2026-02-26 00:30:00,49456.7,49461.7,49437.2,49439.2,1046.0,51713403.199999996
2026-02-26 01:00:00,49439.7,49447.7,49415.4,49420.2,1727.0,85348685.39999999
2026-02-26 01:30:00,49418.7,49470.7,49413.4,49464.7,1385.0,68508609.5
2026-02-26 02:00:00,49464.2,49469.7,49434.2,49444.7,902.0,44599119.4
2026-02-26 02:30:00,49444.2,49453.7,49435.4,49453.5,639.0,31600786.5
2026-02-26 03:00:00,49453.1,49456.8,49443.2,49448.4,467.0,23092402.8
2026-02-26 03:30:00,49447.4,49466.7,49447.2,49453.3,592.0,29276353.6
2026-02-26 04:00:00,49452.4,49459.7,49438.2,49448.1,596.0,29471067.599999998
2026-02-26 04:30:00,49448.7,49451.7,49444.2,49444.7,331.0,16366195.7
2026-02-26 05:00:00,49444.2,49445.7,49413.4,49419.1,868.0,42895778.8
2026-02-26 05:30:00,49419.7,49428.8,49413.3,49423.3,662.0,32718224.6
2026-02-26 06:00:00,49423.8,49433.6,49413.4,49417.2,919.0,45414406.8
2026-02-26 06:30:00,49416.4,49437.5,49401.2,49411.2,1062.0,52474694.4
2026-02-26 07:00:00,49411.7,49435.7,49411.4,49417.5,1124.0,55545270.0
2026-02-26 07:30:00,49416.5,49435.7,49410.2,49411.7,987.0,48769347.9
2026-02-26 08:00:00,49411.2,49455.0,49398.0,49434.7,2944.0,145535756.79999998
2026-02-26 08:30:00,49435.2,49439.2,49407.6,49423.2,1659.0,81993088.8
2026-02-26 09:00:00,49424.0,49456.2,49418.8,49452.1,1843.0,91140220.3
2026-02-26 09:30:00,49452.0,49501.6,49447.6,49467.7,1382.0,68364361.39999999
2026-02-26 10:00:00,49468.2,49472.0,49451.7,49467.1,886.0,43827850.6
2026-02-26 10:30:00,49467.8,49490.3,49464.7,49470.0,991.0,49024770.0
2026-02-26 11:00:00,49470.5,49494.3,49468.6,49490.9,1083.0,53598644.7
2026-02-26 11:30:00,49491.2,49511.2,49491.2,49509.0,952.0,47132568.0
2026-02-26 12:00:00,49508.6,49565.0,49508.6,49561.7,1235.0,61208699.5
2026-02-26 12:30:00,49562.4,49610.2,49552.2,49590.6,1481.0,73443678.6
2026-02-26 13:00:00,49589.9,49656.2,49587.7,49641.5,2111.0,104793206.5
2026-02-26 13:30:00,49641.1,49660.3,49614.8,49632.2,2020.0,100257044.0
2026-02-26 14:00:00,49632.6,49742.9,49627.3,49740.4,2812.0,139870004.8
2026-02-26 14:30:00,49743.2,49867.4,49644.2,49658.7,41326.0,2052195436.1999998
2026-02-26 15:00:00,49662.5,49684.7,49267.3,49313.7,35591.0,1755123896.6999998
2026-02-26 15:30:00,49314.5,49607.7,49283.1,49586.2,32691.0,1621022464.1999998
2026-02-26 16:00:00,49586.7,49598.7,49510.7,49540.5,23132.0,1145970846.0
2026-02-26 16:30:00,49540.2,49554.4,49350.2,49370.4,20481.0,1011155162.4
2026-02-26 17:00:00,49370.8,49389.7,49311.5,49330.4,15980.0,788299792.0
2026-02-26 17:30:00,49330.7,49377.1,49259.4,49283.4,13398.0,660298993.2
2026-02-26 18:00:00,49282.4,49366.3,49266.5,49350.2,10815.0,533722412.99999994
2026-02-26 18:30:00,49349.4,49546.5,49339.1,49467.7,13788.0,682060647.5999999
2026-02-26 19:00:00,49466.5,49573.5,49457.2,49512.8,12065.0,597371932.0
2026-02-26 19:30:00,49513.6,49583.8,49504.2,49536.8,8491.0,420616968.8
2026-02-26 20:00:00,49537.6,49594.6,49523.8,49540.4,8607.0,426394222.8
2026-02-26 20:30:00,49540.8,49571.8,49516.2,49533.7,10121.0,501330577.7
2026-02-26 21:00:00,49533.2,49560.9,49469.7,49471.2,2793.0,138173061.6
2026-02-26 21:30:00,49471.1,49477.0,49334.2,49342.3,2365.0,116694539.5
2026-02-26 23:00:00,49288.7,49300.6,49206.0,49278.6,3874.0,190905296.4
2026-02-26 23:30:00,49278.8,49283.4,49226.3,49252.1,1553.0,76488511.3
2026-02-27 00:00:00,49251.3,49285.7,49234.1,49256.7,1700.0,83736390.0
2026-02-27 00:30:00,49256.2,49262.7,49196.4,49239.7,2122.0,104486643.39999999
2026-02-27 01:00:00,49240.5,49257.7,49221.2,49239.7,2348.0,115614815.6
2026-02-27 01:30:00,49239.2,49251.5,49220.2,49244.5,2445.0,120402802.5
2026-02-27 02:00:00,49244.1,49277.7,49244.1,49272.7,1274.0,62773419.8
2026-02-27 02:30:00,49273.5,49279.7,49243.5,49279.1,1040.0,51250264.0
2026-02-27 03:00:00,49279.7,49288.5,49262.4,49263.6,742.0,36553591.199999996
2026-02-27 03:30:00,49264.4,49282.4,49251.2,49274.2,725.0,35723795.0
2026-02-27 04:00:00,49274.7,49286.3,49266.2,49278.2,701.0,34544018.199999996
2026-02-27 04:30:00,49278.7,49293.5,49274.4,49282.2,473.0,23310480.599999998
2026-02-27 05:00:00,49281.4,49320.5,49281.1,49316.2,747.0,36839201.4
2026-02-27 05:30:00,49316.7,49323.5,49282.2,49283.2,812.0,40017958.4
2026-02-27 06:00:00,49283.7,49297.7,49241.2,49259.7,1372.0,67584308.39999999
2026-02-27 06:30:00,49261.2,49291.7,49258.4,49276.2,1120.0,55189344.0
2026-02-27 07:00:00,49276.7,49326.6,49276.7,49324.1,1113.0,54897723.3
2026-02-27 07:30:00,49323.3,49329.1,49308.4,49317.9,926.0,45668375.4
2026-02-27 08:00:00,49316.6,49333.7,49267.3,49316.1,3781.0,186464174.1
2026-02-27 08:30:00,49316.5,49332.8,49293.4,49329.7,2472.0,121943018.39999999
2026-02-27 09:00:00,49331.9,49385.3,49326.2,49363.2,2794.0,137920780.79999998
2026-02-27 09:30:00,49362.3,49363.7,49304.2,49318.4,2628.0,129608755.2
2026-02-27 10:00:00,49318.7,49322.4,49222.0,49271.3,3360.0,165551568.0
2026-02-27 10:30:00,49272.3,49290.0,49227.1,49248.4,2862.0,140948920.8
2026-02-27 11:00:00,49248.7,49253.6,49194.7,49224.5,2925.0,143981662.5
2026-02-27 11:30:00,49224.8,49239.6,49147.2,49174.5,3829.0,188289160.5
2026-02-27 12:00:00,49175.4,49232.6,49141.3,49220.7,3584.0,176406988.79999998
2026-02-27 12:30:00,49220.2,49231.7,49130.0,49146.6,4125.0,202729725.0
2026-02-27 13:00:00,49146.2,49168.7,49021.0,49042.7,5343.0,262035146.1
2026-02-27 13:30:00,49041.3,49041.8,48916.4,49023.4,9650.0,473075810.0
2026-02-27 14:00:00,49023.4,49025.8,48962.6,48980.2,6292.0,308183418.4
2026-02-27 14:30:00,48980.9,49112.6,48697.3,48703.4,48471.0,2360702501.4
2026-02-27 15:00:00,48701.8,48929.9,48685.5,48855.3,29664.0,1449243619.2
2026-02-27 15:30:00,48854.4,48995.6,48819.2,48929.7,16789.0,821480733.3
2026-02-27 16:00:00,48929.3,49051.6,48913.2,49022.5,14159.0,694109577.5
2026-02-27 16:30:00,49021.7,49065.8,48887.2,48898.2,14031.0,686090644.1999999
2026-02-27 17:00:00,48898.6,48983.7,48754.5,48756.4,13236.0,645339710.4
2026-02-27 17:30:00,48756.0,48863.7,48730.2,48860.7,14164.0,692062954.8
2026-02-27 18:00:00,48860.2,48895.7,48814.1,48858.6,11570.0,565294002.0
2026-02-27 18:30:00,48859.5,48913.5,48827.4,48908.4,9652.0,472063876.8
2026-02-27 19:00:00,48908.7,48934.6,48808.3,48815.4,8454.0,412685391.6
2026-02-27 19:30:00,48814.4,48859.4,48779.5,48793.7,8337.0,406793076.9
2026-02-27 20:00:00,48793.2,48987.7,48793.2,48943.1,8711.0,426343344.09999996
2026-02-27 20:30:00,48942.4,49015.6,48891.2,48989.7,15068.0,738176799.5999999
2026-02-27 21:00:00,48989.2,48991.7,48916.3,48920.2,3645.0,178314129.0
2026-02-27 21:30:00,48920.7,48927.7,48887.4,48904.2,1170.0,57217914.0
2026-03-01 23:00:00,48423.5,48598.4,48388.1,48460.6,8706.0,421897983.59999996
2026-03-01 23:30:00,48460.1,48475.4,48395.5,48405.2,5113.0,247495787.6
2026-03-02 00:00:00,48405.7,48476.5,48365.2,48403.1,6192.0,299711995.2
2026-03-02 00:30:00,48403.6,48502.7,48374.4,48494.1,3188.0,154599190.79999998
2026-03-02 01:00:00,48494.7,48667.6,48494.2,48644.5,7103.0,345521883.5
2026-03-02 01:30:00,48645.5,48708.6,48633.2,48686.1,4228.0,205844830.79999998
2026-03-02 02:00:00,48686.7,48710.6,48613.2,48621.2,3539.0,172070426.79999998
2026-03-02 02:30:00,48620.3,48670.5,48611.1,48627.4,2452.0,119234384.8
2026-03-02 03:00:00,48626.4,48635.5,48593.1,48616.1,1990.0,96746039.0
2026-03-02 03:30:00,48615.3,48618.5,48574.4,48593.7,1922.0,93397091.39999999
2026-03-02 04:00:00,48594.5,48617.7,48542.1,48608.6,2523.0,122639497.8
2026-03-02 04:30:00,48609.5,48640.7,48556.3,48558.5,1675.0,81335487.5
2026-03-02 05:00:00,48558.1,48574.7,48537.2,48547.5,2102.0,102046845.0
2026-03-02 05:30:00,48548.5,48562.7,48488.4,48491.7,1587.0,76956327.89999999
2026-03-02 06:00:00,48491.2,48510.6,48433.9,48495.3,3155.0,153002671.5
2026-03-02 06:30:00,48495.7,48501.7,48320.8,48391.7,5127.0,248104245.89999998
2026-03-02 07:00:00,48393.8,48405.4,48257.3,48334.4,7888.0,381261747.2
2026-03-02 07:30:00,48333.4,48359.5,48226.2,48242.8,5779.0,278795141.2
2026-03-02 08:00:00,48243.6,48295.6,48147.1,48159.3,15039.0,724267712.7
2026-03-02 08:30:00,48159.0,48349.3,48149.8,48293.1,10670.0,515287377.0
2026-03-02 09:00:00,48289.8,48426.0,48261.1,48400.7,8207.0,397224544.9
2026-03-02 09:30:00,48400.2,48437.8,48368.1,48411.5,4895.0,236974292.5
2026-03-02 10:00:00,48411.7,48514.6,48410.3,48439.6,5826.0,282209109.59999996
2026-03-02 10:30:00,48440.5,48498.8,48432.1,48446.5,4077.0,197516380.5
2026-03-02 11:00:00,48448.6,48487.3,48410.4,48458.7,3819.0,185063775.29999998
2026-03-02 11:30:00,48458.2,48539.8,48439.2,48463.9,5105.0,247408209.5
2026-03-02 12:00:00,48463.3,48497.5,48391.2,48419.2,5944.0,287803724.8
2026-03-02 12:30:00,48419.5,48462.6,48399.2,48455.1,5483.0,265679313.29999998
2026-03-02 13:00:00,48455.5,48562.6,48435.2,48497.2,7886.0,382448919.2
2026-03-02 13:30:00,48497.7,48510.8,48431.5,48442.5,5563.0,269485627.5
2026-03-02 14:00:00,48442.8,48464.1,48391.3,48432.5,6823.0,330454947.5
2026-03-02 14:30:00,48432.2,48742.5,48412.1,48711.9,56777.0,2765715546.3
2026-03-02 15:00:00,48716.2,48951.5,48668.2,48818.6,31111.0,1518795464.6
2026-03-02 15:30:00,48818.3,48850.7,48692.2,48836.7,23042.0,1125295241.3999999
2026-03-02 16:00:00,48836.3,48946.7,48726.2,48731.2,15743.0,767175281.5999999
2026-03-02 16:30:00,48731.6,49000.4,48705.3,48923.7,16678.0,815949468.5999999
2026-03-02 17:00:00,48923.3,49025.7,48893.2,48940.6,9877.0,483386306.2
2026-03-02 17:30:00,48940.2,49008.6,48924.1,48984.4,8544.0,418522713.6
2026-03-02 18:00:00,48984.7,49017.7,48911.1,48979.2,7028.0,344225817.59999996
2026-03-02 18:30:00,48979.5,48984.5,48856.1,48857.3,8697.0,424911938.1
2026-03-02 19:00:00,48857.7,49064.7,48854.4,49062.7,9770.0,479342579.0
2026-03-02 19:30:00,49063.5,49100.5,49025.4,49038.2,5749.0,281920611.8
2026-03-02 20:00:00,49038.7,49050.5,48791.0,48863.4,21701.0,1060384643.4
2026-03-02 20:30:00,48863.8,48972.4,48855.4,48923.5,17275.0,845153462.5
2026-03-02 21:00:00,48924.5,48935.4,48884.2,48895.9,3183.0,155635649.70000002
2026-03-02 21:30:00,48895.2,48912.8,48877.3,48906.2,1641.0,80255074.19999999
2026-03-02 23:00:00,48895.3,48913.9,48826.2,48841.2,3921.0,191506345.2
2026-03-02 23:30:00,48841.7,48871.7,48827.2,48858.1,1802.0,88042296.2
2026-03-03 00:00:00,48858.7,48877.7,48805.2,48817.7,3484.0,170080866.79999998
2026-03-03 00:30:00,48818.6,48824.7,48786.2,48793.4,1449.0,70701636.60000001
2026-03-03 01:00:00,48792.4,48834.7,48759.4,48772.2,4095.0,199722159.0
2026-03-03 01:30:00,48772.7,48785.5,48688.3,48691.7,4723.0,229970899.1
2026-03-03 02:00:00,48691.2,48704.7,48602.2,48640.3,7756.0,377254166.8
2026-03-03 02:30:00,48640.7,48701.7,48634.3,48670.1,4445.0,216338594.5
2026-03-03 03:00:00,48670.7,48691.5,48627.2,48634.5,2962.0,144055389.0
2026-03-03 03:30:00,48634.1,48696.6,48620.2,48655.2,3873.0,188441589.6
2026-03-03 04:00:00,48654.3,48675.5,48580.5,48602.3,2830.0,137544509.0
2026-03-03 04:30:00,48602.7,48618.4,48553.2,48568.7,3111.0,151097225.7
2026-03-03 05:00:00,48569.5,48592.7,48550.2,48585.4,3911.0,190017499.4
2026-03-03 05:30:00,48584.4,48585.7,48522.2,48549.7,3725.0,180847632.5
2026-03-03 06:00:00,48551.2,48581.5,48525.2,48568.2,3509.0,170425813.79999998
2026-03-03 06:30:00,48567.3,48567.7,48482.2,48499.2,3339.0,161938828.79999998
2026-03-03 07:00:00,48497.7,48526.7,48389.1,48415.6,4586.0,222033941.6
2026-03-03 07:30:00,48416.4,48443.5,48390.3,48411.7,4115.0,199214145.5
2026-03-03 08:00:00,48413.2,48416.7,48212.2,48217.7,12699.0,612316572.3
2026-03-03 08:30:00,48217.3,48244.5,48110.1,48122.5,14380.0,692001550.0
2026-03-03 09:00:00,48122.2,48252.7,48121.4,48221.4,12978.0,625817329.2
2026-03-03 09:30:00,48221.2,48254.7,48109.0,48131.8,9266.0,445989258.8
2026-03-03 10:00:00,48132.4,48164.5,48056.4,48080.2,9465.0,455079093.0
2026-03-03 10:30:00,48080.7,48145.6,48006.2,48071.9,11510.0,553307569.0
2026-03-03 11:00:00,48071.2,48108.4,47930.7,48052.5,11791.0,566587027.5
2026-03-03 11:30:00,48053.4,48136.8,48053.2,48083.8,10094.0,485357877.20000005
2026-03-03 12:00:00,48082.7,48266.6,48072.3,48232.7,10924.0,526894014.79999995
2026-03-03 12:30:00,48234.2,48289.8,48187.7,48255.7,9969.0,481061073.29999995
2026-03-03 13:00:00,48257.2,48271.4,48173.4,48190.4,9017.0,434532836.8
2026-03-03 13:30:00,48189.6,48195.8,48001.5,48053.8,12279.0,590052610.2
2026-03-03 14:00:00,48053.4,48059.5,47935.1,48000.4,11353.0,544948541.2
2026-03-03 14:30:00,47999.3,48172.4,47787.2,47832.6,65803.0,3147528577.7999997
2026-03-03 15:00:00,47832.2,47930.7,47658.0,47682.4,45112.0,2151048428.8
2026-03-03 15:30:00,47681.5,47851.3,47679.1,47839.3,46163.0,2208405605.9
2026-03-03 16:00:00,47838.4,48134.7,47799.6,48093.2,32743.0,1574715647.6
2026-03-03 16:30:00,48093.5,48290.6,48008.4,48247.4,30077.0,1451137049.8
2026-03-03 17:00:00,48248.4,48351.5,48195.9,48331.1,25132.0,1214657205.2
2026-03-03 17:30:00,48331.5,48379.7,48208.1,48330.7,21648.0,1046262993.5999999
2026-03-03 18:00:00,48331.5,48521.8,48330.1,48477.4,16769.0,812917520.6
2026-03-03 18:30:00,48477.0,48630.5,48469.2,48587.3,18898.0,918202795.4000001
2026-03-03 19:00:00,48587.4,48627.4,48488.3,48559.7,17451.0,847415324.6999999
2026-03-03 19:30:00,48560.5,48728.5,48477.5,48645.8,26525.0,1290329845.0
2026-03-03 20:00:00,48646.9,48691.6,48558.3,48613.9,20709.0,1006745255.1
2026-03-03 20:30:00,48614.3,48628.7,48474.2,48542.7,19114.0,927845167.8
2026-03-03 21:00:00,48542.2,48547.7,48476.7,48481.7,3598.0,174437156.6
2026-03-03 21:30:00,48481.2,48489.4,48434.4,48462.4,2554.0,123772969.60000001
2026-03-03 23:00:00,48457.2,48529.2,48413.2,48449.8,4604.0,223062879.20000002
2026-03-03 23:30:00,48450.6,48483.7,48436.2,48443.6,3359.0,162722052.4
2026-03-04 00:00:00,48444.5,48572.5,48410.4,48516.8,7008.0,340005734.40000004
2026-03-04 00:30:00,48517.6,48519.5,48413.4,48487.7,6284.0,304696706.79999995
2026-03-04 01:00:00,48487.2,48523.6,48333.1,48351.4,9888.0,478098643.2
2026-03-04 01:30:00,48351.1,48436.5,48332.2,48401.7,14378.0,695919642.5999999
2026-03-04 02:00:00,48402.5,48435.7,48319.0,48352.2,11618.0,561755859.6
2026-03-04 02:30:00,48352.7,48396.7,48297.1,48374.2,7046.0,340844613.2
2026-03-04 03:00:00,48373.5,48375.7,48288.2,48314.7,7813.0,377482751.09999996
2026-03-04 03:30:00,48314.5,48367.7,48269.2,48362.9,9589.0,463751848.1
2026-03-04 04:00:00,48362.4,48403.7,48342.3,48366.9,7542.0,364783159.8
2026-03-04 04:30:00,48365.5,48392.5,48332.3,48371.9,7789.0,376768729.1
2026-03-04 05:00:00,48372.5,48402.7,48303.7,48330.1,8700.0,420471870.0
2026-03-04 05:30:00,48329.3,48410.7,48313.2,48339.8,7660.0,370282868.0
2026-03-04 06:00:00,48339.4,48339.7,48244.3,48327.2,6597.0,318814538.4
2026-03-04 06:30:00,48326.4,48386.7,48322.1,48344.4,5069.0,245057763.6
2026-03-04 07:00:00,48343.4,48404.6,48278.4,48376.2,6122.0,296159096.4
2026-03-04 07:30:00,48376.7,48452.7,48368.4,48422.6,6438.0,311744698.8
2026-03-04 08:00:00,48420.9,48449.4,48329.1,48351.4,14352.0,693939292.8000001
2026-03-04 08:30:00,48351.7,48423.6,48338.5,48357.7,10079.0,487397258.29999995
2026-03-04 09:00:00,48358.5,48422.7,48316.4,48406.3,8392.0,406225669.6
2026-03-04 09:30:00,48406.7,48493.1,48396.1,48487.4,6005.0,291166837.0
2026-03-04 10:00:00,48487.7,48654.2,48478.2,48546.4,11901.0,577750706.4
2026-03-04 10:30:00,48546.1,48643.4,48546.1,48628.1,6150.0,299062815.0
2026-03-04 11:00:00,48627.2,48700.6,48623.3,48648.0,7323.0,356249304.0
2026-03-04 11:30:00,48649.5,48652.6,48547.2,48547.5,5239.0,254340352.5
2026-03-04 12:00:00,48548.2,48604.8,48437.5,48444.6,8392.0,406547083.2
2026-03-04 12:30:00,48445.2,48531.4,48430.2,48510.9,7212.0,349860610.8
2026-03-04 13:00:00,48512.1,48719.6,48507.6,48654.5,9126.0,444020967.0
2026-03-04 13:30:00,48656.0,48706.3,48633.9,48662.4,7815.0,380296656.0
2026-03-04 14:00:00,48662.8,48731.7,48622.0,48635.0,8928.0,434213280.0
2026-03-04 14:30:00,48635.5,48792.4,48382.2,48537.6,47892.0,2324562739.2
2026-03-04 15:00:00,48557.5,48880.7,48515.2,48841.5,30084.0,1469347686.0
2026-03-04 15:30:00,48842.4,48868.5,48691.3,48831.9,20935.0,1022295826.5
2026-03-04 16:00:00,48832.4,48888.5,48741.1,48819.3,19834.0,968281996.2
2026-03-04 16:30:00,48818.4,48894.7,48790.4,48839.2,15223.0,743479141.5999999
2026-03-04 17:00:00,48840.1,48888.8,48807.2,48809.5,10978.0,535830691.0
2026-03-04 17:30:00,48810.4,48879.4,48751.6,48862.5,11553.0,564508462.5
2026-03-04 18:00:00,48862.1,48882.7,48769.1,48812.2,9697.0,473331903.4
2026-03-04 18:30:00,48812.7,48853.5,48787.5,48801.7,8234.0,401833197.79999995
2026-03-04 19:00:00,48801.9,48843.8,48788.5,48797.8,6275.0,306206195.0
2026-03-04 19:30:00,48797.3,48867.7,48797.1,48838.6,5651.0,275986928.59999996
2026-03-04 20:00:00,48838.2,48863.5,48786.2,48837.7,7976.0,389529495.2
2026-03-04 20:30:00,48837.2,48865.8,48759.1,48763.7,9775.0,476665167.5
2026-03-04 21:00:00,48763.2,48800.6,48722.5,48780.8,5231.0,255172364.8
2026-03-04 21:30:00,48781.2,48810.2,48767.3,48790.4,1465.0,71477936.0
2026-03-04 23:00:00,48757.3,48805.7,48737.8,48773.7,3360.0,163879632.0
2026-03-04 23:30:00,48773.1,48811.7,48766.3,48788.1,1456.0,71035473.6
2026-03-05 00:00:00,48788.7,48870.7,48773.4,48838.5,2791.0,136308253.5
2026-03-05 00:30:00,48839.5,48857.5,48811.1,48818.2,1978.0,96562399.6
2026-03-05 01:00:00,48817.3,48820.7,48704.0,48719.3,4177.0,203500516.10000002
2026-03-05 01:30:00,48718.4,48735.5,48618.2,48647.4,7433.0,361596124.2
2026-03-05 02:00:00,48648.4,48670.7,48619.7,48627.2,5224.0,254028492.79999998
2026-03-05 02:30:00,48627.7,48696.7,48606.4,48653.7,4098.0,199382862.6
2026-03-05 03:00:00,48653.2,48669.5,48577.3,48587.5,3815.0,185361312.5
2026-03-05 03:30:00,48588.5,48626.5,48545.2,48586.4,5239.0,254544149.6
2026-03-05 04:00:00,48585.4,48649.6,48572.4,48647.5,3206.0,155963885.0
2026-03-05 04:30:00,48648.5,48667.5,48623.2,48658.1,2247.0,109334750.7
2026-03-05 05:00:00,48657.3,48661.5,48620.2,48624.7,2278.0,110767066.6
2026-03-05 05:30:00,48624.2,48630.7,48568.4,48573.2,1899.0,92240506.8
2026-03-05 06:00:00,48573.7,48583.4,48525.4,48536.7,4514.0,219094663.79999998
2026-03-05 06:30:00,48536.2,48646.7,48500.4,48645.7,4829.0,234910085.29999998
2026-03-05 07:00:00,48645.2,48656.7,48586.3,48635.2,4083.0,198577521.6
2026-03-05 07:30:00,48635.7,48638.7,48562.2,48614.2,3112.0,151287390.39999998
2026-03-05 08:00:00,48613.4,48623.7,48488.1,48496.4,12227.0,592965482.8000001
2026-03-05 08:30:00,48496.1,48594.5,48465.0,48588.3,10126.0,492005125.8
2026-03-05 09:00:00,48588.8,48856.6,48586.2,48727.8,15405.0,750651759.0
2026-03-05 09:30:00,48727.0,48738.7,48636.7,48687.5,8412.0,409559250.0
2026-03-05 10:00:00,48688.5,48719.6,48654.1,48709.3,5601.0,272820789.3
2026-03-05 10:30:00,48709.7,48716.1,48635.2,48654.6,4812.0,234125935.2
2026-03-05 11:00:00,48655.4,48740.6,48634.9,48709.9,4663.0,227134263.70000002
2026-03-05 11:30:00,48710.4,48723.6,48633.1,48638.2,4439.0,215904969.79999998
2026-03-05 12:00:00,48638.7,48709.8,48600.3,48651.3,6729.0,327374597.70000005
2026-03-05 12:30:00,48651.8,48659.1,48526.3,48563.2,6772.0,328869990.4
2026-03-05 13:00:00,48563.0,48574.1,48487.3,48534.9,6815.0,330765343.5
2026-03-05 13:30:00,48536.7,48546.9,48401.2,48412.2,8857.0,428786855.4
2026-03-05 14:00:00,48411.3,48434.1,48335.3,48361.1,8959.0,433267094.9
2026-03-05 14:30:00,48361.5,48534.8,48288.7,48504.7,42936.0,2082597799.1999998
2026-03-05 15:00:00,48506.2,48523.5,48113.1,48154.3,32611.0,1570359877.3000002
2026-03-05 15:30:00,48155.9,48211.5,48076.4,48151.2,28871.0,1390173295.1999998
2026-03-05 16:00:00,48150.4,48176.4,47911.2,47933.7,24844.0,1190864842.8
2026-03-05 16:30:00,47933.3,48029.5,47920.5,48000.8,22495.0,1079777996.0
2026-03-05 17:00:00,48000.9,48085.5,47828.0,47833.8,20732.0,991690341.6
2026-03-05 17:30:00,47834.6,47889.6,47779.2,47802.1,23940.0,1144382274.0
2026-03-05 18:00:00,47801.5,47850.6,47691.5,47731.0,22702.0,1083589162.0
2026-03-05 18:30:00,47730.5,47831.1,47695.6,47728.2,20553.0,980957694.5999999
2026-03-05 19:00:00,47727.4,47764.5,47662.2,47677.4,19383.0,924131044.2
2026-03-05 19:30:00,47676.5,47740.4,47605.5,47709.6,17429.0,831530618.4
2026-03-05 20:00:00,47710.5,47949.6,47667.2,47878.6,21922.0,1049594669.1999999
2026-03-05 20:30:00,47877.7,47997.6,47860.1,47978.7,19632.0,941917838.4
2026-03-05 21:00:00,47978.2,47979.5,47902.3,47936.2,3358.0,160969759.6
2026-03-05 21:30:00,47935.3,47938.6,47904.8,47936.3,2038.0,97694179.4
2026-03-05 23:00:00,47929.3,48012.7,47916.2,48001.8,2636.0,126532744.80000001
2026-03-05 23:30:00,48001.2,48070.5,48001.2,48056.7,2037.0,97891497.89999999
2026-03-06 00:00:00,48057.5,48116.5,48056.3,48078.3,2950.0,141830985.0
2026-03-06 00:30:00,48078.7,48079.7,48044.2,48063.3,2104.0,101125183.2
2026-03-06 01:00:00,48063.7,48087.7,48017.2,48041.1,4208.0,202156948.79999998
2026-03-06 01:30:00,48041.7,48085.5,48030.2,48063.2,4415.0,212199028.0
2026-03-06 02:00:00,48063.7,48102.7,48052.2,48084.8,3053.0,146802894.4
2026-03-06 02:30:00,48084.3,48086.6,48021.3,48021.3,2146.0,103053709.80000001
2026-03-06 03:00:00,48021.8,48069.6,48021.8,48047.2,2042.0,98112382.39999999
2026-03-06 03:30:00,48047.7,48097.6,48038.2,48094.3,1840.0,88493512.0
2026-03-06 04:00:00,48093.4,48102.6,48066.4,48070.8,1178.0,56627402.400000006
2026-03-06 04:30:00,48070.3,48115.7,48066.5,48079.3,1281.0,61589583.300000004
2026-03-06 05:00:00,48079.8,48105.8,48073.4,48093.3,1751.0,84211368.30000001
2026-03-06 05:30:00,48093.7,48120.8,48073.2,48083.2,1714.0,82414604.8
2026-03-06 06:00:00,48083.7,48098.5,48054.4,48059.7,1513.0,72714326.1
2026-03-06 06:30:00,48060.5,48074.5,48047.2,48060.7,1208.0,58057325.599999994
2026-03-06 07:00:00,48062.3,48093.7,48028.7,48072.7,2169.0,104269686.3
2026-03-06 07:30:00,48072.2,48088.5,48047.4,48068.4,1805.0,86763462.0
2026-03-06 08:00:00,48067.3,48072.5,47954.2,47965.6,7825.0,375330820.0
2026-03-06 08:30:00,47966.3,48085.5,47964.3,48018.2,6441.0,309285226.2
2026-03-06 09:00:00,48018.7,48035.1,47853.2,47858.6,9959.0,476623797.4
2026-03-06 09:30:00,47859.5,47882.7,47766.2,47806.4,10604.0,506939065.6
2026-03-06 10:00:00,47806.7,47925.3,47805.5,47917.1,7673.0,367667908.3
2026-03-06 10:30:00,47916.2,47920.6,47855.1,47877.1,6273.0,300333048.3
2026-03-06 11:00:00,47876.5,47903.4,47786.1,47889.7,8176.0,391546187.2
2026-03-06 11:30:00,47889.8,47892.7,47701.1,47727.8,10227.0,488112210.6
2026-03-06 12:00:00,47728.5,47770.5,47705.6,47732.5,9348.0,446203410.0
2026-03-06 12:30:00,47732.9,47740.8,47626.2,47653.1,7445.0,354777329.5
2026-03-06 13:00:00,47650.9,47744.8,47646.6,47735.1,7638.0,364600693.8
2026-03-06 13:30:00,47731.1,47751.0,47279.1,47325.6,23387.0,1106803807.2
2026-03-06 14:00:00,47325.9,47358.6,47267.2,47349.3,14339.0,678941612.7
2026-03-06 14:30:00,47349.8,47360.6,47014.2,47071.2,57228.0,2693790633.6
2026-03-06 15:00:00,47071.7,47393.7,47071.7,47358.7,45769.0,2167560340.2999997
2026-03-06 15:30:00,47358.3,47485.4,47276.2,47460.8,29622.0,1405883817.6000001
2026-03-06 16:00:00,47460.4,47540.8,47353.1,47397.9,29661.0,1405869111.9
2026-03-06 16:30:00,47398.4,47512.2,47338.4,47424.3,28859.0,1368617873.7
2026-03-06 17:00:00,47423.4,47480.8,47316.3,47371.2,24441.0,1157799499.2
2026-03-06 17:30:00,47371.5,47397.6,47246.5,47350.7,23017.0,1089871061.8999999
2026-03-06 18:00:00,47351.5,47574.2,47341.2,47456.7,25112.0,1191732650.3999999
2026-03-06 18:30:00,47456.3,47498.7,47360.2,47401.9,25117.0,1190593522.3
2026-03-06 19:00:00,47401.4,47511.8,47382.1,47502.6,18844.0,895138994.4
2026-03-06 19:30:00,47503.5,47563.7,47456.2,47531.2,14962.0,711161814.4
2026-03-06 20:00:00,47531.5,47592.7,47449.2,47459.5,17491.0,830114114.5
2026-03-06 20:30:00,47459.7,47563.6,47409.3,47501.2,24657.0,1171237088.3999999
2026-03-06 21:00:00,47502.2,47519.7,47423.8,47446.1,4627.0,219533104.7
2026-03-06 21:30:00,47446.7,47483.6,47440.0,47483.2,1391.0,66049131.199999996
2026-03-08 22:00:00,47069.5,47130.7,46400.6,46527.4,11893.0,553350368.2
2026-03-08 22:30:00,46527.6,46694.1,46527.1,46694.1,5321.0,248459306.1
2026-03-08 23:00:00,46694.6,46745.5,46619.1,46669.7,5579.0,260370256.29999998
2026-03-08 23:30:00,46670.5,46671.8,46570.8,46644.3,8286.0,386494669.8
2026-03-09 00:00:00,46644.7,46752.4,46586.2,46666.7,11358.0,530040378.59999996
2026-03-09 00:30:00,46667.5,46716.6,46576.4,46622.6,7713.0,359600113.8
2026-03-09 01:00:00,46623.5,46658.5,46517.2,46519.5,7998.0,372062961.0
2026-03-09 01:30:00,46520.5,46590.9,46393.2,46396.2,8711.0,404157298.2
2026-03-09 02:00:00,46396.6,46462.8,46331.3,46405.2,11356.0,526977451.2
2026-03-09 02:30:00,46404.3,46507.7,46350.4,46466.6,9559.0,444174229.4
2026-03-09 03:00:00,46466.1,46512.7,46455.8,46463.1,7433.0,345360222.3
2026-03-09 03:30:00,46462.4,46523.6,46436.4,46484.2,7299.0,339288175.79999995
2026-03-09 04:00:00,46484.7,46573.5,46484.7,46542.1,5401.0,251373882.1
2026-03-09 04:30:00,46542.0,46555.5,46486.4,46487.3,3142.0,146063096.60000002
2026-03-09 05:00:00,46487.7,46706.6,46465.2,46684.7,8026.0,374691402.2
2026-03-09 05:30:00,46685.5,46728.6,46612.2,46710.7,8492.0,396667264.4
2026-03-09 06:00:00,46710.2,46788.6,46682.0,46712.5,7865.0,367393812.5
2026-03-09 06:30:00,46713.5,46746.5,46605.1,46631.5,6997.0,326280605.5
2026-03-09 07:00:00,46632.4,46754.6,46590.1,46736.4,10451.0,488442116.40000004
2026-03-09 07:30:00,46736.7,46762.8,46685.3,46729.4,10204.0,476826797.6
2026-03-09 08:00:00,46730.3,46820.5,46660.1,46735.2,19578.0,914981745.5999999
2026-03-09 08:30:00,46734.4,46838.7,46713.4,46813.5,14488.0,678233988.0
2026-03-09 09:00:00,46815.0,47018.5,46762.1,46997.2,12959.0,609036714.8
2026-03-09 09:30:00,46996.4,47154.6,46952.2,47029.7,17061.0,802373711.6999999
2026-03-09 10:00:00,47029.2,47062.8,46909.2,46911.6,12281.0,576121359.6
2026-03-09 10:30:00,46911.7,46984.8,46869.5,46932.2,11911.0,559009434.1999999
2026-03-09 11:00:00,46932.7,47018.5,46863.1,46864.2,11000.0,515506199.99999994
2026-03-09 11:30:00,46863.7,46973.8,46860.2,46907.7,11017.0,516782130.9
2026-03-09 12:00:00,46907.2,47071.5,46901.1,47064.3,10530.0,495587079.00000006
2026-03-09 12:30:00,47063.4,47074.8,46870.2,46935.5,10845.0,509015497.5
2026-03-09 13:00:00,46935.1,47062.1,46932.4,47062.1,13787.0,648845172.6999999
2026-03-09 13:30:00,47061.3,47114.6,46729.4,46822.7,65102.0,3048251415.3999996
2026-03-09 14:00:00,46822.2,46897.0,46636.0,46765.5,49655.0,2322140902.5
2026-03-09 14:30:00,46764.5,47067.8,46761.1,47013.8,33542.0,1576936879.6000001
2026-03-09 15:00:00,47013.4,47198.7,47010.7,47184.7,21015.0,991586470.4999999
2026-03-09 15:30:00,47184.4,47189.8,47048.1,47115.1,18502.0,871723580.1999999
2026-03-09 16:00:00,47115.6,47262.8,47080.3,47201.7,16403.0,774249485.0999999
2026-03-09 16:30:00,47202.5,47300.7,47133.2,47234.8,14871.0,702428710.8000001
2026-03-09 17:00:00,47235.6,47242.5,47051.2,47057.6,15829.0,744874750.4
2026-03-09 17:30:00,47057.9,47110.5,47008.1,47057.8,15309.0,720407860.2
2026-03-09 18:00:00,47058.6,47233.3,47058.4,47168.1,14747.0,695587970.6999999
2026-03-09 18:30:00,47167.4,47235.7,47136.1,47149.5,10839.0,511053430.5
2026-03-09 19:00:00,47150.5,47739.8,47143.4,47732.6,26743.0,1276512921.8
2026-03-09 19:30:00,47733.5,47915.8,47622.2,47767.3,45749.0,2185306207.7000003
2026-03-09 20:00:00,47767.7,47804.3,47610.2,47695.4,8372.0,399305888.8
2026-03-09 20:30:00,47694.9,47740.2,47661.8,47725.7,6347.0,302915017.9
2026-03-09 22:00:00,47745.8,47756.5,47600.1,47685.2,10143.0,483670983.59999996
2026-03-09 22:30:00,47684.3,47684.7,47600.4,47621.7,4048.0,192772641.6
2026-03-09 23:00:00,47622.6,47639.5,47599.4,47622.2,2353.0,112055036.6
2026-03-09 23:30:00,47622.7,47624.5,47526.4,47570.7,2813.0,133816379.1
2026-03-10 00:00:00,47570.2,47652.7,47523.4,47652.2,6287.0,299589381.4
2026-03-10 00:30:00,47651.3,47711.5,47609.3,47648.2,5105.0,243244061.0
2026-03-10 01:00:00,47648.7,47709.7,47631.2,47649.2,6036.0,287610571.2
2026-03-10 01:30:00,47649.7,47727.7,47631.4,47708.2,4695.0,223989999.0
2026-03-10 02:00:00,47707.3,47715.5,47683.3,47694.2,2735.0,130443636.99999999
2026-03-10 02:30:00,47693.3,47695.7,47583.2,47588.2,4180.0,198918676.0
2026-03-10 03:00:00,47588.7,47662.5,47583.4,47600.4,4254.0,202492101.6
2026-03-10 03:30:00,47599.4,47603.7,47500.2,47549.3,5388.0,256195628.4
2026-03-10 04:00:00,47549.7,47583.7,47519.3,47565.7,3272.0,155634970.39999998
2026-03-10 04:30:00,47566.5,47604.5,47561.3,47586.7,2277.0,108354915.89999999
2026-03-10 05:00:00,47587.6,47674.7,47586.2,47650.7,4180.0,199179926.0
2026-03-10 05:30:00,47650.2,47687.8,47634.9,47678.7,2524.0,120341038.8
2026-03-10 06:00:00,47678.2,47693.2,47655.3,47688.3,2265.0,108013999.5
2026-03-10 06:30:00,47687.4,47711.5,47665.0,47684.3,2570.0,122548651.00000001
2026-03-10 07:00:00,47681.3,47878.0,47656.4,47869.4,5919.0,283338978.6
2026-03-10 07:30:00,47868.4,47902.9,47806.2,47899.2,6518.0,312206985.59999996
2026-03-10 08:00:00,47897.6,47957.2,47863.0,47942.6,10762.0,515958261.2
2026-03-10 08:30:00,47941.9,47985.1,47868.2,47879.3,7083.0,339129081.90000004
2026-03-10 09:00:00,47879.7,47983.1,47871.1,47954.3,6675.0,320094952.5
2026-03-10 09:30:00,47954.7,47982.8,47923.2,47927.6,6349.0,304292332.4
2026-03-10 10:00:00,47927.8,47933.8,47828.4,47896.4,7073.0,338771237.2
2026-03-10 10:30:00,47896.7,47907.8,47788.2,47867.7,7678.0,367528200.59999996
2026-03-10 11:00:00,47867.2,47981.1,47762.0,47777.2,9942.0,475000922.4
2026-03-10 11:30:00,47777.7,47781.8,47673.4,47695.4,6644.0,316888237.6
2026-03-10 12:00:00,47697.7,47703.5,47547.2,47560.5,9319.0,443216299.5
2026-03-10 12:30:00,47560.7,47684.7,47531.3,47640.8,7603.0,362213002.40000004
2026-03-10 13:00:00,47640.0,47736.4,47640.0,47736.4,9624.0,459415113.6
2026-03-10 13:30:00,47736.0,47805.0,47485.1,47519.1,49836.0,2368161867.6
2026-03-10 14:00:00,47519.6,47757.8,47465.3,47727.1,34696.0,1655939461.6
2026-03-10 14:30:00,47727.3,48029.4,47726.6,48022.5,18975.0,911226937.5
2026-03-10 15:00:00,48022.1,48047.4,47935.2,48029.2,14199.0,681966610.8
2026-03-10 15:30:00,48029.7,48075.6,47993.1,48027.0,12904.0,619740408.0
2026-03-10 16:00:00,48027.6,48029.5,47899.2,47974.2,14477.0,694522493.4
2026-03-10 16:30:00,47974.7,48086.5,47974.2,48054.7,11889.0,571322328.3
2026-03-10 17:00:00,48054.4,48252.0,48043.2,48244.7,12705.0,612948913.5
2026-03-10 17:30:00,48244.9,48244.9,48046.3,48146.4,18670.0,898893288.0
2026-03-10 18:00:00,48146.2,48160.6,47752.3,47914.6,32381.0,1551522662.6
2026-03-10 18:30:00,47914.4,47988.8,47828.1,47858.7,30111.0,1441073315.6999998
2026-03-10 19:00:00,47860.0,47938.7,47764.2,47768.6,22189.0,1059937465.4
2026-03-10 19:30:00,47768.1,47856.9,47685.2,47736.7,23489.0,1121287346.3
2026-03-10 20:00:00,47736.2,47796.8,47730.1,47773.5,3917.0,187128799.5
2026-03-10 20:30:00,47774.5,47780.7,47747.0,47752.7,1781.0,85047558.69999999
2026-03-10 22:00:00,47936.2,47936.2,47875.2,47875.3,1434.0,68653180.2
2026-03-10 22:30:00,47875.3,47886.7,47845.4,47862.2,855.0,40922181.0
2026-03-10 23:00:00,47861.8,47909.2,47741.2,47748.6,1014.0,48417080.4
2026-03-10 23:30:00,47749.5,47794.6,47732.0,47782.7,1512.0,72247442.39999999
2026-03-11 00:00:00,47783.5,47901.5,47779.2,47869.3,5124.0,245282293.20000002
2026-03-11 00:30:00,47868.4,47888.5,47845.3,47867.2,2465.0,117992648.0
2026-03-11 01:00:00,47867.7,47913.5,47852.4,47905.8,2832.0,135669225.6
2026-03-11 01:30:00,47906.6,47942.7,47901.3,47919.6,2424.0,116157110.39999999
2026-03-11 02:00:00,47919.2,47946.5,47906.4,47923.3,1553.0,74424884.9
2026-03-11 02:30:00,47923.7,47933.5,47891.2,47923.7,1547.0,74137963.89999999
2026-03-11 03:00:00,47923.2,47933.7,47912.3,47929.2,674.0,32304280.799999997
2026-03-11 03:30:00,47928.3,47967.5,47928.2,47957.1,1091.0,52321196.1
2026-03-11 04:00:00,47957.7,47958.5,47935.2,47951.2,564.0,27044476.799999997
2026-03-11 04:30:00,47950.3,47951.7,47917.4,47921.6,816.0,39104025.6
2026-03-11 05:00:00,47921.1,47930.7,47885.2,47902.8,1988.0,95230766.4
2026-03-11 05:30:00,47902.2,47902.7,47845.4,47849.7,2256.0,107948923.19999999
2026-03-11 06:00:00,47851.2,47861.5,47826.2,47842.1,2761.0,132092038.1
2026-03-11 06:30:00,47842.7,47884.7,47841.3,47867.7,1520.0,72758904.0
2026-03-11 07:00:00,47867.2,47879.5,47799.3,47804.7,3424.0,163683292.79999998
2026-03-11 07:30:00,47805.6,47814.7,47715.2,47766.7,4591.0,219296919.7
2026-03-11 08:00:00,47765.5,47799.7,47728.2,47747.7,8666.0,413781568.2
2026-03-11 08:30:00,47748.4,47790.6,47602.2,47653.0,8122.0,387037666.0
2026-03-11 09:00:00,47653.4,47658.5,47569.4,47573.2,7014.0,333678424.79999995
2026-03-11 09:30:00,47572.3,47620.4,47550.4,47565.1,5321.0,253093897.1
2026-03-11 10:00:00,47566.2,47716.7,47565.2,47709.7,6241.0,297756237.7
2026-03-11 10:30:00,47709.2,47836.7,47696.7,47836.1,6174.0,295340081.4
2026-03-11 11:00:00,47835.2,47876.0,47729.0,47737.2,5959.0,284465974.8
2026-03-11 11:30:00,47737.6,47748.7,47607.1,47658.2,8896.0,423967347.2
2026-03-11 12:00:00,47658.6,47705.8,47632.3,47701.9,6567.0,313258377.3
2026-03-11 12:30:00,47702.7,47766.0,47504.1,47552.6,11020.0,524029652.0
2026-03-11 13:00:00,47551.7,47703.8,47548.8,47701.5,11236.0,535974054.0
2026-03-11 13:30:00,47702.4,47743.8,47400.5,47529.7,42097.0,2000857780.8999999
2026-03-11 14:00:00,47529.2,47715.0,47316.3,47372.2,41442.0,1963198712.3999999
2026-03-11 14:30:00,47372.7,47621.7,47363.3,47599.6,28769.0,1369392892.3999999
2026-03-11 15:00:00,47599.9,47656.5,47310.1,47314.2,26305.0,1244600031.0
2026-03-11 15:30:00,47314.7,47344.7,47245.2,47254.3,20298.0,959167781.4000001
2026-03-11 16:00:00,47254.8,47290.5,47208.2,47280.9,17572.0,830819974.8000001
2026-03-11 16:30:00,47280.4,47428.5,47278.1,47427.2,13555.0,642875696.0
2026-03-11 17:00:00,47427.2,47494.3,47377.2,47469.2,11565.0,548981298.0
2026-03-11 17:30:00,47469.7,47479.7,47247.5,47359.5,24634.0,1166653923.0
2026-03-11 18:00:00,47360.5,47433.8,47282.1,47413.2,16379.0,776580802.8
2026-03-11 18:30:00,47413.6,47422.2,47352.1,47369.7,12118.0,574026024.6
2026-03-11 19:00:00,47369.9,47383.9,47305.2,47358.4,11301.0,535197278.40000004
2026-03-11 19:30:00,47358.7,47472.5,47343.3,47450.5,10703.0,507862701.5
2026-03-11 20:00:00,47450.8,47457.8,47400.2,47439.8,2659.0,126142428.2
2026-03-11 20:30:00,47439.2,47442.8,47366.6,47377.0,1191.0,56426007.0
2026-03-11 22:00:00,47369.7,47372.0,47172.0,47197.6,3586.0,169250593.6
2026-03-11 22:30:00,47199.1,47210.6,47105.2,47141.9,4299.0,202663028.1
2026-03-11 23:00:00,47141.4,47155.6,47042.1,47044.1,4983.0,234420750.29999998
2026-03-11 23:30:00,47039.2,47050.7,46937.6,47050.6,6823.0,321026243.8
2026-03-12 00:00:00,47054.1,47062.7,46925.3,46966.2,6667.0,313123655.4
2026-03-12 00:30:00,46966.7,47023.7,46965.2,47009.2,3249.0,152732890.79999998
2026-03-12 01:00:00,47009.7,47023.7,46957.4,47021.3,5173.0,243241184.9
2026-03-12 01:30:00,47021.7,47060.6,46943.2,46981.1,3208.0,150715368.79999998
2026-03-12 02:00:00,46981.7,47005.7,46934.3,46937.2,2851.0,133817957.19999999
2026-03-12 02:30:00,46936.3,46946.5,46829.2,46880.2,4454.0,208804410.79999998
2026-03-12 03:00:00,46880.7,46919.5,46867.3,46874.5,1790.0,83905355.0
2026-03-12 03:30:00,46874.1,46890.5,46847.5,46889.7,2314.0,108502765.8
2026-03-12 04:00:00,46889.2,46939.6,46882.7,46930.3,1411.0,66218653.300000004
2026-03-12 04:30:00,46929.4,46939.5,46877.3,46878.2,1445.0,67738999.0
2026-03-12 05:00:00,46878.7,46967.5,46876.2,46929.2,3958.0,185745773.6
2026-03-12 05:30:00,46928.3,46946.6,46897.2,46944.7,3050.0,143181335.0
2026-03-12 06:00:00,46943.5,46971.2,46916.3,46965.5,2782.0,130658021.0
2026-03-12 06:30:00,46966.5,47024.5,46958.3,47015.1,2178.0,102398887.8
2026-03-12 07:00:00,47015.7,47078.5,47009.4,47064.2,2867.0,134933061.4
2026-03-12 07:30:00,47063.3,47140.5,47032.2,47137.3,3116.0,146879826.8
2026-03-12 08:00:00,47137.8,47233.7,47137.2,47140.2,7620.0,359208324.0
2026-03-12 08:30:00,47140.5,47200.8,47104.3,47179.2,5758.0,271657833.59999996
2026-03-12 09:00:00,47180.3,47191.7,47046.9,47128.2,5659.0,266698483.79999998
2026-03-12 09:30:00,47128.5,47233.8,47128.5,47218.2,5801.0,273912778.2
2026-03-12 10:00:00,47217.4,47233.4,47171.2,47176.7,4394.0,207294419.79999998
2026-03-12 10:30:00,47175.5,47236.5,47147.2,47155.9,4880.0,230120792.0
2026-03-12 11:00:00,47155.3,47161.7,47109.1,47150.7,4379.0,206472915.29999998
2026-03-12 11:30:00,47151.5,47237.7,47109.1,47109.4,4835.0,227773949.0
2026-03-12 12:00:00,47109.7,47121.5,46997.7,47063.1,7023.0,330524151.3
2026-03-12 12:30:00,47062.9,47062.9,46998.5,47060.1,7454.0,350785985.4
2026-03-12 13:00:00,47059.4,47093.7,46913.3,46993.6,13352.0,627458547.1999999
2026-03-12 13:30:00,46994.5,47001.2,46817.5,46843.4,47049.0,2203935126.6
2026-03-12 14:00:00,46842.4,47041.7,46758.8,46762.3,37150.0,1737219445.0
2026-03-12 14:30:00,46761.4,47009.6,46750.2,46864.2,31512.0,1476784670.3999999
2026-03-12 15:00:00,46864.7,46888.6,46736.2,46805.3,22735.0,1064118495.5000001
2026-03-12 15:30:00,46804.4,46957.7,46710.4,46895.6,30466.0,1428721349.6
2026-03-12 16:00:00,46895.3,47105.7,46798.3,46908.6,23350.0,1095315810.0
2026-03-12 16:30:00,46907.0,47021.1,46851.3,46912.2,22401.0,1050880192.1999999
2026-03-12 17:00:00,46912.3,47033.2,46832.4,46871.4,19289.0,904102434.6
2026-03-12 17:30:00,46871.7,46973.7,46796.5,46846.2,16047.0,751740971.4
2026-03-12 18:00:00,46846.0,46929.8,46783.1,46824.2,14213.0,665512354.5999999
2026-03-12 18:30:00,46823.5,46852.7,46768.1,46779.5,11109.0,519673465.5
2026-03-12 19:00:00,46778.6,46882.9,46759.1,46850.1,11890.0,557047689.0
2026-03-12 19:30:00,46850.6,46897.3,46701.2,46706.8,13371.0,624516622.8000001
2026-03-12 20:00:00,46706.3,46754.7,46696.2,46733.1,3690.0,172445139.0
2026-03-12 20:30:00,46732.2,46776.6,46720.7,46760.9,1159.0,54195883.1
2026-03-12 22:00:00,46767.7,46786.6,46709.2,46772.7,3498.0,163610904.6
2026-03-12 22:30:00,46772.2,46827.7,46767.4,46813.5,1997.0,93486559.5
2026-03-12 23:00:00,46814.5,46837.5,46788.2,46811.2,1837.0,85992174.39999999
2026-03-12 23:30:00,46812.4,46824.5,46763.5,46767.2,2399.0,112194512.8
2026-03-13 00:00:00,46765.7,46959.7,46720.7,46929.7,7035.0,330150439.5
2026-03-13 00:30:00,46929.2,46966.6,46916.3,46930.3,4407.0,206821832.10000002
2026-03-13 01:00:00,46930.8,46988.8,46929.4,46943.3,4263.0,200119287.9
2026-03-13 01:30:00,46943.8,46950.8,46899.3,46910.3,2759.0,129425517.7
2026-03-13 02:00:00,46910.8,46937.8,46887.5,46893.6,2718.0,127456804.8
2026-03-13 02:30:00,46894.6,46914.8,46876.3,46886.3,2403.0,112667778.9
2026-03-13 03:00:00,46886.8,46906.6,46868.3,46891.2,2427.0,113804942.39999999
2026-03-13 03:30:00,46891.8,46925.6,46869.3,46916.3,2424.0,113725111.2
2026-03-13 04:00:00,46915.4,46921.6,46845.2,46854.7,1975.0,92538032.5
2026-03-13 04:30:00,46855.5,46866.8,46831.5,46859.3,1998.0,93624881.4
2026-03-13 05:00:00,46859.8,46874.6,46833.3,46864.9,2340.0,109663866.0
2026-03-13 05:30:00,46865.7,46890.8,46857.3,46873.3,2280.0,106871124.0
2026-03-13 06:00:00,46872.4,46880.5,46787.2,46803.7,2989.0,139896259.29999998
2026-03-13 06:30:00,46804.5,46807.5,46695.2,46700.2,4103.0,191610920.6
2026-03-13 07:00:00,46697.3,46708.7,46559.2,46618.8,7641.0,356214250.8
2026-03-13 07:30:00,46618.3,46657.7,46553.2,46586.7,5700.0,265544189.99999997
2026-03-13 08:00:00,46584.8,46599.5,46448.5,46479.7,12770.0,593545769.0
2026-03-13 08:30:00,46480.5,46683.0,46477.3,46668.2,9479.0,442367867.79999995
2026-03-13 09:00:00,46668.6,46753.6,46668.0,46703.3,9397.0,438870910.1
2026-03-13 09:30:00,46704.3,46752.7,46679.3,46709.5,5959.0,278341910.5
2026-03-13 10:00:00,46709.8,46838.7,46703.4,46799.1,5651.0,264461714.1
2026-03-13 10:30:00,46799.6,46852.9,46765.1,46850.2,6752.0,316332550.4
2026-03-13 11:00:00,46850.7,46906.5,46816.2,46865.3,8133.0,381155484.90000004
2026-03-13 11:30:00,46865.0,46927.3,46837.2,46922.3,5788.0,271586272.40000004
2026-03-13 12:00:00,46923.4,46954.7,46854.8,46895.7,6211.0,291269192.7
2026-03-13 12:30:00,46894.3,47046.6,46875.2,46933.7,11690.0,548654953.0
2026-03-13 13:00:00,46933.5,46962.4,46890.1,46942.4,9687.0,454731028.8
2026-03-13 13:30:00,46942.1,47154.7,46921.7,46979.5,40884.0,1920709878.0
2026-03-13 14:00:00,46980.6,47038.7,46814.2,46895.2,29853.0,1399962405.6
2026-03-13 14:30:00,46895.7,47004.7,46739.3,46761.5,30961.0,1447782801.5
2026-03-13 15:00:00,46761.7,46852.9,46694.1,46711.3,25399.0,1186420308.7
2026-03-13 15:30:00,46710.4,46821.7,46660.2,46675.7,24906.0,1162504984.1999998
2026-03-13 16:00:00,46675.2,46765.7,46651.1,46719.7,22254.0,1039700203.8
2026-03-13 16:30:00,46719.3,46768.7,46626.5,46655.6,21327.0,995023981.1999999
2026-03-13 17:00:00,46654.6,46769.7,46632.3,46711.5,17084.0,798019266.0
2026-03-13 17:30:00,46711.3,46723.7,46582.1,46628.5,18056.0,841924196.0
2026-03-13 18:00:00,46628.9,46699.7,46614.2,46651.4,13655.0,637024867.0
2026-03-13 18:30:00,46650.5,46753.8,46638.2,46702.5,12303.0,574580857.5
2026-03-13 19:00:00,46702.2,46708.7,46585.3,46600.8,12219.0,569415175.2
2026-03-13 19:30:00,46600.7,46641.9,46518.3,46590.3,12573.0,585779841.9000001
2026-03-13 20:00:00,46589.5,46597.7,46531.3,46561.3,2963.0,137961131.9
2026-03-13 20:30:00,46561.8,46592.8,46528.7,46543.1,1129.0,52547159.9
2026-03-15 22:00:00,46436.2,46627.6,46401.9,46509.6,6647.0,309149311.2
2026-03-15 22:30:00,46510.1,46740.1,46479.8,46722.5,4395.0,205345387.5
2026-03-15 23:00:00,46723.0,46767.2,46645.5,46651.1,4940.0,230456434.0
2026-03-15 23:30:00,46651.7,46702.0,46621.9,46681.9,4103.0,191535835.70000002
2026-03-16 00:00:00,46682.8,46795.2,46665.7,46741.2,6836.0,319522843.2
2026-03-16 00:30:00,46741.8,46783.9,46731.2,46772.6,3792.0,177361699.2
2026-03-16 01:00:00,46773.1,46798.2,46746.9,46760.9,4612.0,215661270.8
2026-03-16 01:30:00,46760.7,46820.1,46720.3,46808.6,4912.0,229923843.2
2026-03-16 02:00:00,46808.7,46810.6,46741.3,46744.7,3543.0,165616472.1
2026-03-16 02:30:00,46745.3,46770.2,46728.6,46743.4,2629.0,122888398.60000001
2026-03-16 03:00:00,46743.7,46780.2,46742.9,46778.8,1810.0,84669628.0
2026-03-16 03:30:00,46779.2,46820.1,46776.7,46812.6,1638.0,76679038.8
2026-03-16 04:00:00,46812.6,46830.2,46798.9,46809.7,1282.0,60010035.4
2026-03-16 04:30:00,46810.2,46810.7,46769.4,46770.2,1142.0,53411568.4
2026-03-16 05:00:00,46769.8,46795.7,46763.7,46769.2,1551.0,72539029.19999999
2026-03-16 05:30:00,46769.4,46841.3,46759.0,46834.7,1719.0,80508849.3
2026-03-16 06:00:00,46834.8,46848.6,46795.0,46797.8,1740.0,81428172.0
2026-03-16 06:30:00,46798.8,46839.8,46797.4,46837.6,1285.0,60186316.0
2026-03-16 07:00:00,46837.6,46855.8,46760.3,46764.7,3262.0,152546451.39999998
2026-03-16 07:30:00,46765.1,46784.7,46702.5,46727.4,4028.0,188217967.20000002
2026-03-16 08:00:00,46727.8,46811.6,46709.2,46747.5,7837.0,366360157.5
2026-03-16 08:30:00,46746.7,46778.7,46677.0,46710.3,6464.0,301935379.20000005
2026-03-16 09:00:00,46709.0,46724.3,46641.4,46681.8,6133.0,286299479.40000004
2026-03-16 09:30:00,46680.7,46685.2,46611.4,46629.4,6036.0,281455058.40000004
2026-03-16 10:00:00,46628.9,46796.7,46622.2,46783.1,6253.0,292534724.3
2026-03-16 10:30:00,46783.3,46848.6,46742.4,46838.6,5567.0,260750486.2
2026-03-16 11:00:00,46838.6,46843.1,46781.0,46791.2,4947.0,231476066.39999998
2026-03-16 11:30:00,46792.0,46878.8,46781.1,46870.4,5106.0,239320262.4
2026-03-16 12:00:00,46869.5,46956.8,46868.9,46912.0,4879.0,228883648.0
2026-03-16 12:30:00,46912.4,46990.7,46910.9,46921.6,5741.0,269376905.59999996
2026-03-16 13:00:00,46921.9,46980.7,46920.0,46966.2,5893.0,276771816.59999996
2026-03-16 13:30:00,46966.7,47186.7,46895.9,47181.8,30769.0,1451736804.2
2026-03-16 14:00:00,47182.2,47228.6,47102.4,47110.8,17898.0,843189098.4000001
2026-03-16 14:30:00,47110.4,47121.8,46866.6,47089.8,20482.0,964493283.6
2026-03-16 15:00:00,47090.2,47094.8,46960.4,47086.8,15067.0,709456815.6
2026-03-16 15:30:00,47086.3,47131.8,46967.0,46967.0,12638.0,593568946.0
2026-03-16 16:00:00,46967.3,47037.7,46860.8,46887.5,16739.0,784849862.5
2026-03-16 16:30:00,46887.8,47007.7,46856.6,46951.3,14818.0,695724363.4000001
2026-03-16 17:00:00,46951.7,47028.6,46943.5,46987.7,13614.0,639690547.8
2026-03-16 17:30:00,46987.1,47012.4,46882.8,46942.8,10074.0,472901767.20000005
2026-03-16 18:00:00,46942.4,47059.7,46942.4,47034.4,9388.0,441558947.2
2026-03-16 18:30:00,47033.8,47093.6,47016.4,47028.6,6260.0,294399036.0
2026-03-16 19:00:00,47028.3,47145.1,46974.4,47021.3,12906.0,606856897.8000001
2026-03-16 19:30:00,47020.6,47032.7,46946.9,46988.4,10405.0,488914302.0
2026-03-16 20:00:00,46988.8,47018.5,46947.7,46951.4,3244.0,152310341.6
2026-03-16 20:30:00,46951.8,46983.5,46936.5,46974.4,2100.0,98646240.0
2026-03-16 22:00:00,46979.4,46990.5,46933.9,46984.8,1771.0,83210080.80000001
2026-03-16 22:30:00,46985.6,46986.5,46937.1,46942.5,1014.0,47599695.0
2026-03-16 23:00:00,46943.5,46965.7,46943.1,46965.2,970.0,45556244.0
2026-03-16 23:30:00,46965.7,46986.7,46960.2,46974.7,1084.0,50920574.8
2026-03-17 00:00:00,46974.2,46974.8,46890.3,46903.7,2206.0,103469562.19999999
2026-03-17 00:30:00,46904.6,46935.8,46865.5,46869.4,1872.0,87739516.8
2026-03-17 01:00:00,46869.8,46909.6,46869.8,46896.8,1705.0,79959044.0
2026-03-17 01:30:00,46897.7,46927.3,46891.4,46915.3,1748.0,82007944.4
2026-03-17 02:00:00,46914.4,46915.6,46889.3,46898.3,1040.0,48774232.0
2026-03-17 02:30:00,46898.8,46910.6,46860.6,46860.9,950.0,44517855.0
2026-03-17 03:00:00,46860.3,46902.6,46851.3,46877.8,1072.0,50253001.6
2026-03-17 03:30:00,46878.6,46885.6,46846.3,46856.5,1421.0,66583086.5
2026-03-17 04:00:00,46856.1,46878.7,46846.3,46875.7,836.0,39188085.199999996
2026-03-17 04:30:00,46876.6,46928.5,46875.2,46910.8,1146.0,53759776.800000004
2026-03-17 05:00:00,46910.3,46926.5,46904.2,46917.4,1030.0,48324922.0
2026-03-17 05:30:00,46917.8,46922.6,46784.5,46787.2,2224.0,104054732.8
2026-03-17 06:00:00,46786.4,46794.7,46721.4,46769.2,5158.0,241235533.6
2026-03-17 06:30:00,46768.3,46781.5,46744.4,46760.7,2251.0,105258335.69999999
2026-03-17 07:00:00,46760.2,46836.5,46736.3,46831.2,3425.0,160396860.0
2026-03-17 07:30:00,46830.3,46857.8,46788.4,46805.1,2500.0,117012750.0
2026-03-17 08:00:00,46805.7,46858.1,46796.9,46804.7,7206.0,337274668.2
2026-03-17 08:30:00,46805.2,46889.2,46781.0,46847.2,5746.0,269184011.2
2026-03-17 09:00:00,46846.8,46992.1,46846.4,46988.3,4522.0,212481092.60000002
2026-03-17 09:30:00,46987.8,46995.1,46943.1,46979.0,3952.0,185661008.0
2026-03-17 10:00:00,46978.5,46988.7,46887.8,46901.8,3579.0,167861542.20000002
2026-03-17 10:30:00,46901.1,46951.7,46895.9,46949.0,3302.0,155025598.0
2026-03-17 11:00:00,46946.1,46993.3,46937.7,46971.8,3360.0,157825248.0
2026-03-17 11:30:00,46971.4,47009.3,46946.8,46950.0,3558.0,167048100.0
2026-03-17 12:00:00,46950.3,47106.8,46948.0,47104.0,4421.0,208246784.0
2026-03-17 12:30:00,47104.0,47169.7,47103.0,47147.7,4499.0,212117502.29999998
2026-03-17 13:00:00,47147.4,47311.5,47144.2,47296.7,6139.0,290354441.3
2026-03-17 13:30:00,47296.2,47473.6,47275.6,47381.2,25155.0,1191874086.0
2026-03-17 14:00:00,47380.4,47380.4,47104.2,47161.2,17496.0,825132355.1999999
2026-03-17 14:30:00,47161.7,47275.7,47136.4,47250.1,14132.0,667738413.1999999
2026-03-17 15:00:00,47249.4,47264.7,47144.2,47166.4,14001.0,660376766.4
2026-03-17 15:30:00,47166.7,47204.7,47065.4,47094.5,15306.0,720828417.0
2026-03-17 16:00:00,47094.9,47144.8,47032.4,47109.2,13731.0,646856425.1999999
2026-03-17 16:30:00,47109.5,47155.7,47063.5,47102.1,11254.0,530087033.4
2026-03-17 17:00:00,47101.4,47174.9,47099.2,47150.0,7941.0,374418150.0
2026-03-17 17:30:00,47151.1,47171.8,47081.5,47125.8,7041.0,331812757.8
2026-03-17 18:00:00,47126.6,47171.8,47050.3,47059.1,7521.0,353931491.09999996
2026-03-17 18:30:00,47058.5,47137.6,47051.1,47101.3,6356.0,299375862.8
2026-03-17 19:00:00,47101.8,47120.8,47059.2,47065.6,5636.0,265261721.6
2026-03-17 19:30:00,47065.2,47105.9,47025.3,47055.2,6820.0,320916464.0
2026-03-17 20:00:00,47054.4,47080.8,47038.4,47067.4,1678.0,78979097.2
2026-03-17 20:30:00,47067.7,47081.7,47047.3,47053.8,697.0,32796498.6
2026-03-17 22:00:00,47073.4,47078.2,47024.3,47037.2,1183.0,55645007.599999994
2026-03-17 22:30:00,47037.7,47048.5,47002.2,47033.1,868.0,40824730.8
2026-03-17 23:00:00,47032.3,47048.5,47017.4,47018.4,941.0,44244314.4
2026-03-17 23:30:00,47017.4,47025.5,46991.1,47000.7,747.0,35109522.9
2026-03-18 00:00:00,46999.5,47064.5,46992.3,47052.2,1721.0,80976836.19999999
2026-03-18 00:30:00,47051.4,47096.6,47042.2,47090.1,1136.0,53494353.6
2026-03-18 01:00:00,47090.7,47138.6,47090.4,47131.7,1578.0,74373822.6
2026-03-18 01:30:00,47131.2,47140.8,47115.3,47135.6,952.0,44873091.199999996
2026-03-18 02:00:00,47135.2,47187.5,47135.2,47180.7,1068.0,50388987.599999994
2026-03-18 02:30:00,47181.5,47204.7,47181.5,47193.8,857.0,40445086.6
2026-03-18 03:00:00,47193.3,47210.6,47187.3,47199.3,625.0,29499562.5
2026-03-18 03:30:00,47199.8,47238.7,47198.4,47231.0,730.0,34478630.0
2026-03-18 04:00:00,47231.6,47266.8,47231.6,47260.2,772.0,36484874.4
2026-03-18 04:30:00,47260.7,47290.4,47249.3,47272.7,836.0,39519977.199999996
2026-03-18 05:00:00,47273.5,47296.7,47265.4,47290.2,708.0,33481461.599999998
2026-03-18 05:30:00,47290.7,47300.5,47272.2,47290.4,1097.0,51877568.800000004
2026-03-18 06:00:00,47289.4,47355.5,47282.2,47350.7,1395.0,66054226.49999999
2026-03-18 06:30:00,47350.2,47356.5,47322.2,47323.4,1397.0,66110789.800000004
2026-03-18 07:00:00,47323.8,47337.5,47308.2,47317.7,1459.0,69036524.3
2026-03-18 07:30:00,47317.2,47328.5,47293.3,47298.9,1280.0,60542592.0
2026-03-18 08:00:00,47298.3,47348.2,47284.5,47303.9,3758.0,177768056.20000002
2026-03-18 08:30:00,47302.7,47336.7,47288.1,47319.9,3129.0,148063967.1
2026-03-18 09:00:00,47319.5,47334.6,47286.3,47312.7,2893.0,136875641.1
2026-03-18 09:30:00,47313.5,47325.5,47290.1,47302.9,1878.0,88834846.2
2026-03-18 10:00:00,47302.3,47322.8,47287.3,47297.0,1990.0,94121030.0
2026-03-18 10:30:00,47296.4,47311.8,47258.9,47265.4,1914.0,90465975.60000001
2026-03-18 11:00:00,47264.6,47307.2,47169.0,47171.3,4261.0,200996909.3
2026-03-18 11:30:00,47169.5,47261.9,47154.8,47205.5,5467.0,258072468.5
2026-03-18 12:00:00,47206.4,47215.9,47030.9,47095.4,7309.0,344220278.6
2026-03-18 12:30:00,47096.2,47096.8,46790.3,46804.7,11129.0,520889506.29999995
2026-03-18 13:00:00,46805.2,46860.1,46762.8,46837.7,9071.0,424864776.7
2026-03-18 13:30:00,46838.2,46939.4,46768.8,46879.5,34400.0,1612654800.0
2026-03-18 14:00:00,46882.3,46891.8,46585.8,46606.2,26922.0,1254732116.3999999
2026-03-18 14:30:00,46606.7,46666.8,46569.4,46651.8,18162.0,847289991.6
2026-03-18 15:00:00,46651.3,46735.6,46594.2,46616.8,16631.0,775284000.8000001
2026-03-18 15:30:00,46616.3,46672.6,46593.2,46611.2,13966.0,650972019.1999999
2026-03-18 16:00:00,46610.4,46665.8,46561.3,46650.3,12537.0,584854811.1
2026-03-18 16:30:00,46649.4,46684.6,46565.3,46639.3,10578.0,493350515.40000004
2026-03-18 17:00:00,46637.8,46649.8,46571.3,46583.2,9920.0,462105344.0
2026-03-18 17:30:00,46583.8,46629.7,46526.2,46622.7,9774.0,455690269.79999995
2026-03-18 18:00:00,46623.3,46665.7,46533.3,46585.4,17628.0,821207431.2
2026-03-18 18:30:00,46584.5,46597.8,46352.1,46361.0,20505.0,950632305.0
2026-03-18 19:00:00,46359.9,46445.1,46294.8,46312.3,14582.0,675325958.6
2026-03-18 19:30:00,46312.8,46331.6,46230.2,46265.3,13672.0,632539181.6
2026-03-18 20:00:00,46264.4,46269.9,46095.7,46120.2,5590.0,257811917.99999997
2026-03-18 20:30:00,46120.7,46174.8,46116.4,46126.7,2233.0,103000921.1
2026-03-18 22:00:00,46194.8,46218.6,46132.2,46139.2,2263.0,104413009.6
2026-03-18 22:30:00,46139.7,46160.7,46124.2,46155.4,1411.0,65125269.4
2026-03-18 23:00:00,46155.7,46204.7,46141.2,46195.5,1037.0,47904733.5
2026-03-18 23:30:00,46196.6,46231.5,46163.9,46203.4,2192.0,101277852.8
2026-03-19 00:00:00,46203.8,46244.5,46175.4,46214.3,3329.0,153847404.70000002
2026-03-19 00:30:00,46215.4,46229.5,46145.2,46193.5,2583.0,119317810.5
2026-03-19 01:00:00,46194.5,46236.5,46166.2,46226.8,2019.0,93331909.2
2026-03-19 01:30:00,46227.6,46255.7,46209.4,46212.8,1965.0,90808152.0
2026-03-19 02:00:00,46213.6,46316.7,46178.4,46301.7,3260.0,150943542.0
2026-03-19 02:30:00,46302.5,46353.7,46300.4,46313.7,1671.0,77390192.69999999
2026-03-19 03:00:00,46314.5,46343.7,46314.5,46327.8,1003.0,46466783.400000006
2026-03-19 03:30:00,46327.2,46334.7,46302.4,46303.1,1390.0,64361309.0
2026-03-19 04:00:00,46302.3,46302.3,46259.3,46271.8,1946.0,90044922.80000001
2026-03-19 04:30:00,46271.3,46283.5,46241.5,46267.8,1511.0,69910645.8
2026-03-19 05:00:00,46268.6,46287.6,46252.3,46255.2,2108.0,97505961.6
2026-03-19 05:30:00,46253.7,46260.8,46190.2,46215.2,3309.0,152926096.79999998
2026-03-19 06:00:00,46215.7,46295.5,46203.3,46240.7,2234.0,103301723.8
2026-03-19 06:30:00,46241.6,46266.4,46209.7,46256.6,2819.0,130397355.39999999
2026-03-19 07:00:00,46257.5,46288.7,46182.4,46233.7,4706.0,217575792.2
2026-03-19 07:30:00,46233.2,46243.5,46136.2,46168.6,5186.0,239430359.6
2026-03-19 08:00:00,46169.5,46230.6,46121.5,46138.7,11457.0,528611085.9
2026-03-19 08:30:00,46139.5,46194.7,46080.2,46150.1,10557.0,487206605.7
2026-03-19 09:00:00,46151.3,46232.7,46054.0,46081.2,12188.0,561637665.6
2026-03-19 09:30:00,46080.3,46315.7,46076.2,46284.3,12917.0,597854303.1
2026-03-19 10:00:00,46283.5,46284.7,46208.1,46243.8,6260.0,289486188.0
2026-03-19 10:30:00,46242.6,46260.7,46173.8,46189.8,5396.0,249240160.8
2026-03-19 11:00:00,46190.5,46232.7,46108.2,46144.6,6537.0,301647250.2
2026-03-19 11:30:00,46144.9,46168.3,46071.6,46158.9,6229.0,287523788.1
2026-03-19 12:00:00,46157.9,46181.9,45961.8,45987.6,11262.0,517912351.2
2026-03-19 12:30:00,45987.5,46026.8,45917.8,45960.2,10322.0,474401184.4
2026-03-19 13:00:00,45960.6,46087.5,45869.4,45952.1,11701.0,537685522.1
2026-03-19 13:30:00,45951.2,46125.4,45829.1,46066.5,40488.0,1865140452.0
2026-03-19 14:00:00,46064.4,46110.4,45788.1,45805.7,26648.0,1220630293.6
2026-03-19 14:30:00,45805.4,46019.7,45797.4,45896.7,23231.0,1066226237.6999999
2026-03-19 15:00:00,45897.5,46063.5,45867.2,45920.3,19414.0,891496704.2
2026-03-19 15:30:00,45920.7,45929.8,45791.4,45898.7,20919.0,960154905.3
2026-03-19 16:00:00,45899.1,46007.7,45860.4,45925.5,17485.0,803007367.5
2026-03-19 16:30:00,45927.7,45999.7,45832.2,45869.8,15029.0,689377224.2
2026-03-19 17:00:00,45869.6,45931.7,45766.6,45901.8,12879.0,591169282.2
2026-03-19 17:30:00,45902.6,45945.8,45828.4,45885.3,10962.0,502994658.6
2026-03-19 18:00:00,45884.5,45995.8,45857.2,45874.8,10681.0,489988738.8
2026-03-19 18:30:00,45875.6,46011.7,45810.4,45994.6,11168.0,513667692.8
2026-03-19 19:00:00,45994.9,46293.8,45988.5,46109.3,38949.0,1795911125.7
2026-03-19 19:30:00,46109.8,46168.7,46042.2,46067.3,20620.0,949907726.0000001
2026-03-19 20:00:00,46066.4,46167.7,46028.7,46156.1,4291.0,198055825.1
2026-03-19 20:30:00,46156.7,46159.7,46124.3,46131.8,1511.0,69705149.8
2026-03-19 22:00:00,46149.3,46193.6,46117.9,46186.7,1576.0,72790239.19999999
2026-03-19 22:30:00,46186.2,46205.7,46166.2,46183.4,944.0,43597129.6
2026-03-19 23:00:00,46184.5,46215.7,46165.3,46174.3,1457.0,67275955.10000001
2026-03-19 23:30:00,46174.7,46195.6,46155.3,46169.7,1512.0,69808586.39999999
2026-03-20 00:00:00,46170.6,46212.5,46129.7,46147.4,2656.0,122567494.4
2026-03-20 00:30:00,46147.8,46171.5,46141.2,46152.5,1781.0,82197602.5
2026-03-20 01:00:00,46153.5,46205.7,46141.0,46200.1,2973.0,137352897.29999998
2026-03-20 01:30:00,46199.3,46275.2,46194.3,46206.2,1995.0,92181369.0
2026-03-20 02:00:00,46206.7,46226.7,46199.2,46211.1,1269.0,58641885.9
2026-03-20 02:30:00,46211.7,46228.5,46188.3,46195.2,1156.0,53401651.199999996
2026-03-20 03:00:00,46194.3,46202.7,46162.3,46179.2,987.0,45578870.4
2026-03-20 03:30:00,46179.7,46199.5,46166.5,46177.3,915.0,42252229.5
2026-03-20 04:00:00,46177.7,46191.7,46153.3,46172.8,805.0,37169104.0
2026-03-20 04:30:00,46173.6,46179.6,46144.3,46145.8,730.0,33686434.0
2026-03-20 05:00:00,46145.3,46170.6,46117.2,46166.8,1531.0,70681370.8
2026-03-20 05:30:00,46167.6,46177.6,46148.2,46156.3,1175.0,54233652.5
2026-03-20 06:00:00,46155.4,46172.5,46094.2,46105.7,1336.0,61597215.199999996
2026-03-20 06:30:00,46106.6,46116.7,46046.3,46061.7,1449.0,66743403.3
2026-03-20 07:00:00,46061.2,46125.7,45999.4,46120.2,3218.0,148414803.6
2026-03-20 07:30:00,46119.3,46187.7,46114.2,46179.8,2563.0,118358827.4
2026-03-20 08:00:00,46180.6,46210.7,46124.3,46124.3,5716.0,263646498.8
2026-03-20 08:30:00,46124.7,46191.8,46105.1,46111.1,5720.0,263755492.0
2026-03-20 09:00:00,46111.4,46142.7,46001.4,46007.1,6386.0,293801340.59999996
2026-03-20 09:30:00,46007.0,46057.8,45865.3,45901.6,9325.0,428032420.0
2026-03-20 10:00:00,45901.2,45915.7,45741.8,45788.6,10686.0,489296979.59999996
2026-03-20 10:30:00,45788.5,45917.8,45785.3,45858.2,7413.0,339946836.59999996
2026-03-20 11:00:00,45858.6,45975.4,45849.4,45939.9,6979.0,320614562.1
2026-03-20 11:30:00,45940.6,45961.5,45877.4,45937.2,5981.0,274750393.2
2026-03-20 12:00:00,45936.4,46001.5,45889.0,45970.1,7815.0,359256331.5
2026-03-20 12:30:00,45969.4,45981.8,45877.2,45958.7,7099.0,326260811.29999995
2026-03-20 13:00:00,45958.9,45980.2,45885.1,45922.8,7654.0,351493111.20000005
2026-03-20 13:30:00,45923.5,46098.7,45874.2,45904.2,38205.0,1753769961.0
2026-03-20 14:00:00,45903.3,45951.8,45728.6,45737.3,27446.0,1255305935.8000002
2026-03-20 14:30:00,45737.7,45887.9,45707.3,45744.4,20199.0,923991135.6
2026-03-20 15:00:00,45743.5,45954.1,45711.2,45744.7,20407.0,933512092.9
2026-03-20 15:30:00,45744.2,45831.1,45732.2,45818.9,16389.0,750925952.1
2026-03-20 16:00:00,45820.1,45890.7,45805.2,45845.7,13632.0,624968582.4
2026-03-20 16:30:00,45847.0,45900.2,45756.4,45862.6,13384.0,613825038.4
2026-03-20 17:00:00,45862.2,45928.6,45805.0,45858.4,14217.0,651968872.8000001
2026-03-20 17:30:00,45857.5,45869.5,45750.2,45813.5,11389.0,521769951.5
2026-03-20 18:00:00,45813.2,45838.5,45590.3,45641.7,14068.0,642087435.5999999
2026-03-20 18:30:00,45641.2,45654.7,45534.3,45571.8,11958.0,544947584.4
2026-03-20 19:00:00,45572.7,45616.6,45506.2,45547.4,12028.0,547844127.2
2026-03-20 19:30:00,45547.7,45665.9,45400.5,45641.8,20430.0,932461974.0
2026-03-20 20:00:00,45642.6,45806.8,45627.2,45731.6,5518.0,252346968.79999998
2026-03-20 20:30:00,45731.2,45883.1,45723.4,45837.8,3261.0,149477065.8
2026-03-22 22:00:00,45339.0,45713.7,45329.4,45666.5,6213.0,283725964.5
2026-03-22 22:30:00,45667.3,45696.6,45591.6,45610.4,4418.0,201506747.20000002
2026-03-22 23:00:00,45611.8,45669.8,45598.0,45600.2,2922.0,133243784.39999999
2026-03-22 23:30:00,45599.7,45611.5,45541.4,45577.3,4183.0,190649845.9
2026-03-23 00:00:00,45577.7,45692.7,45543.4,45631.6,7756.0,353918689.59999996
2026-03-23 00:30:00,45631.1,45648.7,45509.2,45520.2,9691.0,441136258.2
2026-03-23 01:00:00,45520.7,45650.7,45489.2,45640.2,8697.0,396932819.4
2026-03-23 01:30:00,45640.7,45688.5,45622.5,45659.3,6749.0,308154615.70000005
2026-03-23 02:00:00,45659.8,45696.7,45629.4,45657.7,4740.0,216417498.0
2026-03-23 02:30:00,45657.2,45660.5,45569.3,45595.5,3396.0,154842318.0
2026-03-23 03:00:00,45595.9,45622.8,45531.7,45545.2,3002.0,136726690.4
2026-03-23 03:30:00,45545.8,45548.8,45459.2,45463.7,3197.0,145347448.89999998
2026-03-23 04:00:00,45464.6,45513.7,45453.3,45498.5,2706.0,123118941.0
2026-03-23 04:30:00,45499.5,45527.1,45492.2,45517.1,1966.0,89486618.6
2026-03-23 05:00:00,45516.3,45557.8,45498.3,45507.2,3098.0,140981305.6
2026-03-23 05:30:00,45507.8,45526.7,45430.2,45492.3,4381.0,199301766.3
2026-03-23 06:00:00,45491.4,45496.5,45419.4,45427.2,5079.0,230724748.79999998
2026-03-23 06:30:00,45427.8,45435.7,45290.2,45337.5,5196.0,235573650.0
2026-03-23 07:00:00,45337.1,45419.7,45203.3,45234.1,8824.0,399145698.4
2026-03-23 07:30:00,45234.7,45339.6,45221.3,45282.1,8982.0,406723822.2
2026-03-23 08:00:00,45281.3,45402.7,45279.4,45346.2,17627.0,799317467.4
2026-03-23 08:30:00,45346.6,45469.2,45343.2,45424.6,11497.0,522246626.2
2026-03-23 09:00:00,45427.4,45472.7,45365.1,45415.5,10706.0,486218343.0
2026-03-23 09:30:00,45415.1,45417.7,45268.3,45310.7,9953.0,450977397.09999996
2026-03-23 10:00:00,45311.5,45378.8,45257.8,45263.1,9317.0,421716302.7
2026-03-23 10:30:00,45262.3,45402.6,45221.3,45323.5,10166.0,460758701.0
2026-03-23 11:00:00,45323.2,46959.3,45321.3,46507.6,23968.0,1114694156.8
2026-03-23 11:30:00,46508.6,46851.5,46182.9,46246.4,23950.0,1107601280.0
2026-03-23 12:00:00,46246.1,46505.7,46149.0,46466.4,17960.0,834536544.0
2026-03-23 12:30:00,46463.3,46679.5,46331.0,46621.5,25092.0,1169826678.0
2026-03-23 13:00:00,46623.8,46670.6,46378.1,46392.6,17456.0,809829225.6
2026-03-23 13:30:00,46392.1,46567.6,46215.6,46560.2,48663.0,2265759012.6
2026-03-23 14:00:00,46560.7,46678.5,46435.5,46559.7,31190.0,1452197043.0
2026-03-23 14:30:00,46560.5,46668.6,46496.4,46636.3,24144.0,1125986827.2
2026-03-23 15:00:00,46636.6,46773.6,46625.5,46651.8,20276.0,945911896.8000001
2026-03-23 15:30:00,46652.6,46685.7,46310.2,46316.7,26318.0,1218962910.6
2026-03-23 16:00:00,46318.1,46391.7,46150.5,46161.5,28215.0,1302446722.5
2026-03-23 16:30:00,46161.2,46324.5,46152.3,46266.6,25479.0,1178826701.3999999
2026-03-23 17:00:00,46267.5,46320.7,46176.6,46268.4,18993.0,878775721.2
2026-03-23 17:30:00,46268.1,46477.5,46262.4,46465.5,19223.0,893206306.5
2026-03-23 18:00:00,46465.7,46474.5,46341.0,46407.5,15931.0,739317882.5
2026-03-23 18:30:00,46408.4,46568.6,46408.1,46497.8,13775.0,640507195.0
2026-03-23 19:00:00,46497.5,46500.7,46356.2,46375.2,10348.0,479890569.59999996
2026-03-23 19:30:00,46375.0,46448.9,46246.5,46258.3,12580.0,581929414.0
2026-03-23 20:00:00,46257.6,46262.5,46181.1,46251.7,5102.0,235976173.39999998
2026-03-23 20:30:00,46251.3,46291.3,46238.4,46258.8,1817.0,84052239.60000001
2026-03-23 22:00:00,46272.3,46300.5,46208.2,46297.2,3345.0,154864134.0
2026-03-23 22:30:00,46297.0,46385.6,46271.2,46373.7,2079.0,96410922.3
2026-03-23 23:00:00,46374.5,46374.5,46334.4,46350.7,1682.0,77961877.39999999
2026-03-23 23:30:00,46350.2,46350.2,46286.2,46330.3,2860.0,132504658.00000001
2026-03-24 00:00:00,46328.7,46330.5,46094.2,46224.7,8021.0,370768318.7
2026-03-24 00:30:00,46225.6,46245.2,46006.5,46119.6,9129.0,421025828.4
2026-03-24 01:00:00,46120.5,46126.4,46010.3,46066.2,9332.0,429889778.4
2026-03-24 01:30:00,46066.5,46066.7,45969.9,46021.8,8179.0,376412302.20000005
2026-03-24 02:00:00,46021.4,46085.7,45973.2,46061.5,8194.0,377427931.0
2026-03-24 02:30:00,46061.2,46092.2,46021.3,46025.8,6081.0,279882889.8
2026-03-24 03:00:00,46026.5,46061.8,46003.3,46052.9,4147.0,190981376.3
2026-03-24 03:30:00,46053.0,46070.6,45999.2,46070.2,4791.0,220722328.2
2026-03-24 04:00:00,46070.8,46099.6,46025.5,46029.8,3218.0,148123896.4
2026-03-24 04:30:00,46029.4,46045.9,46012.5,46031.6,2753.0,126724994.8
2026-03-24 05:00:00,46031.2,46117.1,45929.2,45929.7,5929.0,272317191.3
2026-03-24 05:30:00,45929.2,46043.8,45923.2,46029.7,4670.0,214958699.0
2026-03-24 06:00:00,46031.1,46146.6,46023.2,46117.4,4505.0,207758887.0
2026-03-24 06:30:00,46117.1,46248.6,46117.1,46223.1,4657.0,215260976.7
2026-03-24 07:00:00,46221.0,46399.7,46208.1,46332.2,9820.0,454982204.0
2026-03-24 07:30:00,46331.2,46346.3,46277.4,46339.5,7033.0,325905703.5
2026-03-24 08:00:00,46339.8,46397.5,46201.4,46212.2,14242.0,658154152.4
2026-03-24 08:30:00,46212.1,46265.8,46154.1,46176.1,11336.0,523452269.59999996
2026-03-24 09:00:00,46177.3,46206.6,46043.2,46134.9,10664.0,491982573.6
2026-03-24 09:30:00,46133.1,46251.0,46117.3,46229.9,6883.0,318200401.7
2026-03-24 10:00:00,46230.3,46251.7,46142.4,46171.7,6106.0,281924400.2
2026-03-24 10:30:00,46170.7,46248.5,46150.3,46219.4,7262.0,335645282.8
2026-03-24 11:00:00,46219.7,46255.7,46158.0,46196.8,8447.0,390224369.6
2026-03-24 11:30:00,46195.4,46250.6,46056.0,46218.2,9483.0,438287190.59999996
2026-03-24 12:00:00,46219.7,46241.8,46105.2,46164.5,8692.0,401261834.0
2026-03-24 12:30:00,46164.8,46168.8,45981.2,46005.3,12167.0,559746485.1
2026-03-24 13:00:00,46004.4,46033.8,45853.2,45909.6,12700.0,583051920.0
2026-03-24 13:30:00,45910.5,45963.8,45802.2,45954.2,39169.0,1799980059.8
2026-03-24 14:00:00,45953.7,46187.2,45929.7,46112.5,31904.0,1471173200.0
2026-03-24 14:30:00,46112.2,46372.2,46075.1,46250.4,31961.0,1478209034.4
2026-03-24 15:00:00,46252.0,46458.6,46252.0,46411.3,23914.0,1109879828.2
2026-03-24 15:30:00,46411.7,46461.6,46282.4,46295.8,15664.0,725177411.2
2026-03-24 16:00:00,46295.3,46404.6,46257.1,46388.5,16405.0,761003342.5
2026-03-24 16:30:00,46388.7,46401.6,46260.1,46344.2,15958.0,739560743.5999999
2026-03-24 17:00:00,46342.8,46358.4,46151.1,46213.7,22490.0,1039346112.9999999
2026-03-24 17:30:00,46213.3,46284.6,46132.5,46274.2,17690.0,818590598.0
2026-03-24 18:00:00,46274.7,46318.4,46196.2,46292.2,15528.0,718825281.5999999
2026-03-24 18:30:00,46292.7,46432.6,46270.8,46300.2,13442.0,622367288.4
2026-03-24 19:00:00,46299.6,46365.7,46275.1,46282.7,9543.0,441675806.09999996
2026-03-24 19:30:00,46283.0,46303.8,46146.5,46171.8,12144.0,560710339.2
2026-03-24 20:00:00,46171.3,46659.2,46165.3,46441.4,14323.0,665180172.2
2026-03-24 20:30:00,46441.8,46619.4,46408.0,46448.2,16068.0,746329677.5999999
2026-03-24 22:00:00,46470.6,46538.6,46424.1,46449.2,4215.0,195783378.0
2026-03-24 22:30:00,46449.6,46515.5,46449.6,46507.7,2076.0,96549985.19999999
2026-03-24 23:00:00,46507.2,46537.6,46467.1,46516.2,2030.0,94427886.0
2026-03-24 23:30:00,46516.7,46527.7,46482.4,46492.3,1853.0,86150231.9
2026-03-25 00:00:00,46492.7,46556.7,46461.3,46515.7,5116.0,237974321.2
2026-03-25 00:30:00,46516.5,46647.5,46454.1,46580.3,6380.0,297182314.0
2026-03-25 01:00:00,46580.0,46611.6,46557.3,46579.9,7764.0,361646343.6
2026-03-25 01:30:00,46579.4,46607.6,46527.2,46534.1,6382.0,296980626.2
2026-03-25 02:00:00,46533.5,46540.8,46481.2,46501.5,6394.0,297330591.0
2026-03-25 02:30:00,46501.8,46503.6,46454.2,46454.8,3781.0,175645598.8
2026-03-25 03:00:00,46455.6,46480.8,46426.3,46456.9,3087.0,143412450.3
2026-03-25 03:30:00,46456.4,46495.7,46442.3,46495.7,2459.0,114332926.3
2026-03-25 04:00:00,46495.2,46570.8,46490.5,46567.8,1928.0,89782718.4
2026-03-25 04:30:00,46567.3,46582.2,46544.3,46566.8,1566.0,72923608.80000001
2026-03-25 05:00:00,46566.3,46572.8,46530.3,46540.3,2727.0,126915398.10000001
2026-03-25 05:30:00,46540.7,46567.5,46497.7,46509.8,3202.0,148924379.60000002
2026-03-25 06:00:00,46509.3,46514.5,46460.2,46469.8,3604.0,167477159.20000002
2026-03-25 06:30:00,46469.4,46538.7,46448.4,46506.4,3287.0,152866536.8
2026-03-25 07:00:00,46504.8,46537.4,46469.3,46485.7,5226.0,242934268.2
2026-03-25 07:30:00,46485.2,46575.6,46481.5,46556.7,5374.0,250195705.79999998
2026-03-25 08:00:00,46556.3,46720.7,46546.4,46683.2,11506.0,537136899.1999999
2026-03-25 08:30:00,46683.6,46722.4,46530.1,46548.2,9774.0,454962106.79999995
2026-03-25 09:00:00,46548.7,46615.7,46517.1,46528.7,7544.0,351012512.79999995
2026-03-25 09:30:00,46529.5,46598.4,46472.1,46545.0,7315.0,340476675.0
2026-03-25 10:00:00,46544.2,46611.5,46532.1,46533.5,6748.0,314008058.0
2026-03-25 10:30:00,46534.4,46579.8,46525.1,46556.1,5665.0,263740306.5
2026-03-25 11:00:00,46556.0,46648.7,46555.1,46619.2,5462.0,254634070.39999998
2026-03-25 11:30:00,46619.7,46690.6,46551.1,46652.2,7434.0,346812454.79999995
2026-03-25 12:00:00,46653.8,46713.4,46456.9,46512.7,14743.0,685736736.0999999
2026-03-25 12:30:00,46514.8,46614.5,46419.3,46589.7,11360.0,529258991.99999994
2026-03-25 13:00:00,46591.0,46657.2,46554.9,46639.4,8681.0,404876631.40000004
2026-03-25 13:30:00,46634.5,46794.7,46426.0,46434.0,36610.0,1699948740.0
2026-03-25 14:00:00,46434.4,46559.5,46362.7,46494.5,26165.0,1216528592.5
2026-03-25 14:30:00,46494.9,46597.4,46465.5,46565.2,20405.0,950162906.0
2026-03-25 15:00:00,46565.7,46606.7,46234.1,46530.7,28560.0,1328916792.0
2026-03-25 15:30:00,46530.3,46549.8,46401.6,46470.9,18768.0,872165851.2
2026-03-25 16:00:00,46470.5,46529.7,46386.4,46488.2,21535.0,1001123386.9999999
2026-03-25 16:30:00,46489.3,46562.7,46459.2,46514.9,13520.0,628881448.0
2026-03-25 17:00:00,46515.4,46559.6,46465.4,46545.8,13025.0,606259045.0
2026-03-25 17:30:00,46546.6,46633.7,46486.2,46519.2,12952.0,602516678.4
2026-03-25 18:00:00,46519.5,46591.4,46499.2,46514.8,9943.0,462496656.40000004
2026-03-25 18:30:00,46514.4,46551.0,46404.2,46477.3,10555.0,490567901.50000006
2026-03-25 19:00:00,46477.8,46528.4,46425.5,46478.3,11299.0,525158311.70000005
2026-03-25 19:30:00,46477.5,46518.6,46418.6,46479.3,11088.0,515362478.40000004
2026-03-25 20:00:00,46479.8,46510.7,46436.2,46436.7,2592.0,120363926.39999999
2026-03-25 20:30:00,46436.9,46468.6,46430.4,46462.8,1328.0,61702598.400000006
2026-03-25 22:00:00,46471.6,46471.6,46387.2,46398.8,2791.0,129499050.80000001
2026-03-25 22:30:00,46399.6,46428.8,46398.4,46404.3,1476.0,68492746.8
2026-03-25 23:00:00,46404.8,46426.6,46357.3,46376.8,1771.0,82133312.80000001
2026-03-25 23:30:00,46376.9,46412.5,46348.2,46405.7,1966.0,91233606.19999999
2026-03-26 00:00:00,46407.2,46504.8,46402.3,46468.4,3375.0,156830850.0
2026-03-26 00:30:00,46468.1,46488.5,46394.6,46417.5,2957.0,137256547.5
2026-03-26 01:00:00,46417.8,46456.5,46394.5,46414.6,4595.0,213275087.0
2026-03-26 01:30:00,46414.9,46437.8,46406.3,46424.6,4092.0,189969463.2
2026-03-26 02:00:00,46424.4,46446.5,46384.5,46390.8,3635.0,168630558.0
2026-03-26 02:30:00,46390.4,46399.7,46287.0,46331.3,4675.0,216598827.5
2026-03-26 03:00:00,46330.5,46383.8,46320.3,46377.6,2603.0,120720892.8
2026-03-26 03:30:00,46378.4,46484.8,46376.1,46444.3,3395.0,157678398.5
2026-03-26 04:00:00,46444.8,46450.6,46407.5,46415.5,2125.0,98632937.5
2026-03-26 04:30:00,46416.9,46421.8,46362.2,46370.1,2206.0,102292440.6
2026-03-26 05:00:00,46370.7,46391.3,46297.1,46311.5,3862.0,178855013.0
2026-03-26 05:30:00,46311.2,46341.8,46277.3,46279.8,3341.0,154620811.8
2026-03-26 06:00:00,46280.7,46334.4,46259.7,46326.6,4421.0,204809898.6
2026-03-26 06:30:00,46326.2,46338.9,46301.2,46331.8,3779.0,175087872.20000002
2026-03-26 07:00:00,46331.4,46339.5,46196.3,46278.4,5776.0,267304038.4
2026-03-26 07:30:00,46278.1,46313.8,46256.1,46295.6,4243.0,196432230.79999998
2026-03-26 08:00:00,46295.3,46363.5,46234.5,46238.0,10102.0,467096276.0
2026-03-26 08:30:00,46238.6,46266.8,46178.2,46237.6,8288.0,383217228.8
2026-03-26 09:00:00,46238.5,46263.4,46159.4,46163.7,8503.0,392529941.09999996
2026-03-26 09:30:00,46161.2,46175.1,46092.8,46153.3,7592.0,350395853.6
2026-03-26 10:00:00,46153.6,46224.3,46115.3,46215.2,6056.0,279879251.2
2026-03-26 10:30:00,46215.7,46237.3,46140.1,46163.5,6416.0,296185016.0
2026-03-26 11:00:00,46165.0,46195.9,46110.4,46136.9,5570.0,256982533.0
2026-03-26 11:30:00,46136.9,46146.8,46078.2,46080.3,5595.0,257819278.50000003
2026-03-26 12:00:00,46081.1,46174.6,46030.2,46138.0,6396.0,295098648.0
2026-03-26 12:30:00,46138.3,46138.3,46048.3,46125.3,7615.0,351244159.5
2026-03-26 13:00:00,46124.6,46212.1,46122.3,46209.3,6701.0,309648519.3
2026-03-26 13:30:00,46209.7,46563.8,46189.2,46559.2,42246.0,1966939963.1999998
2026-03-26 14:00:00,46558.5,46574.7,46441.2,46493.6,28701.0,1334412813.6
2026-03-26 14:30:00,46493.3,46599.1,46284.1,46375.2,33399.0,1548885304.8
2026-03-26 15:00:00,46375.6,46436.8,46324.2,46326.6,21825.0,1011078045.0
2026-03-26 15:30:00,46326.2,46326.7,46219.6,46264.2,16529.0,764700961.8
2026-03-26 16:00:00,46263.6,46287.8,46080.5,46100.0,14291.0,658815100.0
2026-03-26 16:30:00,46098.2,46150.6,46059.2,46143.3,13565.0,625933864.5
2026-03-26 17:00:00,46143.7,46184.7,46011.5,46056.2,11267.0,518915205.4
2026-03-26 17:30:00,46055.5,46098.6,45984.1,45996.8,10841.0,498651308.8
2026-03-26 18:00:00,45996.4,46068.6,45993.5,46044.4,11478.0,528497623.2
2026-03-26 18:30:00,46044.6,46106.5,46042.2,46084.3,8934.0,411717136.20000005
2026-03-26 19:00:00,46084.7,46090.0,45973.3,45997.8,9634.0,443142805.20000005
2026-03-26 19:30:00,45998.6,46016.6,45942.2,45983.8,10814.0,497268813.20000005
2026-03-26 20:00:00,45983.4,46524.8,45935.5,46143.4,19238.0,887706729.2
2026-03-26 20:30:00,46143.1,46182.0,46072.9,46075.0,7012.0,323077900.0
2026-03-26 22:00:00,46107.4,46151.7,46076.0,46115.5,4617.0,212915263.5
2026-03-26 22:30:00,46115.2,46180.5,46092.2,46157.6,3979.0,183661090.4
2026-03-26 23:00:00,46157.2,46180.0,46133.5,46147.9,2222.0,102540633.8
2026-03-26 23:30:00,46147.9,46221.7,46147.9,46211.7,2258.0,104346018.6
2026-03-27 00:00:00,46212.5,46253.8,46105.5,46130.9,5858.0,270234812.2
2026-03-27 00:30:00,46131.4,46155.7,46083.3,46094.2,5794.0,267069794.79999998
2026-03-27 01:00:00,46094.6,46169.5,46076.7,46168.5,4904.0,226410324.0
2026-03-27 01:30:00,46168.2,46179.8,46132.5,46168.8,3448.0,159190022.4
2026-03-27 02:00:00,46169.6,46187.7,46125.3,46144.6,3233.0,149185491.79999998
2026-03-27 02:30:00,46144.3,46169.6,46113.4,46118.3,2178.0,100445657.4
2026-03-27 03:00:00,46117.4,46135.6,46099.1,46112.8,2317.0,106843357.60000001
2026-03-27 03:30:00,46113.6,46178.8,46113.6,46176.8,2345.0,108284596.0
2026-03-27 04:00:00,46176.3,46178.8,46147.5,46169.8,1480.0,68331304.0
2026-03-27 04:30:00,46169.3,46197.8,46166.3,46191.3,1326.0,61249663.800000004
2026-03-27 05:00:00,46191.8,46272.8,46191.8,46235.8,3074.0,142128849.20000002
2026-03-27 05:30:00,46236.5,46254.6,46222.3,46226.3,2073.0,95827119.9
2026-03-27 06:00:00,46226.8,46266.5,46205.4,46250.9,3057.0,141389001.3
2026-03-27 06:30:00,46251.6,46251.6,46162.5,46179.7,2911.0,134429106.7
2026-03-27 07:00:00,46179.2,46181.6,46102.2,46107.2,3118.0,143762249.6
2026-03-27 07:30:00,46106.3,46150.9,46092.2,46127.7,4245.0,195812086.5
2026-03-27 08:00:00,46129.1,46154.7,45985.3,45994.8,11007.0,506264763.6
2026-03-27 08:30:00,45995.6,46039.7,45965.4,45976.5,8312.0,382156668.0
2026-03-27 09:00:00,45977.5,46012.6,45881.4,45994.7,9252.0,425542964.4
2026-03-27 09:30:00,45995.4,46023.6,45900.4,45912.7,6926.0,317991360.2
2026-03-27 10:00:00,45912.3,45973.5,45893.4,45926.2,6908.0,317258189.59999996
2026-03-27 10:30:00,45926.7,45949.5,45811.3,45822.6,7117.0,326119444.2
2026-03-27 11:00:00,45822.2,45839.8,45765.2,45837.2,7937.0,363809856.4
2026-03-27 11:30:00,45837.6,45895.8,45803.1,45847.4,6115.0,280356851.0
2026-03-27 12:00:00,45847.7,45856.7,45783.2,45816.2,7208.0,330243169.59999996
2026-03-27 12:30:00,45815.3,45847.6,45781.3,45789.8,6773.0,310134315.40000004
2026-03-27 13:00:00,45790.6,45811.5,45706.4,45779.8,8509.0,389540318.20000005
2026-03-27 13:30:00,45779.2,45793.6,45463.2,45516.1,43614.0,1985139185.3999999
2026-03-27 14:00:00,45512.4,45657.8,45465.5,45538.7,38989.0,1775508374.3
2026-03-27 14:30:00,45538.2,45663.9,45514.1,45633.4,25401.0,1159133993.4
2026-03-27 15:00:00,45633.8,45736.2,45541.2,45657.9,27521.0,1256551065.9
2026-03-27 15:30:00,45657.4,45765.0,45571.4,45587.8,23369.0,1065341298.2
2026-03-27 16:00:00,45588.6,45599.8,45450.5,45497.3,16457.0,748749066.1
2026-03-27 16:30:00,45497.8,45549.6,45440.4,45502.3,15403.0,700871926.9000001
2026-03-27 17:00:00,45501.4,45594.4,45381.4,45385.4,15136.0,686953414.4
2026-03-27 17:30:00,45385.8,45409.6,45306.3,45312.2,12164.0,551177600.8
2026-03-27 18:00:00,45311.5,45327.8,45224.3,45249.8,13367.0,604854076.6
2026-03-27 18:30:00,45249.3,45335.8,45240.5,45257.2,11548.0,522630145.59999996
2026-03-27 19:00:00,45256.4,45275.9,45188.2,45219.7,11485.0,519348254.49999994
2026-03-27 19:30:00,45220.6,45245.8,45086.3,45169.3,19219.0,868108776.7
2026-03-27 20:00:00,45169.8,45197.6,45045.2,45088.2,7380.0,332750916.0
2026-03-27 20:30:00,45088.7,45116.9,45071.4,45101.3,2830.0,127636679.00000001
2026-03-29 22:00:00,44946.5,45039.7,44846.0,44963.2,7417.0,333492054.4
2026-03-29 22:30:00,44963.7,44991.8,44883.4,44983.2,5307.0,238725842.39999998
2026-03-29 23:00:00,44982.4,45020.6,44926.2,44942.1,4255.0,191228635.5
2026-03-29 23:30:00,44942.8,44943.8,44880.1,44910.1,7106.0,319131170.59999996
2026-03-30 00:00:00,44910.7,45071.3,44854.4,45001.3,16520.0,743421476.0
2026-03-30 00:30:00,45001.8,45013.4,44869.1,44912.8,14113.0,633854346.4000001
2026-03-30 01:00:00,44913.6,44953.8,44893.1,44947.8,11907.0,535193454.6
2026-03-30 01:30:00,44949.2,45016.6,44941.2,45010.9,8061.0,362832864.90000004
2026-03-30 02:00:00,45011.5,45043.9,44979.3,44997.5,6951.0,312777622.5
2026-03-30 02:30:00,44996.7,45127.7,44995.2,45097.3,5513.0,248621414.9
2026-03-30 03:00:00,45098.1,45184.8,45092.4,45162.6,3871.0,174824424.6
2026-03-30 03:30:00,45162.8,45174.3,45139.9,45159.3,3396.0,153360982.8
2026-03-30 04:00:00,45159.7,45209.9,45148.2,45197.2,2449.0,110687942.8
2026-03-30 04:30:00,45196.4,45211.9,45148.0,45159.8,2171.0,98041925.80000001
2026-03-30 05:00:00,45159.3,45231.9,45159.3,45204.5,3957.0,178874206.5
2026-03-30 05:30:00,45204.2,45227.8,45181.3,45211.8,4211.0,190386889.8
2026-03-30 06:00:00,45211.4,45273.9,45204.2,45241.9,5790.0,261950601.0
2026-03-30 06:30:00,45242.6,45339.7,45236.5,45293.0,4046.0,183255478.0
2026-03-30 07:00:00,45291.8,45330.7,45260.5,45282.8,6799.0,307877757.20000005
2026-03-30 07:30:00,45283.0,45381.6,45260.5,45368.3,6061.0,274977266.3
2026-03-30 08:00:00,45366.8,45422.8,45322.5,45403.8,7056.0,320369212.8
2026-03-30 08:30:00,45402.6,45434.8,45380.4,45425.0,5851.0,265781675.0
2026-03-30 09:00:00,45425.5,45436.4,45343.3,45357.3,5580.0,253093734.00000003
2026-03-30 09:30:00,45357.6,45385.7,45328.2,45368.8,5578.0,253067166.4
2026-03-30 10:00:00,45369.6,45412.5,45354.3,45393.0,4939.0,224196027.0
2026-03-30 10:30:00,45393.6,45432.7,45352.3,45432.7,4779.0,217122873.29999998
2026-03-30 11:00:00,45433.3,45699.6,45431.2,45523.4,7509.0,341835210.6
2026-03-30 11:30:00,45524.3,45552.6,45452.0,45488.2,11327.0,515244841.4
2026-03-30 12:00:00,45488.7,45568.8,45446.2,45554.1,6588.0,300110410.8
2026-03-30 12:30:00,45554.0,45582.6,45536.4,45563.8,5362.0,244313095.60000002
2026-03-30 13:00:00,45564.0,45620.7,45513.2,45618.1,6640.0,302904184.0
2026-03-30 13:30:00,45618.7,45660.8,45321.5,45356.3,39504.0,1791755275.2
2026-03-30 14:00:00,45355.5,45470.5,45349.1,45458.8,31815.0,1446271722.0
2026-03-30 14:30:00,45459.6,45590.8,45365.4,45574.2,35232.0,1605670214.3999999
2026-03-30 15:00:00,45573.5,45648.5,45475.3,45545.6,20875.0,950764400.0
2026-03-30 15:30:00,45545.3,45674.8,45516.1,45609.6,17721.0,808247721.6
2026-03-30 16:00:00,45609.8,45616.6,45485.2,45492.8,14487.0,659054193.6
2026-03-30 16:30:00,45492.9,45537.6,45427.2,45447.2,11920.0,541730624.0
2026-03-30 17:00:00,45447.2,45486.8,45318.5,45340.3,14079.0,638346083.7
2026-03-30 17:30:00,45339.5,45419.2,45274.5,45360.3,14269.0,647246120.7
2026-03-30 18:00:00,45359.6,45403.8,45308.6,45310.3,11088.0,502400606.40000004
2026-03-30 18:30:00,45310.5,45373.9,45256.3,45282.3,9146.0,414151915.8
2026-03-30 19:00:00,45281.6,45300.9,45099.2,45118.3,12815.0,578191014.5
2026-03-30 19:30:00,45118.7,45314.9,45106.2,45254.7,18364.0,831057310.8
2026-03-30 20:00:00,45254.3,45259.7,45196.1,45223.7,3881.0,175513179.7
2026-03-30 20:30:00,45224.6,45246.2,45208.6,45245.4,1210.0,54746934.0
2026-03-30 22:00:00,45266.3,45311.8,45258.4,45288.2,2183.0,98864140.6
2026-03-30 22:30:00,45288.7,45294.8,45265.2,45272.2,1737.0,78637811.39999999
2026-03-30 23:00:00,45270.1,45270.1,45160.0,45185.3,3629.0,163977453.70000002
2026-03-30 23:30:00,45185.4,45195.5,45155.1,45194.6,2416.0,109190153.6
2026-03-31 00:00:00,45194.2,45238.8,45084.4,45156.3,7252.0,327473487.6
2026-03-31 00:30:00,45156.7,45570.4,45130.3,45486.3,18055.0,821255146.5
2026-03-31 01:00:00,45486.5,45637.7,45395.1,45622.3,15907.0,725713926.1
2026-03-31 01:30:00,45621.5,45736.8,45620.3,45646.1,13499.0,616176703.9
2026-03-31 02:00:00,45646.8,45707.6,45619.4,45689.3,7183.0,328186241.90000004
2026-03-31 02:30:00,45688.7,45772.6,45675.4,45717.3,5584.0,255285403.20000002
2026-03-31 03:00:00,45717.8,45758.6,45687.2,45697.9,4222.0,192936533.8
2026-03-31 03:30:00,45698.1,45713.7,45657.3,45659.3,3347.0,152821677.10000002
2026-03-31 04:00:00,45659.8,45694.6,45639.3,45649.3,3095.0,141284583.5
2026-03-31 04:30:00,45649.9,45674.9,45614.8,45627.4,3330.0,151939242.0
2026-03-31 05:00:00,45626.4,45652.0,45554.2,45627.8,4119.0,187940908.20000002
2026-03-31 05:30:00,45628.6,45693.8,45623.2,45662.3,6237.0,284795765.1
2026-03-31 06:00:00,45663.2,45666.8,45594.2,45626.8,8267.0,377196755.6
2026-03-31 06:30:00,45628.2,45646.4,45579.3,45615.7,7446.0,339654502.2
2026-03-31 07:00:00,45615.3,45638.6,45545.7,45603.4,10199.0,465109076.6
2026-03-31 07:30:00,45603.8,45773.7,45603.8,45768.2,8406.0,384727489.2
2026-03-31 08:00:00,45767.1,45770.7,45674.2,45682.7,9547.0,436132736.9
2026-03-31 08:30:00,45681.5,45689.9,45615.4,45643.4,7641.0,348761219.40000004
2026-03-31 09:00:00,45643.8,45718.8,45640.4,45663.7,6639.0,303161304.29999995
2026-03-31 09:30:00,45663.2,45695.7,45613.8,45641.4,7063.0,322365208.2
2026-03-31 10:00:00,45640.5,45692.8,45616.2,45653.2,6279.0,286656442.79999995
2026-03-31 10:30:00,45653.7,45661.8,45522.5,45619.3,7796.0,355648062.8
2026-03-31 11:00:00,45618.4,45864.5,45594.3,45733.3,15486.0,708225883.8000001
2026-03-31 11:30:00,45732.4,45782.1,45693.2,45749.3,10470.0,478995171.00000006
2026-03-31 12:00:00,45749.8,45850.7,45631.2,45777.9,13233.0,605778950.7
2026-03-31 12:30:00,45777.1,45830.5,45727.2,45729.4,9352.0,427661348.8
2026-03-31 13:00:00,45729.7,45766.9,45699.1,45743.5,8780.0,401627930.0
2026-03-31 13:30:00,45743.3,45908.9,45574.1,45906.5,43026.0,1975173069.0
2026-03-31 14:00:00,45906.1,45931.4,45698.5,45830.9,34929.0,1600827506.1000001
2026-03-31 14:30:00,45830.0,45842.5,45524.9,45569.4,29294.0,1334910003.6000001
2026-03-31 15:00:00,45571.2,45880.6,45569.3,45735.9,27415.0,1253849698.5
2026-03-31 15:30:00,45736.7,45787.8,45671.4,45678.7,24653.0,1126116991.1
2026-03-31 16:00:00,45679.6,45852.6,45660.5,45810.9,18598.0,851991118.2
2026-03-31 16:30:00,45810.3,46379.5,45780.5,46125.8,50029.0,2307627648.2000003
2026-03-31 17:00:00,46125.3,46259.0,46096.1,46173.1,35993.0,1661908388.3
2026-03-31 17:30:00,46173.5,46275.8,46134.3,46171.3,29872.0,1379229073.6000001
2026-03-31 18:00:00,46170.6,46293.8,46170.4,46244.8,20808.0,962261798.4000001
2026-03-31 18:30:00,46245.6,46320.8,46213.2,46293.3,15344.0,710324395.2
2026-03-31 19:00:00,46293.6,46332.6,46228.5,46294.5,13739.0,636040135.5
2026-03-31 19:30:00,46295.5,46437.5,46287.1,46374.1,22867.0,1060436544.6999999
2026-03-31 20:00:00,46373.3,46433.1,46338.4,46410.6,8172.0,379267423.2
2026-03-31 20:30:00,46411.6,46416.1,46348.4,46356.3,2662.0,123400470.60000001
2026-03-31 22:00:00,46321.3,46385.5,46311.5,46353.7,4526.0,209796846.2
2026-03-31 22:30:00,46354.5,46364.9,46331.3,46356.9,1620.0,75098178.0
2026-03-31 23:00:00,46356.9,46367.7,46326.3,46362.2,1870.0,86697314.0
2026-03-31 23:30:00,46361.3,46459.7,46357.2,46441.8,3311.0,153768799.8
2026-04-01 00:00:00,46441.2,46459.6,46408.2,46437.2,6009.0,279041134.8
2026-04-01 00:30:00,46437.7,46483.6,46394.2,46482.2,4024.0,187044372.79999998
2026-04-01 01:00:00,46482.8,46492.4,46408.2,46468.7,6870.0,319239969.0
2026-04-01 01:30:00,46469.6,46481.5,46416.3,46423.8,3570.0,165732966.0
2026-04-01 02:00:00,46425.3,46451.7,46406.2,46410.7,2823.0,131017406.1
2026-04-01 02:30:00,46410.2,46420.8,46384.0,46408.0,2489.0,115509512.0
2026-04-01 03:00:00,46408.0,46428.4,46399.2,46409.5,2296.0,106556212.0
2026-04-01 03:30:00,46409.8,46430.6,46405.3,46410.7,1841.0,85442098.69999999
2026-04-01 04:00:00,46409.0,46429.6,46403.5,46424.3,1403.0,65133292.900000006
2026-04-01 04:30:00,46424.8,46448.5,46420.2,46436.3,967.0,44903902.1
2026-04-01 05:00:00,46436.8,46521.7,46432.3,46490.7,1561.0,72571982.69999999
2026-04-01 05:30:00,46490.2,46516.7,46468.7,46500.3,2428.0,112902728.4
2026-04-01 06:00:00,46501.3,46631.8,46500.2,46628.2,4688.0,218593001.6
2026-04-01 06:30:00,46627.3,46703.6,46616.3,46686.7,6182.0,288617179.4
2026-04-01 07:00:00,46687.5,46707.6,46637.5,46660.7,6832.0,318785902.4
2026-04-01 07:30:00,46660.2,46712.7,46558.3,46572.1,6971.0,324654109.09999996
2026-04-01 08:00:00,46572.7,46629.8,46498.1,46592.7,9207.0,428978988.9
2026-04-01 08:30:00,46592.2,46643.5,46515.5,46604.2,6832.0,318399894.4
2026-04-01 09:00:00,46605.2,46635.7,46497.9,46543.4,6920.0,322080328.0
2026-04-01 09:30:00,46543.7,46637.6,46542.1,46613.6,5807.0,270685175.2
2026-04-01 10:00:00,46614.5,46642.4,46580.2,46599.1,4702.0,219108968.2
2026-04-01 10:30:00,46599.6,46707.5,46574.3,46693.2,5551.0,259193953.2
2026-04-01 11:00:00,46693.5,46744.6,46680.1,46719.7,5037.0,235327128.89999998
2026-04-01 11:30:00,46719.9,46779.7,46712.4,46753.3,5105.0,238675596.5
2026-04-01 12:00:00,46753.7,46758.1,46616.5,46651.5,5482.0,255743523.0
2026-04-01 12:30:00,46653.9,46864.4,46529.3,46552.7,14257.0,663701843.9
2026-04-01 13:00:00,46552.3,46654.3,46502.2,46652.3,10879.0,507530371.70000005
2026-04-01 13:30:00,46651.3,46776.4,46502.4,46656.7,41276.0,1925801949.1999998
2026-04-01 14:00:00,46663.5,46704.6,46550.2,46626.0,33867.0,1579082742.0
2026-04-01 14:30:00,46626.6,46818.7,46533.3,46779.3,21753.0,1017590112.9000001
2026-04-01 15:00:00,46780.0,46819.9,46752.5,46768.4,12718.0,594800511.2
2026-04-01 15:30:00,46768.8,46843.4,46744.3,46817.3,13162.0,616209302.6
2026-04-01 16:00:00,46817.8,46836.6,46739.3,46744.3,9646.0,450895517.8
2026-04-01 16:30:00,46744.8,46798.8,46717.5,46787.3,7324.0,342670185.20000005
2026-04-01 17:00:00,46787.8,46836.8,46776.3,46826.3,5741.0,268829788.3
2026-04-01 17:30:00,46826.8,46831.8,46707.6,46709.1,7707.0,359987033.7
2026-04-01 18:00:00,46708.6,46722.6,46554.3,46573.8,20638.0,961190084.4000001
2026-04-01 18:30:00,46574.6,46669.8,46559.3,46616.8,17469.0,814348879.2
2026-04-01 19:00:00,46616.4,46693.6,46606.3,46685.4,11838.0,552661765.2
2026-04-01 19:30:00,46685.8,46732.8,46585.3,46607.7,15369.0,716313741.3
2026-04-01 20:00:00,46607.2,46639.7,46593.3,46611.6,4192.0,195395827.2
2026-04-01 20:30:00,46612.6,46646.5,46612.6,46620.3,1457.0,67925777.10000001
2026-04-01 22:00:00,46615.9,46634.6,46583.1,46609.7,2355.0,109765843.5
2026-04-01 22:30:00,46608.5,46619.4,46569.5,46582.2,2543.0,118458534.6
2026-04-01 23:00:00,46583.9,46619.0,46578.7,46617.1,1694.0,78969367.39999999
2026-04-01 23:30:00,46617.0,46617.0,46563.1,46592.9,2115.0,98543983.5
2026-04-02 00:00:00,46592.5,46593.7,46551.1,46560.3,6134.0,285600880.2
2026-04-02 00:30:00,46560.1,46714.7,46544.8,46706.6,7349.0,343246803.4
2026-04-02 01:00:00,46706.2,46713.6,46280.0,46306.6,17489.0,809856127.4
2026-04-02 01:30:00,46306.0,46314.6,46193.2,46241.7,18220.0,842523774.0
2026-04-02 02:00:00,46241.2,46267.6,46132.1,46145.7,10575.0,487990777.49999994
2026-04-02 02:30:00,46146.5,46199.7,46133.1,46187.6,6225.0,287517810.0
2026-04-02 03:00:00,46186.5,46192.9,46147.2,46167.3,4326.0,199719739.8
2026-04-02 03:30:00,46167.7,46174.8,46105.3,46114.7,4493.0,207193347.1
2026-04-02 04:00:00,46115.5,46140.9,46096.1,46103.2,4152.0,191420486.39999998
2026-04-02 04:30:00,46103.7,46110.6,46077.5,46087.3,2432.0,112084313.60000001
2026-04-02 05:00:00,46087.7,46124.5,46073.1,46113.7,3173.0,146318770.1
2026-04-02 05:30:00,46114.5,46135.7,46023.9,46027.7,4335.0,199530079.5
2026-04-02 06:00:00,46028.5,46080.5,45995.2,46043.5,5064.0,233164284.0
2026-04-02 06:30:00,46043.1,46067.7,46014.1,46066.3,4863.0,224020416.9
2026-04-02 07:00:00,46066.7,46104.7,46030.3,46096.2,7322.0,337516376.4
2026-04-02 07:30:00,46095.4,46185.8,46082.1,46180.7,5035.0,232519824.5
2026-04-02 08:00:00,46179.6,46194.7,46124.1,46160.7,5291.0,244236263.7
2026-04-02 08:30:00,46160.2,46207.7,46145.8,46157.2,4457.0,205722640.39999998
2026-04-02 09:00:00,46158.9,46187.6,46127.2,46167.7,4181.0,193027153.7
2026-04-02 09:30:00,46167.4,46170.6,46105.2,46143.9,4031.0,186006060.9
2026-04-02 10:00:00,46145.1,46157.7,46050.1,46061.5,4808.0,221463692.0
2026-04-02 10:30:00,46061.9,46116.8,46045.7,46098.2,5186.0,239065265.2
2026-04-02 11:00:00,46097.3,46111.9,45962.4,45968.2,6239.0,286795599.79999995
2026-04-02 11:30:00,45968.0,46013.7,45912.5,45913.2,5869.0,269464570.8
2026-04-02 12:00:00,45913.6,45973.4,45868.2,45962.9,7282.0,334701837.8
2026-04-02 12:30:00,45956.4,46001.5,45937.2,45945.2,7411.0,340499877.2
2026-04-02 13:00:00,45945.6,46056.7,45935.2,46031.2,9447.0,434856746.4
2026-04-02 13:30:00,46031.6,46156.7,45906.4,46144.2,43165.0,1991814392.9999998
2026-04-02 14:00:00,46144.7,46234.6,46052.3,46218.3,32688.0,1510783790.4
2026-04-02 14:30:00,46217.5,46777.2,46200.3,46559.6,39824.0,1854189510.3999999
2026-04-02 15:00:00,46560.5,46600.5,46452.5,46529.6,29810.0,1387047376.0
2026-04-02 15:30:00,46530.3,46578.4,46364.4,46442.3,23157.0,1075464341.1000001
2026-04-02 16:00:00,46442.7,46488.6,46306.2,46348.2,20064.0,929930284.8
2026-04-02 16:30:00,46348.6,46516.5,46342.2,46389.3,19062.0,884272836.6
2026-04-02 17:00:00,46389.8,46487.8,46353.2,46455.3,13679.0,635462048.7
2026-04-02 17:30:00,46455.5,46465.7,46333.2,46379.8,13229.0,613558374.2
2026-04-02 18:00:00,46380.6,46452.6,46376.6,46395.7,12656.0,587183979.1999999
2026-04-02 18:30:00,46395.2,46507.6,46381.2,46474.2,9994.0,464463154.79999995
2026-04-02 19:00:00,46474.7,46509.6,46457.3,46479.7,9506.0,441836028.2
2026-04-02 19:30:00,46479.3,46553.5,46454.2,46526.8,11466.0,533476288.8
2026-04-02 20:00:00,46527.6,46564.6,46494.3,46557.7,3392.0,157923718.39999998
2026-04-02 20:30:00,46557.2,46560.7,46520.1,46538.8,1449.0,67434721.2
2026-04-02 22:00:00,46521.8,46551.5,46506.5,46540.4,1568.0,72975347.2
2026-04-02 22:30:00,46540.1,46560.3,46535.3,46545.6,885.0,41192856.0
2026-04-02 23:00:00,46545.2,46546.5,46530.1,46539.3,1101.0,51239769.300000004
2026-04-02 23:30:00,46539.1,46552.5,46532.5,46539.9,769.0,35789183.1
2026-04-03 00:00:00,46540.5,46579.4,46539.4,46552.2,2774.0,129135802.8
2026-04-03 00:30:00,46552.7,46554.5,46525.2,46532.7,1463.0,68077340.1
2026-04-03 01:00:00,46532.2,46535.7,46510.2,46533.2,804.0,37412692.8
2026-04-03 01:30:00,46533.7,46534.6,46508.2,46509.7,658.0,30603382.599999998
2026-04-03 02:00:00,46509.2,46518.5,46473.4,46476.4,833.0,38714841.2
2026-04-03 02:30:00,46475.5,46487.4,46448.1,46472.7,1820.0,84580314.0
2026-04-03 03:00:00,46473.5,46489.9,46468.0,46476.0,1002.0,46568952.0
2026-04-03 03:30:00,46476.0,46486.8,46464.4,46475.2,711.0,33043867.2
2026-04-03 04:00:00,46475.1,46489.8,46474.1,46480.2,505.0,23472501.0
2026-04-03 04:30:00,46480.7,46483.5,46453.2,46464.4,674.0,31317005.6
2026-04-03 05:00:00,46464.8,46481.5,46450.2,46464.9,922.0,42840637.800000004
2026-04-03 05:30:00,46464.9,46498.7,46464.9,46481.1,804.0,37370804.4
2026-04-03 06:00:00,46481.0,46483.0,46455.5,46464.2,725.0,33686545.0
2026-04-03 06:30:00,46463.4,46464.5,46400.2,46424.5,1370.0,63601565.0
2026-04-03 07:00:00,46424.1,46439.6,46382.4,46434.6,1269.0,58925507.4
2026-04-03 07:30:00,46435.5,46463.7,46422.3,46425.4,1025.0,47586035.0
2026-04-03 08:00:00,46425.1,46442.7,46407.2,46412.2,817.0,37918767.4
2026-04-03 08:30:00,46412.0,46431.3,46410.2,46425.7,658.0,30548110.599999998
2026-04-03 09:00:00,46425.2,46441.9,46420.1,46435.5,891.0,41374030.5
2026-04-03 09:30:00,46435.7,46443.8,46425.0,46425.7,535.0,24837749.5
2026-04-03 10:00:00,46425.9,46434.5,46409.1,46413.7,833.0,38662612.099999994
2026-04-03 10:30:00,46414.5,46439.4,46401.1,46436.7,686.0,31855576.2
2026-04-03 11:00:00,46434.8,46457.5,46393.0,46456.5,1350.0,62716275.0
2026-04-03 11:30:00,46456.7,46478.8,46453.0,46459.8,1176.0,54636724.800000004
2026-04-03 12:00:00,46459.3,46501.9,46433.4,46476.5,2618.0,121675477.0
2026-04-03 12:30:00,46501.0,46688.3,46385.0,46409.4,6935.0,321849189.0
2026-04-03 13:00:00,46409.0,46444.3,46392.2,46428.6,965.0,44803599.0
2026-04-05 22:00:00,46290.7,46293.4,46167.0,46259.1,6610.0,305772651.0
2026-04-05 22:30:00,46258.4,46303.9,46254.1,46287.7,3082.0,142658691.39999998
2026-04-05 23:00:00,46287.2,46310.7,46228.1,46242.7,5218.0,241294408.6
2026-04-05 23:30:00,46242.9,46281.8,46237.1,46279.7,1905.0,88162828.5
2026-04-06 00:00:00,46280.5,46377.5,46270.2,46330.6,7355.0,340761563.0
2026-04-06 00:30:00,46331.5,46388.9,46330.1,46381.1,3754.0,174114649.4
2026-04-06 01:00:00,46381.1,46450.7,46376.5,46434.6,3135.0,145572471.0
2026-04-06 01:30:00,46434.2,46439.7,46387.2,46405.0,2481.0,115130805.0
2026-04-06 02:00:00,46404.1,46556.7,46397.1,46548.7,5668.0,263838031.6
2026-04-06 02:30:00,46549.4,46553.6,46427.3,46433.4,4244.0,197063349.6
2026-04-06 03:00:00,46432.5,46434.8,46295.4,46368.7,4360.0,202167532.0
2026-04-06 03:30:00,46368.2,46408.8,46358.2,46404.7,3044.0,141255906.79999998
2026-04-06 04:00:00,46405.6,46445.6,46396.2,46421.9,2254.0,104634962.60000001
2026-04-06 04:30:00,46422.4,46451.6,46415.1,46441.5,2047.0,95065750.5
2026-04-06 05:00:00,46441.8,46465.9,46439.6,46440.3,1964.0,91208749.2
2026-04-06 05:30:00,46440.7,46443.9,46396.1,46416.3,2376.0,110285128.80000001
2026-04-06 06:00:00,46415.4,46495.4,46402.2,46429.8,3294.0,152939761.20000002
2026-04-06 06:30:00,46429.4,46536.4,46417.1,46478.3,4119.0,191444117.70000002
2026-04-06 07:00:00,46479.4,46489.0,46413.1,46452.7,3568.0,165743233.6
2026-04-06 07:30:00,46452.9,46576.6,46448.1,46547.8,3631.0,169015061.8
2026-04-06 08:00:00,46547.3,46598.9,46538.2,46573.6,4320.0,201197952.0
2026-04-06 08:30:00,46573.2,46618.5,46564.1,46596.5,2932.0,136620938.0
2026-04-06 09:00:00,46596.8,46633.4,46592.4,46601.9,3035.0,141436766.5
2026-04-06 09:30:00,46601.9,46613.6,46526.0,46536.7,3005.0,139842783.5
2026-04-06 10:00:00,46538.0,46570.8,46507.4,46521.4,2505.0,116536107.0
2026-04-06 10:30:00,46520.4,46546.8,46420.3,46501.7,4534.0,210838707.79999998
2026-04-06 11:00:00,46503.9,46503.9,46456.4,46477.1,4220.0,196133362.0
2026-04-06 11:30:00,46477.0,46497.4,46465.4,46469.7,2874.0,133553917.8
2026-04-06 12:00:00,46470.6,46484.8,46451.0,46474.7,3035.0,141050714.5
2026-04-06 12:30:00,46475.4,46555.4,46463.5,46515.0,4112.0,191269680.0
2026-04-06 13:00:00,46515.4,46524.5,46432.2,46442.0,5446.0,252923132.0
2026-04-06 13:30:00,46442.4,46607.3,46370.2,46605.1,44018.0,2051463291.8
2026-04-06 14:00:00,46538.5,46726.6,46462.2,46680.8,36890.0,1722054712.0
2026-04-06 14:30:00,46681.4,46735.6,46563.5,46623.3,28741.0,1340000265.3000002
2026-04-06 15:00:00,46623.8,46649.8,46572.2,46599.3,17005.0,792421096.5
2026-04-06 15:30:00,46599.8,46651.3,46546.2,46646.6,10826.0,504996091.59999996
2026-04-06 16:00:00,46647.5,46661.4,46613.3,46636.1,7601.0,354480996.09999996
2026-04-06 16:30:00,46635.5,46690.6,46623.1,46653.2,7440.0,347099808.0
2026-04-06 17:00:00,46653.7,46657.6,46484.5,46591.7,12699.0,591667998.3
2026-04-06 17:30:00,46591.9,46630.7,46543.2,46548.4,8558.0,398361207.2
2026-04-06 18:00:00,46548.9,46702.7,46538.1,46677.5,9990.0,466308225.0
2026-04-06 18:30:00,46677.9,46695.5,46611.3,46653.8,6754.0,315099765.20000005
2026-04-06 19:00:00,46654.6,46670.9,46621.3,46623.7,5549.0,258714911.29999998
2026-04-06 19:30:00,46623.2,46715.6,46617.2,46714.8,7186.0,335692552.8
2026-04-06 20:00:00,46714.3,46854.0,46685.2,46830.8,4292.0,200997793.60000002
2026-04-06 20:30:00,46830.8,46840.8,46799.1,46812.6,1150.0,53834490.0
2026-04-06 22:00:00,46805.2,46842.0,46749.7,46771.8,3402.0,159117663.60000002
2026-04-06 22:30:00,46771.9,46777.2,46743.3,46745.9,1666.0,77878669.4
2026-04-06 23:00:00,46747.2,46778.3,46741.0,46746.2,1062.0,49644464.4
2026-04-06 23:30:00,46745.6,46765.8,46731.3,46734.8,962.0,44958877.6
2026-04-07 00:00:00,46735.6,46824.7,46719.2,46773.8,4341.0,203045065.8
2026-04-07 00:30:00,46773.7,46777.5,46726.5,46730.9,2865.0,133884028.5
2026-04-07 01:00:00,46730.9,46754.3,46668.5,46693.2,4302.0,200874146.39999998
2026-04-07 01:30:00,46693.8,46696.9,46524.2,46538.3,4832.0,224873065.60000002
2026-04-07 02:00:00,46538.8,46566.9,46509.3,46561.8,4632.0,215674257.60000002
2026-04-07 02:30:00,46561.4,46604.8,46561.4,46593.5,2663.0,124078490.5
2026-04-07 03:00:00,46593.9,46604.8,46554.2,46582.7,2080.0,96892016.0
2026-04-07 03:30:00,46582.8,46606.8,46580.6,46590.7,1614.0,75197389.8
2026-04-07 04:00:00,46591.6,46605.4,46548.4,46580.4,2343.0,109137877.2
2026-04-07 04:30:00,46580.8,46624.6,46579.3,46608.3,1938.0,90326885.4
2026-04-07 05:00:00,46608.5,46624.9,46579.5,46584.2,1758.0,81895023.6
2026-04-07 05:30:00,46583.6,46607.6,46551.4,46601.4,2768.0,128992675.2
2026-04-07 06:00:00,46602.3,46624.9,46572.1,46623.6,4126.0,192368973.6
2026-04-07 06:30:00,46623.2,46631.8,46573.1,46612.4,3932.0,183279956.8
2026-04-07 07:00:00,46612.1,46635.8,46583.1,46590.7,7241.0,337363258.7
2026-04-07 07:30:00,46590.2,46630.8,46576.3,46615.6,5003.0,233217846.79999998
2026-04-07 08:00:00,46615.8,46783.0,46613.3,46741.5,13226.0,618203079.0
2026-04-07 08:30:00,46742.4,46810.2,46733.6,46778.2,8523.0,398690598.59999996
2026-04-07 09:00:00,46776.8,46847.4,46763.5,46827.6,6403.0,299837122.8
2026-04-07 09:30:00,46827.1,46837.5,46780.2,46804.1,5427.0,254005850.7
2026-04-07 10:00:00,46804.4,46830.2,46659.0,46724.6,10206.0,476871267.59999996
2026-04-07 10:30:00,46724.1,46734.8,46478.3,46505.4,10932.0,508397032.8
2026-04-07 11:00:00,46506.3,46582.5,46475.9,46525.6,9154.0,425895342.4
2026-04-07 11:30:00,46525.4,46533.5,46450.1,46508.3,7611.0,353974671.3
2026-04-07 12:00:00,46509.2,46591.6,46401.8,46586.7,11350.0,528759044.99999994
2026-04-07 12:30:00,46586.2,46674.5,46508.2,46566.7,9210.0,428879307.0
2026-04-07 13:00:00,46567.5,46616.7,46541.1,46607.0,9012.0,420022284.0
2026-04-07 13:30:00,46605.7,46640.4,46350.0,46390.2,40297.0,1869385889.3999999
2026-04-07 14:00:00,46390.6,46500.9,46263.6,46487.4,33920.0,1576852608.0
2026-04-07 14:30:00,46487.8,46576.2,46363.3,46365.8,26379.0,1223083438.2
2026-04-07 15:00:00,46365.4,46397.2,46238.3,46339.7,26100.0,1209466170.0
2026-04-07 15:30:00,46340.4,46383.5,46261.2,46341.2,17723.0,821305087.5999999
2026-04-07 16:00:00,46340.5,46586.0,46339.5,46466.7,25706.0,1194472990.1999998
2026-04-07 16:30:00,46465.7,46525.5,46416.2,46476.2,14692.0,682828330.4
2026-04-07 17:00:00,46476.1,46525.5,46436.4,46451.8,12467.0,579114590.6
2026-04-07 17:30:00,46452.5,46634.6,46449.4,46519.9,16850.0,783860315.0
2026-04-07 18:00:00,46519.4,46550.8,46479.5,46506.7,11110.0,516689436.99999994
2026-04-07 18:30:00,46507.0,46512.8,46292.2,46338.0,12434.0,576166692.0
2026-04-07 19:00:00,46337.5,46596.6,46278.5,46504.2,26939.0,1252776643.8
2026-04-07 19:30:00,46503.4,46657.6,46429.7,46619.5,27978.0,1304320371.0
2026-04-07 20:00:00,46620.0,46699.7,46576.4,46640.5,8939.0,416919429.5
2026-04-07 20:30:00,46640.7,46737.5,46638.4,46678.9,8560.0,399571384.0
2026-04-07 22:00:00,46882.1,47134.3,46865.7,46999.7,11071.0,520333678.7
2026-04-07 22:30:00,46999.2,47584.4,46647.6,47573.0,8922.0,424446306.0
2026-04-07 23:00:00,47573.9,47626.8,47492.2,47575.1,7080.0,336831708.0
2026-04-07 23:30:00,47574.2,47623.6,47513.1,47552.1,7578.0,360349813.8
2026-04-08 00:00:00,47548.6,47584.6,47461.2,47481.3,9653.0,458336988.90000004
2026-04-08 00:30:00,47480.5,47554.9,47454.9,47541.1,6173.0,293471210.3
2026-04-08 01:00:00,47540.5,47594.4,47520.3,47528.6,5071.0,241017530.6
2026-04-08 01:30:00,47529.5,47619.6,47517.1,47597.3,3613.0,171969044.9
2026-04-08 02:00:00,47597.6,47641.6,47597.4,47618.4,2270.0,108093768.0
2026-04-08 02:30:00,47619.4,47675.5,47618.2,47670.7,1851.0,88238465.69999999
2026-04-08 03:00:00,47671.6,47686.5,47636.2,47641.9,1631.0,77703938.9
2026-04-08 03:30:00,47642.3,47650.7,47628.2,47640.8,1462.0,69650849.60000001
2026-04-08 04:00:00,47641.6,47696.8,47641.2,47689.4,1679.0,80070502.60000001
2026-04-08 04:30:00,47689.0,47704.6,47666.2,47667.7,1398.0,66639444.599999994
2026-04-08 05:00:00,47668.5,47717.7,47650.2,47714.7,2132.0,101727740.39999999
2026-04-08 05:30:00,47712.2,47776.7,47707.4,47759.2,3162.0,151014590.39999998
2026-04-08 06:00:00,47759.7,47782.9,47728.2,47753.3,4732.0,225968615.60000002
2026-04-08 06:30:00,47752.4,47770.5,47730.3,47733.8,4393.0,209694583.4
2026-04-08 07:00:00,47734.5,47763.8,47678.4,47729.1,7458.0,355963627.8
2026-04-08 07:30:00,47728.4,47734.8,47657.2,47661.5,5820.0,277389930.0
2026-04-08 08:00:00,47660.7,47705.7,47659.3,47688.7,5947.0,283604698.9
2026-04-08 08:30:00,47688.2,47741.5,47649.1,47740.6,5401.0,257846980.6
2026-04-08 09:00:00,47740.8,47793.8,47721.4,47768.1,3779.0,180515649.9
2026-04-08 09:30:00,47769.1,47825.7,47740.3,47792.4,4521.0,216069440.4
2026-04-08 10:00:00,47792.1,47815.7,47759.2,47812.5,4172.0,199473750.0
2026-04-08 10:30:00,47812.2,47886.9,47799.1,47854.6,3362.0,160887165.2
2026-04-08 11:00:00,47853.6,47945.6,47809.9,47931.6,4988.0,239082820.79999998
2026-04-08 11:30:00,47931.2,47952.8,47890.2,47897.5,5626.0,269471335.0
2026-04-08 12:00:00,47899.7,47921.4,47748.2,47844.1,9022.0,431649470.2
2026-04-08 12:30:00,47843.9,47888.8,47813.2,47850.2,6380.0,305284276.0
2026-04-08 13:00:00,47850.1,47931.7,47840.3,47928.5,6520.0,312493820.0
2026-04-08 13:30:00,47930.0,48070.4,47874.1,47928.7,39828.0,1908904263.6
2026-04-08 14:00:00,47928.3,47974.6,47810.1,47816.2,26448.0,1264642857.6
2026-04-08 14:30:00,47816.5,47835.7,47599.9,47679.5,23381.0,1114794389.5
2026-04-08 15:00:00,47680.4,47742.3,47645.2,47692.7,16686.0,795800392.1999999
2026-04-08 15:30:00,47692.5,47870.4,47691.1,47855.2,10236.0,489845827.2
2026-04-08 16:00:00,47854.3,47907.4,47817.2,47833.7,9685.0,463269384.5
2026-04-08 16:30:00,47834.6,47879.5,47824.2,47861.3,6220.0,297697286.0
2026-04-08 17:00:00,47860.5,47893.6,47796.2,47811.8,8293.0,396503257.40000004
2026-04-08 17:30:00,47811.3,47902.7,47800.2,47898.1,8269.0,396069388.9
2026-04-08 18:00:00,47891.6,47968.5,47806.9,47853.5,15036.0,719525226.0
2026-04-08 18:30:00,47853.2,47886.4,47717.2,47727.4,11090.0,529296866.0
2026-04-08 19:00:00,47727.8,47829.6,47718.2,47758.4,12640.0,603666176.0
2026-04-08 19:30:00,47757.5,47964.7,47754.3,47947.8,11820.0,566742996.0
2026-04-08 20:00:00,47948.2,47967.7,47927.2,47938.1,3008.0,144197804.79999998
2026-04-08 20:30:00,47937.4,47943.1,47895.8,47908.7,1261.0,60412870.699999996
2026-04-08 22:00:00,47906.7,47959.4,47895.1,47910.5,3090.0,148043445.0
2026-04-08 22:30:00,47911.5,47939.5,47911.1,47920.1,1672.0,80122407.2
2026-04-08 23:00:00,47920.7,47948.7,47911.2,47920.1,1423.0,68190302.3
2026-04-08 23:30:00,47920.7,47925.7,47893.4,47900.5,1486.0,71180143.0
2026-04-09 00:00:00,47900.1,47934.3,47854.7,47908.7,3866.0,185215034.2
2026-04-09 00:30:00,47908.2,47949.7,47903.4,47911.7,3097.0,148382534.89999998
2026-04-09 01:00:00,47911.2,47927.7,47862.2,47878.7,3131.0,149908209.7
2026-04-09 01:30:00,47878.2,47906.7,47862.3,47894.1,2628.0,125865694.8
2026-04-09 02:00:00,47894.7,47900.7,47873.2,47879.3,1881.0,90060963.30000001
2026-04-09 02:30:00,47878.4,47903.5,47871.3,47871.7,1204.0,57637526.8
2026-04-09 03:00:00,47872.6,47884.7,47855.2,47857.7,962.0,46039107.4
2026-04-09 03:30:00,47857.2,47893.9,47857.1,47888.0,1499.0,71784112.0
2026-04-09 04:00:00,47888.8,47896.5,47864.2,47874.2,938.0,44905999.599999994
2026-04-09 04:30:00,47873.3,47887.7,47866.4,47872.7,935.0,44760974.5
2026-04-09 05:00:00,47872.2,47897.8,47844.3,47893.7,2259.0,108191868.3
2026-04-09 05:30:00,47893.2,47913.5,47871.1,47883.9,1592.0,76231168.8
2026-04-09 06:00:00,47884.5,47915.7,47860.2,47872.5,2563.0,122697217.5
2026-04-09 06:30:00,47873.5,47882.5,47832.4,47867.7,2811.0,134556104.7
2026-04-09 07:00:00,47868.6,47885.7,47788.2,47809.8,4210.0,201279258.0
2026-04-09 07:30:00,47810.6,47820.4,47754.6,47789.4,3780.0,180643932.0
2026-04-09 08:00:00,47790.3,47805.3,47741.5,47756.6,4123.0,196900461.79999998
2026-04-09 08:30:00,47756.2,47788.7,47746.4,47752.7,3559.0,169951859.29999998
2026-04-09 09:00:00,47752.4,47795.5,47733.6,47783.2,3172.0,151568310.39999998
2026-04-09 09:30:00,47782.4,47788.8,47763.4,47778.9,2332.0,111420394.8
2026-04-09 10:00:00,47779.5,47793.5,47754.2,47771.9,3459.0,165243002.1
2026-04-09 10:30:00,47771.9,47797.6,47736.1,47739.2,3398.0,162217801.6
2026-04-09 11:00:00,47739.7,47768.6,47709.0,47713.4,3738.0,178352689.20000002
2026-04-09 11:30:00,47713.7,47789.8,47713.2,47772.3,4050.0,193477815.0
2026-04-09 12:00:00,47772.0,47795.6,47766.4,47781.2,3061.0,146258253.2
2026-04-09 12:30:00,47781.7,47824.6,47740.2,47790.8,5918.0,282825954.40000004
2026-04-09 13:00:00,47791.4,47793.8,47745.2,47772.1,4868.0,232554582.79999998
2026-04-09 13:30:00,47772.6,47903.6,47730.1,47899.0,26322.0,1260797478.0
2026-04-09 14:00:00,47898.5,47906.7,47789.2,47828.2,16813.0,804135526.5999999
2026-04-09 14:30:00,47828.7,47845.5,47778.5,47824.8,14009.0,669977623.2
2026-04-09 15:00:00,47825.6,47903.8,47763.3,47873.7,12157.0,582000570.9
2026-04-09 15:30:00,47874.5,48109.6,47858.3,48105.4,21918.0,1054374157.2
2026-04-09 16:00:00,48105.8,48252.4,48105.2,48207.5,14075.0,678520562.5
2026-04-09 16:30:00,48207.2,48279.5,48180.3,48275.3,9947.0,480194409.1
2026-04-09 17:00:00,48275.8,48333.5,48272.2,48301.2,8046.0,388631455.2
2026-04-09 17:30:00,48301.7,48361.7,48261.2,48335.8,8210.0,396836918.0
2026-04-09 18:00:00,48336.6,48342.7,48209.1,48231.3,15369.0,741266849.7
2026-04-09 18:30:00,48230.4,48250.3,48196.4,48215.2,8008.0,386107321.59999996
2026-04-09 19:00:00,48215.7,48284.7,48203.7,48255.5,6688.0,322732784.0
2026-04-09 19:30:00,48255.2,48294.7,48215.3,48217.1,8461.0,407964883.09999996
2026-04-09 20:00:00,48217.7,48232.1,48189.2,48208.1,2486.0,119845336.6
2026-04-09 20:30:00,48208.7,48233.7,48205.3,48222.7,1149.0,55407882.3
2026-04-09 22:00:00,48201.6,48223.4,48175.8,48185.5,1974.0,95118177.0
2026-04-09 22:30:00,48186.4,48214.4,48170.4,48182.6,1855.0,89378723.0
2026-04-09 23:00:00,48183.4,48190.7,48167.3,48182.7,699.0,33679707.3
2026-04-09 23:30:00,48184.2,48201.4,48173.3,48183.7,808.0,38932429.599999994
2026-04-10 00:00:00,48183.2,48191.7,48161.2,48187.2,1765.0,85050408.0
2026-04-10 00:30:00,48187.7,48209.2,48170.3,48204.2,1376.0,66328979.199999996
2026-04-10 01:00:00,48203.3,48205.7,48180.2,48205.2,1349.0,65028814.8
2026-04-10 01:30:00,48204.3,48227.8,48197.3,48200.4,1409.0,67914363.60000001
2026-04-10 02:00:00,48200.8,48202.8,48159.4,48167.9,1033.0,49757440.7
2026-04-10 02:30:00,48167.2,48173.5,48159.4,48166.8,567.0,27310575.6
2026-04-10 03:00:00,48167.7,48178.5,48158.2,48159.4,586.0,28221408.400000002
2026-04-10 03:30:00,48159.8,48192.7,48159.8,48183.8,734.0,35366909.2
2026-04-10 04:00:00,48184.6,48186.8,48172.2,48178.2,430.0,20716626.0
2026-04-10 04:30:00,48178.7,48179.7,48161.4,48163.2,389.0,18735484.799999997
2026-04-10 05:00:00,48163.7,48180.7,48163.7,48164.2,602.0,28994848.4
2026-04-10 05:30:00,48164.7,48183.7,48162.2,48169.7,740.0,35645578.0
2026-04-10 06:00:00,48169.2,48172.7,48139.1,48148.7,1184.0,57008060.8
2026-04-10 06:30:00,48149.6,48153.7,48130.3,48144.2,1157.0,55702839.4
2026-04-10 07:00:00,48143.4,48168.8,48132.3,48168.8,2356.0,113485692.80000001
2026-04-10 07:30:00,48169.4,48198.9,48164.6,48187.4,2092.0,100808040.8
2026-04-10 08:00:00,48188.2,48193.5,48136.0,48156.0,2611.0,125735316.0
2026-04-10 08:30:00,48155.4,48168.7,48091.1,48098.7,1917.0,92205207.89999999
2026-04-10 09:00:00,48098.3,48222.4,48098.3,48174.3,4236.0,204066334.8
2026-04-10 09:30:00,48173.4,48192.9,48138.2,48185.2,3619.0,174382238.79999998
2026-04-10 10:00:00,48185.0,48197.7,48147.5,48188.2,2243.0,108086132.6
2026-04-10 10:30:00,48188.7,48211.8,48177.1,48194.7,2043.0,98461772.1
2026-04-10 11:00:00,48194.9,48231.8,48193.4,48210.7,2047.0,98687302.89999999
2026-04-10 11:30:00,48211.5,48223.9,48180.0,48196.2,2047.0,98657621.39999999
2026-04-10 12:00:00,48196.7,48270.2,48188.2,48240.2,2631.0,126919966.19999999
2026-04-10 12:30:00,48241.2,48320.6,48207.1,48221.3,4299.0,207303368.70000002
2026-04-10 13:00:00,48221.7,48242.8,48198.2,48231.1,3406.0,164275126.6
2026-04-10 13:30:00,48230.2,48260.0,47962.5,48059.3,23275.0,1118580207.5
2026-04-10 14:00:00,48058.2,48137.7,48010.2,48132.6,13110.0,631018386.0
2026-04-10 14:30:00,48133.5,48152.7,48038.2,48069.5,12159.0,584477050.5
2026-04-10 15:00:00,48069.1,48101.5,48045.3,48056.7,9137.0,439094067.9
2026-04-10 15:30:00,48056.2,48079.4,47953.4,47965.3,12652.0,606856975.6
2026-04-10 16:00:00,47966.5,47989.8,47930.8,47934.2,8578.0,411179567.59999996
2026-04-10 16:30:00,47933.4,47955.7,47880.3,47932.3,8279.0,396831511.70000005
2026-04-10 17:00:00,47932.8,47935.6,47883.4,47894.3,6637.0,317874469.1
2026-04-10 17:30:00,47893.4,47963.6,47882.6,47959.8,6381.0,306031483.8
2026-04-10 18:00:00,47959.4,47977.9,47922.3,47972.0,5846.0,280444312.0
2026-04-10 18:30:00,47972.6,47984.9,47939.3,47949.8,4499.0,215726150.20000002
2026-04-10 19:00:00,47950.6,47967.6,47925.5,47935.4,4450.0,213312530.0
2026-04-10 19:30:00,47934.5,47947.7,47881.3,47936.7,6596.0,316190473.2
2026-04-10 20:00:00,47936.2,47969.0,47901.7,47965.4,2040.0,97849416.0
2026-04-10 20:30:00,47966.4,47980.8,47962.2,47975.6,679.0,32575432.4
2026-04-12 22:00:00,47469.5,47542.0,47357.3,47364.1,5691.0,269549093.09999996
2026-04-12 22:30:00,47364.6,47443.5,47357.2,47436.0,2842.0,134813112.0
2026-04-12 23:00:00,47435.3,47437.6,47397.2,47414.5,1222.0,57940519.0
2026-04-12 23:30:00,47415.5,47458.5,47392.4,47456.1,1483.0,70377396.3
2026-04-13 00:00:00,47455.4,47491.7,47421.2,47471.7,3155.0,149773213.5
2026-04-13 00:30:00,47472.5,47548.5,47468.2,47548.1,1994.0,94810911.39999999
2026-04-13 01:00:00,47547.3,47594.7,47547.3,47566.5,2482.0,118060053.0
2026-04-13 01:30:00,47566.1,47585.6,47547.2,47575.1,1640.0,78023164.0
2026-04-13 02:00:00,47574.3,47575.6,47548.4,47558.5,1033.0,49127930.5
2026-04-13 02:30:00,47559.5,47581.7,47553.3,47578.5,660.0,31401810.0
2026-04-13 03:00:00,47579.5,47585.7,47558.3,47572.4,655.0,31159922.0
2026-04-13 03:30:00,47571.4,47572.7,47554.2,47555.6,650.0,30911140.0
2026-04-13 04:00:00,47555.1,47593.5,47543.5,47586.7,696.0,33120343.2
2026-04-13 04:30:00,47587.6,47636.7,47586.3,47617.6,680.0,32379968.0
2026-04-13 05:00:00,47618.5,47639.5,47609.4,47631.1,885.0,42153523.5
2026-04-13 05:30:00,47631.7,47659.7,47623.4,47648.5,948.0,45170778.0
2026-04-13 06:00:00,47649.5,47707.7,47649.5,47692.3,1738.0,82889217.4
2026-04-13 06:30:00,47692.7,47698.5,47666.2,47684.7,1379.0,65757201.3
2026-04-13 07:00:00,47685.6,47723.7,47682.9,47717.6,2604.0,124256630.39999999
2026-04-13 07:30:00,47718.5,47727.6,47679.4,47695.7,2174.0,103690451.8
2026-04-13 08:00:00,47695.4,47757.3,47694.1,47743.3,3163.0,151012057.9
2026-04-13 08:30:00,47743.1,47749.5,47675.2,47711.9,2629.0,125434585.10000001
2026-04-13 09:00:00,47711.9,47751.0,47699.2,47709.0,2482.0,118413738.0
2026-04-13 09:30:00,47708.7,47728.0,47687.0,47695.8,1489.0,71019046.2
2026-04-13 10:00:00,47696.5,47717.9,47688.1,47717.7,1542.0,73580693.39999999
2026-04-13 10:30:00,47717.8,47739.7,47689.9,47739.2,2025.0,96671880.0
2026-04-13 11:00:00,47738.4,47808.3,47618.3,47654.2,4217.0,200957761.39999998
2026-04-13 11:30:00,47653.3,47657.7,47440.5,47457.6,5685.0,269796456.0
2026-04-13 12:00:00,47458.6,47510.0,47443.3,47454.7,3572.0,169508188.39999998
2026-04-13 12:30:00,47455.4,47518.6,47441.1,47517.3,3696.0,175623940.8
2026-04-13 13:00:00,47517.7,47657.7,47510.2,47632.7,3921.0,186767816.7
2026-04-13 13:30:00,47633.6,47777.6,47537.1,47770.2,27902.0,1332884120.3999999
2026-04-13 14:00:00,47771.4,47807.4,47653.4,47745.8,16980.0,810723684.0
2026-04-13 14:30:00,47745.2,47812.6,47740.2,47766.7,10094.0,482157069.79999995
2026-04-13 15:00:00,47766.2,47767.8,47659.2,47678.8,9830.0,468682604.0
2026-04-13 15:30:00,47678.3,47731.5,47653.2,47712.0,7235.0,345196320.0
2026-04-13 16:00:00,47711.6,47883.8,47696.1,47868.2,9530.0,456183946.0
2026-04-13 16:30:00,47868.4,48015.6,47845.7,47959.2,12353.0,592439997.5999999
2026-04-13 17:00:00,47959.7,48016.8,47953.2,47985.4,5455.0,261760357.0
2026-04-13 17:30:00,47985.8,48000.4,47953.4,47967.4,4257.0,204197221.8
2026-04-13 18:00:00,47967.7,48045.5,47967.2,48023.1,3598.0,172787113.79999998
2026-04-13 18:30:00,48022.4,48079.6,48009.5,48056.7,4267.0,205057938.89999998
2026-04-13 19:00:00,48056.2,48103.8,48053.6,48098.3,3552.0,170845161.60000002
2026-04-13 19:30:00,48098.8,48264.5,48093.2,48244.8,8016.0,386730316.8
2026-04-13 20:00:00,48244.2,48264.8,48231.7,48251.4,2270.0,109530678.0
2026-04-13 20:30:00,48251.8,48281.6,48245.2,48273.6,884.0,42673862.4
2026-04-13 22:00:00,48258.0,48282.7,48256.3,48261.0,657.0,31707477.0
2026-04-13 22:30:00,48260.9,48272.6,48256.3,48267.7,275.0,13273617.5
2026-04-13 23:00:00,48267.8,48287.4,48260.0,48268.2,666.0,32146621.2
2026-04-13 23:30:00,48268.7,48275.7,48247.5,48251.7,461.0,22244033.7
2026-04-14 00:00:00,48251.2,48257.5,48224.2,48246.5,1309.0,63154668.5
2026-04-14 00:30:00,48245.5,48276.5,48245.5,48263.7,1016.0,49035919.199999996
2026-04-14 01:00:00,48263.2,48263.7,48245.3,48259.7,772.0,37256488.4
2026-04-14 01:30:00,48259.2,48279.7,48248.2,48261.7,781.0,37692387.699999996
2026-04-14 02:00:00,48262.5,48284.7,48256.3,48277.2,465.0,22448898.0
2026-04-14 02:30:00,48276.3,48276.5,48259.3,48262.2,378.0,18243111.599999998
2026-04-14 03:00:00,48261.4,48261.4,48240.3,48243.8,433.0,20889565.400000002
2026-04-14 03:30:00,48244.6,48261.7,48240.3,48256.7,531.0,25624307.7
2026-04-14 04:00:00,48257.6,48263.6,48248.3,48259.9,382.0,18435281.8
2026-04-14 04:30:00,48259.4,48259.4,48248.5,48251.8,271.0,13076237.8
2026-04-14 05:00:00,48251.3,48253.6,48238.3,48243.3,332.0,16016775.600000001
2026-04-14 05:30:00,48242.4,48244.5,48228.2,48237.3,446.0,21513835.8
2026-04-14 06:00:00,48237.8,48255.5,48226.2,48251.1,675.0,32569492.5
2026-04-14 06:30:00,48250.3,48275.7,48242.3,48262.2,836.0,40347199.199999996
2026-04-14 07:00:00,48261.3,48329.7,48251.1,48309.6,4337.0,209518735.2
2026-04-14 07:30:00,48310.4,48335.7,48298.0,48311.5,2508.0,121165242.0
2026-04-14 08:00:00,48311.1,48335.8,48297.3,48332.8,2603.0,125810278.4
2026-04-14 08:30:00,48332.9,48355.3,48323.5,48350.7,1823.0,88143326.1
2026-04-14 09:00:00,48351.5,48368.3,48308.2,48319.4,1645.0,79485413.0
2026-04-14 09:30:00,48319.8,48319.8,48271.4,48283.2,1591.0,76818571.19999999
2026-04-14 10:00:00,48282.5,48303.7,48251.3,48262.6,2032.0,98069603.2
2026-04-14 10:30:00,48262.8,48324.7,48177.4,48216.4,3460.0,166828744.0
2026-04-14 11:00:00,48216.1,48259.5,48208.2,48256.0,2118.0,102206208.0
2026-04-14 11:30:00,48256.4,48322.0,48244.4,48286.2,2334.0,112699990.8
2026-04-14 12:00:00,48287.4,48307.4,48261.0,48300.1,3155.0,152386815.5
2026-04-14 12:30:00,48298.3,48337.5,48269.1,48303.2,3329.0,160801352.79999998
2026-04-14 13:00:00,48303.0,48346.3,48270.3,48284.2,3687.0,178023845.39999998
2026-04-14 13:30:00,48283.3,48485.5,48223.0,48418.7,28733.0,1391214507.1
2026-04-14 14:00:00,48418.2,48537.8,48411.2,48441.6,13808.0,668881612.8
2026-04-14 14:30:00,48441.2,48537.7,48418.7,48532.7,8800.0,427087760.0
2026-04-14 15:00:00,48533.5,48589.7,48469.5,48572.8,8776.0,426274892.8
2026-04-14 15:30:00,48573.6,48596.7,48551.4,48574.2,6220.0,302131524.0
2026-04-14 16:00:00,48574.7,48575.7,48529.2,48556.8,5007.0,243123897.60000002
2026-04-14 16:30:00,48557.6,48565.8,48489.3,48499.4,4755.0,230614647.0
2026-04-14 17:00:00,48499.8,48543.6,48499.2,48537.3,4615.0,223999639.5
2026-04-14 17:30:00,48537.8,48581.5,48536.3,48549.2,3818.0,185360845.6
2026-04-14 18:00:00,48549.6,48584.8,48473.2,48507.7,7320.0,355076364.0
2026-04-14 18:30:00,48507.3,48562.3,48500.1,48536.3,5065.0,245836359.5
2026-04-14 19:00:00,48535.5,48613.4,48530.6,48611.4,4537.0,220549921.8
2026-04-14 19:30:00,48610.9,48636.8,48566.1,48589.2,7195.0,349599294.0
2026-04-14 20:00:00,48589.7,48598.7,48571.2,48595.9,1877.0,91214504.3
2026-04-14 20:30:00,48596.0,48621.5,48591.5,48615.8,863.0,41955435.400000006
2026-04-14 22:00:00,48565.4,48597.6,48556.5,48587.2,1155.0,56118216.0
2026-04-14 22:30:00,48587.6,48599.4,48581.3,48582.6,299.0,14526197.4
2026-04-14 23:00:00,48582.1,48595.5,48580.1,48593.7,250.0,12148425.0
2026-04-14 23:30:00,48593.2,48627.5,48587.3,48592.2,1331.0,64676218.199999996
2026-04-15 00:00:00,48590.7,48602.7,48581.2,48598.5,1191.0,57880813.5
2026-04-15 00:30:00,48598.1,48602.5,48582.4,48601.7,722.0,35090427.4
2026-04-15 01:00:00,48601.2,48619.7,48590.2,48603.7,667.0,32418667.9
2026-04-15 01:30:00,48603.2,48611.7,48590.2,48601.7,641.0,31153689.7
2026-04-15 02:00:00,48601.2,48601.7,48578.2,48578.7,469.0,22783410.299999997
2026-04-15 02:30:00,48579.5,48580.5,48555.3,48574.1,498.0,24189901.8
2026-04-15 03:00:00,48574.7,48581.7,48570.2,48579.2,298.0,14476601.6
2026-04-15 03:30:00,48578.3,48607.7,48577.2,48600.4,420.0,20412168.0
2026-04-15 04:00:00,48600.7,48603.5,48591.2,48594.7,301.0,14627004.7
2026-04-15 04:30:00,48595.5,48601.5,48579.2,48580.8,348.0,16906118.400000002
2026-04-15 05:00:00,48581.6,48629.5,48559.4,48569.1,1833.0,89027160.3
2026-04-15 05:30:00,48569.7,48571.5,48530.6,48569.6,1643.0,79799852.8
2026-04-15 06:00:00,48570.5,48602.1,48570.4,48600.0,2306.0,112071600.0
2026-04-15 06:30:00,48600.6,48622.7,48595.2,48597.2,837.0,40675856.4
2026-04-15 07:00:00,48597.7,48598.1,48564.1,48567.6,1427.0,69305965.2
2026-04-15 07:30:00,48568.4,48586.7,48551.2,48570.9,1291.0,62705031.9
2026-04-15 08:00:00,48570.6,48580.7,48539.3,48566.6,1578.0,76638094.8
2026-04-15 08:30:00,48565.5,48587.6,48559.2,48572.7,1168.0,56732913.599999994
2026-04-15 09:00:00,48572.2,48586.8,48513.0,48527.3,2978.0,144514299.4
2026-04-15 09:30:00,48527.7,48555.9,48526.6,48547.7,1635.0,79375489.5
2026-04-15 10:00:00,48548.2,48586.5,48498.9,48513.5,2940.0,142629690.0
2026-04-15 10:30:00,48513.3,48579.8,48507.3,48549.3,2969.0,144142871.70000002
2026-04-15 11:00:00,48549.7,48572.9,48534.4,48557.8,1869.0,90754528.2
2026-04-15 11:30:00,48557.5,48659.5,48556.5,48600.4,3147.0,152945458.8
2026-04-15 12:00:00,48600.7,48613.5,48555.1,48599.9,3235.0,157220676.5
2026-04-15 12:30:00,48599.9,48645.8,48593.0,48637.7,2006.0,97567226.19999999
2026-04-15 13:00:00,48637.3,48687.6,48621.2,48687.6,2361.0,114951423.6
2026-04-15 13:30:00,48689.6,48742.5,48442.4,48499.7,24637.0,1194887108.8999999
2026-04-15 14:00:00,48500.5,48502.0,48394.5,48486.2,12600.0,610926120.0
2026-04-15 14:30:00,48486.7,48498.7,48364.3,48373.2,9102.0,440292866.4
2026-04-15 15:00:00,48373.7,48440.5,48349.4,48404.2,7614.0,368549578.79999995
2026-04-15 15:30:00,48404.7,48406.7,48336.2,48341.7,6313.0,305181152.09999996
2026-04-15 16:00:00,48342.5,48370.8,48315.2,48354.3,5171.0,250040085.3
2026-04-15 16:30:00,48354.8,48377.8,48323.3,48365.5,8502.0,411203481.0
2026-04-15 17:00:00,48364.6,48415.8,48364.3,48405.3,4309.0,208578437.70000002
2026-04-15 17:30:00,48405.8,48437.8,48392.3,48418.3,3575.0,173095422.5
2026-04-15 18:00:00,48418.8,48488.7,48404.2,48450.8,6784.0,328690227.20000005
2026-04-15 18:30:00,48451.6,48515.8,48427.4,48511.3,4077.0,197780570.10000002
2026-04-15 19:00:00,48511.8,48538.6,48490.2,48532.5,4137.0,200778952.5
2026-04-15 19:30:00,48531.5,48537.4,48459.3,48499.8,6461.0,313357207.8
2026-04-15 20:00:00,48499.2,48538.0,48459.7,48515.2,1674.0,81214444.8
2026-04-15 20:30:00,48515.6,48550.5,48515.1,48536.1,699.0,33926733.9
2026-04-15 22:00:00,48528.5,48555.6,48513.8,48548.7,895.0,43451086.5
2026-04-15 22:30:00,48549.5,48571.5,48549.2,48561.7,587.0,28505717.9
2026-04-15 23:00:00,48562.5,48563.5,48550.2,48559.5,391.0,18986764.5
2026-04-15 23:30:00,48560.5,48578.5,48557.3,48573.1,316.0,15349099.6
2026-04-16 00:00:00,48573.7,48591.7,48562.4,48572.7,916.0,44492593.199999996
2026-04-16 00:30:00,48574.2,48613.5,48574.2,48597.1,767.0,37273975.699999996
2026-04-16 01:00:00,48596.3,48604.5,48581.4,48594.2,650.0,31586229.999999996
2026-04-16 01:30:00,48594.7,48605.5,48571.2,48577.2,688.0,33421113.599999998
2026-04-16 02:00:00,48577.7,48591.7,48572.2,48574.1,522.0,25355680.2
2026-04-16 02:30:00,48574.7,48585.7,48565.3,48571.2,423.0,20545617.599999998
2026-04-16 03:00:00,48570.4,48586.5,48566.3,48566.3,439.0,21320605.700000003
2026-04-16 03:30:00,48566.7,48569.7,48546.2,48546.4,384.0,18641817.6
2026-04-16 04:00:00,48545.4,48558.7,48538.2,48549.5,358.0,17380721.0
2026-04-16 04:30:00,48549.1,48550.7,48541.4,48549.7,239.0,11603378.299999999
2026-04-16 05:00:00,48550.5,48553.7,48533.2,48551.7,432.0,20974334.4
2026-04-16 05:30:00,48552.5,48562.7,48544.2,48555.1,687.0,33357353.7
2026-04-16 06:00:00,48556.3,48574.2,48556.1,48567.2,778.0,37785281.599999994
2026-04-16 06:30:00,48567.7,48575.7,48551.3,48566.7,633.0,30742721.099999998
2026-04-16 07:00:00,48567.5,48570.7,48546.4,48560.0,1295.0,62885200.0
2026-04-16 07:30:00,48559.7,48563.9,48519.4,48529.4,1247.0,60516161.800000004
2026-04-16 08:00:00,48529.7,48537.4,48495.4,48503.5,1989.0,96473461.5
2026-04-16 08:30:00,48503.2,48529.5,48494.4,48519.1,1298.0,62977791.8
2026-04-16 09:00:00,48519.7,48529.7,48507.2,48511.5,964.0,46765086.0
2026-04-16 09:30:00,48511.7,48523.0,48499.3,48515.4,822.0,39879658.800000004
2026-04-16 10:00:00,48516.4,48545.9,48516.1,48542.2,1107.0,53736215.4
2026-04-16 10:30:00,48542.6,48559.4,48527.5,48536.4,1620.0,78628968.0
2026-04-16 11:00:00,48536.3,48551.7,48484.6,48551.7,1819.0,88315542.3
2026-04-16 11:30:00,48551.9,48591.8,48551.9,48586.0,1452.0,70546872.0
2026-04-16 12:00:00,48586.5,48600.5,48577.2,48592.5,1313.0,63801952.5
2026-04-16 12:30:00,48593.7,48636.9,48585.2,48620.1,1691.0,82216589.1
2026-04-16 13:00:00,48620.5,48640.5,48586.4,48611.7,2242.0,108987431.39999999
2026-04-16 13:30:00,48612.8,48705.6,48433.0,48485.1,23352.0,1132224055.2
2026-04-16 14:00:00,48485.5,48494.7,48364.1,48400.7,14800.0,716330360.0
2026-04-16 14:30:00,48401.5,48470.7,48371.1,48457.2,10955.0,530848625.99999994
2026-04-16 15:00:00,48456.3,48606.5,48454.3,48478.3,9124.0,442316009.20000005
2026-04-16 15:30:00,48476.7,48593.7,48452.3,48590.2,9519.0,462530113.79999995
2026-04-16 16:00:00,48590.6,48621.7,48579.2,48611.7,4757.0,231245856.89999998
2026-04-16 16:30:00,48612.6,48617.8,48503.2,48512.1,8396.0,407307591.59999996
2026-04-16 17:00:00,48512.7,48534.3,48470.3,48525.3,7649.0,371170019.70000005
2026-04-16 17:30:00,48525.6,48569.5,48515.2,48543.3,5791.0,281114250.3
2026-04-16 18:00:00,48542.4,48610.5,48532.2,48563.3,8059.0,391371634.70000005
2026-04-16 18:30:00,48563.6,48594.5,48551.3,48572.0,4799.0,233097028.0
2026-04-16 19:00:00,48572.6,48617.8,48568.5,48599.3,4110.0,199743123.0
2026-04-16 19:30:00,48599.8,48640.9,48594.2,48599.1,5443.0,264524901.29999998
2026-04-16 20:00:00,48598.8,48631.2,48597.1,48626.8,1230.0,59810964.0
2026-04-16 20:30:00,48627.5,48667.7,48627.5,48662.8,556.0,27056516.8
2026-04-16 22:00:00,48649.9,48680.9,48649.9,48680.9,521.0,25362748.900000002
2026-04-16 22:30:00,48680.9,48689.6,48679.2,48686.2,407.0,19815283.4
2026-04-16 23:00:00,48686.0,48706.5,48682.1,48694.7,303.0,14754494.1
2026-04-16 23:30:00,48694.2,48707.6,48685.2,48690.7,345.0,16798291.5
2026-04-17 00:00:00,48690.2,48690.7,48657.4,48676.2,1178.0,57340563.599999994
2026-04-17 00:30:00,48676.7,48683.7,48673.2,48681.2,581.0,28283777.2
2026-04-17 01:00:00,48680.3,48687.5,48670.2,48674.7,697.0,33926265.9
2026-04-17 01:30:00,48675.6,48689.5,48673.2,48685.1,564.0,27458396.4
2026-04-17 02:00:00,48685.7,48686.5,48658.3,48661.8,454.0,22092457.200000003
2026-04-17 02:30:00,48662.6,48673.5,48661.2,48669.7,275.0,13384167.5
2026-04-17 03:00:00,48670.6,48672.5,48657.2,48662.7,299.0,14550147.299999999
2026-04-17 03:30:00,48662.2,48667.5,48658.3,48664.7,274.0,13334127.799999999
2026-04-17 04:00:00,48664.2,48690.6,48661.5,48674.1,434.0,21124559.4
2026-04-17 04:30:00,48674.0,48694.6,48670.0,48678.7,363.0,17670368.099999998
2026-04-17 05:00:00,48678.2,48687.7,48656.3,48687.7,514.0,25025477.799999997
2026-04-17 05:30:00,48687.2,48720.7,48667.4,48717.7,680.0,33128035.999999996
2026-04-17 06:00:00,48718.5,48732.5,48702.2,48708.2,739.0,35995359.8
2026-04-17 06:30:00,48707.3,48720.5,48684.4,48708.1,879.0,42814419.9
2026-04-17 07:00:00,48708.7,48742.7,48708.7,48724.2,1502.0,73183748.39999999
2026-04-17 07:30:00,48724.0,48760.1,48714.2,48751.6,1219.0,59428200.4
2026-04-17 08:00:00,48751.9,48758.5,48736.9,48746.3,1524.0,74289361.2
2026-04-17 08:30:00,48746.3,48771.7,48736.9,48769.2,1033.0,50378583.599999994
2026-04-17 09:00:00,48769.1,48781.8,48750.2,48776.4,1135.0,55361214.0
2026-04-17 09:30:00,48776.4,48788.1,48767.6,48779.4,1173.0,57218236.2
2026-04-17 10:00:00,48779.6,48779.7,48758.7,48765.8,1114.0,54325101.2
2026-04-17 10:30:00,48766.4,48781.4,48753.5,48778.7,1230.0,59997801.0
2026-04-17 11:00:00,48778.4,48815.9,48776.3,48805.0,1101.0,53734305.0
2026-04-17 11:30:00,48805.5,48855.4,48805.5,48849.3,1276.0,62331706.800000004
2026-04-17 12:00:00,48849.7,48958.7,48838.1,48956.1,2978.0,145791265.79999998
2026-04-17 12:30:00,48957.0,49174.9,48947.3,49169.2,9438.0,464058909.59999996
2026-04-17 13:00:00,49170.2,49221.3,49097.6,49112.1,10722.0,526579936.2
2026-04-17 13:30:00,49110.5,49382.7,49082.6,49354.2,28692.0,1416070706.3999999
2026-04-17 14:00:00,49355.2,49583.7,49331.3,49546.2,14514.0,719113546.8
2026-04-17 14:30:00,49546.7,49688.6,49520.2,49599.7,11772.0,583887668.4
2026-04-17 15:00:00,49600.5,49658.5,49541.1,49567.8,12589.0,624009034.2
2026-04-17 15:30:00,49568.5,49711.7,49562.0,49695.5,9480.0,471113340.0
2026-04-17 16:00:00,49695.1,49740.7,49660.4,49687.7,6083.0,302250279.09999996
2026-04-17 16:30:00,49688.5,49761.6,49685.2,49738.7,4579.0,227753507.29999998
2026-04-17 17:00:00,49738.2,49749.6,49499.0,49551.6,12597.0,624201505.1999999
2026-04-17 17:30:00,49551.3,49609.7,49528.0,49579.3,7482.0,370952322.6
2026-04-17 18:00:00,49579.5,49590.8,49501.2,49528.6,8261.0,409155764.59999996
2026-04-17 18:30:00,49528.2,49554.8,49477.7,49491.7,5608.0,277549453.59999996
2026-04-17 19:00:00,49492.5,49509.5,49443.2,49443.7,5288.0,261458285.6
2026-04-17 19:30:00,49444.5,49531.7,49444.5,49476.4,7430.0,367609652.0
2026-04-17 20:00:00,49476.8,49511.3,49465.6,49485.2,1757.0,86945496.39999999
2026-04-17 20:30:00,49485.7,49511.4,49476.1,49511.1,636.0,31489059.599999998
2026-04-19 22:00:00,49025.0,49082.4,48932.6,49022.2,4942.0,242267712.39999998
2026-04-19 22:30:00,49021.9,49109.6,49016.3,49063.7,2014.0,98814291.8
2026-04-19 23:00:00,49064.4,49079.6,49034.1,49043.3,1241.0,60862735.300000004
2026-04-19 23:30:00,49042.3,49044.5,48991.4,49016.4,1302.0,63819352.800000004
2026-04-20 00:00:00,49016.8,49075.5,48988.5,49054.7,3717.0,182336319.89999998
2026-04-20 00:30:00,49054.2,49057.7,49027.2,49054.3,1636.0,80252834.80000001
2026-04-20 01:00:00,49054.8,49099.7,49054.8,49091.2,1868.0,91702361.6
2026-04-20 01:30:00,49091.7,49153.7,49091.7,49145.3,1030.0,50619659.0
2026-04-20 02:00:00,49144.4,49148.4,49123.3,49142.4,803.0,39461347.2
2026-04-20 02:30:00,49142.8,49149.5,49126.2,49143.5,624.0,30665544.0
2026-04-20 03:00:00,49143.1,49152.7,49129.2,49147.2,521.0,25605691.2
2026-04-20 03:30:00,49147.7,49157.5,49115.1,49117.7,653.0,32073858.099999998
2026-04-20 04:00:00,49117.2,49130.7,49109.2,49126.7,546.0,26823178.2
2026-04-20 04:30:00,49127.5,49155.7,49114.2,49147.2,661.0,32486299.2
2026-04-20 05:00:00,49147.7,49150.7,49112.4,49114.2,772.0,37916162.4
2026-04-20 05:30:00,49114.7,49123.5,49090.2,49121.5,1477.0,72552455.5
2026-04-20 06:00:00,49122.5,49141.7,49118.2,49134.7,1491.0,73259837.7
2026-04-20 06:30:00,49135.5,49192.6,49115.4,49168.4,2424.0,119184201.60000001
2026-04-20 07:00:00,49169.3,49217.7,49156.1,49174.2,4859.0,238937437.79999998
2026-04-20 07:30:00,49174.0,49181.6,49091.5,49124.2,4597.0,225823947.39999998
2026-04-20 08:00:00,49122.8,49165.6,49093.1,49163.2,3522.0,173152790.39999998
2026-04-20 08:30:00,49162.4,49221.3,49135.5,49214.7,2512.0,123627326.39999999
2026-04-20 09:00:00,49215.4,49245.0,49185.0,49210.4,2236.0,110034454.4
2026-04-20 09:30:00,49210.1,49230.9,49199.2,49210.7,1413.0,69534719.1
2026-04-20 10:00:00,49210.9,49278.9,49210.9,49244.2,1890.0,93071538.0
2026-04-20 10:30:00,49244.5,49248.5,49203.2,49205.6,1494.0,73513166.39999999
2026-04-20 11:00:00,49205.2,49211.7,49164.6,49191.2,2225.0,109450420.0
2026-04-20 11:30:00,49191.7,49253.7,49185.1,49249.5,3260.0,160553370.0
2026-04-20 12:00:00,49250.5,49281.4,49228.3,49256.7,3249.0,160035018.29999998
2026-04-20 12:30:00,49257.5,49313.8,49244.5,49290.2,2919.0,143878093.79999998
2026-04-20 13:00:00,49290.0,49396.7,49271.2,49396.7,5120.0,252911104.0
2026-04-20 13:30:00,49397.4,49531.4,49395.2,49493.4,24183.0,1196898892.2
2026-04-20 14:00:00,49493.6,49517.7,49411.3,49468.4,13524.0,669010641.6
2026-04-20 14:30:00,49468.0,49473.5,49283.5,49361.2,16035.0,791506842.0
2026-04-20 15:00:00,49360.9,49470.6,49332.3,49454.0,13091.0,647402314.0
2026-04-20 15:30:00,49453.3,49458.4,49392.0,49449.2,8186.0,404791151.2
2026-04-20 16:00:00,49449.7,49452.8,49361.6,49423.3,5682.0,280823190.6
2026-04-20 16:30:00,49423.6,49440.6,49383.5,49421.8,4966.0,245428658.8
2026-04-20 17:00:00,49421.9,49475.0,49396.4,49444.6,4744.0,234565182.4
2026-04-20 17:30:00,49444.2,49450.8,49383.3,49394.1,4688.0,231559540.79999998
2026-04-20 18:00:00,49395.2,49475.6,49368.3,49438.5,4593.0,227071030.5
2026-04-20 18:30:00,49438.8,49458.5,49401.1,49433.5,3519.0,173956486.5
2026-04-20 19:00:00,49434.5,49473.7,49434.1,49440.2,2695.0,133241338.99999999
2026-04-20 19:30:00,49440.7,49489.4,49411.2,49484.5,5284.0,261476098.0
2026-04-20 20:00:00,49485.5,49489.4,49469.4,49487.7,1213.0,60028580.099999994
2026-04-20 20:30:00,49487.2,49577.4,49474.2,49539.6,2494.0,123551762.39999999
2026-04-20 22:00:00,49538.1,49586.6,49532.3,49565.2,1071.0,53084329.199999996
2026-04-20 22:30:00,49565.6,49572.7,49552.1,49570.2,634.0,31427506.799999997
2026-04-20 23:00:00,49569.6,49574.7,49565.2,49566.2,265.0,13135043.0
2026-04-20 23:30:00,49566.7,49567.7,49548.2,49555.2,255.0,12636576.0
2026-04-21 00:00:00,49555.7,49562.6,49521.2,49522.7,1279.0,63339533.3
2026-04-21 00:30:00,49523.5,49565.5,49505.4,49563.7,1645.0,81532286.5
2026-04-21 01:00:00,49565.2,49565.7,49541.4,49565.6,850.0,42130760.0
2026-04-21 01:30:00,49565.1,49598.8,49563.3,49573.7,991.0,49127536.699999996
2026-04-21 02:00:00,49574.5,49582.7,49573.4,49580.1,555.0,27516955.5
2026-04-21 02:30:00,49580.7,49598.7,49568.2,49575.2,491.0,24341423.2
2026-04-21 03:00:00,49575.7,49578.7,49525.2,49542.1,628.0,31112438.8
2026-04-21 03:30:00,49542.7,49547.7,49534.4,49545.7,353.0,17489632.099999998
2026-04-21 04:00:00,49546.5,49571.5,49546.5,49567.2,277.0,13730114.399999999
2026-04-21 04:30:00,49567.7,49575.7,49558.5,49568.2,326.0,16159233.2
2026-04-21 05:00:00,49568.7,49617.6,49567.4,49602.2,712.0,35316766.4
2026-04-21 05:30:00,49601.3,49601.5,49573.2,49574.1,502.0,24886198.2
2026-04-21 06:00:00,49574.7,49589.7,49561.2,49573.5,970.0,48086295.0
2026-04-21 06:30:00,49574.5,49579.7,49566.3,49568.7,658.0,32616204.599999998
2026-04-21 07:00:00,49569.5,49569.7,49515.3,49560.1,2655.0,131582065.5
2026-04-21 07:30:00,49560.8,49593.4,49546.4,49556.5,2029.0,100550138.5
2026-04-21 08:00:00,49556.8,49586.3,49528.5,49580.1,2564.0,127123376.39999999
2026-04-21 08:30:00,49580.3,49605.3,49568.9,49589.1,1855.0,91987780.5
2026-04-21 09:00:00,49589.0,49591.5,49560.0,49582.4,1669.0,82753025.60000001
2026-04-21 09:30:00,49582.7,49767.5,49579.2,49765.3,2769.0,137800115.70000002
2026-04-21 10:00:00,49766.2,49784.3,49734.3,49752.5,2241.0,111495352.5
2026-04-21 10:30:00,49752.7,49806.8,49730.0,49786.2,2137.0,106393109.39999999
2026-04-21 11:00:00,49785.4,49810.0,49743.2,49804.7,3111.0,154942421.7
2026-04-21 11:30:00,49804.4,49831.4,49768.2,49769.4,2220.0,110488068.0
2026-04-21 12:00:00,49769.7,49793.4,49730.7,49776.8,2869.0,142809639.20000002
2026-04-21 12:30:00,49776.2,49796.6,49692.5,49725.4,5548.0,275876519.2
2026-04-21 13:00:00,49725.6,49779.5,49707.4,49777.5,3850.0,191643375.0
2026-04-21 13:30:00,49777.1,49891.8,49674.3,49824.5,21153.0,1053937648.5
2026-04-21 14:00:00,49824.1,49864.6,49718.1,49739.4,11862.0,590008762.8000001
2026-04-21 14:30:00,49739.0,49755.2,49469.2,49477.4,15028.0,743546367.2
2026-04-21 15:00:00,49477.8,49508.6,49357.2,49388.1,20453.0,1010134809.3
2026-04-21 15:30:00,49388.7,49437.7,49341.1,49402.8,14389.0,710856889.2
2026-04-21 16:00:00,49403.5,49480.6,49376.1,49409.6,9252.0,457137619.2
2026-04-21 16:30:00,49410.4,49444.7,49330.2,49331.2,7574.0,373634508.79999995
2026-04-21 17:00:00,49331.7,49378.7,49196.1,49267.6,13773.0,678562654.8
2026-04-21 17:30:00,49267.9,49459.5,49258.6,49337.2,13147.0,648636168.4
2026-04-21 18:00:00,49337.0,49377.7,49230.5,49259.7,9659.0,475799442.29999995
2026-04-21 18:30:00,49260.3,49360.5,49237.1,49315.2,9837.0,485113622.4
2026-04-21 19:00:00,49315.7,49417.8,49299.1,49414.7,10791.0,533234027.7
2026-04-21 19:30:00,49415.5,49415.8,49078.4,49187.7,22464.0,1104952492.8
2026-04-21 20:00:00,49187.2,49450.6,49142.2,49326.3,11373.0,560988009.9
2026-04-21 20:30:00,49326.1,49373.7,49312.2,49332.9,2766.0,136454801.4
2026-04-21 22:00:00,49367.8,49395.4,49359.0,49374.4,1679.0,82899617.60000001
2026-04-21 22:30:00,49375.4,49382.8,49350.4,49358.6,901.0,44472098.6
2026-04-21 23:00:00,49358.1,49385.3,49345.1,49371.2,657.0,32436878.4
2026-04-21 23:30:00,49371.7,49397.7,49359.1,49396.2,822.0,40603676.4
2026-04-22 00:00:00,49396.7,49438.7,49396.7,49424.5,1715.0,84763017.5
2026-04-22 00:30:00,49424.1,49431.5,49402.2,49404.1,996.0,49206483.6
2026-04-22 01:00:00,49404.7,49425.7,49403.4,49411.7,1089.0,53809341.3
2026-04-22 01:30:00,49412.6,49445.7,49407.4,49429.4,1037.0,51258287.800000004
2026-04-22 02:00:00,49429.8,49446.5,49428.4,49444.5,713.0,35253928.5
2026-04-22 02:30:00,49444.1,49446.7,49425.4,49428.2,425.0,21006985.0
2026-04-22 03:00:00,49428.7,49440.7,49416.2,49417.7,452.0,22336800.4
2026-04-22 03:30:00,49418.5,49429.7,49398.1,49405.2,576.0,28457395.2
2026-04-22 04:00:00,49405.7,49419.6,49399.3,49399.3,556.0,27466010.8
2026-04-22 04:30:00,49398.4,49403.7,49378.4,49379.7,577.0,28492086.9
2026-04-22 05:00:00,49380.5,49500.6,49376.4,49455.1,2576.0,127396337.6
2026-04-22 05:30:00,49454.3,49476.7,49450.2,49456.4,1043.0,51583025.2
2026-04-22 06:00:00,49456.8,49457.6,49411.4,49443.1,1233.0,60963342.3
2026-04-22 06:30:00,49443.7,49480.1,49443.7,49467.5,1320.0,65297100.0
2026-04-22 07:00:00,49468.4,49499.7,49440.4,49482.1,2749.0,136026292.9
2026-04-22 07:30:00,49481.4,49498.7,49447.2,49464.5,2882.0,142556689.0
2026-04-22 08:00:00,49464.1,49474.7,49380.5,49392.2,3003.0,148324776.6
2026-04-22 08:30:00,49391.3,49422.7,49353.9,49419.1,2775.0,137138002.5
2026-04-22 09:00:00,49419.4,49465.6,49411.4,49453.8,2947.0,145740348.6
2026-04-22 09:30:00,49453.9,49465.2,49386.1,49415.2,2441.0,120622503.19999999
2026-04-22 10:00:00,49415.5,49447.7,49379.3,49437.1,3408.0,168481636.79999998
2026-04-22 10:30:00,49437.0,49459.5,49419.1,49441.7,1899.0,93889788.3
2026-04-22 11:00:00,49441.3,49453.7,49414.5,49431.0,2446.0,120908226.0
2026-04-22 11:30:00,49431.4,49502.3,49431.4,49495.5,2428.0,120175074.0
2026-04-22 12:00:00,49496.7,49583.6,49492.1,49522.3,2798.0,138563395.4
2026-04-22 12:30:00,49523.1,49540.7,49463.4,49465.5,3824.0,189156072.0
2026-04-22 13:00:00,49465.1,49584.8,49453.2,49578.5,5382.0,266831487.0
2026-04-22 13:30:00,49579.5,49635.6,49467.1,49629.4,22486.0,1115966688.4
2026-04-22 14:00:00,49629.7,49662.7,49564.2,49604.4,12665.0,628239726.0
2026-04-22 14:30:00,49603.5,49615.4,49517.5,49578.5,12025.0,596181462.5
2026-04-22 15:00:00,49579.3,49597.9,49518.2,49578.4,9521.0,472035946.40000004
2026-04-22 15:30:00,49577.5,49588.7,49478.1,49517.3,6884.0,340877093.20000005
2026-04-22 16:00:00,49519.6,49545.8,49444.3,49450.2,5313.0,262728912.6
2026-04-22 16:30:00,49449.5,49501.8,49428.4,49437.7,6024.0,297812704.8
2026-04-22 17:00:00,49438.5,49532.8,49430.2,49491.7,6484.0,320904182.79999995
2026-04-22 17:30:00,49491.2,49507.7,49434.1,49439.7,4140.0,204680358.0
2026-04-22 18:00:00,49439.2,49449.5,49365.1,49404.2,3936.0,194454931.2
2026-04-22 18:30:00,49404.7,49433.7,49390.1,49402.2,3356.0,165793783.2
2026-04-22 19:00:00,49402.0,49454.4,49375.2,49449.8,5093.0,251847831.4
2026-04-22 19:30:00,49450.6,49534.3,49416.3,49516.7,5601.0,277343036.7
2026-04-22 20:00:00,49517.5,49524.7,49297.3,49336.6,6508.0,321082592.8
2026-04-22 20:30:00,49336.2,49347.4,49274.3,49343.2,1785.0,88077612.0
2026-04-22 22:00:00,49383.8,49387.5,49329.0,49351.0,1227.0,60553677.0
2026-04-22 22:30:00,49350.3,49352.4,49334.1,49342.0,441.0,21759822.0
2026-04-22 23:00:00,49342.5,49359.6,49335.1,49355.5,448.0,22111264.0
2026-04-22 23:30:00,49355.1,49356.4,49343.2,49351.1,379.0,18704066.9
2026-04-23 00:00:00,49350.3,49350.7,48988.2,49305.6,10752.0,530133811.2
2026-04-23 00:30:00,49306.4,49341.4,49278.3,49316.5,4660.0,229814890.0
2026-04-23 01:00:00,49316.2,49316.7,49247.2,49252.7,3267.0,160908570.89999998
2026-04-23 01:30:00,49254.2,49274.5,49225.2,49236.1,2697.0,132789761.7
2026-04-23 02:00:00,49236.7,49250.5,49187.4,49206.2,2592.0,127542470.39999999
2026-04-23 02:30:00,49206.7,49231.4,49187.4,49195.6,2229.0,109656992.39999999
2026-04-23 03:00:00,49196.6,49224.0,49170.4,49172.8,1880.0,92444864.0
2026-04-23 03:30:00,49172.2,49186.7,49144.2,49178.4,1904.0,93635673.60000001
2026-04-23 04:00:00,49177.4,49201.4,49158.4,49195.7,1108.0,54508835.599999994
2026-04-23 04:30:00,49195.2,49220.8,49192.4,49214.8,808.0,39765558.400000006
2026-04-23 05:00:00,49214.2,49223.1,49187.5,49201.7,902.0,44379933.4
2026-04-23 05:30:00,49203.2,49229.0,49181.3,49224.5,1507.0,74181321.5
2026-04-23 06:00:00,49224.2,49263.6,49224.2,49250.7,1998.0,98402898.6
2026-04-23 06:30:00,49249.5,49256.7,49223.2,49248.1,1620.0,79781922.0
2026-04-23 07:00:00,49248.7,49272.7,49233.3,49259.7,3241.0,159650687.7
2026-04-23 07:30:00,49263.5,49304.7,49244.4,49278.5,3359.0,165526481.5
2026-04-23 08:00:00,49278.2,49313.4,49238.2,49277.2,3728.0,183705401.6
2026-04-23 08:30:00,49277.7,49277.7,49213.4,49227.2,3109.0,153047364.79999998
2026-04-23 09:00:00,49227.6,49267.8,49188.3,49249.7,3980.0,196013806.0
2026-04-23 09:30:00,49250.5,49272.5,49224.2,49229.3,2485.0,122334810.5
2026-04-23 10:00:00,49217.5,49217.5,49112.2,49150.3,3354.0,164850106.20000002
2026-04-23 10:30:00,49150.0,49222.6,49148.9,49215.0,2769.0,136276335.0
2026-04-23 11:00:00,49216.0,49269.8,49155.2,49173.0,2950.0,145060350.0
2026-04-23 11:30:00,49172.3,49307.1,49151.1,49302.4,5074.0,250160377.6
2026-04-23 12:00:00,49300.9,49400.4,49297.3,49332.3,4387.0,216420800.10000002
2026-04-23 12:30:00,49334.6,49344.4,49192.6,49270.2,5113.0,251918532.6
2026-04-23 13:00:00,49271.3,49310.7,49218.0,49303.6,3819.0,188290448.4
2026-04-23 13:30:00,49304.5,49404.4,49252.2,49349.7,18844.0,929945746.8
2026-04-23 14:00:00,49349.2,49527.7,49286.1,49479.7,12741.0,630420857.6999999
2026-04-23 14:30:00,49480.5,49563.7,49435.5,49534.1,9010.0,446302241.0
2026-04-23 15:00:00,49533.4,49550.8,49451.5,49503.7,6597.0,326575908.9
2026-04-23 15:30:00,49504.5,49514.8,49409.4,49458.7,8436.0,417233593.2
2026-04-23 16:00:00,49458.8,49462.8,49413.2,49434.6,6135.0,303281271.0
2026-04-23 16:30:00,49434.4,49467.9,49409.2,49445.8,4822.0,238427647.60000002
2026-04-23 17:00:00,49446.3,49457.5,49116.1,49132.1,23576.0,1158338389.6
2026-04-23 17:30:00,49132.5,49230.7,48896.3,49202.5,28513.0,1402910882.5
2026-04-23 18:00:00,49202.3,49348.4,49176.3,49343.3,17258.0,851566671.4000001
2026-04-23 18:30:00,49342.4,49388.4,49247.1,49279.4,9828.0,484317943.2
2026-04-23 19:00:00,49279.1,49364.5,49255.1,49336.8,9246.0,456168052.8
2026-04-23 19:30:00,49337.6,49380.7,49228.0,49345.2,11575.0,571170690.0
2026-04-23 20:00:00,49345.7,49347.4,49221.2,49263.3,3918.0,193013609.4
2026-04-23 20:30:00,49263.1,49275.7,49230.1,49249.6,1234.0,60774006.4
2026-04-23 22:00:00,49285.3,49313.4,49268.3,49296.1,2004.0,98789384.39999999
2026-04-23 22:30:00,49296.6,49305.6,49273.0,49298.8,868.0,42791358.400000006
2026-04-23 23:00:00,49298.3,49307.4,49282.3,49303.1,526.0,25933430.599999998
2026-04-23 23:30:00,49303.7,49328.4,49303.7,49325.4,699.0,34478454.6
2026-04-24 00:00:00,49326.4,49355.7,49311.1,49345.2,2012.0,99282542.39999999
2026-04-24 00:30:00,49345.7,49355.5,49296.4,49306.8,1480.0,72974064.0
2026-04-24 01:00:00,49307.6,49311.7,49279.2,49295.2,1229.0,60583800.8
2026-04-24 01:30:00,49295.7,49300.4,49258.4,49286.4,1568.0,77281075.2
2026-04-24 02:00:00,49285.4,49288.7,49216.4,49220.3,1518.0,74716415.4
2026-04-24 02:30:00,49219.4,49236.3,49188.4,49196.3,919.0,45211399.7
2026-04-24 03:00:00,49196.7,49215.5,49183.2,49198.1,1175.0,57807767.5
2026-04-24 03:30:00,49198.7,49229.2,49187.2,49209.4,1216.0,59838630.4
2026-04-24 04:00:00,49208.4,49233.7,49199.4,49209.8,860.0,42320428.0
2026-04-24 04:30:00,49210.6,49251.5,49210.3,49243.4,829.0,40822778.6
2026-04-24 05:00:00,49244.4,49253.7,49219.2,49249.3,911.0,44866112.300000004
2026-04-24 05:30:00,49249.7,49289.5,49249.7,49283.7,856.0,42186847.199999996
2026-04-24 06:00:00,49285.2,49295.6,49251.3,49253.7,1288.0,63438765.599999994
2026-04-24 06:30:00,49254.5,49273.8,49248.2,49268.2,1384.0,68187188.8
2026-04-24 07:00:00,49267.3,49310.8,49261.4,49299.1,2427.0,119648915.7
2026-04-24 07:30:00,49298.4,49298.5,49250.1,49289.5,2200.0,108436900.0
2026-04-24 08:00:00,49288.5,49298.7,49196.5,49209.1,4964.0,244273972.4
2026-04-24 08:30:00,49209.7,49210.7,49153.2,49166.5,3155.0,155120307.5
2026-04-24 09:00:00,49167.1,49201.3,49115.9,49169.6,3815.0,187582024.0
2026-04-24 09:30:00,49169.2,49204.9,49162.4,49181.0,2430.0,119509830.0
2026-04-24 10:00:00,49181.5,49216.7,49181.0,49210.0,2352.0,115741920.0
2026-04-24 10:30:00,49209.9,49225.7,49179.2,49204.2,1802.0,88665968.39999999
2026-04-24 11:00:00,49203.6,49450.4,49202.5,49447.1,11167.0,552175765.6999999
2026-04-24 11:30:00,49447.5,49460.1,49307.2,49335.4,4890.0,241250106.0
2026-04-24 12:00:00,49335.8,49367.6,49289.0,49326.3,4606.0,227196937.8
2026-04-24 12:30:00,49326.7,49335.5,49193.4,49250.4,5427.0,267281920.8
2026-04-24 13:00:00,49251.9,49332.8,49251.9,49331.4,4740.0,233830836.0
2026-04-24 13:30:00,49331.0,49377.5,49116.2,49177.7,26096.0,1283341259.1999998
2026-04-24 14:00:00,49174.0,49199.8,49105.1,49161.7,17249.0,847990163.3
2026-04-24 14:30:00,49161.1,49235.6,49153.4,49167.5,11816.0,580963180.0
2026-04-24 15:00:00,49167.1,49194.8,49127.2,49163.3,8146.0,400484241.8
2026-04-24 15:30:00,49163.7,49327.1,49132.2,49272.7,13434.0,661929451.8
2026-04-24 16:00:00,49272.2,49290.8,49182.2,49189.7,6567.0,323028759.9
2026-04-24 16:30:00,49190.5,49231.7,49153.1,49205.4,5558.0,273483613.2
2026-04-24 17:00:00,49205.7,49217.6,49159.2,49189.4,4681.0,230255581.4
2026-04-24 17:30:00,49189.2,49276.5,49167.1,49213.1,4639.0,228299570.9
2026-04-24 18:00:00,49212.5,49233.7,49184.9,49196.3,4424.0,217644431.20000002
2026-04-24 18:30:00,49196.5,49233.5,49193.2,49229.7,3206.0,157830418.2
2026-04-24 19:00:00,49229.9,49258.8,49189.1,49203.5,4130.0,203210455.0
2026-04-24 19:30:00,49203.8,49282.7,49188.6,49249.8,6381.0,314262973.8
2026-04-24 20:00:00,49250.2,49273.7,49230.2,49239.2,1444.0,71101404.8
2026-04-24 20:30:00,49239.7,49293.2,49239.2,49290.3,584.0,28785535.200000003
2026-04-26 22:00:00,49228.2,49244.0,49109.1,49153.4,2429.0,119393608.60000001
2026-04-26 22:30:00,49153.8,49182.6,49135.5,49182.6,916.0,45051261.6
2026-04-26 23:00:00,49182.2,49186.7,49146.3,49147.1,717.0,35238470.699999996
2026-04-26 23:30:00,49144.3,49160.5,49125.3,49157.5,883.0,43406072.5
2026-04-27 00:00:00,49158.4,49176.2,49131.2,49135.1,2337.0,114828728.7
2026-04-27 00:30:00,49136.3,49186.8,49127.2,49172.6,1495.0,73513037.0
2026-04-27 01:00:00,49173.4,49258.3,49164.2,49204.7,3492.0,171822812.39999998
2026-04-27 01:30:00,49205.5,49262.6,49198.3,49255.2,1835.0,90383292.0
2026-04-27 02:00:00,49255.7,49259.7,49220.4,49229.1,1106.0,54447384.6
2026-04-27 02:30:00,49228.3,49240.5,49223.4,49224.4,745.0,36672178.0
2026-04-27 03:00:00,49223.4,49252.6,49220.1,49227.1,957.0,47110334.699999996
2026-04-27 03:30:00,49227.7,49233.7,49216.2,49223.7,722.0,35539511.4
2026-04-27 04:00:00,49223.2,49232.7,49212.3,49226.7,605.0,29782153.5
2026-04-27 04:30:00,49226.2,49232.5,49196.2,49202.2,640.0,31489408.0
2026-04-27 05:00:00,49202.7,49205.7,49177.4,49180.2,1150.0,56557230.0
2026-04-27 05:30:00,49180.7,49183.7,49149.2,49159.2,1260.0,61940592.0
2026-04-27 06:00:00,49159.7,49196.7,49146.1,49187.7,1733.0,85242284.1
2026-04-27 06:30:00,49188.5,49189.5,49159.3,49177.5,1646.0,80946165.0
2026-04-27 07:00:00,49177.1,49196.5,49165.5,49186.1,2523.0,124096530.3
2026-04-27 07:30:00,49185.7,49204.2,49178.0,49185.6,1923.0,94583908.8
2026-04-27 08:00:00,49185.5,49198.4,49155.4,49195.1,2694.0,132531599.39999999
2026-04-27 08:30:00,49194.4,49216.3,49183.9,49211.2,1689.0,83117716.8
2026-04-27 09:00:00,49211.7,49228.6,49195.1,49201.4,1394.0,68586751.60000001
2026-04-27 09:30:00,49201.1,49210.1,49186.4,49189.7,876.0,43090177.199999996
2026-04-27 10:00:00,49190.5,49200.6,49177.4,49186.5,968.0,47612532.0
2026-04-27 10:30:00,49186.8,49234.8,49182.0,49222.7,1345.0,66204531.49999999
2026-04-27 11:00:00,49222.3,49235.7,49201.1,49223.2,1447.0,71225970.39999999
2026-04-27 11:30:00,49222.4,49235.4,49207.1,49219.7,1052.0,51779124.4
2026-04-27 12:00:00,49220.5,49240.7,49189.0,49203.1,1992.0,98012575.2
2026-04-27 12:30:00,49202.4,49232.1,49182.0,49194.3,2927.0,143991716.1
2026-04-27 13:00:00,49194.6,49218.8,49141.4,49202.4,4650.0,228791160.0
2026-04-27 13:30:00,49203.3,49400.7,49164.2,49282.2,27405.0,1350578691.0
2026-04-27 14:00:00,49282.7,49297.7,49197.5,49218.7,12766.0,628325924.1999999
2026-04-27 14:30:00,49219.4,49295.7,49179.2,49179.2,8502.0,418121558.4
2026-04-27 15:00:00,49179.7,49184.5,49068.4,49114.1,7564.0,371499052.4
2026-04-27 15:30:00,49114.0,49171.7,49098.4,49162.7,4904.0,241093880.79999998
2026-04-27 16:00:00,49162.2,49227.9,49147.3,49197.6,3801.0,187000077.6
2026-04-27 16:30:00,49198.5,49209.7,49181.2,49202.5,2588.0,127336070.0
2026-04-27 17:00:00,49203.4,49222.6,49163.4,49203.3,3125.0,153760312.5
2026-04-27 17:30:00,49202.5,49239.1,49164.1,49177.3,3301.0,162334267.3
2026-04-27 18:00:00,49177.7,49212.5,49166.2,49209.7,2661.0,130947011.69999999
2026-04-27 18:30:00,49209.3,49245.4,49200.4,49225.7,2238.0,110167116.6
2026-04-27 19:00:00,49226.5,49267.4,49224.2,49264.4,2949.0,145280715.6
2026-04-27 19:30:00,49263.4,49266.7,49213.2,49225.1,4111.0,202364386.1
2026-04-27 20:00:00,49224.3,49230.6,49202.2,49214.8,849.0,41783365.2
2026-04-27 20:30:00,49214.3,49226.7,49206.2,49223.7,424.0,20870848.799999997
2026-04-27 22:00:00,49235.2,49311.5,49232.1,49307.5,1619.0,79828842.5
2026-04-27 22:30:00,49307.8,49309.9,49283.0,49284.7,725.0,35731407.5
2026-04-27 23:00:00,49285.5,49289.8,49278.4,49284.2,409.0,20157237.799999997
2026-04-27 23:30:00,49283.4,49295.6,49275.4,49280.2,427.0,21042645.4
2026-04-28 00:00:00,49280.7,49321.7,49273.4,49293.5,2614.0,128853209.0
2026-04-28 00:30:00,49294.5,49303.5,49261.2,49261.2,1397.0,68817896.39999999
2026-04-28 01:00:00,49261.7,49284.7,49255.2,49284.1,1414.0,69687717.39999999
2026-04-28 01:30:00,49284.7,49311.7,49259.2,49267.6,1857.0,91489933.2
2026-04-28 02:00:00,49268.5,49285.5,49259.2,49276.7,1123.0,55337734.099999994
2026-04-28 02:30:00,49276.2,49276.7,49261.2,49269.3,984.0,48480991.2
2026-04-28 03:00:00,49268.5,49290.7,49261.3,49287.3,724.0,35684005.2
2026-04-28 03:30:00,49288.4,49297.7,49276.3,49281.2,651.0,32082061.2
2026-04-28 04:00:00,49281.7,49285.7,49266.2,49273.7,668.0,32914831.599999998
2026-04-28 04:30:00,49273.2,49293.7,49273.2,49283.1,598.0,29471293.8
2026-04-28 05:00:00,49283.7,49286.7,49252.2,49268.7,1153.0,56806811.099999994
2026-04-28 05:30:00,49268.2,49268.7,49223.2,49234.1,1696.0,83501033.6
2026-04-28 06:00:00,49233.4,49264.6,49219.4,49257.2,1833.0,90288447.6
2026-04-28 06:30:00,49257.7,49261.5,49217.3,49230.5,1786.0,87925673.0
2026-04-28 07:00:00,49231.5,49235.7,49202.5,49224.2,3357.0,165245639.39999998
2026-04-28 07:30:00,49225.1,49280.1,49220.4,49274.3,2623.0,129246488.9
2026-04-28 08:00:00,49274.1,49331.8,49204.3,49331.8,4407.0,217405242.60000002
2026-04-28 08:30:00,49333.2,49334.6,49296.4,49310.7,2473.0,121945361.1
2026-04-28 09:00:00,49310.3,49348.6,49290.1,49335.9,2563.0,126447911.7
2026-04-28 09:30:00,49335.6,49395.8,49325.6,49364.2,2600.0,128346919.99999999
2026-04-28 10:00:00,49364.0,49388.4,49339.9,49349.2,2121.0,104669653.19999999
2026-04-28 10:30:00,49348.4,49358.2,49328.2,49344.3,1611.0,79493667.30000001
2026-04-28 11:00:00,49343.8,49431.6,49310.2,49327.8,4919.0,242643448.20000002
2026-04-28 11:30:00,49327.6,49361.5,49290.9,49329.2,5431.0,267906885.2
2026-04-28 12:00:00,49329.5,49359.5,49261.2,49276.6,7301.0,359768456.59999996
2026-04-28 12:30:00,49277.5,49386.5,49244.2,49383.7,5108.0,252251939.6
2026-04-28 13:00:00,49383.9,49396.2,49316.1,49390.2,4675.0,230899185.0
2026-04-28 13:30:00,49389.1,49430.4,49247.5,49248.5,29765.0,1465881602.5
2026-04-28 14:00:00,49244.9,49268.7,49123.1,49194.7,15225.0,748989307.5
2026-04-28 14:30:00,49194.2,49239.1,49135.2,49229.2,16601.0,817253949.1999999
2026-04-28 15:00:00,49229.5,49272.6,49223.2,49258.2,11053.0,544450884.6
2026-04-28 15:30:00,49258.6,49297.8,49238.3,49287.1,7771.0,383010054.09999996
2026-04-28 16:00:00,49287.5,49329.8,49277.2,49303.6,5124.0,252631646.4
2026-04-28 16:30:00,49304.4,49307.8,49208.5,49234.1,5391.0,265421033.1
2026-04-28 17:00:00,49234.5,49236.8,49188.7,49214.2,4403.0,216690122.6
2026-04-28 17:30:00,49214.7,49260.7,49212.1,49218.7,3877.0,190820899.89999998
2026-04-28 18:00:00,49219.5,49233.6,49154.0,49162.8,4468.0,219659390.4
2026-04-28 18:30:00,49163.5,49187.3,49129.5,49162.8,3333.0,163859612.4
2026-04-28 19:00:00,49163.6,49192.6,49151.1,49165.1,3726.0,183189162.6
2026-04-28 19:30:00,49165.6,49205.4,49117.1,49179.7,5618.0,276291554.59999996
2026-04-28 20:00:00,49180.5,49244.5,49159.1,49228.4,2144.0,105545689.60000001
2026-04-28 20:30:00,49228.0,49239.1,49220.4,49239.1,838.0,41262365.8
2026-04-28 22:00:00,49246.8,49272.3,49246.1,49252.9,1047.0,51567786.300000004
2026-04-28 22:30:00,49252.9,49258.8,49241.0,49257.5,374.0,18422305.0
2026-04-28 23:00:00,49257.1,49257.7,49246.9,49255.7,200.0,9851140.0
2026-04-28 23:30:00,49256.5,49271.7,49255.2,49270.6,228.0,11233696.799999999
2026-04-29 00:00:00,49271.5,49303.6,49271.1,49292.6,941.0,46384336.6
2026-04-29 00:30:00,49293.5,49307.5,49288.2,49293.2,584.0,28787228.799999997
2026-04-29 01:00:00,49293.7,49295.5,49231.3,49271.4,2326.0,114605276.4
2026-04-29 01:30:00,49270.6,49290.5,49261.3,49264.8,1559.0,76803823.2
2026-04-29 02:00:00,49265.6,49300.5,49265.2,49290.2,801.0,39481450.199999996
2026-04-29 02:30:00,49290.7,49290.7,49270.2,49275.2,449.0,22124564.799999997
2026-04-29 03:00:00,49275.7,49293.7,49273.2,49288.1,483.0,23806152.3
2026-04-29 03:30:00,49288.7,49288.7,49261.2,49271.5,322.0,15865423.0
2026-04-29 04:00:00,49271.1,49279.7,49268.4,49271.1,295.0,14534974.5
2026-04-29 04:30:00,49272.3,49281.7,49269.2,49270.7,419.0,20644423.299999997
2026-04-29 05:00:00,49271.5,49276.4,49259.2,49269.3,436.0,21481414.8
2026-04-29 05:30:00,49268.4,49287.7,49268.2,49280.2,385.0,18972877.0
2026-04-29 06:00:00,49279.4,49293.7,49274.4,49279.1,742.0,36565092.199999996
2026-04-29 06:30:00,49279.7,49286.5,49257.4,49258.7,860.0,42362482.0
2026-04-29 07:00:00,49260.2,49275.9,49227.1,49241.4,1979.0,97448730.60000001
2026-04-29 07:30:00,49241.1,49261.7,49208.3,49235.3,2478.0,122005073.4
2026-04-29 08:00:00,49239.8,49272.4,49180.4,49226.5,4339.0,213593783.5
2026-04-29 08:30:00,49226.1,49228.7,49163.2,49195.1,3390.0,166771389.0
2026-04-29 09:00:00,49195.7,49205.6,49176.0,49191.4,2737.0,134636861.8
2026-04-29 09:30:00,49190.8,49219.6,49138.2,49151.3,2762.0,135755890.6
2026-04-29 10:00:00,49150.4,49238.5,49137.3,49223.1,2339.0,115132830.89999999
2026-04-29 10:30:00,49223.6,49235.9,49196.1,49208.6,1772.0,87197639.2
2026-04-29 11:00:00,49208.2,49217.9,49182.6,49200.7,2368.0,116507257.6
2026-04-29 11:30:00,49200.2,49225.6,49163.1,49184.2,2426.0,119320869.19999999
2026-04-29 12:00:00,49184.6,49192.4,49143.0,49163.1,2894.0,142278011.4
2026-04-29 12:30:00,49163.0,49175.9,49092.2,49172.7,3843.0,188970686.1
2026-04-29 13:00:00,49174.1,49210.7,49126.2,49136.4,4373.0,214873477.20000002
2026-04-29 13:30:00,49136.0,49187.5,48885.4,48952.6,25441.0,1245403096.6
2026-04-29 14:00:00,48951.5,49060.8,48928.1,48983.1,12467.0,610672307.6999999
2026-04-29 14:30:00,48982.4,49000.7,48919.7,48926.7,8740.0,427619358.0
2026-04-29 15:00:00,48927.5,48941.7,48878.2,48906.7,7529.0,368218544.29999995
2026-04-29 15:30:00,48906.7,48910.9,48769.4,48819.4,10467.0,510992659.8
2026-04-29 16:00:00,48820.4,48892.7,48808.1,48870.1,7206.0,352157940.59999996
2026-04-29 16:30:00,48869.4,48882.7,48818.2,48871.8,6643.0,324655367.40000004
2026-04-29 17:00:00,48871.3,48876.6,48823.3,48859.6,6151.0,300535399.59999996
2026-04-29 17:30:00,48860.5,48888.8,48831.4,48878.2,5024.0,245564076.79999998
2026-04-29 18:00:00,48879.2,48879.8,48736.5,48804.3,9039.0,441142067.70000005
2026-04-29 18:30:00,48804.7,48870.7,48738.4,48869.2,12178.0,595129117.6
2026-04-29 19:00:00,48868.4,48921.7,48824.2,48867.4,8188.0,400126271.2
2026-04-29 19:30:00,48867.7,48919.8,48822.2,48908.7,8947.0,437586138.9
2026-04-29 20:00:00,48909.6,49018.4,48708.2,48798.1,15516.0,757151319.6
2026-04-29 20:30:00,48799.2,48811.7,48680.2,48686.8,5542.0,269822245.6
2026-04-29 22:00:00,48678.2,48837.3,48667.4,48774.1,3902.0,190316538.2
2026-04-29 22:30:00,48774.6,48782.9,48731.4,48737.0,1276.0,62188412.0
2026-04-29 23:00:00,48736.3,48753.7,48720.3,48734.6,1079.0,52584633.4
2026-04-29 23:30:00,48735.5,48747.5,48728.4,48742.5,931.0,45379267.5
2026-04-30 00:00:00,48744.2,48768.7,48729.4,48743.2,2014.0,98168804.8
2026-04-30 00:30:00,48743.7,48773.8,48729.2,48763.7,1174.0,57248583.8
2026-04-30 01:00:00,48763.2,48770.7,48749.2,48767.7,1150.0,56082855.0
2026-04-30 01:30:00,48768.5,48799.5,48751.2,48798.3,1230.0,60021909.0
2026-04-30 02:00:00,48797.4,48797.7,48735.4,48740.7,1097.0,53468547.9
2026-04-30 02:30:00,48740.1,48740.6,48625.1,48718.4,6140.0,299130976.0
2026-04-30 03:00:00,48717.4,48736.7,48680.4,48687.1,2344.0,114122562.39999999
2026-04-30 03:30:00,48687.7,48700.8,48655.2,48655.7,1821.0,88602029.69999999
2026-04-30 04:00:00,48655.2,48661.7,48611.2,48614.7,2670.0,129801248.99999999
2026-04-30 04:30:00,48614.2,48615.6,48571.7,48572.8,2744.0,133283763.2
2026-04-30 05:00:00,48573.6,48632.6,48572.1,48603.7,2405.0,116891898.5
2026-04-30 05:30:00,48603.8,48652.5,48580.2,48581.3,2260.0,109793738.0
2026-04-30 06:00:00,48580.5,48584.4,48497.2,48528.6,4313.0,209303851.79999998
2026-04-30 06:30:00,48529.5,48635.5,48529.5,48613.7,4360.0,211955732.0
2026-04-30 07:00:00,48613.9,48659.7,48585.2,48646.8,5856.0,284875660.8
2026-04-30 07:30:00,48647.5,48668.4,48619.0,48640.7,4047.0,196848912.89999998
2026-04-30 08:00:00,48640.3,48696.5,48639.1,48678.4,4475.0,217835840.0
2026-04-30 08:30:00,48678.7,48731.7,48671.1,48709.3,3621.0,176376375.3
2026-04-30 09:00:00,48709.0,48738.4,48657.5,48733.1,4317.0,210380792.7
2026-04-30 09:30:00,48733.6,48832.5,48732.2,48787.2,5382.0,262572710.39999998
2026-04-30 10:00:00,48787.6,48884.1,48787.6,48875.7,3613.0,176587904.1
2026-04-30 10:30:00,48876.5,49275.2,48876.5,49197.4,8115.0,399236901.0
2026-04-30 11:00:00,49198.2,49271.8,49161.5,49207.1,5416.0,266505653.6
2026-04-30 11:30:00,49206.9,49217.5,49168.2,49173.1,3688.0,181350392.79999998
2026-04-30 12:00:00,49172.3,49297.4,49149.2,49258.1,3747.0,184570100.7
2026-04-30 12:30:00,49257.6,49262.8,49183.1,49203.4,4401.0,216544163.4
2026-04-30 13:00:00,49203.7,49239.6,49104.6,49142.8,4344.0,213476323.20000002
2026-04-30 13:30:00,49143.3,49307.6,49073.0,49293.4,32830.0,1618302322.0
2026-04-30 14:00:00,49293.7,49461.7,49260.0,49460.2,15741.0,778553008.1999999
2026-04-30 14:30:00,49459.4,49532.4,49447.5,49484.2,12208.0,604103113.6
2026-04-30 15:00:00,49484.2,49542.8,49412.2,49539.3,8829.0,437382479.70000005
2026-04-30 15:30:00,49538.5,49639.7,49517.1,49633.2,7711.0,382721605.2
2026-04-30 16:00:00,49634.7,49653.7,49603.2,49639.6,5031.0,249736827.6
2026-04-30 16:30:00,49639.8,49641.9,49553.0,49574.9,4175.0,206975207.5
2026-04-30 17:00:00,49575.4,49603.4,49559.1,49588.4,4183.0,207428277.20000002
2026-04-30 17:30:00,49587.4,49654.6,49587.4,49629.2,4503.0,223480287.6
2026-04-30 18:00:00,49629.5,49701.8,49625.2,49685.1,4075.0,202466782.5
2026-04-30 18:30:00,49685.7,49777.8,49685.7,49728.7,3581.0,178078474.7
2026-04-30 19:00:00,49729.5,49798.0,49726.3,49791.2,4408.0,219479609.6
2026-04-30 19:30:00,49791.5,49803.8,49704.2,49704.8,7495.0,372537476.0
2026-04-30 20:00:00,49705.7,49777.4,49662.8,49773.1,3744.0,186350486.4
2026-04-30 20:30:00,49772.9,49821.7,49743.3,49795.2,2685.0,133700111.99999999
2026-04-30 22:00:00,49806.4,49840.6,49776.1,49820.4,1693.0,84345937.2
2026-04-30 22:30:00,49821.4,49827.5,49776.2,49789.6,1110.0,55266456.0
2026-04-30 23:00:00,49790.5,49809.6,49777.4,49807.7,749.0,37305967.3
2026-04-30 23:30:00,49808.4,49820.4,49792.5,49800.7,720.0,35856504.0
2026-05-01 00:00:00,49801.5,49827.4,49781.1,49822.2,1807.0,90028715.39999999
2026-05-01 00:30:00,49821.3,49837.7,49813.5,49818.1,874.0,43541019.4
2026-05-01 01:00:00,49817.3,49834.7,49800.3,49827.7,879.0,43798548.3
2026-05-01 01:30:00,49828.5,49844.5,49828.4,49832.5,475.0,23670437.5
2026-05-01 02:00:00,49832.1,49834.7,49815.2,49819.2,364.0,18134188.8
2026-05-01 02:30:00,49818.4,49818.4,49802.2,49810.7,311.0,15491127.7
2026-05-01 03:00:00,49811.5,49820.5,49806.4,49813.2,293.0,14595267.6
2026-05-01 03:30:00,49813.7,49822.7,49790.2,49791.6,450.0,22406220.0
2026-05-01 04:00:00,49792.5,49795.4,49778.2,49793.7,410.0,20415417.0
2026-05-01 04:30:00,49793.2,49801.5,49789.7,49796.8,238.0,11851638.4
2026-05-01 05:00:00,49796.2,49809.7,49790.2,49809.2,374.0,18628640.8
2026-05-01 05:30:00,49809.7,49810.7,49800.2,49802.5,347.0,17281467.5
2026-05-01 06:00:00,49803.5,49808.7,49791.2,49792.8,383.0,19070642.400000002
2026-05-01 06:30:00,49793.6,49796.5,49764.1,49774.2,616.0,30660907.2
2026-05-01 07:00:00,49774.7,49803.6,49768.6,49796.0,1054.0,52484984.0
2026-05-01 07:30:00,49796.5,49796.5,49764.0,49766.8,798.0,39713906.400000006
2026-05-01 08:00:00,49766.8,49789.4,49756.2,49784.3,1155.0,57500866.5
2026-05-01 08:30:00,49784.1,49787.7,49766.8,49786.5,689.0,34302898.5
2026-05-01 09:00:00,49786.2,49815.2,49763.7,49805.1,807.0,40192715.699999996
2026-05-01 09:30:00,49804.5,49838.2,49798.4,49833.8,687.0,34235820.6
2026-05-01 10:00:00,49833.3,49853.5,49820.7,49840.3,808.0,40270962.400000006
2026-05-01 10:30:00,49839.8,49880.1,49834.2,49867.7,906.0,45180136.199999996
2026-05-01 11:00:00,49868.5,49876.1,49841.9,49862.7,1194.0,59536063.8
2026-05-01 11:30:00,49862.2,49870.5,49839.9,49858.2,984.0,49060468.8
2026-05-01 12:00:00,49858.5,49987.5,49848.0,49946.4,3479.0,173763525.6
2026-05-01 12:30:00,49946.0,49947.4,49865.2,49867.9,2142.0,106817041.8
2026-05-01 13:00:00,49867.6,49930.4,49861.2,49926.6,2216.0,110637345.6
2026-05-01 13:30:00,49928.2,49968.7,49764.3,49961.1,26099.0,1303934748.8999999
2026-05-01 14:00:00,49961.6,50032.7,49928.2,49934.2,14524.0,725244320.8
2026-05-01 14:30:00,49934.5,49953.2,49803.4,49810.2,10843.0,540091998.6
2026-05-01 15:00:00,49810.6,49821.8,49747.1,49760.7,8770.0,436401339.0
2026-05-01 15:30:00,49760.4,49793.4,49683.6,49704.6,6875.0,341719125.0
2026-05-01 16:00:00,49704.2,49717.6,49617.3,49623.2,7122.0,353416430.4
2026-05-01 16:30:00,49622.4,49663.5,49602.0,49633.7,5672.0,281522346.4
2026-05-01 17:00:00,49633.2,49683.7,49631.4,49680.2,3746.0,186102029.2
2026-05-01 17:30:00,49679.4,49739.4,49678.2,49704.6,3646.0,181222971.6
2026-05-01 18:00:00,49705.4,49718.4,49598.1,49644.0,4869.0,241716636.0
2026-05-01 18:30:00,49644.6,49654.6,49578.2,49597.2,4562.0,226262426.39999998
2026-05-01 19:00:00,49597.7,49654.5,49582.2,49639.8,3838.0,190517552.4
2026-05-01 19:30:00,49640.5,49661.5,49530.2,49535.7,5482.0,271554707.4
2026-05-01 20:00:00,49536.5,49554.7,49507.2,49508.4,1491.0,73817024.4
2026-05-01 20:30:00,49507.8,49519.7,49491.4,49492.3,726.0,35931409.800000004
2026-05-03 22:00:00,49661.1,49717.1,49620.3,49641.8,2308.0,114573274.4
2026-05-03 22:30:00,49641.8,49673.8,49635.0,49640.7,1145.0,56838601.5
2026-05-03 23:00:00,49640.2,49651.4,49611.8,49615.7,722.0,35822535.4
2026-05-03 23:30:00,49615.2,49632.5,49587.2,49610.6,1017.0,50453980.199999996
2026-05-04 00:00:00,49610.1,49617.6,49543.2,49552.5,2522.0,124971405.0
2026-05-04 00:30:00,49553.5,49592.7,49553.1,49585.7,1498.0,74279378.6
2026-05-04 01:00:00,49586.5,49590.5,49525.2,49530.7,1864.0,92325224.8
2026-05-04 01:30:00,49530.2,49543.7,49524.2,49534.3,1426.0,70635911.8
2026-05-04 02:00:00,49534.7,49538.7,49489.2,49494.2,1774.0,87802710.8
2026-05-04 02:30:00,49494.7,49520.5,49493.2,49502.2,915.0,45294513.0
2026-05-04 03:00:00,49501.4,49516.5,49499.4,49508.7,703.0,34804616.1
2026-05-04 03:30:00,49508.2,49521.7,49484.4,49512.5,907.0,44907837.5
2026-05-04 04:00:00,49513.5,49530.5,49500.2,49521.7,576.0,28524499.2
2026-05-04 04:30:00,49521.2,49526.7,49508.2,49513.1,356.0,17626663.599999998
2026-05-04 05:00:00,49512.3,49562.7,49509.2,49527.5,933.0,46209157.5
2026-05-04 05:30:00,49528.5,49556.4,49520.2,49546.2,761.0,37704658.199999996
2026-05-04 06:00:00,49546.7,49559.6,49522.4,49539.1,1812.0,89764849.2
2026-05-04 06:30:00,49539.7,49547.7,49478.1,49493.9,2125.0,105174537.5
2026-05-04 07:00:00,49494.3,49553.2,49475.1,49536.8,3160.0,156536288.0
2026-05-04 07:30:00,49536.9,49544.5,49495.0,49495.2,1980.0,98000496.0
2026-05-04 08:00:00,49494.4,49496.1,49406.2,49452.5,4071.0,201321127.5
2026-05-04 08:30:00,49453.5,49468.1,49440.4,49446.7,2649.0,130984308.3
2026-05-04 09:00:00,49448.0,49475.9,49439.2,49451.7,2043.0,101029823.1
2026-05-04 09:30:00,49451.8,49473.0,49440.7,49461.7,1553.0,76814020.1
2026-05-04 10:00:00,49462.5,49474.4,49136.1,49267.4,14811.0,729699461.4
2026-05-04 10:30:00,49267.1,49397.4,49256.8,49351.5,7886.0,389185929.0
2026-05-04 11:00:00,49354.2,49394.5,49325.4,49341.2,5467.0,269748340.4
2026-05-04 11:30:00,49340.4,49363.4,49285.9,49354.7,5146.0,253979286.2
2026-05-04 12:00:00,49355.4,49434.0,49355.3,49408.4,4266.0,210776234.4
2026-05-04 12:30:00,49407.0,49439.3,49380.0,49392.4,3546.0,175145450.4
2026-05-04 13:00:00,49391.9,49421.1,49322.1,49387.1,6984.0,344919506.4
2026-05-04 13:30:00,49387.6,49409.5,49252.1,49348.7,24534.0,1210721005.8
2026-05-04 14:00:00,49348.4,49453.6,49265.3,49440.7,12937.0,639614335.9
2026-05-04 14:30:00,49441.5,49471.7,49330.5,49335.6,9368.0,462175900.8
2026-05-04 15:00:00,49335.2,49355.5,49112.5,49156.1,16908.0,831131338.8
2026-05-04 15:30:00,49156.1,49174.6,49053.2,49104.4,14831.0,728267356.4
2026-05-04 16:00:00,49104.1,49116.6,48931.0,49046.1,15746.0,772279890.6
2026-05-04 16:30:00,49045.5,49081.7,48976.1,48984.2,7946.0,389228453.2
2026-05-04 17:00:00,48983.4,49138.7,48968.1,49137.3,9012.0,442825347.6
2026-05-04 17:30:00,49137.7,49139.7,49062.2,49062.7,5166.0,253457908.2
2026-05-04 18:00:00,49062.4,49118.6,48985.2,49006.6,5385.0,263900541.0
2026-05-04 18:30:00,49007.5,49012.7,48946.4,48969.2,5290.0,259047067.99999997
2026-05-04 19:00:00,48969.7,49019.4,48952.2,48970.1,5774.0,282753357.4
2026-05-04 19:30:00,48970.7,49001.8,48953.3,48996.4,6075.0,297653130.0
2026-05-04 20:00:00,48996.7,48997.5,48938.6,48987.8,1531.0,75000321.8
2026-05-04 20:30:00,48986.6,48991.7,48970.5,48988.2,807.0,39533477.4
2026-05-04 22:00:00,49013.2,49040.9,49000.9,49035.7,1011.0,49575092.699999996
2026-05-04 22:30:00,49036.5,49038.6,49003.2,49010.5,814.0,39894547.0
2026-05-04 23:00:00,49010.2,49020.1,49005.3,49014.7,354.0,17351203.8
2026-05-04 23:30:00,49014.2,49016.6,48995.4,49010.2,339.0,16614457.799999999
2026-05-05 00:00:00,49009.3,49050.7,48979.2,48988.2,1786.0,87492925.19999999
2026-05-05 00:30:00,48987.4,49022.5,48978.5,49014.1,961.0,47102550.1
2026-05-05 01:00:00,49013.3,49013.7,48983.2,48999.7,1232.0,60367630.4
2026-05-05 01:30:00,49000.5,49025.7,48993.2,49013.7,1165.0,57100960.5
2026-05-05 02:00:00,49014.6,49039.5,49013.2,49038.7,512.0,25107814.4
2026-05-05 02:30:00,49039.5,49050.5,49013.0,49024.7,693.0,33974117.1
2026-05-05 03:00:00,49025.5,49049.5,49022.2,49042.8,389.0,19077649.200000003
2026-05-05 03:30:00,49042.2,49049.5,49037.2,49044.7,232.0,11378370.399999999
2026-05-05 04:00:00,49044.2,49054.7,49041.2,49049.2,333.0,16333383.6
2026-05-05 04:30:00,49048.3,49069.7,49039.2,49054.8,433.0,21240728.400000002
2026-05-05 05:00:00,49054.2,49058.5,49040.2,49046.7,494.0,24229069.799999997
2026-05-05 05:30:00,49047.5,49078.7,49042.4,49074.2,598.0,29346371.599999998
2026-05-05 06:00:00,49073.4,49094.4,49022.1,49031.1,1646.0,80705190.6
2026-05-05 06:30:00,49030.3,49099.7,49030.3,49097.2,1440.0,70699968.0
2026-05-05 07:00:00,49097.7,49131.7,49091.5,49113.7,2682.0,131722943.39999999
2026-05-05 07:30:00,49113.8,49184.5,49093.2,49105.2,3211.0,157676797.2
2026-05-05 08:00:00,49105.0,49146.8,49102.6,49131.2,2489.0,122287556.8
2026-05-05 08:30:00,49130.4,49152.2,49112.1,49121.4,1911.0,93870995.4
2026-05-05 09:00:00,49121.7,49126.6,49087.2,49110.1,1760.0,86433776.0
2026-05-05 09:30:00,49110.0,49151.8,49110.0,49132.1,1648.0,80969700.8
2026-05-05 10:00:00,49132.5,49133.7,49117.1,49128.9,1199.0,58905551.1
2026-05-05 10:30:00,49129.3,49177.3,49110.7,49130.7,1815.0,89172220.5
2026-05-05 11:00:00,49130.8,49142.6,49062.1,49114.4,2697.0,132461536.8
2026-05-05 11:30:00,49114.4,49162.7,49110.9,49161.8,1673.0,82247691.4
2026-05-05 12:00:00,49160.3,49225.4,49145.3,49220.9,3807.0,187383966.3
2026-05-05 12:30:00,49221.6,49223.0,49160.4,49175.8,1839.0,90434296.2
2026-05-05 13:00:00,49176.5,49234.2,49173.4,49234.2,2537.0,124907165.39999999
2026-05-05 13:30:00,49234.7,49258.4,49039.4,49210.6,23194.0,1141390656.3999999
2026-05-05 14:00:00,49211.5,49293.6,49152.2,49269.1,13768.0,678336968.8
2026-05-05 14:30:00,49268.3,49300.5,49206.2,49300.5,8280.0,408208140.0
2026-05-05 15:00:00,49301.4,49349.7,49239.1,49266.1,6496.0,320032585.59999996
2026-05-05 15:30:00,49265.4,49274.7,49204.2,49215.4,5349.0,263253174.6
2026-05-05 16:00:00,49215.8,49263.5,49214.4,49259.7,4494.0,221373091.79999998
2026-05-05 16:30:00,49260.5,49263.7,49221.2,49225.3,3669.0,180607625.70000002
2026-05-05 17:00:00,49225.8,49282.6,49213.3,49282.6,2931.0,144447300.6
2026-05-05 17:30:00,49283.5,49313.7,49276.4,49282.7,2886.0,142229872.2
2026-05-05 18:00:00,49283.5,49337.8,49271.1,49329.2,2782.0,137233834.4
2026-05-05 18:30:00,49328.3,49335.7,49280.2,49317.5,2366.0,116685205.0
2026-05-05 19:00:00,49317.9,49375.7,49316.2,49357.1,2638.0,130204029.8
2026-05-05 19:30:00,49356.4,49395.5,49305.2,49333.2,5397.0,266251280.39999998
2026-05-05 20:00:00,49333.5,49376.1,49291.2,49296.2,2366.0,116634809.19999999
2026-05-05 20:30:00,49295.7,49315.6,49272.0,49314.3,1571.0,77472765.30000001
2026-05-05 22:00:00,49282.6,49311.6,49276.0,49288.9,1530.0,75412017.0
2026-05-05 22:30:00,49288.4,49447.5,49286.4,49434.2,3574.0,176677830.79999998
2026-05-05 23:00:00,49432.1,49477.7,49415.1,49444.4,2264.0,111942121.60000001
2026-05-05 23:30:00,49444.7,49455.7,49408.2,49417.6,926.0,45760697.6
2026-05-06 00:00:00,49417.1,49449.7,49408.4,49430.7,2459.0,121550091.3
2026-05-06 00:30:00,49432.2,49439.7,49414.4,49430.7,1345.0,66484291.49999999
2026-05-06 01:00:00,49431.5,49467.7,49431.5,49452.5,1341.0,66315802.5
2026-05-06 01:30:00,49452.1,49495.7,49444.4,49479.5,1116.0,55219122.0
2026-05-06 02:00:00,49479.1,49480.7,49453.2,49455.3,892.0,44114127.6
2026-05-06 02:30:00,49454.4,49459.5,49431.2,49433.5,591.0,29215198.5
2026-05-06 03:00:00,49434.5,49448.7,49432.2,49439.3,602.0,29762458.6
2026-05-06 03:30:00,49440.4,49467.7,49439.2,49448.7,600.0,29669220.0
2026-05-06 04:00:00,49449.6,49469.5,49432.4,49457.2,559.0,27646574.799999997
2026-05-06 04:30:00,49457.7,49464.7,49431.2,49434.2,915.0,45232293.0
2026-05-06 05:00:00,49433.3,49433.3,49400.4,49413.6,618.0,30537604.8
2026-05-06 05:30:00,49413.1,49434.7,49397.4,49428.2,751.0,37120578.199999996
2026-05-06 06:00:00,49428.7,49454.5,49418.2,49418.2,1304.0,64441332.8
2026-05-06 06:30:00,49418.7,49421.5,49385.1,49418.0,1340.0,66220120.0
2026-05-06 07:00:00,49418.6,49448.5,49404.2,49431.3,2369.0,117102749.7
2026-05-06 07:30:00,49431.5,49467.6,49413.9,49465.2,2187.0,108180392.39999999
2026-05-06 08:00:00,49466.2,49475.2,49428.2,49459.9,2830.0,139971517.0
2026-05-06 08:30:00,49460.5,49705.4,49447.4,49641.1,7534.0,373996047.4
2026-05-06 09:00:00,49641.6,49680.5,49576.2,49638.9,6739.0,334516547.1
2026-05-06 09:30:00,49638.5,49752.7,49624.8,49749.3,4797.0,238647392.10000002
2026-05-06 10:00:00,49749.4,49826.6,49747.3,49809.4,4131.0,205762631.4
2026-05-06 10:30:00,49809.0,49933.1,49803.4,49906.4,5798.0,289357307.2
2026-05-06 11:00:00,49905.4,49985.8,49895.1,49910.1,5905.0,294719140.5
2026-05-06 11:30:00,49911.3,49922.5,49815.1,49842.1,5243.0,261322130.29999998
2026-05-06 12:00:00,49842.4,49856.7,49666.0,49765.6,7363.0,366424112.8
2026-05-06 12:30:00,49765.2,49796.6,49743.2,49756.7,4218.0,209873760.6
2026-05-06 13:00:00,49756.9,49771.4,49689.8,49745.6,6064.0,301657318.4
2026-05-06 13:30:00,49743.7,49916.6,49731.0,49876.7,29978.0,1495203712.6
2026-05-06 14:00:00,49877.5,49944.9,49767.2,49884.7,17456.0,870787323.1999999
2026-05-06 14:30:00,49885.4,49999.4,49873.1,49993.6,11296.0,564727705.6
2026-05-06 15:00:00,49994.5,50015.6,49916.8,49919.0,7751.0,386922169.0
2026-05-06 15:30:00,49918.5,49930.9,49846.6,49878.5,6832.0,340769912.0
2026-05-06 16:00:00,49879.0,49881.8,49816.5,49843.0,4866.0,242536038.0
2026-05-06 16:30:00,49842.5,49867.9,49815.5,49832.9,4617.0,230078499.3
2026-05-06 17:00:00,49833.8,49877.7,49803.7,49846.0,4146.0,206661516.0
2026-05-06 17:30:00,49845.5,49886.0,49821.7,49885.0,3240.0,161627400.0
2026-05-06 18:00:00,49884.5,49975.0,49872.4,49948.7,3935.0,196548134.5
2026-05-06 18:30:00,49947.8,49971.0,49907.7,49938.6,3260.0,162799836.0
2026-05-06 19:00:00,49939.0,50051.5,49938.5,50027.2,4675.0,233877160.0
2026-05-06 19:30:00,50027.0,50052.7,49941.2,49944.7,6916.0,345417545.2
2026-05-06 20:00:00,49945.6,49969.7,49922.2,49946.2,2116.0,105686159.19999999
2026-05-06 20:30:00,49945.4,49948.5,49915.3,49943.6,1172.0,58533899.199999996
2026-05-06 22:00:00,49975.9,49979.6,49919.8,49923.6,1276.0,63702513.6
2026-05-06 22:30:00,49924.4,49934.7,49916.0,49919.7,526.0,26257762.2
2026-05-06 23:00:00,49919.9,49928.4,49914.4,49919.2,382.0,19069134.4
2026-05-06 23:30:00,49919.7,49935.4,49909.3,49920.2,681.0,33995656.199999996
2026-05-07 00:00:00,49919.4,49964.5,49917.5,49946.7,2213.0,110532047.1
2026-05-07 00:30:00,49946.2,49991.7,49942.4,49989.2,1105.0,55238066.0
2026-05-07 01:00:00,49988.4,50008.7,49971.4,50007.2,1352.0,67609734.39999999
2026-05-07 01:30:00,50006.4,50028.4,50005.4,50019.2,871.0,43566723.199999996
2026-05-07 02:00:00,50017.7,50031.7,49995.4,50012.5,1174.0,58714675.0
2026-05-07 02:30:00,50013.5,50027.7,50006.3,50021.2,780.0,39016536.0
2026-05-07 03:00:00,50021.0,50031.7,50005.2,50025.4,553.0,27664046.2
2026-05-07 03:30:00,50024.4,50034.7,50023.4,50024.2,452.0,22610938.4
2026-05-07 04:00:00,50023.4,50041.8,50018.2,50037.2,436.0,21816219.2
2026-05-07 04:30:00,50037.7,50045.5,50029.2,50040.4,369.0,18464907.6
2026-05-07 05:00:00,50040.8,50052.5,50022.1,50028.7,454.0,22713029.799999997
2026-05-07 05:30:00,50029.5,50041.6,50022.2,50022.2,464.0,23210300.799999997
2026-05-07 06:00:00,50021.4,50040.7,50006.2,50033.2,726.0,36324103.199999996
2026-05-07 06:30:00,50033.7,50124.6,50021.4,50076.1,1741.0,87182490.1
2026-05-07 07:00:00,50076.6,50146.5,50032.4,50080.4,5726.0,286760370.40000004
2026-05-07 07:30:00,50080.8,50099.7,50047.1,50070.6,2550.0,127680030.0
2026-05-07 08:00:00,50071.5,50099.7,49992.9,50023.4,4070.0,203595238.0
2026-05-07 08:30:00,50024.2,50030.3,49993.5,50002.2,2437.0,121855361.39999999
2026-05-07 09:00:00,50002.7,50007.8,49978.5,49989.9,2119.0,105928598.10000001
2026-05-07 09:30:00,49989.4,50006.7,49947.1,49963.1,1981.0,98976901.1
2026-05-07 10:00:00,49962.5,49996.3,49948.2,49968.7,1779.0,88894317.3
2026-05-07 10:30:00,49968.2,49989.5,49946.1,49975.6,1815.0,90705714.0
2026-05-07 11:00:00,49976.9,50062.2,49976.9,50037.4,2878.0,144007637.20000002
2026-05-07 11:30:00,50038.9,50072.7,50003.0,50018.2,1837.0,91883433.39999999
2026-05-07 12:00:00,50017.4,50086.1,50014.9,50077.3,2098.0,105062175.4
2026-05-07 12:30:00,50077.7,50103.7,50051.9,50071.3,2574.0,128883526.2
2026-05-07 13:00:00,50071.7,50096.4,50010.3,50095.9,3447.0,172680567.3
2026-05-07 13:30:00,50095.1,50166.6,49885.3,49920.2,32120.0,1603436824.0
2026-05-07 14:00:00,49919.5,49957.5,49750.2,49760.8,14218.0,707499054.4000001
2026-05-07 14:30:00,49760.2,49924.5,49760.2,49920.7,9538.0,476143636.59999996
2026-05-07 15:00:00,49921.5,49940.7,49819.0,49867.2,10007.0,499021070.4
2026-05-07 15:30:00,49867.7,49913.5,49833.8,49847.1,8343.0,415874355.3
2026-05-07 16:00:00,49847.0,49852.7,49735.4,49796.5,12520.0,623452180.0
2026-05-07 16:30:00,49796.1,49801.7,49648.2,49660.6,8727.0,433388056.2
2026-05-07 17:00:00,49660.2,49735.8,49557.1,49588.3,12872.0,638300597.6
2026-05-07 17:30:00,49588.8,49632.8,49535.3,49630.8,14274.0,708430039.2
2026-05-07 18:00:00,49630.2,49702.5,49589.4,49659.2,8972.0,445542342.4
2026-05-07 18:30:00,49659.7,49676.7,49512.1,49607.7,10950.0,543204315.0
2026-05-07 19:00:00,49608.4,49643.7,49555.2,49599.7,8849.0,438907745.29999995
2026-05-07 19:30:00,49599.3,49656.7,49573.3,49628.2,9042.0,448738184.4
2026-05-07 20:00:00,49627.4,49754.5,49584.7,49675.0,4253.0,211267775.0
2026-05-07 20:30:00,49674.4,49685.4,49559.2,49564.2,4186.0,207475741.2
2026-05-07 22:00:00,49542.2,49614.5,49529.9,49594.4,2974.0,147493745.6
2026-05-07 22:30:00,49595.3,49598.4,49540.8,49564.7,1408.0,69787097.6
2026-05-07 23:00:00,49565.3,49589.6,49558.3,49587.6,594.0,29455034.4
2026-05-07 23:30:00,49588.4,49640.7,49582.3,49640.7,718.0,35642022.6
2026-05-08 00:00:00,49641.5,49692.4,49627.4,49640.4,2302.0,114272200.8
2026-05-08 00:30:00,49640.8,49656.7,49631.4,49656.1,1370.0,68028857.0
2026-05-08 01:00:00,49655.3,49695.4,49655.3,49669.2,1746.0,86722423.19999999
2026-05-08 01:30:00,49668.4,49678.5,49651.2,49662.3,1235.0,61332940.5
2026-05-08 02:00:00,49662.8,49687.7,49656.2,49683.4,1171.0,58179261.4
2026-05-08 02:30:00,49683.8,49705.7,49624.1,49681.2,2070.0,102840084.0
2026-05-08 03:00:00,49681.7,49686.5,49666.4,49679.3,768.0,38153702.400000006
2026-05-08 03:30:00,49679.7,49706.7,49672.4,49686.7,957.0,47550171.9
2026-05-08 04:00:00,49688.2,49688.7,49653.2,49664.3,849.0,42164990.7
2026-05-08 04:30:00,49665.4,49689.7,49645.4,49673.7,856.0,42520687.199999996
2026-05-08 05:00:00,49674.6,49686.5,49666.2,49679.4,808.0,40140955.2
2026-05-08 05:30:00,49679.7,49692.5,49672.2,49679.2,950.0,47195240.0
2026-05-08 06:00:00,49679.7,49728.5,49660.2,49723.1,1646.0,81844222.6
2026-05-08 06:30:00,49723.7,49728.5,49696.4,49711.1,1324.0,65817496.4
2026-05-08 07:00:00,49711.6,49712.7,49654.2,49684.1,3305.0,164205950.5
2026-05-08 07:30:00,49684.6,49712.9,49665.1,49703.1,2658.0,132110839.8
2026-05-08 08:00:00,49704.1,49713.7,49669.3,49708.7,2985.0,148380469.5
2026-05-08 08:30:00,49709.5,49738.4,49699.4,49728.2,2085.0,103683297.0
2026-05-08 09:00:00,49728.7,49793.8,49724.5,49773.2,1671.0,83171017.19999999
2026-05-08 09:30:00,49771.8,49778.5,49713.2,49742.8,2107.0,104808079.60000001
2026-05-08 10:00:00,49743.5,49769.6,49739.6,49756.2,1526.0,75927961.2
2026-05-08 10:30:00,49756.7,49784.5,49728.8,49767.3,1937.0,96399260.10000001
2026-05-08 11:00:00,49768.2,49791.6,49752.4,49774.4,1959.0,97508049.60000001
2026-05-08 11:30:00,49774.5,49786.9,49755.8,49775.0,1366.0,67992650.0
2026-05-08 12:00:00,49774.4,49802.9,49766.1,49786.8,2170.0,108037356.0
2026-05-08 12:30:00,49784.1,49878.3,49746.1,49774.4,5063.0,252007787.20000002
2026-05-08 13:00:00,49775.4,49860.5,49721.1,49860.4,4954.0,247008421.6
2026-05-08 13:30:00,49861.3,49869.3,49654.9,49716.6,27829.0,1383563261.3999999
2026-05-08 14:00:00,49717.6,49758.7,49650.1,49743.4,14707.0,731576183.8000001
2026-05-08 14:30:00,49743.8,49776.7,49677.1,49690.2,9826.0,488255905.2
2026-05-08 15:00:00,49689.4,49704.7,49597.0,49625.2,7839.0,389011942.79999995
2026-05-08 15:30:00,49625.7,49676.4,49591.0,49672.2,6799.0,337721287.79999995
2026-05-08 16:00:00,49671.4,49706.6,49635.1,49643.7,4730.0,234814701.0
2026-05-08 16:30:00,49644.5,49659.4,49577.1,49577.8,5571.0,276197923.8
2026-05-08 17:00:00,49577.2,49653.7,49575.0,49641.4,5088.0,252575443.20000002
2026-05-08 17:30:00,49641.8,49646.4,49602.4,49628.3,3894.0,193252600.20000002
2026-05-08 18:00:00,49627.5,49677.5,49617.2,49632.7,4357.0,216249673.89999998
2026-05-08 18:30:00,49632.3,49655.6,49504.2,49535.5,4399.0,217906664.5
2026-05-08 19:00:00,49536.5,49584.4,49518.4,49568.3,4737.0,234805037.10000002
2026-05-08 19:30:00,49568.1,49627.5,49559.2,49623.7,6161.0,305731615.7
2026-05-08 20:00:00,49623.2,49640.6,49601.8,49623.4,1584.0,78603465.60000001
2026-05-08 20:30:00,49623.7,49662.4,49621.2,49662.1,550.0,27314155.0
2026-05-10 22:00:00,49526.6,49554.6,49401.4,49465.6,2881.0,142510393.6
2026-05-10 22:30:00,49465.1,49532.2,49442.4,49517.2,989.0,48972510.8
2026-05-10 23:00:00,49516.3,49529.8,49497.0,49508.7,976.0,48320491.199999996
2026-05-10 23:30:00,49508.1,49514.4,49482.2,49485.5,1075.0,53196912.5
2026-05-11 00:00:00,49485.7,49505.5,49435.2,49451.5,2416.0,119474824.0
2026-05-11 00:30:00,49452.5,49466.5,49408.2,49458.1,2574.0,127305149.39999999
2026-05-11 01:00:00,49457.3,49502.5,49454.7,49495.2,2338.0,115719777.6
2026-05-11 01:30:00,49494.3,49496.7,49465.4,49494.2,1534.0,75924102.8
2026-05-11 02:00:00,49493.3,49513.7,49483.2,49511.3,882.0,43668966.6
2026-05-11 02:30:00,49511.7,49514.7,49488.4,49493.2,688.0,34051321.6
2026-05-11 03:00:00,49491.7,49522.4,49472.4,49519.7,970.0,48034109.0
2026-05-11 03:30:00,49519.2,49546.7,49519.2,49521.3,728.0,36051506.4
2026-05-11 04:00:00,49521.7,49529.4,49504.0,49522.3,526.0,26048729.8
2026-05-11 04:30:00,49522.7,49523.7,49506.2,49513.7,423.0,20944295.099999998
2026-05-11 05:00:00,49514.5,49537.5,49513.4,49532.5,533.0,26400822.5
2026-05-11 05:30:00,49531.5,49541.7,49521.2,49531.2,787.0,38981054.4
2026-05-11 06:00:00,49531.7,49562.4,49527.2,49553.1,1015.0,50296396.5
2026-05-11 06:30:00,49553.7,49569.7,49533.4,49566.9,937.0,46444185.300000004
2026-05-11 07:00:00,49566.2,49582.7,49548.3,49551.9,1838.0,91076392.2
2026-05-11 07:30:00,49552.2,49569.6,49533.3,49559.7,1640.0,81277908.0
2026-05-11 08:00:00,49559.4,49636.0,49553.1,49617.4,2610.0,129501414.0
2026-05-11 08:30:00,49616.4,49637.7,49597.4,49602.2,1661.0,82389254.19999999
2026-05-11 09:00:00,49602.0,49619.4,49589.3,49610.3,1547.0,76747134.10000001
2026-05-11 09:30:00,49610.1,49638.7,49599.4,49599.4,1306.0,64776816.4
2026-05-11 10:00:00,49598.6,49630.0,49595.5,49616.2,1190.0,59043278.0
2026-05-11 10:30:00,49616.7,49630.1,49591.3,49599.3,1318.0,65371877.400000006
2026-05-11 11:00:00,49597.5,49597.5,49549.7,49565.0,1627.0,80642255.0
2026-05-11 11:30:00,49565.5,49598.6,49526.3,49544.1,1972.0,97700965.2
2026-05-11 12:00:00,49544.5,49605.0,49544.5,49593.6,2512.0,124579123.2
2026-05-11 12:30:00,49593.3,49629.3,49531.2,49555.7,2853.0,141382412.1
2026-05-11 13:00:00,49555.4,49627.1,49545.3,49601.1,3111.0,154309022.1
2026-05-11 13:30:00,49601.6,49742.8,49494.2,49741.7,36019.0,1791646292.3
2026-05-11 14:00:00,49741.3,49749.8,49584.2,49732.4,16736.0,832321446.4
2026-05-11 14:30:00,49732.7,49739.7,49614.4,49674.5,13213.0,656349168.5
2026-05-11 15:00:00,49674.2,49718.5,49634.2,49688.2,8522.0,423442840.4
2026-05-11 15:30:00,49688.5,49708.5,49617.6,49645.5,7715.0,383015032.5
2026-05-11 16:00:00,49645.2,49691.5,49611.2,49664.4,5665.0,281348826.0
2026-05-11 16:30:00,49664.7,49687.7,49599.0,49620.7,7305.0,362479213.5
2026-05-11 17:00:00,49621.5,49702.5,49610.5,49697.5,4873.0,242175917.5
2026-05-11 17:30:00,49699.1,49774.8,49699.1,49770.8,4476.0,222774100.8
2026-05-11 18:00:00,49771.5,49806.5,49727.2,49732.2,4315.0,214594443.0
2026-05-11 18:30:00,49731.4,49746.7,49648.8,49651.4,4944.0,245476521.6
2026-05-11 19:00:00,49651.7,49690.7,49630.2,49684.2,5919.0,294080779.8
2026-05-11 19:30:00,49683.4,49743.7,49652.4,49743.2,6503.0,323480029.59999996
2026-05-11 20:00:00,49743.7,49752.7,49701.4,49728.1,2217.0,110247197.7
2026-05-11 20:30:00,49727.4,49763.0,49722.7,49748.6,811.0,40346114.6
2026-05-11 22:00:00,49736.6,49774.3,49733.0,49766.6,836.0,41604877.6
2026-05-11 22:30:00,49767.4,49779.4,49753.1,49757.8,255.0,12688239.0
2026-05-11 23:00:00,49759.1,49761.6,49749.1,49753.7,254.0,12637439.799999999
2026-05-11 23:30:00,49753.8,49753.8,49731.4,49744.3,440.0,21887492.0
2026-05-12 00:00:00,49743.4,49744.7,49708.3,49721.7,1633.0,81195536.1
2026-05-12 00:30:00,49721.2,49724.5,49686.4,49697.7,921.0,45771581.699999996
2026-05-12 01:00:00,49697.2,49709.5,49683.4,49705.2,1473.0,73215759.6
2026-05-12 01:30:00,49705.7,49720.2,49651.2,49715.3,3496.0,173804688.8
2026-05-12 02:00:00,49714.3,49751.7,49697.4,49721.2,1978.0,98348533.6
2026-05-12 02:30:00,49721.7,49734.7,49709.4,49722.2,1153.0,57329696.599999994
2026-05-12 03:00:00,49722.7,49736.7,49709.2,49713.7,747.0,37136133.9
2026-05-12 03:30:00,49714.5,49731.7,49702.1,49706.7,638.0,31712874.599999998
2026-05-12 04:00:00,49707.5,49726.7,49706.4,49716.5,529.0,26300028.5
2026-05-12 04:30:00,49717.5,49730.7,49703.2,49704.8,802.0,39863249.6
2026-05-12 05:00:00,49704.2,49719.7,49689.2,49712.7,1130.0,56175351.0
2026-05-12 05:30:00,49713.5,49732.7,49691.2,49717.5,1286.0,63936705.0
2026-05-12 06:00:00,49717.1,49723.7,49677.2,49682.5,1790.0,88931675.0
2026-05-12 06:30:00,49683.4,49686.4,49623.5,49629.7,1264.0,62731940.8
2026-05-12 07:00:00,49630.5,49684.7,49583.3,49674.1,3277.0,162782025.7
2026-05-12 07:30:00,49674.6,49725.4,49665.9,49710.7,2337.0,116173905.89999999
2026-05-12 08:00:00,49712.2,49745.5,49693.7,49701.9,3478.0,172863208.20000002
2026-05-12 08:30:00,49702.8,49725.9,49675.9,49686.4,2486.0,123520390.4
2026-05-12 09:00:00,49685.4,49695.9,49658.5,49676.7,2272.0,112865462.39999999
2026-05-12 09:30:00,49677.4,49725.5,49650.0,49670.2,3503.0,173994710.6
2026-05-12 10:00:00,49670.6,49699.4,49665.2,49691.5,1759.0,87407348.5
2026-05-12 10:30:00,49691.8,49708.8,49674.7,49708.8,1868.0,92856038.4
2026-05-12 11:00:00,49708.3,49735.4,49662.3,49678.1,3597.0,178692125.7
2026-05-12 11:30:00,49678.6,49739.5,49678.6,49706.1,2030.0,100903383.0
2026-05-12 12:00:00,49706.6,49709.6,49671.2,49704.6,2680.0,133208328.0
2026-05-12 12:30:00,49706.6,49775.2,49661.8,49764.2,5424.0,269921020.8
2026-05-12 13:00:00,49763.4,49772.5,49656.6,49678.3,3941.0,195782180.3
2026-05-12 13:30:00,49678.0,49730.6,49333.3,49441.2,37684.0,1863142180.8
2026-05-12 14:00:00,49441.7,49524.4,49379.3,49468.7,19211.0,950343195.6999999
2026-05-12 14:30:00,49468.3,49488.7,49377.5,49462.4,16493.0,815783363.2
2026-05-12 15:00:00,49462.1,49495.9,49425.1,49491.7,14860.0,735446662.0
2026-05-12 15:30:00,49491.2,49591.5,49476.1,49554.2,11742.0,581865416.4
2026-05-12 16:00:00,49554.7,49579.4,49514.3,49565.3,8989.0,445542481.70000005
2026-05-12 16:30:00,49564.4,49668.7,49542.2,49666.2,9295.0,461647329.0
2026-05-12 17:00:00,49666.7,49765.8,49650.8,49744.3,10404.0,517539697.20000005
2026-05-12 17:30:00,49744.8,49758.5,49710.2,49749.7,7115.0,353969115.5
2026-05-12 18:00:00,49749.2,49814.7,49710.5,49794.2,7845.0,390635499.0
2026-05-12 18:30:00,49794.7,49815.6,49775.2,49808.7,6027.0,300197034.9
2026-05-12 19:00:00,49808.4,49849.7,49794.2,49823.5,6577.0,327689159.5
2026-05-12 19:30:00,49823.1,49864.4,49801.1,49815.7,8409.0,418900221.29999995
2026-05-12 20:00:00,49815.2,49816.3,49776.4,49796.8,2100.0,104573280.0
2026-05-12 20:30:00,49796.3,49812.7,49778.4,49807.7,986.0,49110392.199999996
2026-05-12 22:00:00,49799.6,49830.3,49789.3,49826.7,1170.0,58297239.0
2026-05-12 22:30:00,49827.4,49832.5,49810.2,49812.3,629.0,31331936.700000003
2026-05-12 23:00:00,49812.6,49813.7,49794.2,49797.7,712.0,35455962.4
2026-05-12 23:30:00,49798.5,49800.7,49758.4,49760.7,814.0,40505209.8
2026-05-13 00:00:00,49760.2,49805.7,49760.2,49780.5,2599.0,129379519.5
2026-05-13 00:30:00,49781.5,49807.4,49772.2,49785.2,1973.0,98226199.6
2026-05-13 01:00:00,49784.4,49800.7,49770.2,49800.7,1461.0,72758822.7
2026-05-13 01:30:00,49801.5,49826.7,49797.4,49797.7,1737.0,86498604.89999999
2026-05-13 02:00:00,49797.2,49797.2,49773.4,49790.7,875.0,43566862.5
2026-05-13 02:30:00,49791.5,49795.5,49783.2,49785.1,515.0,25639326.5
2026-05-13 03:00:00,49784.3,49787.5,49763.4,49785.7,679.0,33804490.3
2026-05-13 03:30:00,49786.5,49820.5,49786.1,49811.5,683.0,34021254.5
2026-05-13 04:00:00,49812.5,49814.7,49797.4,49799.4,414.0,20616951.6
2026-05-13 04:30:00,49798.4,49818.7,49785.2,49813.7,507.0,25255545.9
2026-05-13 05:00:00,49813.2,49833.1,49807.4,49829.2,738.0,36773949.6
2026-05-13 05:30:00,49829.7,49838.6,49822.4,49826.5,531.0,26457871.5
2026-05-13 06:00:00,49826.1,49828.7,49785.4,49796.2,947.0,47157001.4
2026-05-13 06:30:00,49795.4,49804.7,49774.2,49792.1,802.0,39933264.199999996
2026-05-13 07:00:00,49792.7,49806.4,49772.2,49789.2,1845.0,91861074.0
2026-05-13 07:30:00,49788.3,49828.1,49788.2,49803.6,1403.0,69874450.8
2026-05-13 08:00:00,49803.8,49820.6,49772.1,49779.3,1976.0,98363896.80000001
2026-05-13 08:30:00,49779.1,49797.8,49723.6,49744.0,1512.0,75212928.0
2026-05-13 09:00:00,49743.9,49751.8,49682.2,49682.2,1809.0,89875099.8
2026-05-13 09:30:00,49682.7,49711.8,49662.1,49708.9,1786.0,88780095.4
2026-05-13 10:00:00,49708.9,49733.1,49668.4,49670.7,2151.0,106841675.69999999
2026-05-13 10:30:00,49670.9,49686.5,49641.3,49669.5,1729.0,85878565.5
2026-05-13 11:00:00,49669.3,49695.7,49658.6,49672.4,1990.0,98848076.0
2026-05-13 11:30:00,49672.7,49700.8,49669.0,49675.7,1671.0,83008094.69999999
2026-05-13 12:00:00,49675.6,49690.1,49628.1,49647.4,2245.0,111458413.0
2026-05-13 12:30:00,49604.9,49616.8,49536.5,49563.9,6768.0,335448475.2
2026-05-13 13:00:00,49564.6,49681.4,49564.6,49644.0,4041.0,200611404.0
2026-05-13 13:30:00,49644.5,49647.1,49480.1,49577.6,34277.0,1699371395.2
2026-05-13 14:00:00,49577.3,49686.7,49566.4,49674.4,18723.0,930053791.2
2026-05-13 14:30:00,49674.7,49712.6,49515.2,49529.7,12435.0,615901819.5
2026-05-13 15:00:00,49530.5,49573.7,49485.2,49544.7,10092.0,500005112.4
2026-05-13 15:30:00,49545.5,49606.6,49536.5,49580.2,7197.0,356828699.4
2026-05-13 16:00:00,49579.4,49679.6,49547.6,49659.6,6835.0,339423366.0
2026-05-13 16:30:00,49658.8,49670.4,49601.2,49633.8,5655.0,280679139.0
2026-05-13 17:00:00,49634.5,49688.9,49622.6,49662.2,5319.0,264153241.79999998
2026-05-13 17:30:00,49661.4,49705.7,49636.2,49698.3,4795.0,238303348.5
2026-05-13 18:00:00,49698.8,49756.7,49686.2,49733.2,5778.0,287358429.59999996
2026-05-13 18:30:00,49733.0,49760.7,49683.1,49738.1,5504.0,273758502.4
2026-05-13 19:00:00,49738.7,49776.7,49731.2,49766.7,4970.0,247340499.0
2026-05-13 19:30:00,49766.2,49785.6,49715.3,49739.2,6535.0,325045672.0
2026-05-13 20:00:00,49738.3,49822.7,49720.9,49819.2,2306.0,114883075.19999999
2026-05-13 20:30:00,49819.6,49855.7,49818.2,49840.8,896.0,44657356.800000004
2026-05-13 22:00:00,49852.3,49873.6,49836.3,49847.9,1208.0,60216263.2
2026-05-13 22:30:00,49847.9,49866.7,49846.2,49854.5,548.0,27320266.0
2026-05-13 23:00:00,49854.8,49861.4,49843.4,49846.2,649.0,32350183.799999997
2026-05-13 23:30:00,49846.7,49857.5,49837.2,49850.7,353.0,17597297.099999998
2026-05-14 00:00:00,49850.2,49866.7,49829.2,49862.7,1843.0,91896956.1
2026-05-14 00:30:00,49863.5,49878.5,49845.4,49862.2,1118.0,55745939.599999994
2026-05-14 01:00:00,49862.7,49864.7,49832.2,49844.7,936.0,46654639.199999996
2026-05-14 01:30:00,49844.2,49848.4,49822.2,49827.5,929.0,46289747.5
2026-05-14 02:00:00,49828.5,49847.5,49826.2,49846.6,757.0,37733876.199999996
2026-05-14 02:30:00,49846.1,49863.7,49845.2,49854.5,807.0,40232581.5
2026-05-14 03:00:00,49854.1,49871.7,49852.2,49870.4,706.0,35208502.4
2026-05-14 03:30:00,49870.7,49870.7,49846.1,49852.7,806.0,40181276.199999996
2026-05-14 04:00:00,49853.5,49864.7,49846.2,49863.7,642.0,32012495.4
2026-05-14 04:30:00,49863.2,49874.4,49853.2,49856.7,654.0,32606281.799999997
2026-05-14 05:00:00,49856.2,49864.5,49845.2,49853.5,1085.0,54091047.5
2026-05-14 05:30:00,49854.5,49910.5,49848.2,49876.4,2239.0,111673259.60000001
2026-05-14 06:00:00,49875.4,49910.7,49875.2,49892.7,1663.0,82971560.1
2026-05-14 06:30:00,49893.5,49930.7,49892.4,49910.7,1278.0,63785874.599999994
2026-05-14 07:00:00,49910.2,49916.0,49878.3,49893.1,2017.0,100634382.7
2026-05-14 07:30:00,49892.4,49931.5,49853.5,49857.7,1783.0,88896279.1
2026-05-14 08:00:00,49857.3,49962.7,49847.4,49958.7,2792.0,139484690.4
2026-05-14 08:30:00,49959.4,49982.7,49942.9,49964.4,1979.0,98879547.60000001
2026-05-14 09:00:00,49964.7,49990.6,49943.2,49946.9,1799.0,89854473.10000001
2026-05-14 09:30:00,49946.9,50001.5,49914.4,49992.7,2398.0,119882494.6
2026-05-14 10:00:00,49992.9,50069.4,49980.9,50059.9,3220.0,161192878.0
2026-05-14 10:30:00,50059.9,50101.3,50027.2,50085.4,2504.0,125413841.60000001
2026-05-14 11:00:00,50085.8,50142.4,50075.3,50081.0,2610.0,130711410.0
2026-05-14 11:30:00,50081.4,50142.6,50077.5,50109.4,1903.0,95358188.2
2026-05-14 12:00:00,50111.0,50180.6,50108.7,50145.4,2606.0,130678912.4
2026-05-14 12:30:00,50144.4,50191.1,50132.2,50190.2,2873.0,144196444.6
2026-05-14 13:00:00,50189.3,50215.6,50144.4,50172.0,3604.0,180819888.0
2026-05-14 13:30:00,50173.8,50202.5,49928.1,50006.6,34700.0,1735229020.0
2026-05-14 14:00:00,50006.2,50041.8,49901.2,49983.5,18327.0,916047604.5
2026-05-14 14:30:00,49983.8,50118.6,49934.2,50092.2,13347.0,668580593.4
2026-05-14 15:00:00,50092.6,50147.5,50084.4,50110.6,9684.0,485271050.4
2026-05-14 15:30:00,50110.2,50216.7,50079.1,50215.1,8045.0,403980479.5
2026-05-14 16:00:00,50214.4,50238.7,50107.2,50120.4,8537.0,427877854.8
2026-05-14 16:30:00,50120.7,50141.7,50011.0,50045.7,9502.0,475534241.4
2026-05-14 17:00:00,50046.5,50098.5,50009.0,50042.2,10415.0,521189512.99999994
2026-05-14 17:30:00,50042.7,50122.5,50028.0,50058.6,7084.0,354615122.4
2026-05-14 18:00:00,50058.2,50143.7,50017.1,50091.1,8332.0,417359045.2
2026-05-14 18:30:00,50091.6,50127.7,50080.1,50110.7,5794.0,290341395.8
2026-05-14 19:00:00,50111.5,50138.8,50096.4,50100.8,5019.0,251455915.20000002
2026-05-14 19:30:00,50101.5,50129.7,50081.1,50106.4,6024.0,301840953.6
2026-05-14 20:00:00,50106.1,50125.9,50061.7,50067.6,1884.0,94327358.39999999
2026-05-14 20:30:00,50067.2,50112.4,50064.3,50105.8,1018.0,51007704.400000006
2026-05-14 22:00:00,50090.2,50100.9,50068.9,50084.1,958.0,47980567.8
2026-05-14 22:30:00,50083.9,50092.7,50080.4,50083.7,646.0,32354070.2
2026-05-14 23:00:00,50083.9,50097.7,50079.2,50089.2,332.0,16629614.399999999
2026-05-14 23:30:00,50089.7,50091.5,50049.4,50055.7,547.0,27380467.9
2026-05-15 00:00:00,50055.2,50058.7,50017.2,50049.4,2000.0,100098800.0
2026-05-15 00:30:00,50048.4,50049.7,49995.2,50003.2,1634.0,81705228.8
2026-05-15 01:00:00,50002.4,50008.7,49924.2,49936.5,2416.0,120646584.0
2026-05-15 01:30:00,49936.1,49954.4,49896.4,49904.7,3773.0,188290433.1
2026-05-15 02:00:00,49906.4,49966.7,49900.2,49949.7,2221.0,110938283.69999999
2026-05-15 02:30:00,49949.2,50008.2,49944.2,49982.9,2274.0,113661114.60000001
2026-05-15 03:00:00,49982.3,50008.5,49968.4,50000.2,1378.0,68900275.6
2026-05-15 03:30:00,49999.3,50003.5,49958.2,49984.7,1791.0,89522597.69999999
2026-05-15 04:00:00,49985.5,49988.7,49963.1,49983.7,1283.0,64129087.099999994
2026-05-15 04:30:00,49984.5,49988.5,49960.2,49974.2,1602.0,80058668.39999999
2026-05-15 05:00:00,49974.7,49976.7,49942.4,49962.5,2125.0,106170312.5
2026-05-15 05:30:00,49963.5,49963.5,49872.2,49877.7,3163.0,157763165.1
2026-05-15 06:00:00,49877.2,49948.7,49868.2,49896.7,4116.0,205374817.2
2026-05-15 06:30:00,49897.5,49949.5,49887.2,49921.1,2773.0,138431210.29999998
2026-05-15 07:00:00,49920.3,49939.7,49906.3,49926.4,2989.0,149230009.6
2026-05-15 07:30:00,49927.2,49935.0,49867.4,49871.9,2755.0,137397084.5
2026-05-15 08:00:00,49874.5,49876.6,49731.1,49737.7,5872.0,292059774.4
2026-05-15 08:30:00,49736.5,49828.4,49688.1,49792.2,5752.0,286404734.4
2026-05-15 09:00:00,49791.4,49812.4,49743.0,49785.7,4640.0,231005648.0
2026-05-15 09:30:00,49786.5,49786.5,49717.3,49769.6,5062.0,251933715.2
2026-05-15 10:00:00,49770.4,49856.5,49742.1,49795.9,5206.0,259237455.4
2026-05-15 10:30:00,49795.7,49930.6,49779.1,49876.2,7621.0,380106520.2
2026-05-15 11:00:00,49874.8,49898.2,49807.3,49831.2,4353.0,216915213.6
2026-05-15 11:30:00,49831.6,49833.7,49747.9,49748.2,3757.0,186903987.39999998
2026-05-15 12:00:00,49748.6,49748.6,49636.4,49652.0,5461.0,271149572.0
2026-05-15 12:30:00,49650.6,49668.1,49607.4,49651.2,5683.0,282167769.59999996
2026-05-15 13:00:00,49650.4,49788.0,49627.1,49750.6,5913.0,294175297.8
2026-05-15 13:30:00,49751.4,49794.6,49564.3,49672.7,34422.0,1709833679.3999999
2026-05-15 14:00:00,49673.5,49792.7,49618.4,49713.4,20040.0,996256536.0
2026-05-15 14:30:00,49712.4,49774.8,49649.4,49668.2,15132.0,751579202.4
2026-05-15 15:00:00,49667.4,49687.7,49611.2,49643.5,12294.0,610317189.0
2026-05-15 15:30:00,49643.8,49688.7,49530.6,49597.7,13857.0,687275328.9
2026-05-15 16:00:00,49598.5,49647.4,49541.4,49638.8,10385.0,515498938.00000006
2026-05-15 16:30:00,49638.3,49694.8,49625.6,49663.2,8557.0,424968002.4
2026-05-15 17:00:00,49662.3,49740.7,49642.4,49690.7,7627.0,378990968.9
2026-05-15 17:30:00,49690.3,49707.5,49639.2,49669.4,7103.0,352801748.2
2026-05-15 18:00:00,49669.7,49694.5,49602.6,49626.7,9129.0,453042144.29999995
2026-05-15 18:30:00,49627.5,49644.5,49571.1,49634.2,8683.0,430973758.59999996
2026-05-15 19:00:00,49634.7,49647.7,49589.2,49618.3,7789.0,386476938.70000005
2026-05-15 19:30:00,49618.8,49645.8,49551.2,49564.4,10478.0,519335783.2
2026-05-15 20:00:00,49564.7,49565.5,49379.9,49412.7,5824.0,287779564.8
2026-05-15 20:30:00,49412.4,49447.7,49412.4,49435.2,1581.0,78157051.19999999
2026-05-17 22:00:00,49402.0,49516.6,49400.7,49474.6,3125.0,154608125.0
2026-05-17 22:30:00,49474.2,49498.7,49452.2,49498.2,2092.0,103550234.39999999
2026-05-17 23:00:00,49498.7,49500.9,49399.2,49422.3,2332.0,115252803.60000001
2026-05-17 23:30:00,49422.0,49440.8,49335.5,49411.5,5831.0,288118456.5
2026-05-18 00:00:00,49411.2,49411.2,49268.2,49321.3,12662.0,624506300.6
2026-05-18 00:30:00,49320.3,49334.6,49264.6,49310.3,8696.0,428802368.8
2026-05-18 01:00:00,49310.5,49323.7,49175.3,49184.2,9174.0,451215850.79999995
2026-05-18 01:30:00,49184.6,49240.5,49163.7,49215.6,6272.0,308680243.2
2026-05-18 02:00:00,49214.6,49231.8,49181.4,49182.7,4114.0,202337627.79999998
2026-05-18 02:30:00,49182.2,49192.5,49129.3,49150.7,3018.0,148336812.6
2026-05-18 03:00:00,49151.5,49178.6,49144.2,49160.3,2511.0,123441513.30000001
2026-05-18 03:30:00,49160.7,49163.5,49123.2,49152.7,2464.0,121112252.8
2026-05-18 04:00:00,49152.2,49168.5,49114.2,49123.7,1881.0,92401679.69999999
2026-05-18 04:30:00,49123.2,49167.7,49116.2,49163.7,2121.0,104276207.69999999
2026-05-18 05:00:00,49163.2,49208.7,49151.4,49199.2,3075.0,151287540.0
2026-05-18 05:30:00,49199.7,49242.7,49186.4,49209.2,3297.0,162242732.39999998
2026-05-18 06:00:00,49208.4,49244.6,49181.2,49185.5,3458.0,170083459.0
2026-05-18 06:30:00,49185.1,49240.7,49159.3,49240.7,3361.0,165497992.7
2026-05-18 07:00:00,49242.2,49282.8,49178.2,49273.2,5113.0,251933871.6
2026-05-18 07:30:00,49273.0,49304.4,49191.2,49251.7,6183.0,304523261.09999996
2026-05-18 08:00:00,49252.5,49298.7,49241.1,49292.7,4584.0,225957736.79999998
2026-05-18 08:30:00,49293.3,49310.5,49256.0,49310.5,3138.0,154736349.0
2026-05-18 09:00:00,49310.2,49316.7,49240.3,49251.2,2593.0,127708361.6
2026-05-18 09:30:00,49251.0,49283.7,49241.6,49281.5,2792.0,137593948.0
2026-05-18 10:00:00,49282.4,49288.5,49196.2,49238.8,3443.0,169529188.4
2026-05-18 10:30:00,49239.5,49268.7,49205.2,49224.6,2863.0,140930029.79999998
2026-05-18 11:00:00,49224.8,49262.6,49154.0,49242.7,4341.0,213762560.7
2026-05-18 11:30:00,49242.3,49485.6,49239.1,49390.4,11038.0,545171235.2
2026-05-18 12:00:00,49390.7,49425.6,49381.2,49421.2,4535.0,224125142.0
2026-05-18 12:30:00,49421.6,49663.0,49408.1,49615.2,10617.0,526764578.4
2026-05-18 13:00:00,49615.3,49635.6,49534.2,49606.3,6644.0,329584257.20000005
2026-05-18 13:30:00,49606.6,49807.3,49487.3,49714.6,36640.0,1821542944.0
2026-05-18 14:00:00,49714.2,49753.6,49613.2,49735.7,21658.0,1077175790.6
2026-05-18 14:30:00,49736.4,49751.3,49591.2,49669.2,20268.0,1006695345.5999999
2026-05-18 15:00:00,49668.4,49698.8,49468.4,49479.6,18238.0,902408944.8
2026-05-18 15:30:00,49478.6,49592.4,49450.2,49549.3,12057.0,597415910.1
2026-05-18 16:00:00,49549.7,49647.8,49510.5,49530.3,13009.0,644339672.7
2026-05-18 16:30:00,49531.2,49619.8,49500.2,49566.2,12001.0,594843966.1999999
2026-05-18 17:00:00,49564.9,49667.6,49538.1,49652.9,9424.0,467928929.6
2026-05-18 17:30:00,49652.4,49659.9,49571.6,49606.2,7930.0,393377166.0
2026-05-18 18:00:00,49607.3,49612.5,49412.8,49471.7,12904.0,638382816.8
2026-05-18 18:30:00,49471.2,49495.8,49389.1,49412.7,10505.0,519080413.49999994
2026-05-18 19:00:00,49412.3,49667.6,49404.1,49592.2,19132.0,948797970.4
2026-05-18 19:30:00,49591.4,49742.5,49570.2,49731.2,13197.0,656302646.4
2026-05-18 20:00:00,49731.7,49739.5,49677.5,49717.4,2739.0,136175958.6
2026-05-18 20:30:00,49718.4,49734.1,49699.2,49705.4,1451.0,72122535.4
2026-05-18 22:00:00,49706.3,49759.8,49691.3,49751.4,2131.0,106020233.4
2026-05-18 22:30:00,49752.3,49773.7,49732.2,49749.1,1265.0,62932611.5
2026-05-18 23:00:00,49748.4,49771.6,49743.9,49748.4,1280.0,63677952.0
2026-05-18 23:30:00,49747.6,49751.4,49704.2,49712.8,1564.0,77750819.2
2026-05-19 00:00:00,49713.5,49773.4,49693.2,49749.1,6386.0,317697752.59999996
2026-05-19 00:30:00,49749.6,49767.5,49701.4,49704.7,3327.0,165367536.89999998
2026-05-19 01:00:00,49704.2,49715.7,49649.1,49676.8,3963.0,196869158.4
2026-05-19 01:30:00,49677.5,49726.5,49660.2,49695.7,3756.0,186657049.2
2026-05-19 02:00:00,49695.2,49709.5,49648.2,49700.2,3357.0,166843571.39999998
2026-05-19 02:30:00,49699.4,49713.5,49676.7,49683.4,2133.0,105974692.2
2026-05-19 03:00:00,49681.8,49725.7,49659.2,49722.1,1782.0,88604782.2
2026-05-19 03:30:00,49721.3,49737.7,49679.2,49681.1,2063.0,102492109.3
2026-05-19 04:00:00,49681.7,49681.7,49593.2,49610.7,3187.0,158109300.89999998
2026-05-19 04:30:00,49611.6,49654.6,49611.6,49634.2,2817.0,139819541.4
2026-05-19 05:00:00,49634.7,49645.5,49559.7,49622.2,4042.0,200572932.39999998
2026-05-19 05:30:00,49622.7,49634.7,49591.2,49612.2,4184.0,207577444.79999998
2026-05-19 06:00:00,49612.7,49677.2,49583.2,49662.3,4941.0,245381424.3
2026-05-19 06:30:00,49660.0,49714.4,49652.3,49669.7,2892.0,143644772.4
2026-05-19 07:00:00,49669.2,49747.4,49655.5,49706.2,4250.0,211251350.0
2026-05-19 07:30:00,49705.4,49792.7,49691.1,49786.9,4191.0,208656897.9
2026-05-19 08:00:00,49786.4,49794.6,49646.8,49672.3,5301.0,263312862.3
2026-05-19 08:30:00,49673.3,49727.0,49666.3,49715.7,3203.0,159239387.1
2026-05-19 09:00:00,49715.2,49715.2,49636.4,49648.1,4029.0,200032194.9
2026-05-19 09:30:00,49648.7,49659.7,49554.1,49648.7,5327.0,264478624.89999998
2026-05-19 10:00:00,49648.2,49697.5,49583.0,49644.0,3610.0,179214840.0
2026-05-19 10:30:00,49644.7,49678.5,49572.1,49664.2,6371.0,316410618.2
2026-05-19 11:00:00,49663.3,49689.4,49608.0,49628.6,4609.0,228738217.4
2026-05-19 11:30:00,49628.2,49656.7,49567.5,49568.4,3524.0,174679041.6
2026-05-19 12:00:00,49569.6,49636.7,49546.4,49631.2,4280.0,212421536.0
2026-05-19 12:30:00,49629.7,49664.8,49623.5,49651.4,3509.0,174226762.6
2026-05-19 13:00:00,49651.7,49663.5,49463.1,49497.5,8731.0,432162672.5
2026-05-19 13:30:00,49498.3,49644.4,49281.5,49572.6,41106.0,2037731295.6
2026-05-19 14:00:00,49571.0,49623.8,49454.2,49593.6,27031.0,1340564601.6
2026-05-19 14:30:00,49592.6,49612.7,49449.5,49524.7,18406.0,911551628.1999999
2026-05-19 15:00:00,49524.4,49586.7,49439.1,49463.2,14942.0,739079134.4
2026-05-19 15:30:00,49462.3,49555.7,49440.4,49485.4,12160.0,601742464.0
2026-05-19 16:00:00,49485.1,49580.7,49415.4,49554.2,11348.0,562341061.6
2026-05-19 16:30:00,49554.7,49612.6,49504.1,49596.7,9031.0,447907797.7
2026-05-19 17:00:00,49595.3,49626.7,49568.2,49603.2,7857.0,389732342.4
2026-05-19 17:30:00,49603.0,49633.7,49583.6,49617.3,7794.0,386717236.20000005
2026-05-19 18:00:00,49617.7,49650.7,49548.5,49550.4,8678.0,429998371.2
2026-05-19 18:30:00,49550.7,49578.7,49450.1,49461.4,9236.0,456825490.40000004
2026-05-19 19:00:00,49460.5,49557.7,49455.2,49487.7,9500.0,470133150.0
2026-05-19 19:30:00,49488.5,49492.4,49357.4,49406.5,9693.0,478897204.5
2026-05-19 20:00:00,49407.5,49408.4,49352.2,49386.9,2310.0,114083739.0
2026-05-19 20:30:00,49386.9,49398.5,49377.7,49385.0,919.0,45384815.0
2026-05-19 22:00:00,49393.6,49410.6,49371.1,49374.4,1568.0,77419059.2
2026-05-19 22:30:00,49374.7,49419.7,49372.5,49414.2,1810.0,89439702.0
2026-05-19 23:00:00,49414.0,49466.5,49410.1,49456.5,1108.0,54797802.0
2026-05-19 23:30:00,49457.5,49504.7,49443.2,49446.2,1938.0,95826735.6
2026-05-20 00:00:00,49445.4,49445.4,49305.3,49363.7,8032.0,396489238.4
2026-05-20 00:30:00,49363.2,49403.5,49339.2,49370.8,7453.0,367960572.40000004
2026-05-20 01:00:00,49371.6,49395.4,49318.4,49327.5,7101.0,350274577.5
2026-05-20 01:30:00,49327.1,49433.1,49275.2,49402.2,6662.0,329117456.4
2026-05-20 02:00:00,49402.7,49426.7,49370.3,49371.3,3666.0,180995185.8
2026-05-20 02:30:00,49370.4,49370.4,49287.4,49306.1,5476.0,270000203.59999996
2026-05-20 03:00:00,49306.0,49316.8,49254.4,49302.4,3841.0,189370518.4
2026-05-20 03:30:00,49302.1,49328.4,49283.1,49314.7,2906.0,143308518.2
2026-05-20 04:00:00,49315.5,49366.7,49315.1,49344.5,2582.0,127407499.0
2026-05-20 04:30:00,49344.1,49346.5,49307.2,49318.2,1599.0,78859801.8
2026-05-20 05:00:00,49318.7,49370.7,49316.4,49346.1,3316.0,163631667.6
2026-05-20 05:30:00,49346.7,49400.7,49338.8,49373.4,3421.0,168906401.4
2026-05-20 06:00:00,49373.8,49451.6,49368.4,49439.2,3949.0,195235400.79999998
2026-05-20 06:30:00,49441.3,49448.6,49413.5,49431.7,2620.0,129511053.99999999
2026-05-20 07:00:00,49431.2,49453.7,49413.0,49449.9,3467.0,171442803.3
2026-05-20 07:30:00,49449.3,49450.5,49386.3,49386.7,2687.0,132702062.89999999
2026-05-20 08:00:00,49387.5,49430.7,49365.1,49430.4,4333.0,214181923.20000002
2026-05-20 08:30:00,49431.4,49494.3,49422.1,49461.2,3595.0,177813014.0
2026-05-20 09:00:00,49460.3,49474.5,49425.3,49456.4,2490.0,123146436.0
2026-05-20 09:30:00,49456.2,49484.9,49434.6,49473.9,2225.0,110079427.5
2026-05-20 10:00:00,49473.9,49523.9,49469.1,49518.3,2397.0,118695365.10000001
2026-05-20 10:30:00,49518.7,49567.5,49476.4,49486.5,2626.0,129951549.0
2026-05-20 11:00:00,49486.2,49536.6,49480.1,49535.7,2288.0,113337681.6
2026-05-20 11:30:00,49535.9,49563.4,49490.1,49507.9,3413.0,168970462.70000002
2026-05-20 12:00:00,49507.5,49639.8,49503.2,49629.5,3469.0,172164735.5
2026-05-20 12:30:00,49630.0,49661.6,49582.1,49582.7,3899.0,193322947.29999998
2026-05-20 13:00:00,49582.2,49623.4,49564.1,49602.1,3787.0,187843152.7
2026-05-20 13:30:00,49602.6,49606.2,49262.1,49464.7,35826.0,1772122342.1999998
2026-05-20 14:00:00,49465.4,49657.6,49295.6,49647.3,28067.0,1393450769.1000001
2026-05-20 14:30:00,49647.7,49786.7,49638.6,49769.4,19413.0,966173362.2
2026-05-20 15:00:00,49769.1,49972.5,49713.3,49762.2,18958.0,943391787.5999999
2026-05-20 15:30:00,49762.6,49949.7,49753.4,49894.0,11727.0,585106938.0
2026-05-20 16:00:00,49894.4,49936.8,49855.5,49874.6,9989.0,498197379.4
2026-05-20 16:30:00,49875.5,49963.8,49834.2,49918.8,11102.0,554198517.6
2026-05-20 17:00:00,49919.3,49979.7,49875.4,49970.9,9048.0,452136703.2
2026-05-20 17:30:00,49970.5,50028.8,49949.9,49953.8,7528.0,376052206.40000004
2026-05-20 18:00:00,49951.7,50000.7,49916.6,49984.4,6872.0,343492796.8
2026-05-20 18:30:00,49984.7,50033.7,49945.1,50005.5,6311.0,315584710.5
2026-05-20 19:00:00,50005.8,50058.7,49992.1,50058.2,5752.0,287934766.4
2026-05-20 19:30:00,50058.7,50118.7,50029.4,50052.7,8344.0,417639728.79999995
2026-05-20 20:00:00,50053.5,50070.4,50021.4,50054.7,8130.0,406944711.0
2026-05-20 20:30:00,50054.3,50060.6,49997.3,49999.8,3378.0,168899324.4
2026-05-20 22:00:00,49998.2,50015.5,49904.2,49928.2,4011.0,200262010.2
2026-05-20 22:30:00,49928.0,49949.6,49920.2,49928.7,1420.0,70898754.0
2026-05-20 23:00:00,49930.1,49955.5,49916.1,49927.2,1210.0,60411912.0
2026-05-20 23:30:00,49927.7,49945.5,49912.3,49941.7,1385.0,69169254.5
2026-05-21 00:00:00,49942.5,49943.5,49881.1,49906.7,4690.0,234062423.0
2026-05-21 00:30:00,49907.5,49936.4,49894.2,49923.2,1933.0,96501545.6
2026-05-21 01:00:00,49923.7,49970.5,49921.2,49948.5,1757.0,87759514.5
2026-05-21 01:30:00,49944.1,49976.7,49938.4,49958.7,1880.0,93922356.0
2026-05-21 02:00:00,49959.5,49990.7,49958.4,49980.7,1155.0,57727708.5
2026-05-21 02:30:00,49980.2,49982.7,49952.2,49969.2,1009.0,50418922.8
2026-05-21 03:00:00,49969.7,50001.5,49967.4,49991.7,792.0,39593426.4
2026-05-21 03:30:00,49991.2,50007.5,49978.2,49981.2,765.0,38235618.0
2026-05-21 04:00:00,49980.4,50010.8,49978.2,50006.5,596.0,29803874.0
2026-05-21 04:30:00,50007.5,50025.7,49991.4,50021.2,683.0,34164479.6
2026-05-21 05:00:00,50021.7,50040.4,50008.4,50010.4,1063.0,53161055.2
2026-05-21 05:30:00,50010.8,50010.8,49919.4,49974.2,2886.0,144225541.2
2026-05-21 06:00:00,49973.4,50019.3,49952.2,49991.2,2930.0,146474216.0
2026-05-21 06:30:00,49991.7,49996.2,49911.3,49952.7,2529.0,126330378.3
2026-05-21 07:00:00,49953.5,49978.6,49924.1,49924.9,4413.0,220318583.70000002
2026-05-21 07:30:00,49923.6,49979.2,49920.1,49967.8,2721.0,135962383.8
2026-05-21 08:00:00,49967.4,50163.6,49966.2,50087.4,6473.0,324215740.2
2026-05-21 08:30:00,50089.0,50103.7,50061.1,50079.5,4418.0,221251231.0
2026-05-21 09:00:00,50078.5,50174.7,50074.4,50164.6,3695.0,185358197.0
2026-05-21 09:30:00,50163.6,50177.3,50100.2,50125.4,2884.0,144561653.6
2026-05-21 10:00:00,50124.4,50243.3,50020.0,50065.1,5868.0,293782006.8
2026-05-21 10:30:00,50065.4,50066.9,49859.1,49900.5,11748.0,586231074.0
2026-05-21 11:00:00,49900.0,49991.3,49865.1,49949.9,5884.0,293905211.6
2026-05-21 11:30:00,49949.5,50004.7,49931.3,49963.9,3630.0,181368957.0
2026-05-21 12:00:00,49964.5,49985.7,49878.2,49894.2,4291.0,214096012.2
2026-05-21 12:30:00,49896.3,49976.4,49868.1,49881.5,7419.0,370070848.5
2026-05-21 13:00:00,49881.2,49953.5,49862.2,49885.6,6756.0,337027113.59999996
2026-05-21 13:30:00,49883.8,50055.4,49739.2,50038.7,34651.0,1733890993.6999998
2026-05-21 14:00:00,50037.6,50097.8,49991.1,50080.3,23492.0,1176486407.6000001
2026-05-21 14:30:00,50080.7,50125.5,49931.3,49996.3,16151.0,807490241.3000001
2026-05-21 15:00:00,49995.4,50024.4,49900.6,49940.6,16325.0,815280295.0
2026-05-21 15:30:00,49940.1,49988.7,49884.2,49974.3,11430.0,571206249.0
2026-05-21 16:00:00,49974.7,50025.6,49916.1,49931.7,9396.0,469158253.2
2026-05-21 16:30:00,49932.5,49982.3,49901.2,49968.3,7590.0,379259397.0
2026-05-21 17:00:00,49969.1,50235.3,49952.0,50220.3,18050.0,906476415.0
2026-05-21 17:30:00,50219.8,50412.8,50191.6,50351.4,13088.0,658999123.2
2026-05-21 18:00:00,50351.8,50438.4,50280.1,50422.7,12801.0,645460982.6999999
2026-05-21 18:30:00,50423.5,50435.6,50196.0,50241.1,15522.0,779842354.1999999
2026-05-21 19:00:00,50241.6,50360.5,50233.1,50324.2,10225.0,514564945.0
2026-05-21 19:30:00,50323.9,50384.3,50288.2,50339.8,10073.0,507072805.40000004
2026-05-21 20:00:00,50339.4,50404.5,50336.2,50360.5,2094.0,105454887.0
2026-05-21 20:30:00,50361.5,50375.9,50359.2,50373.6,729.0,36722354.4
2026-05-21 22:00:00,50383.8,50417.5,50379.8,50394.8,1248.0,62892710.400000006
2026-05-21 22:30:00,50394.8,50418.9,50378.4,50413.9,995.0,50161830.5
2026-05-21 23:00:00,50413.9,50417.7,50403.0,50409.7,409.0,20617567.299999997
2026-05-21 23:30:00,50409.2,50438.6,50401.3,50419.2,910.0,45881472.0
2026-05-22 00:00:00,50419.7,50472.7,50399.2,50447.1,2510.0,126622221.0
2026-05-22 00:30:00,50447.7,50483.5,50444.2,50472.7,1178.0,59456840.599999994
2026-05-22 01:00:00,50472.2,50472.7,50432.4,50460.2,1726.0,87094305.19999999
2026-05-22 01:30:00,50459.4,50478.8,50432.4,50464.7,1488.0,75091473.6
2026-05-22 02:00:00,50465.5,50486.8,50459.2,50467.2,1014.0,51173740.8
2026-05-22 02:30:00,50466.3,50494.7,50463.3,50482.2,829.0,41849743.8
2026-05-22 03:00:00,50481.4,50485.7,50463.2,50479.7,658.0,33215642.599999998
2026-05-22 03:30:00,50481.2,50509.7,50481.2,50507.7,606.0,30607666.2
2026-05-22 04:00:00,50507.2,50535.7,50507.2,50529.2,693.0,35016735.6
2026-05-22 04:30:00,50528.4,50528.5,50511.4,50524.7,494.0,24959201.799999997
2026-05-22 05:00:00,50524.2,50530.8,50493.4,50500.4,827.0,41763830.800000004
2026-05-22 05:30:00,50500.7,50510.5,50444.4,50454.6,1130.0,57013698.0
2026-05-22 06:00:00,50454.1,50510.6,50436.3,50485.7,2292.0,115713224.39999999
2026-05-22 06:30:00,50486.5,50523.1,50473.2,50486.4,1783.0,90017251.2
2026-05-22 07:00:00,50486.8,50499.6,50430.1,50496.2,2801.0,141439856.2
2026-05-22 07:30:00,50496.6,50497.5,50434.3,50487.7,2400.0,121170480.0
2026-05-22 08:00:00,50487.8,50557.5,50472.3,50512.3,3730.0,188410879.0
2026-05-22 08:30:00,50511.4,50516.5,50428.1,50477.5,3653.0,184394307.5
2026-05-22 09:00:00,50477.8,50477.8,50418.1,50457.5,2750.0,138758125.0
2026-05-22 09:30:00,50458.4,50509.3,50430.3,50503.0,2079.0,104995737.0
2026-05-22 10:00:00,50503.4,50516.7,50451.1,50452.6,2004.0,101107010.39999999
2026-05-22 10:30:00,50452.2,50469.7,50408.4,50466.3,2245.0,113296843.5
2026-05-22 11:00:00,50466.7,50501.5,50459.1,50484.4,1959.0,98898939.60000001
2026-05-22 11:30:00,50483.3,50556.1,50464.2,50522.0,2454.0,123980988.0
2026-05-22 12:00:00,50520.9,50727.4,50513.4,50637.9,7613.0,385506332.7
2026-05-22 12:30:00,50638.7,50776.7,50628.4,50771.5,3972.0,201664398.0
2026-05-22 13:00:00,50771.0,50830.6,50709.3,50712.8,5871.0,297734848.8
2026-05-22 13:30:00,50712.2,50741.2,50577.2,50736.4,30124.0,1528383313.6000001
2026-05-22 14:00:00,50737.3,50740.5,50571.4,50643.2,19319.0,978375980.8
2026-05-22 14:30:00,50643.6,50688.5,50595.3,50640.6,11061.0,560135676.6
2026-05-22 15:00:00,50641.4,50750.4,50611.5,50749.2,8871.0,450196153.2
2026-05-22 15:30:00,50749.7,50766.8,50717.2,50736.4,7684.0,389858497.6
2026-05-22 16:00:00,50736.1,50751.7,50687.2,50748.5,6382.0,323876927.0
2026-05-22 16:30:00,50749.4,50797.7,50734.3,50741.1,6043.0,306628467.3
2026-05-22 17:00:00,50741.7,50874.6,50689.1,50868.4,7881.0,400893860.40000004
2026-05-22 17:30:00,50869.3,50881.6,50767.2,50786.3,8879.0,450931557.70000005
2026-05-22 18:00:00,50786.0,50797.7,50732.1,50769.4,5279.0,268011662.6
2026-05-22 18:30:00,50768.5,50782.7,50722.2,50722.7,4741.0,240476320.7
2026-05-22 19:00:00,50722.2,50729.7,50661.7,50666.2,6846.0,346860805.2
2026-05-22 19:30:00,50666.7,50697.7,50612.2,50616.3,8717.0,441222287.1
2026-05-22 20:00:00,50616.6,50660.6,50609.5,50641.6,1685.0,85331096.0
2026-05-22 20:30:00,50641.1,50650.9,50593.2,50597.6,1637.0,82828271.2
2026-05-24 22:00:00,50851.0,50916.8,50850.5,50861.6,2621.0,133308253.6
2026-05-24 22:30:00,50861.1,50903.3,50845.1,50878.0,1479.0,75248562.0
2026-05-24 23:00:00,50878.5,50925.5,50877.0,50908.1,834.0,42457355.4
2026-05-24 23:30:00,50908.6,50940.6,50889.2,50891.4,1400.0,71247960.0
2026-05-25 00:00:00,50892.4,50950.7,50887.3,50941.2,2291.0,116706289.19999999
2026-05-25 00:30:00,50940.4,50953.6,50904.1,50912.6,1634.0,83191188.39999999
2026-05-25 01:00:00,50912.1,50954.5,50903.3,50952.0,1384.0,70517568.0
2026-05-25 01:30:00,50952.6,50964.5,50944.2,50956.7,985.0,50192349.5
2026-05-25 02:00:00,50957.5,50981.7,50957.1,50979.7,718.0,36603424.6
2026-05-25 02:30:00,50980.5,51005.7,50976.2,51000.1,640.0,32640064.0
2026-05-25 03:00:00,51000.7,51040.6,51000.2,51019.7,1337.0,68213338.89999999
2026-05-25 03:30:00,51020.5,51041.7,51014.2,51014.2,895.0,45657709.0
2026-05-25 04:00:00,51014.7,51032.5,51014.4,51025.8,482.0,24594435.6
2026-05-25 04:30:00,51025.2,51035.8,51013.4,51020.5,495.0,25255147.5
2026-05-25 05:00:00,51020.1,51055.4,51019.2,51045.1,659.0,33638720.9
2026-05-25 05:30:00,51045.7,51070.5,51041.2,51045.4,703.0,35884916.2
2026-05-25 06:00:00,51044.4,51044.7,51013.4,51037.4,908.0,46341959.2
2026-05-25 06:30:00,51038.3,51038.6,51015.0,51017.4,976.0,49792982.4
2026-05-25 07:00:00,51019.2,51034.7,50968.3,51013.9,2600.0,132636140.0
2026-05-25 07:30:00,51014.5,51091.2,51012.9,51051.4,2106.0,107514248.4
2026-05-25 08:00:00,51051.0,51065.8,51024.1,51027.8,1607.0,82001674.60000001
2026-05-25 08:30:00,51027.9,51078.3,51020.1,51068.8,1138.0,58116294.400000006
2026-05-25 09:00:00,51068.3,51081.9,51058.3,51068.1,831.0,42437591.1
2026-05-25 09:30:00,51068.6,51098.8,51068.1,51079.7,917.0,46840084.9
2026-05-25 10:00:00,51079.3,51107.5,51070.3,51076.6,1115.0,56950409.0
2026-05-25 10:30:00,51076.9,51091.7,51066.2,51077.2,843.0,43058079.599999994
2026-05-25 11:00:00,51076.4,51082.3,51045.1,51075.4,900.0,45967860.0
2026-05-25 11:30:00,51076.3,51123.2,51076.3,51105.1,1088.0,55602348.8
2026-05-25 12:00:00,51104.9,51168.5,51089.2,51133.9,1614.0,82530114.60000001
2026-05-25 12:30:00,51134.5,51141.2,51103.1,51105.3,1326.0,67765627.8
2026-05-25 13:00:00,51105.1,51105.1,51087.1,51100.2,1108.0,56619021.599999994
2026-05-25 13:30:00,51100.0,51162.6,51068.4,51105.2,2344.0,119790588.8
2026-05-25 14:00:00,51104.4,51123.3,51082.3,51119.6,1582.0,80871207.2
2026-05-25 14:30:00,51120.4,51127.4,51082.9,51086.0,1608.0,82146288.0
2026-05-25 15:00:00,51085.8,51187.5,51042.1,51092.0,4750.0,242687000.0
2026-05-25 15:30:00,51091.2,51125.8,51070.4,51109.4,1578.0,80650633.2
2026-05-25 16:00:00,51110.9,51114.5,51053.2,51056.6,1045.0,53354147.0
2026-05-25 16:30:00,51056.7,51117.6,51049.4,51116.6,1615.0,82553309.0
2026-05-25 22:00:00,51094.2,51112.0,51042.0,51050.8,931.0,47528294.800000004
2026-05-25 22:30:00,51050.2,51050.2,50980.9,51001.0,1486.0,75787486.0
2026-05-25 23:00:00,51000.9,51006.5,50963.1,50994.0,1392.0,70983648.0
2026-05-25 23:30:00,50993.3,51012.6,50987.1,50995.6,954.0,48649802.4
2026-05-26 00:00:00,50995.8,51003.6,50922.3,50944.7,3618.0,184317924.6
2026-05-26 00:30:00,50944.1,50977.5,50931.2,50944.1,1847.0,94093752.7
2026-05-26 01:00:00,50943.3,50961.7,50916.4,50930.7,2254.0,114797797.8
2026-05-26 01:30:00,50930.2,50966.7,50914.2,50965.2,1737.0,88526552.39999999
2026-05-26 02:00:00,50964.4,50972.7,50927.5,50939.3,960.0,48901728.0
2026-05-26 02:30:00,50939.7,50940.7,50920.2,50928.2,799.0,40691631.8
2026-05-26 03:00:00,50928.7,50949.2,50918.2,50940.7,626.0,31888878.2
2026-05-26 03:30:00,50941.5,50958.7,50941.5,50950.4,644.0,32812057.6
2026-05-26 04:00:00,50950.7,50962.4,50935.2,50951.4,509.0,25934262.6
2026-05-26 04:30:00,50951.7,50961.4,50939.1,50949.2,618.0,31486605.599999998
2026-05-26 05:00:00,50948.4,50972.5,50937.1,50966.8,794.0,40467639.2
2026-05-26 05:30:00,50966.2,50975.7,50941.2,50949.8,806.0,41065538.800000004
2026-05-26 06:00:00,50950.5,50993.3,50939.2,50962.5,1293.0,65894512.5
2026-05-26 06:30:00,50962.0,51002.6,50955.3,50962.1,1252.0,63804549.199999996
2026-05-26 07:00:00,50963.3,50984.5,50905.3,50922.6,3451.0,175733892.6
2026-05-26 07:30:00,50923.4,50943.3,50891.4,50924.6,2313.0,117788599.8
2026-05-26 08:00:00,50924.8,50933.6,50893.0,50902.2,1946.0,99055681.19999999
2026-05-26 08:30:00,50901.4,50910.6,50864.2,50880.1,1500.0,76320150.0
2026-05-26 09:00:00,50881.2,50893.7,50841.0,50892.4,1909.0,97153591.60000001
2026-05-26 09:30:00,50892.0,50905.8,50855.1,50869.9,1377.0,70047852.3
2026-05-26 10:00:00,50870.5,50877.6,50839.7,50875.7,1600.0,81401120.0
2026-05-26 10:30:00,50875.2,50928.6,50875.2,50915.6,2075.0,105649870.0
2026-05-26 11:00:00,50917.1,50949.7,50890.1,50931.3,1617.0,82355912.10000001
2026-05-26 11:30:00,50931.6,50946.8,50852.2,50920.5,2558.0,130254639.0
2026-05-26 12:00:00,50919.4,50923.6,50861.1,50918.4,1812.0,92264140.8
2026-05-26 12:30:00,50918.7,50919.6,50866.8,50866.8,1528.0,77724470.4
2026-05-26 13:00:00,50866.3,50871.5,50757.1,50757.4,3145.0,159632023.0
2026-05-26 13:30:00,50757.0,50833.3,50660.2,50671.6,31047.0,1573201165.2
2026-05-26 14:00:00,50672.5,50750.4,50597.2,50614.8,16167.0,818289471.6
2026-05-26 14:30:00,50615.6,50670.7,50520.2,50585.1,11186.0,565844928.6
2026-05-26 15:00:00,50585.6,50587.8,50501.2,50503.4,10415.0,525992911.0
2026-05-26 15:30:00,50503.7,50530.4,50480.5,50521.7,9124.0,460959990.79999995
2026-05-26 16:00:00,50522.5,50548.6,50480.2,50530.7,6253.0,315968467.09999996
2026-05-26 16:30:00,50530.4,50544.4,50435.4,50436.2,5126.0,258535961.2
2026-05-26 17:00:00,50436.0,50493.7,50420.4,50425.3,4926.0,248395027.8
2026-05-26 17:30:00,50424.4,50455.9,50409.2,50430.8,4395.0,221643366.0
2026-05-26 18:00:00,50430.2,50473.5,50402.2,50434.7,4537.0,228822233.89999998
2026-05-26 18:30:00,50434.2,50472.7,50414.2,50424.3,4344.0,219043159.20000002
2026-05-26 19:00:00,50423.4,50444.7,50397.5,50443.7,4236.0,213679513.2
2026-05-26 19:30:00,50444.5,50553.7,50444.1,50533.2,5588.0,282379521.59999996
2026-05-26 20:00:00,50534.2,50552.7,50491.0,50494.6,1169.0,59028187.4
2026-05-26 20:30:00,50494.5,50519.4,50487.2,50491.9,560.0,28275464.0
2026-05-26 22:00:00,50503.4,50519.0,50478.0,50501.8,1689.0,85297540.2
2026-05-26 22:30:00,50501.9,50526.7,50501.4,50520.7,845.0,42689991.5
2026-05-26 23:00:00,50522.2,50542.3,50513.1,50540.3,444.0,22439893.200000003
2026-05-26 23:30:00,50539.3,50578.6,50528.3,50572.4,762.0,38536168.800000004
2026-05-27 00:00:00,50571.3,50594.3,50551.1,50574.7,2160.0,109241352.0
2026-05-27 00:30:00,50574.2,50589.7,50565.5,50581.1,1340.0,67778674.0
2026-05-27 01:00:00,50581.7,50582.7,50558.1,50570.7,1326.0,67056748.199999996
2026-05-27 01:30:00,50571.5,50572.7,50547.2,50551.2,808.0,40845369.599999994
2026-05-27 02:00:00,50551.7,50574.7,50551.7,50568.7,565.0,28571315.5
2026-05-27 02:30:00,50568.2,50575.5,50556.4,50570.2,586.0,29634137.2
2026-05-27 03:00:00,50570.7,50581.7,50565.2,50572.1,406.0,20532272.599999998
2026-05-27 03:30:00,50572.7,50573.7,50557.3,50567.4,456.0,23058734.400000002
2026-05-27 04:00:00,50566.4,50573.7,50547.2,50549.2,520.0,26285584.0
2026-05-27 04:30:00,50548.3,50584.4,50546.4,50578.4,597.0,30195304.8
2026-05-27 05:00:00,50577.4,50598.7,50575.2,50598.2,919.0,46499745.8
2026-05-27 05:30:00,50598.7,50626.4,50578.2,50620.2,735.0,37205847.0
2026-05-27 06:00:00,50620.7,50636.7,50612.4,50619.6,962.0,48696055.199999996
2026-05-27 06:30:00,50619.1,50625.4,50595.6,50618.1,955.0,48340285.5
2026-05-27 07:00:00,50619.3,50653.1,50617.3,50646.3,1456.0,73741012.8
2026-05-27 07:30:00,50646.6,50658.3,50634.7,50642.3,1031.0,52212211.300000004
2026-05-27 08:00:00,50642.7,50712.0,50635.5,50701.6,1976.0,100186361.6
2026-05-27 08:30:00,50701.2,50733.9,50687.0,50716.2,1320.0,66945383.99999999
2026-05-27 09:00:00,50716.6,50763.8,50715.1,50748.5,1232.0,62522152.0
2026-05-27 09:30:00,50748.6,50775.0,50741.3,50764.5,988.0,50155326.0
2026-05-27 10:00:00,50764.2,50774.3,50746.3,50750.6,1029.0,52222367.4
2026-05-27 10:30:00,50751.5,50763.5,50740.3,50743.8,974.0,49424461.2
2026-05-27 11:00:00,50744.5,50749.6,50662.0,50662.0,2058.0,104262396.0
2026-05-27 11:30:00,50661.9,50661.9,50546.1,50558.8,1954.0,98791895.2
2026-05-27 12:00:00,50558.8,50677.3,50486.1,50647.1,7465.0,378080601.5
2026-05-27 12:30:00,50646.3,50673.6,50572.2,50592.2,4162.0,210564736.39999998
2026-05-27 13:00:00,50591.4,50603.7,50520.7,50591.7,3922.0,198420647.39999998
2026-05-27 13:30:00,50591.1,50725.3,50582.1,50652.5,31885.0,1615054962.5
2026-05-27 14:00:00,50652.1,50849.7,50620.5,50841.5,16103.0,818700674.5
2026-05-27 14:30:00,50842.4,50873.7,50734.5,50791.1,11883.0,603550641.3
2026-05-27 15:00:00,50791.6,50816.6,50691.2,50703.2,9558.0,484621185.59999996
2026-05-27 15:30:00,50703.7,50765.3,50633.2,50673.9,9069.0,459561599.1
2026-05-27 16:00:00,50674.4,50732.6,50637.1,50720.1,6190.0,313957419.0
2026-05-27 16:30:00,50719.5,50736.7,50693.0,50694.6,4656.0,236034057.6
2026-05-27 17:00:00,50694.3,50724.5,50637.2,50685.4,6167.0,312576861.8
2026-05-27 17:30:00,50684.5,50725.5,50677.5,50710.2,4375.0,221857125.0
2026-05-27 18:00:00,50709.4,50727.7,50647.2,50695.7,4584.0,232389088.79999998
2026-05-27 18:30:00,50695.2,50766.7,50689.5,50747.5,3849.0,195327127.5
2026-05-27 19:00:00,50747.3,50763.7,50730.1,50735.7,3679.0,186656640.29999998
2026-05-27 19:30:00,50735.4,50741.9,50661.2,50694.2,5880.0,298081896.0
2026-05-27 20:00:00,50694.7,50760.3,50634.0,50706.0,3336.0,169155216.0
2026-05-27 20:30:00,50706.6,50782.9,50706.6,50768.1,970.0,49245057.0
2026-05-27 22:00:00,50788.3,50802.5,50757.2,50758.0,1516.0,76949128.0
2026-05-27 22:30:00,50757.2,50767.5,50738.0,50755.7,878.0,44563504.599999994
2026-05-27 23:00:00,50755.1,50780.7,50736.1,50747.5,979.0,49681802.5
2026-05-27 23:30:00,50747.1,50747.1,50697.8,50706.3,1596.0,80927254.80000001
2026-05-28 00:00:00,50705.4,50749.5,50700.1,50735.7,3218.0,163267482.6
2026-05-28 00:30:00,50736.5,50774.7,50714.3,50764.3,1992.0,101122485.60000001
2026-05-28 01:00:00,50763.3,50770.1,50732.4,50750.2,1893.0,96070128.6
2026-05-28 01:30:00,50751.4,50772.7,50735.2,50766.1,1723.0,87469990.3
2026-05-28 02:00:00,50766.7,50772.7,50707.2,50708.1,1479.0,74997279.89999999
2026-05-28 02:30:00,50707.3,50715.4,50670.4,50689.2,1531.0,77605165.2
2026-05-28 03:00:00,50689.7,50701.5,50656.2,50666.8,2372.0,120181649.60000001
2026-05-28 03:30:00,50666.2,50669.5,50601.2,50605.8,4480.0,226713984.0
2026-05-28 04:00:00,50605.2,50615.4,50579.9,50600.2,2747.0,138998749.4
2026-05-28 04:30:00,50600.7,50629.4,50600.2,50609.5,1286.0,65083817.0
2026-05-28 05:00:00,50610.5,50634.5,50596.4,50631.5,1578.0,79896507.0
2026-05-28 05:30:00,50632.5,50698.5,50632.1,50679.2,1702.0,86255998.39999999
2026-05-28 06:00:00,50679.7,50695.5,50672.2,50692.5,1111.0,56319367.5
2026-05-28 06:30:00,50692.1,50705.6,50661.3,50701.1,1054.0,53438959.4
2026-05-28 07:00:00,50700.3,50718.2,50663.1,50674.6,2112.0,107024755.2
2026-05-28 07:30:00,50674.8,50690.8,50637.9,50688.2,1940.0,98335108.0
2026-05-28 08:00:00,50688.3,50707.4,50631.3,50649.7,2575.0,130422977.49999999
2026-05-28 08:30:00,50649.3,50661.5,50639.4,50661.5,1457.0,73813805.5
2026-05-28 09:00:00,50661.3,50684.6,50654.9,50669.6,1365.0,69164004.0
2026-05-28 09:30:00,50670.2,50684.5,50649.3,50671.4,1499.0,75956428.60000001
2026-05-28 10:00:00,50671.1,50676.4,50647.1,50666.6,1382.0,70021241.2
2026-05-28 10:30:00,50667.4,50670.8,50561.3,50594.4,2707.0,136959040.8
2026-05-28 11:00:00,50594.0,50621.6,50589.3,50599.3,2490.0,125992257.0
2026-05-28 11:30:00,50599.5,50630.1,50590.2,50619.3,1848.0,93544466.4
2026-05-28 12:00:00,50619.4,50620.6,50559.8,50573.3,2198.0,111160113.4
2026-05-28 12:30:00,50574.1,50656.1,50573.7,50633.8,3386.0,171446046.8
2026-05-28 13:00:00,50634.3,50661.5,50544.3,50544.3,3252.0,164370063.60000002
2026-05-28 13:30:00,50544.6,50641.6,50372.1,50562.5,24860.0,1256983750.0
2026-05-28 14:00:00,50562.1,50837.6,50488.5,50689.2,19253.0,975919167.5999999
2026-05-28 14:30:00,50689.6,50715.4,50593.9,50667.7,10540.0,534037557.99999994
2026-05-28 15:00:00,50668.6,50744.4,50649.4,50704.3,8256.0,418614700.8
2026-05-28 15:30:00,50704.7,50780.5,50677.8,50753.7,5646.0,286555390.2
2026-05-28 16:00:00,50754.5,50760.5,50710.7,50715.7,5302.0,268894641.4
2026-05-28 16:30:00,50716.4,50778.7,50708.4,50766.1,3931.0,199561539.1
2026-05-28 17:00:00,50764.8,50781.8,50692.4,50700.7,3668.0,185970167.6
2026-05-28 17:30:00,50701.4,50710.7,50678.5,50688.7,3355.0,170060588.5
2026-05-28 18:00:00,50688.2,50699.7,50652.2,50675.2,3740.0,189525248.0
2026-05-28 18:30:00,50675.7,50676.4,50628.2,50651.5,3412.0,172822918.0
2026-05-28 19:00:00,50651.1,50735.7,50649.2,50727.7,3053.0,154871668.1
2026-05-28 19:30:00,50728.5,50754.6,50701.9,50735.4,4545.0,230592393.0
2026-05-28 20:00:00,50734.4,50789.8,50730.9,50788.5,1588.0,80652138.0
2026-05-28 20:30:00,50788.6,50794.7,50742.7,50747.6,920.0,46687792.0
2026-05-28 22:00:00,50759.0,50772.6,50737.3,50742.1,1196.0,60687551.6
2026-05-28 22:30:00,50741.9,50754.3,50735.5,50735.5,517.0,26230253.5
2026-05-28 23:00:00,50736.5,50758.4,50736.2,50749.1,543.0,27556761.3
2026-05-28 23:30:00,50748.2,50748.2,50723.3,50728.7,642.0,32567825.4
2026-05-29 00:00:00,50728.2,50754.5,50713.5,50738.2,1344.0,68192140.8
2026-05-29 00:30:00,50737.4,50737.4,50708.3,50722.2,1056.0,53562643.199999996
2026-05-29 01:00:00,50722.7,50737.4,50702.4,50710.2,1376.0,69777235.2
2026-05-29 01:30:00,50709.4,50728.7,50696.2,50724.4,990.0,50217156.0
2026-05-29 02:00:00,50724.8,50751.7,50719.2,50727.7,806.0,40886526.199999996
2026-05-29 02:30:00,50727.2,50742.9,50725.2,50733.4,623.0,31606908.2
2026-05-29 03:00:00,50733.7,50765.7,50732.4,50761.3,676.0,34314638.800000004
2026-05-29 03:30:00,50760.3,50775.7,50752.3,50762.7,753.0,38224313.1
2026-05-29 04:00:00,50763.6,50785.5,50763.1,50783.7,632.0,32095298.4
2026-05-29 04:30:00,50783.2,50789.7,50776.3,50778.5,394.0,20006729.0
2026-05-29 05:00:00,50778.1,50783.5,50767.4,50780.4,396.0,20109038.400000002
2026-05-29 05:30:00,50779.4,50779.4,50747.4,50771.1,530.0,26908683.0
2026-05-29 06:00:00,50771.7,50784.7,50748.3,50748.6,998.0,50647102.8
2026-05-29 06:30:00,50748.1,50788.7,50744.1,50783.7,996.0,50580565.199999996
2026-05-29 07:00:00,50785.1,50806.1,50751.4,50771.1,1482.0,75242770.2
2026-05-29 07:30:00,50771.5,50783.7,50739.4,50782.2,1855.0,94200981.0
2026-05-29 08:00:00,50781.4,50812.6,50775.1,50786.2,2107.0,107006523.39999999
2026-05-29 08:30:00,50787.3,50802.4,50759.5,50781.4,1444.0,73328341.60000001
2026-05-29 09:00:00,50781.7,50857.7,50779.2,50848.9,1846.0,93867069.4
2026-05-29 09:30:00,50849.4,50861.2,50833.0,50835.5,1263.0,64205236.5
2026-05-29 10:00:00,50835.7,50835.7,50793.2,50808.1,1503.0,76364574.3
2026-05-29 10:30:00,50808.5,50840.7,50803.2,50838.7,1160.0,58972892.0
2026-05-29 11:00:00,50838.2,50885.5,50833.2,50869.6,1396.0,71013961.6
2026-05-29 11:30:00,50869.8,50897.7,50825.2,50895.2,2012.0,102401142.39999999
2026-05-29 12:00:00,50895.6,50897.6,50860.6,50879.5,1561.0,79422899.5
2026-05-29 12:30:00,50878.7,50890.6,50832.3,50867.8,2121.0,107890603.80000001
2026-05-29 13:00:00,50867.4,50879.2,50785.4,50796.3,2602.0,132171972.60000001
2026-05-29 13:30:00,50796.7,50951.7,50724.0,50878.5,28365.0,1443168652.5
2026-05-29 14:00:00,50879.4,50963.7,50841.2,50935.2,17514.0,892079092.8
2026-05-29 14:30:00,50934.4,51072.8,50887.4,51027.5,15732.0,802764630.0
2026-05-29 15:00:00,51027.1,51134.5,51027.1,51073.2,11966.0,611141911.1999999
2026-05-29 15:30:00,51073.8,51116.5,51059.0,51102.7,8777.0,448528397.9
2026-05-29 16:00:00,51102.2,51107.5,51022.4,51047.7,5480.0,279741396.0
2026-05-29 16:30:00,51048.5,51128.3,51035.3,51038.7,5222.0,266524091.39999998
2026-05-29 17:00:00,51038.2,51084.6,51003.5,51068.7,4808.0,245538309.6
2026-05-29 17:30:00,51068.3,51079.4,50962.2,50965.7,5314.0,270831729.8
2026-05-29 18:00:00,50965.2,51032.7,50962.2,51013.2,4764.0,243026884.79999998
2026-05-29 18:30:00,51013.7,51074.8,50964.2,50995.3,6808.0,347176002.40000004
2026-05-29 19:00:00,50994.3,51111.7,50984.5,51107.7,4823.0,246492437.1
2026-05-29 19:30:00,51107.2,51132.7,51040.2,51072.2,8673.0,442949190.59999996
2026-05-29 20:00:00,51072.7,51093.0,51031.5,51044.2,2149.0,109693985.8
2026-05-29 20:30:00,51043.5,51057.2,51028.4,51045.7,727.0,37110223.9
2026-05-31 22:00:00,51038.5,51058.6,50985.4,51046.9,2462.0,125677467.8
2026-05-31 22:30:00,51046.3,51085.8,51039.1,51083.6,990.0,50572764.0
2026-05-31 23:00:00,51083.1,51104.3,51072.9,51103.2,449.0,22945336.799999997
2026-05-31 23:30:00,51103.6,51110.4,51088.1,51096.6,678.0,34643494.8
2026-06-01 00:00:00,51097.4,51153.7,51090.3,51116.0,3138.0,160402008.0
2026-06-01 00:30:00,51116.6,51124.5,51093.1,51109.4,1248.0,63784531.2
2026-06-01 01:00:00,51110.4,51124.4,51079.1,51099.1,1181.0,60348037.1
2026-06-01 01:30:00,51097.5,51137.3,51094.3,51135.2,809.0,41368376.8
2026-06-01 02:00:00,51134.3,51152.7,51130.7,51143.7,621.0,31760237.7
2026-06-01 02:30:00,51143.1,51145.6,51131.2,51145.1,413.0,21122926.3
2026-06-01 03:00:00,51145.6,51150.6,51110.1,51142.4,608.0,31094579.2
2026-06-01 03:30:00,51142.0,51156.7,51099.2,51104.7,847.0,43285680.9
2026-06-01 04:00:00,51105.5,51117.5,51099.4,51111.6,348.0,17786836.8
2026-06-01 04:30:00,51112.4,51126.6,51110.3,51122.5,370.0,18915325.0
2026-06-01 05:00:00,51122.1,51123.7,51104.4,51105.5,402.0,20544411.0
2026-06-01 05:30:00,51106.5,51125.7,51105.2,51124.7,441.0,22545992.7
2026-06-01 06:00:00,51124.2,51125.5,51089.4,51092.5,588.0,30042390.0
2026-06-01 06:30:00,51093.5,51102.7,51078.1,51093.4,790.0,40363786.0
2026-06-01 07:00:00,51094.4,51128.5,51088.4,51109.3,1843.0,94194439.9
2026-06-01 07:30:00,51109.0,51113.4,51075.0,51108.8,1532.0,78298681.60000001
2026-06-01 08:00:00,51108.9,51168.5,51107.7,51167.2,1958.0,100185377.6
2026-06-01 08:30:00,51166.5,51214.6,51143.5,51204.9,1484.0,75988071.60000001
2026-06-01 09:00:00,51204.9,51241.3,51181.1,51241.3,1230.0,63026799.0
2026-06-01 09:30:00,51240.5,51268.5,51222.1,51232.0,1412.0,72339584.0
2026-06-01 10:00:00,51233.0,51284.6,51228.5,51269.8,1167.0,59831856.6
2026-06-01 10:30:00,51270.3,51305.5,51259.0,51295.3,1179.0,60477158.7
2026-06-01 11:00:00,51295.6,51354.4,51285.3,51345.4,2629.0,134987056.6
2026-06-01 11:30:00,51346.4,51372.8,51291.4,51291.4,1799.0,92273228.60000001
2026-06-01 12:00:00,51291.7,51297.7,51208.1,51212.5,2795.0,143138937.5
2026-06-01 12:30:00,51212.1,51247.6,51173.6,51214.1,2817.0,144270119.7
2026-06-01 13:00:00,51212.5,51228.4,50961.0,50974.0,11447.0,583499378.0
2026-06-01 13:30:00,50973.4,51029.3,50847.3,51015.6,29659.0,1513071680.3999999
2026-06-01 14:00:00,51016.1,51074.3,50915.4,50935.4,16043.0,817156622.2
2026-06-01 14:30:00,50935.1,50943.4,50814.2,50874.1,9977.0,507570895.7
2026-06-01 15:00:00,50874.7,50954.7,50833.1,50932.5,7666.0,390448545.0
2026-06-01 15:30:00,50933.5,51011.5,50921.2,50957.7,8310.0,423458487.0
2026-06-01 16:00:00,50959.1,50980.7,50856.6,50873.6,6105.0,310583328.0
2026-06-01 16:30:00,50874.4,50987.4,50868.1,50949.1,5621.0,286384891.09999996
2026-06-01 17:00:00,50949.7,51007.4,50888.2,51006.5,4410.0,224938665.0
2026-06-01 17:30:00,51006.2,51117.1,50964.4,51043.2,8185.0,417788592.0
2026-06-01 18:00:00,51044.3,51106.8,51043.2,51087.4,4297.0,219522557.8
2026-06-01 18:30:00,51087.7,51128.8,51064.4,51102.7,3109.0,158878294.29999998
2026-06-01 19:00:00,51103.5,51142.7,51074.1,51135.0,3827.0,195693645.0
2026-06-01 19:30:00,51134.6,51164.8,51113.2,51125.7,5306.0,271272964.2
2026-06-01 20:00:00,51127.1,51138.6,51101.7,51107.6,1139.0,58211556.4
2026-06-01 20:30:00,51107.8,51131.1,51097.4,51099.2,1570.0,80225744.0
2026-06-01 22:00:00,51058.7,51063.9,51012.3,51013.2,2666.0,136001191.2
2026-06-01 22:30:00,51012.4,51020.5,50986.1,50999.6,1292.0,65891483.199999996
2026-06-01 23:00:00,50999.8,51010.4,50990.1,50992.1,384.0,19580966.4
2026-06-01 23:30:00,50992.6,51007.4,50952.9,50971.4,1033.0,52653456.2
2026-06-02 00:00:00,50971.8,50983.6,50907.2,50913.7,3045.0,155032216.5
2026-06-02 00:30:00,50913.2,50928.4,50865.2,50873.7,1772.0,90148196.39999999
2026-06-02 01:00:00,50873.2,50908.7,50871.4,50899.5,2302.0,117170649.0
2026-06-02 01:30:00,50899.0,50904.6,50857.2,50872.7,1970.0,100219219.0
2026-06-02 02:00:00,50873.5,50890.7,50873.5,50885.1,845.0,42997909.5
2026-06-02 02:30:00,50885.7,50896.5,50879.4,50887.2,790.0,40200888.0
2026-06-02 03:00:00,50886.4,50911.9,50878.2,50906.7,864.0,43983388.8
2026-06-02 03:30:00,50906.2,50917.4,50895.4,50916.2,768.0,39103641.599999994
2026-06-02 04:00:00,50915.4,50927.4,50912.2,50915.2,680.0,34622336.0
2026-06-02 04:30:00,50914.3,50932.7,50900.2,50932.1,469.0,23887154.9
2026-06-02 05:00:00,50932.7,50947.7,50921.2,50945.2,676.0,34438955.199999996
2026-06-02 05:30:00,50945.7,50963.7,50934.2,50935.7,841.0,42836923.699999996
2026-06-02 06:00:00,50935.2,50972.3,50930.2,50971.1,899.0,45823018.9
2026-06-02 06:30:00,50971.6,50991.4,50959.1,50982.1,907.0,46240764.699999996
2026-06-02 07:00:00,50982.6,51026.7,50981.3,51013.9,1536.0,78357350.4
2026-06-02 07:30:00,51013.9,51066.9,51005.5,51063.7,1330.0,67914721.0
2026-06-02 08:00:00,51063.2,51069.7,50989.2,50991.1,2472.0,126049999.2
2026-06-02 08:30:00,50990.3,51014.6,50974.9,51001.6,1631.0,83183609.6
2026-06-02 09:00:00,51001.1,51001.1,50917.2,50923.3,1440.0,73329552.0
2026-06-02 09:30:00,50922.4,50933.8,50892.8,50911.1,1522.0,77486694.2
2026-06-02 10:00:00,50911.5,50918.8,50888.1,50913.3,1176.0,59874040.800000004
2026-06-02 10:30:00,50913.0,50942.4,50911.1,50928.1,948.0,48279838.8
2026-06-02 11:00:00,50927.6,50938.1,50877.2,50895.6,1497.0,76190713.2
2026-06-02 11:30:00,50896.4,50912.7,50882.1,50892.6,1182.0,60155053.199999996
2026-06-02 12:00:00,50892.8,50942.8,50875.9,50921.6,1439.0,73276182.39999999
2026-06-02 12:30:00,50923.0,50925.6,50851.4,50868.7,2275.0,115726292.5
2026-06-02 13:00:00,50870.5,50903.9,50827.2,50859.3,4023.0,204606963.9
2026-06-02 13:30:00,50858.4,51296.4,50858.4,50972.7,34009.0,1733530554.3
2026-06-02 14:00:00,50974.3,51043.6,50928.3,51007.7,17325.0,883708402.5
2026-06-02 14:30:00,51007.2,51203.7,51000.1,51199.3,11195.0,573176163.5
2026-06-02 15:00:00,51199.7,51332.7,51183.4,51276.4,8950.0,458923780.0
2026-06-02 15:30:00,51276.7,51297.4,51237.4,51250.7,6340.0,324929438.0
2026-06-02 16:00:00,51251.5,51267.3,51199.2,51223.2,5791.0,296633551.2
2026-06-02 16:30:00,51223.7,51291.5,51213.2,51280.2,4589.0,235324837.79999998
2026-06-02 17:00:00,51279.4,51295.7,51241.5,51250.7,4280.0,219352996.0
2026-06-02 17:30:00,51252.2,51294.7,51250.3,51275.1,3878.0,198844837.79999998
2026-06-02 18:00:00,51276.3,51364.5,51269.5,51348.2,3602.0,184956216.39999998
2026-06-02 18:30:00,51348.7,51397.8,51343.2,51386.7,3570.0,183450519.0
2026-06-02 19:00:00,51387.5,51402.7,51347.2,51398.7,3145.0,161648911.5
2026-06-02 19:30:00,51398.2,51428.7,51376.2,51383.2,4274.0,219611796.79999998
2026-06-02 20:00:00,51383.7,51427.2,51383.2,51402.5,1389.0,71398072.5
2026-06-02 20:30:00,51403.3,51425.5,51396.1,51416.7,520.0,26736684.0
2026-06-02 22:00:00,51405.8,51411.4,51382.4,51395.1,1652.0,84904705.2
2026-06-02 22:30:00,51395.6,51402.7,51366.1,51379.6,937.0,48142685.199999996
2026-06-02 23:00:00,51379.8,51382.6,51267.3,51332.0,2243.0,115137676.0
2026-06-02 23:30:00,51331.0,51401.6,51312.2,51393.2,2821.0,144980217.2
2026-06-03 00:00:00,51393.6,51409.1,51368.2,51372.7,2182.0,112095231.39999999
2026-06-03 00:30:00,51372.2,51383.4,51364.4,51372.2,1090.0,55995698.0
2026-06-03 01:00:00,51372.7,51380.5,51352.4,51365.1,1057.0,54292910.699999996
2026-06-03 01:30:00,51364.3,51383.5,51355.4,51367.7,905.0,46487768.5
2026-06-03 02:00:00,51369.2,51377.5,51362.2,51374.3,519.0,26663261.700000003
2026-06-03 02:30:00,51374.7,51382.5,51367.4,51370.3,384.0,19726195.200000003
2026-06-03 03:00:00,51369.4,51385.7,51365.2,51365.2,361.0,18542837.2
2026-06-03 03:30:00,51365.7,51377.5,51365.7,51372.7,385.0,19778489.5
2026-06-03 04:00:00,51372.2,51378.5,51367.4,51371.7,229.0,11764119.299999999
2026-06-03 04:30:00,51371.2,51372.7,51356.2,51361.7,247.0,12686339.899999999
2026-06-03 05:00:00,51361.2,51373.5,51352.4,51352.7,475.0,24392532.5
2026-06-03 05:30:00,51351.6,51353.6,51331.2,51332.2,693.0,35573214.6
2026-06-03 06:00:00,51332.7,51341.7,51309.2,51312.8,1164.0,59728099.2
2026-06-03 06:30:00,51312.2,51326.7,51297.4,51315.4,1252.0,64246880.800000004
2026-06-03 07:00:00,51315.0,51318.6,51283.1,51289.3,1545.0,79241968.5
2026-06-03 07:30:00,51288.8,51300.6,51261.1,51275.2,1606.0,82347971.19999999
2026-06-03 08:00:00,51274.4,51278.4,51239.3,51270.4,2239.0,114794425.60000001
2026-06-03 08:30:00,51270.7,51277.4,51246.1,51254.0,1519.0,77854826.0
2026-06-03 09:00:00,51254.0,51257.5,51202.1,51202.6,1473.0,75421429.8
2026-06-03 09:30:00,51202.3,51212.5,51183.3,51187.8,1521.0,77856643.8
2026-06-03 10:00:00,51188.5,51267.2,51185.1,51219.5,3315.0,169792642.5
2026-06-03 10:30:00,51220.5,51226.7,51168.5,51223.7,1450.0,74274365.0
2026-06-03 11:00:00,51223.5,51257.7,51220.4,51253.7,1589.0,81442129.3
2026-06-03 11:30:00,51253.2,51279.6,51243.8,51244.7,1495.0,76610826.5
2026-06-03 12:00:00,51247.2,51253.6,51187.3,51188.6,1872.0,95825059.2
2026-06-03 12:30:00,51189.1,51194.6,51132.1,51174.0,2723.0,139346802.0
2026-06-03 13:00:00,51173.3,51221.6,51066.4,51092.2,3194.0,163188486.79999998
2026-06-03 13:30:00,51091.4,51256.6,51021.2,51074.6,34302.0,1751960929.2
2026-06-03 14:00:00,51075.4,51117.7,50920.1,51008.3,17260.0,880403258.0
2026-06-03 14:30:00,51008.8,51057.5,50948.4,50991.4,11824.0,602922313.6
2026-06-03 15:00:00,50991.8,50999.7,50920.4,50983.2,10240.0,522067968.0
2026-06-03 15:30:00,50981.0,50991.7,50869.2,50931.2,9612.0,489550694.4
2026-06-03 16:00:00,50931.7,50957.7,50891.1,50930.4,7220.0,367717488.0
2026-06-03 16:30:00,50929.5,50943.7,50896.2,50924.2,7021.0,357538808.2
2026-06-03 17:00:00,50924.7,50962.7,50885.7,50912.2,5803.0,295443496.59999996
2026-06-03 17:30:00,50911.4,50958.7,50881.2,50940.2,4516.0,230045943.2
2026-06-03 18:00:00,50940.7,50959.7,50920.9,50957.7,4360.0,222175572.0
2026-06-03 18:30:00,50958.5,50963.8,50898.2,50907.7,4142.0,210859693.39999998
2026-06-03 19:00:00,50908.5,50911.7,50845.4,50850.4,5252.0,267066300.8
2026-06-03 19:30:00,50850.8,50889.7,50776.2,50790.2,7590.0,385497618.0
2026-06-03 20:00:00,50790.8,50810.2,50757.9,50792.7,5134.0,260769721.79999998
2026-06-03 20:30:00,50792.2,50802.2,50727.2,50747.7,2693.0,136663556.1
2026-06-03 22:00:00,50810.9,50824.0,50774.5,50808.2,2615.0,132863442.99999999
2026-06-03 22:30:00,50808.7,50838.6,50771.4,50828.7,1795.0,91237516.5
2026-06-03 23:00:00,50829.4,50833.6,50774.2,50792.7,1243.0,63135326.099999994
2026-06-03 23:30:00,50793.5,50806.7,50769.4,50801.3,1477.0,75033520.10000001
2026-06-04 00:00:00,50799.7,50830.1,50775.2,50789.7,3558.0,180709752.6
2026-06-04 00:30:00,50789.1,50835.4,50787.1,50807.2,2448.0,124376025.6
2026-06-04 01:00:00,50806.4,50831.7,50793.4,50798.8,2381.0,120951942.80000001
2026-06-04 01:30:00,50799.5,50826.5,50766.1,50788.7,2228.0,113157223.6
2026-06-04 02:00:00,50789.5,50794.5,50740.4,50777.2,2484.0,126130564.8
2026-06-04 02:30:00,50776.4,50787.7,50747.2,50774.8,1455.0,73877334.0
2026-06-04 03:00:00,50774.2,50792.7,50767.2,50785.1,1120.0,56879312.0
2026-06-04 03:30:00,50785.7,50792.7,50751.7,50785.7,972.0,49363700.4
2026-06-04 04:00:00,50786.5,50800.6,50773.4,50791.4,910.0,46220174.0
2026-06-04 04:30:00,50790.4,50807.6,50779.2,50798.6,850.0,43178810.0
2026-06-04 05:00:00,50798.1,50802.4,50762.3,50763.8,1261.0,64013151.800000004
2026-06-04 05:30:00,50763.2,50797.7,50761.4,50791.7,1473.0,74816174.1
2026-06-04 06:00:00,50791.2,50827.5,50783.2,50816.5,1576.0,80086804.0
2026-06-04 06:30:00,50816.1,50852.5,50810.3,50845.1,1774.0,90199207.39999999
2026-06-04 07:00:00,50845.6,50912.6,50836.3,50911.5,2657.0,135271855.5
2026-06-04 07:30:00,50911.2,50922.8,50876.1,50898.4,1973.0,100422543.2
2026-06-04 08:00:00,50897.5,50945.8,50877.0,50945.8,3555.0,181112319.0
2026-06-04 08:30:00,50946.4,50991.0,50891.1,50893.7,3684.0,187492390.79999998
2026-06-04 09:00:00,50893.3,50942.8,50882.0,50933.2,3398.0,173071013.6
2026-06-04 09:30:00,50933.7,51038.5,50930.0,51018.6,2201.0,112291938.6
2026-06-04 10:00:00,51018.3,51057.4,51005.2,51007.4,2630.0,134149462.0
2026-06-04 10:30:00,51008.3,51032.4,50964.1,50988.3,2157.0,109981763.10000001
2026-06-04 11:00:00,50988.1,51141.7,50984.2,51120.7,3917.0,200239781.89999998
2026-06-04 11:30:00,51120.2,51209.6,51073.1,51200.1,5061.0,259123706.1
2026-06-04 12:00:00,51200.5,51255.7,51174.7,51238.3,4780.0,244919074.0
2026-06-04 12:30:00,51238.3,51315.7,51238.3,51273.4,3370.0,172791358.0
2026-06-04 13:00:00,51273.1,51349.3,51223.2,51341.2,4432.0,227544198.39999998
2026-06-04 13:30:00,51341.6,51539.8,51247.4,51528.8,36912.0,1902031065.6000001
2026-06-04 14:00:00,51529.4,51565.7,51459.2,51476.5,19964.0,1027676846.0
2026-06-04 14:30:00,51476.8,51531.7,51421.2,51518.1,12299.0,633621111.9
2026-06-04 15:00:00,51517.4,51654.7,51517.4,51652.5,9890.0,510843225.0
2026-06-04 15:30:00,51653.5,51670.0,51600.2,51619.7,8449.0,436134845.29999995
2026-06-04 16:00:00,51619.3,51722.5,51614.1,51716.2,6250.0,323226250.0
2026-06-04 16:30:00,51716.7,51716.7,51673.2,51674.2,4983.0,257492538.6
2026-06-04 17:00:00,51674.7,51680.5,51570.2,51586.2,5600.0,288882720.0
2026-06-04 17:30:00,51585.4,51624.7,51573.1,51599.7,4977.0,256811706.89999998
2026-06-04 18:00:00,51599.2,51649.7,51555.4,51626.3,4686.0,241920841.8
2026-06-04 18:30:00,51626.7,51679.7,51621.2,51672.5,4019.0,207671777.5
2026-06-04 19:00:00,51672.1,51746.5,51669.2,51733.8,4887.0,252823080.60000002
2026-06-04 19:30:00,51733.2,51734.4,51652.1,51657.4,6905.0,356694347.0
2026-06-04 20:00:00,51657.1,51682.7,51647.4,51653.2,2101.0,108523373.19999999
2026-06-04 20:30:00,51652.4,51667.7,51643.2,51659.7,836.0,43187509.199999996
2026-06-04 22:00:00,51667.7,51668.8,51643.3,51658.5,1737.0,89730814.5
2026-06-04 22:30:00,51659.5,51686.7,51658.2,51683.2,536.0,27702195.2
2026-06-04 23:00:00,51683.7,51684.7,51659.1,51671.4,594.0,30692811.6
2026-06-04 23:30:00,51672.4,51672.5,51638.3,51641.3,766.0,39557235.800000004
2026-06-05 00:00:00,51640.3,51640.6,51598.4,51627.2,2701.0,139445067.2
2026-06-05 00:30:00,51627.7,51638.7,51611.2,51628.2,2003.0,103411284.6
2026-06-05 01:00:00,51628.7,51651.4,51592.4,51599.7,2657.0,137100402.9
2026-06-05 01:30:00,51600.5,51627.7,51588.2,51623.4,2321.0,119817911.4
2026-06-05 02:00:00,51623.8,51653.4,51614.1,51618.0,1091.0,56315238.0
2026-06-05 02:30:00,51617.3,51617.6,51590.1,51602.7,1039.0,53615205.3
2026-06-05 03:00:00,51602.2,51622.7,51591.2,51602.5,1179.0,60839347.5
2026-06-05 03:30:00,51603.4,51625.5,51601.2,51611.2,1373.0,70862177.6
2026-06-05 04:00:00,51611.7,51628.7,51605.2,51613.2,1167.0,60232604.4
2026-06-05 04:30:00,51613.7,51642.5,51601.2,51635.7,1063.0,54888749.099999994
2026-06-05 05:00:00,51636.5,51642.7,51618.2,51634.3,1104.0,57004267.2
2026-06-05 05:30:00,51633.4,51660.6,51628.2,51640.7,1099.0,56753129.3
2026-06-05 06:00:00,51640.2,51690.6,51639.4,51656.7,1762.0,91019105.39999999
2026-06-05 06:30:00,51657.5,51682.6,51637.1,51667.3,1602.0,82771014.60000001
2026-06-05 07:00:00,51666.3,51707.8,51637.3,51705.2,3226.0,166800975.2
2026-06-05 07:30:00,51705.0,51709.8,51661.1,51665.6,2404.0,124204102.39999999
2026-06-05 08:00:00,51665.1,51696.5,51644.2,51694.6,3277.0,169403204.2
2026-06-05 08:30:00,51694.2,51717.7,51678.2,51703.0,2465.0,127447895.0
2026-06-05 09:00:00,51702.4,51820.5,51692.3,51742.3,5766.0,298346101.8
2026-06-05 09:30:00,51742.6,51753.7,51710.3,51733.3,2151.0,111278328.30000001
2026-06-05 10:00:00,51732.5,51766.4,51721.1,51756.5,1348.0,69767762.0
2026-06-05 10:30:00,51756.6,51758.6,51734.0,51737.4,1190.0,61567506.0
2026-06-05 11:00:00,51737.1,51761.3,51694.4,51746.1,1970.0,101939817.0
2026-06-05 11:30:00,51745.9,51775.0,51717.2,51718.5,1885.0,97489372.5
2026-06-05 12:00:00,51718.2,51738.7,51685.0,51702.3,2548.0,131737460.4
2026-06-05 12:30:00,51699.0,51835.9,51639.2,51700.6,7835.0,405074201.0
2026-06-05 13:00:00,51701.8,51763.7,51664.8,51751.4,5759.0,298036312.6
2026-06-05 13:30:00,51751.0,51751.8,51451.4,51475.7,37999.0,1956025124.3
2026-06-05 14:00:00,51476.5,51587.7,51428.4,51466.6,26788.0,1378687280.8
2026-06-05 14:30:00,51466.2,51564.7,51462.2,51508.2,17056.0,878523859.1999999
2026-06-05 15:00:00,51507.4,51534.7,51424.8,51441.2,13907.0,715392768.4
2026-06-05 15:30:00,51440.4,51467.7,51310.2,51310.8,12837.0,658676739.6
2026-06-05 16:00:00,51310.2,51342.3,51223.2,51225.2,13695.0,701529114.0
2026-06-05 16:30:00,51224.4,51266.4,51148.2,51261.7,15460.0,792505882.0
2026-06-05 17:00:00,51261.2,51265.8,51174.2,51225.7,14472.0,741338330.4
2026-06-05 17:30:00,51225.2,51276.5,51185.2,51244.7,12717.0,651678849.9
2026-06-05 18:00:00,51245.5,51253.7,51107.3,51123.3,13351.0,682547178.3000001
2026-06-05 18:30:00,51122.4,51149.6,50988.2,50998.2,15710.0,801181722.0
2026-06-05 19:00:00,50998.5,51008.6,50841.3,50952.5,20077.0,1022973342.5
2026-06-05 19:30:00,50952.0,51047.5,50902.2,50936.4,23710.0,1207702044.0
2026-06-05 20:00:00,50937.4,50941.7,50754.4,50780.3,10404.0,528318241.20000005
2026-06-05 20:30:00,50780.7,50820.3,50741.1,50797.7,3512.0,178401522.39999998
2026-06-07 22:00:00,50796.6,50927.3,50718.4,50854.0,4952.0,251829008.0
2026-06-07 22:30:00,50854.6,50904.6,50644.2,50730.3,5816.0,295047424.8
2026-06-07 23:00:00,50729.3,50820.2,50729.2,50794.1,4430.0,225017863.0
2026-06-07 23:30:00,50793.3,50903.6,50791.1,50879.2,4266.0,217050667.2
2026-06-08 00:00:00,50878.2,50918.6,50842.3,50906.3,4984.0,253716999.20000002
2026-06-08 00:30:00,50906.7,50933.0,50831.3,50892.7,4620.0,235124274.0
2026-06-08 01:00:00,50893.5,50910.7,50748.1,50758.7,8949.0,454239606.29999995
2026-06-08 01:30:00,50759.5,50849.6,50693.3,50817.7,10549.0,536075917.29999995
2026-06-08 02:00:00,50818.5,50839.8,50792.2,50822.6,4934.0,250758708.4
2026-06-08 02:30:00,50822.1,50873.7,50768.9,50850.8,4037.0,205284679.60000002
2026-06-08 03:00:00,50850.9,50871.7,50828.8,50859.2,2507.0,127504014.39999999
2026-06-08 03:30:00,50859.7,50886.7,50857.2,50878.5,1452.0,73875582.0
2026-06-08 04:00:00,50879.4,50890.6,50834.2,50847.1,2211.0,112422938.1
2026-06-08 04:30:00,50847.6,50854.4,50781.3,50788.3,3032.0,153990125.6
2026-06-08 05:00:00,50788.7,50828.4,50737.1,50778.1,3843.0,195140238.29999998
2026-06-08 05:30:00,50779.3,50785.6,50693.4,50726.2,4849.0,245971343.79999998
2026-06-08 06:00:00,50726.7,50814.5,50722.1,50806.4,6032.0,306464204.8
2026-06-08 06:30:00,50806.7,50814.7,50721.2,50762.7,4733.0,240259859.1
2026-06-08 07:00:00,50763.5,50889.6,50757.1,50850.5,7505.0,381633002.5
2026-06-08 07:30:00,50850.7,50893.4,50820.0,50843.6,4103.0,208611290.79999998
2026-06-08 08:00:00,50844.4,50860.3,50768.4,50803.4,5363.0,272458634.2
2026-06-08 08:30:00,50803.7,50812.6,50753.8,50793.7,4019.0,204139880.29999998
2026-06-08 09:00:00,50793.8,50833.4,50764.1,50821.1,2998.0,152361657.79999998
2026-06-08 09:30:00,50821.6,50933.2,50809.2,50906.7,3986.0,202914106.2
2026-06-08 10:00:00,50907.5,50913.7,50813.2,50874.7,3921.0,199479698.7
2026-06-08 10:30:00,50874.2,50985.6,50873.1,50925.4,4815.0,245205801.0
2026-06-08 11:00:00,50926.3,51120.4,50898.7,51084.8,8608.0,439737958.40000004
2026-06-08 11:30:00,51085.3,51131.1,51053.7,51069.5,4172.0,213061954.0
2026-06-08 12:00:00,51070.7,51124.8,51065.5,51105.7,4366.0,223127486.2
2026-06-08 12:30:00,51104.7,51145.2,51058.8,51060.1,3827.0,195407002.7
2026-06-08 13:00:00,51060.4,51082.6,50981.2,51049.3,4826.0,246363921.8
2026-06-08 13:30:00,51050.9,51351.3,51003.1,51050.4,40162.0,2050286164.8
2026-06-08 14:00:00,51050.1,51163.7,51038.4,51084.6,28124.0,1436703290.3999999
2026-06-08 14:30:00,51084.3,51182.7,51013.4,51181.7,18011.0,921833598.6999999
2026-06-08 15:00:00,51182.5,51206.7,51045.2,51054.7,12601.0,643340274.6999999
2026-06-08 15:30:00,51054.2,51093.7,50954.2,51026.7,17428.0,889293327.5999999
2026-06-08 16:00:00,51027.5,51090.7,50986.1,51006.7,12666.0,646050862.1999999
2026-06-08 16:30:00,51007.5,51031.8,50952.5,50963.6,10594.0,539908378.4
2026-06-08 17:00:00,50963.2,50968.6,50843.4,50951.7,12484.0,636081022.8
2026-06-08 17:30:00,50951.9,50962.8,50849.4,50900.2,12686.0,645719937.1999999
2026-06-08 18:00:00,50899.4,51001.7,50897.1,50992.1,10209.0,520578348.9
2026-06-08 18:30:00,50992.7,51012.4,50928.1,50933.4,9144.0,465735009.6
2026-06-08 19:00:00,50933.7,50960.8,50812.1,50876.5,12050.0,613061825.0
2026-06-08 19:30:00,50875.5,50936.8,50839.3,50873.4,13421.0,682771901.4
2026-06-08 20:00:00,50873.7,50889.7,50831.1,50855.6,2281.0,116001623.6
2026-06-08 20:30:00,50855.1,50861.5,50829.3,50843.7,995.0,50589481.5
2026-06-08 22:00:00,50854.1,50870.3,50738.4,50793.6,4011.0,203733129.6
2026-06-08 22:30:00,50794.4,50859.5,50794.4,50847.6,1566.0,79627341.6
2026-06-08 23:00:00,50847.2,50859.7,50833.3,50842.1,1154.0,58671783.4
2026-06-08 23:30:00,50841.3,50867.5,50780.2,50826.2,3001.0,152529426.2
2026-06-09 00:00:00,50825.4,50833.7,50740.3,50762.1,8804.0,446909528.4
2026-06-09 00:30:00,50762.7,50771.7,50711.2,50741.4,5191.0,263398607.4
2026-06-09 01:00:00,50741.7,50872.3,50725.2,50837.4,6968.0,354235003.2
2026-06-09 01:30:00,50837.8,50911.5,50828.1,50866.2,6241.0,317455954.2
2026-06-09 02:00:00,50866.7,50897.7,50852.3,50875.7,3413.0,173638764.1
2026-06-09 02:30:00,50876.5,50902.7,50863.1,50885.2,3090.0,157235268.0
2026-06-09 03:00:00,50885.7,50922.7,50878.4,50890.7,2721.0,138473594.7
2026-06-09 03:30:00,50891.5,50935.5,50887.2,50921.2,2668.0,135857761.6
2026-06-09 04:00:00,50919.7,50931.4,50903.2,50924.5,1757.0,89474346.5
2026-06-09 04:30:00,50925.5,50957.7,50918.2,50936.7,1537.0,78289707.89999999
2026-06-09 05:00:00,50937.5,50963.7,50930.1,50935.7,1748.0,89035603.6
2026-06-09 05:30:00,50936.5,50977.7,50928.2,50935.2,2816.0,143433523.2
2026-06-09 06:00:00,50935.7,50946.5,50905.2,50919.5,2449.0,124701855.5
2026-06-09 06:30:00,50919.1,50934.4,50877.4,50895.2,2028.0,103215465.6
2026-06-09 07:00:00,50894.4,50986.4,50857.4,50883.4,4991.0,253959049.4
2026-06-09 07:30:00,50883.4,50930.9,50879.0,50900.0,4326.0,220193400.0
2026-06-09 08:00:00,50900.4,50963.5,50868.1,50945.2,5723.0,291559379.59999996
2026-06-09 08:30:00,50945.6,51003.6,50945.2,50958.9,3259.0,166075055.1
2026-06-09 09:00:00,50959.5,51024.6,50957.3,51007.7,2297.0,117164686.89999999
2026-06-09 09:30:00,51008.1,51017.7,50982.2,50986.7,1870.0,95345129.0
2026-06-09 10:00:00,50987.5,51003.6,50876.9,50997.5,3640.0,185630900.0
2026-06-09 10:30:00,50998.4,51065.7,50975.0,51024.6,2167.0,110570308.2
2026-06-09 11:00:00,51025.4,51044.6,50963.1,50974.2,2486.0,126721861.19999999
2026-06-09 11:30:00,50974.7,50998.9,50937.2,50944.9,2322.0,118294057.8
2026-06-09 12:00:00,50944.9,51023.9,50942.7,51000.2,2710.0,138210542.0
2026-06-09 12:30:00,51000.5,51099.6,50999.4,51095.2,3501.0,178884295.2
2026-06-09 13:00:00,51096.1,51144.5,51056.3,51137.1,5574.0,285038195.4
2026-06-09 13:30:00,51136.3,51340.4,51093.1,51263.7,31043.0,1591379039.1
2026-06-09 14:00:00,51264.5,51303.3,50957.4,51137.3,38301.0,1958609727.3000002
2026-06-09 14:30:00,51137.8,51196.7,50751.0,51008.7,42952.0,2190925682.4
2026-06-09 15:00:00,51008.3,51033.7,50538.2,50550.3,36452.0,1842659535.6000001
2026-06-09 15:30:00,50549.4,50668.8,50512.0,50533.6,40424.0,2042770246.3999999
2026-06-09 16:00:00,50533.2,50631.4,50431.6,50568.7,35898.0,1815315192.6
2026-06-09 16:30:00,50568.2,50674.7,50289.6,50450.0,44282.0,2234026900.0
2026-06-09 17:00:00,50449.2,50674.4,50429.3,50656.1,29376.0,1488073593.6
2026-06-09 17:30:00,50655.3,50851.8,50623.2,50776.7,22669.0,1151057012.3
2026-06-09 18:00:00,50777.5,50892.8,50762.7,50888.2,20320.0,1034048224.0
2026-06-09 18:30:00,50887.4,50980.8,50856.5,50961.2,17047.0,868735576.4
2026-06-09 19:00:00,50961.7,50993.7,50807.1,50851.3,21750.0,1106015775.0
2026-06-09 19:30:00,50851.7,50978.5,50755.2,50927.4,28963.0,1475010286.2
2026-06-09 20:00:00,50927.0,50954.6,50878.8,50916.2,7336.0,373521243.2
2026-06-09 20:30:00,50915.4,50924.5,50877.2,50904.8,2270.0,115553896.0
2026-06-09 22:00:00,50894.5,50901.1,50823.0,50840.6,4379.0,222630987.4
2026-06-09 22:30:00,50841.4,50841.6,50762.5,50791.2,2281.0,115854727.19999999
2026-06-09 23:00:00,50791.5,50814.7,50759.1,50768.2,2463.0,125042076.6
2026-06-09 23:30:00,50768.1,50834.6,50760.1,50829.2,3381.0,171853525.2
2026-06-10 00:00:00,50829.5,50894.7,50813.2,50840.2,7430.0,377742686.0
2026-06-10 00:30:00,50841.4,50881.5,50771.7,50866.6,6803.0,346045479.8
2026-06-10 01:00:00,50866.1,50932.5,50857.4,50901.0,5180.0,263667180.0
2026-06-10 01:30:00,50901.6,50931.5,50882.1,50894.1,5204.0,264852896.4
2026-06-10 02:00:00,50894.7,50906.7,50855.2,50902.2,4267.0,217199687.39999998
2026-06-10 02:30:00,50902.7,50912.7,50853.2,50860.7,3426.0,174248758.2
2026-06-10 03:00:00,50861.5,50907.7,50859.2,50875.7,2703.0,137517017.1
2026-06-10 03:30:00,50875.2,50879.7,50833.2,50846.1,2373.0,120657795.3
2026-06-10 04:00:00,50846.7,50852.7,50805.3,50805.7,2442.0,124067519.39999999
2026-06-10 04:30:00,50805.2,50813.5,50780.9,50784.7,2844.0,144431686.79999998
2026-06-10 05:00:00,50785.5,50852.7,50777.2,50851.5,3335.0,169589752.5
2026-06-10 05:30:00,50851.1,50872.7,50813.2,50860.7,4711.0,239604757.7
2026-06-10 06:00:00,50861.5,50890.9,50838.4,50847.7,2926.0,148780370.2
2026-06-10 06:30:00,50846.6,50872.5,50810.2,50817.1,2047.0,104022603.7
2026-06-10 07:00:00,50816.3,50841.4,50771.5,50783.7,4679.0,237616932.29999998
2026-06-10 07:30:00,50784.3,50813.5,50758.1,50783.7,4344.0,220604392.79999998
2026-06-10 08:00:00,50783.9,50789.4,50687.5,50706.6,7113.0,360676045.8
2026-06-10 08:30:00,50706.3,50709.5,50585.3,50617.5,6378.0,322838415.0
2026-06-10 09:00:00,50617.1,50628.0,50503.1,50606.5,7902.0,399892563.0
2026-06-10 09:30:00,50606.2,50630.5,50550.2,50608.1,6682.0,338163324.2
2026-06-10 10:00:00,50609.9,50611.6,50501.3,50584.5,6080.0,307553760.0
2026-06-10 10:30:00,50584.1,50630.6,50548.3,50592.4,6143.0,310789113.2
2026-06-10 11:00:00,50595.8,50618.4,50341.0,50469.4,17515.0,883971541.0
2026-06-10 11:30:00,50469.1,50533.7,50408.0,50508.5,10095.0,509883307.5
2026-06-10 12:00:00,50508.2,50608.2,50486.3,50599.6,9198.0,465415120.8
2026-06-10 12:30:00,50605.7,50769.6,50552.0,50690.4,19818.0,1004582347.2
2026-06-10 13:00:00,50690.6,50724.4,50635.4,50723.6,7690.0,390064484.0
2026-06-10 13:30:00,50725.6,50851.5,50562.1,50757.2,44340.0,2250574248.0
2026-06-10 14:00:00,50757.5,50822.1,50692.2,50721.2,28268.0,1433786881.6
2026-06-10 14:30:00,50720.4,50728.7,50432.1,50461.7,32204.0,1625068586.8
2026-06-10 15:00:00,50461.2,50572.2,50354.1,50416.8,34577.0,1743261693.6000001
2026-06-10 15:30:00,50417.5,50463.5,50220.3,50396.5,35166.0,1772243319.0
2026-06-10 16:00:00,50397.4,50423.6,50305.1,50353.2,22980.0,1157116536.0
2026-06-10 16:30:00,50353.5,50434.7,50277.2,50339.3,22078.0,1111391065.4
2026-06-10 17:00:00,50339.0,50386.6,50230.1,50286.3,21113.0,1061694651.9000001
2026-06-10 17:30:00,50285.4,50326.7,50157.4,50315.3,24157.0,1215466702.1000001
2026-06-10 18:00:00,50316.3,50408.5,50260.4,50272.2,19063.0,958338948.5999999
2026-06-10 18:30:00,50271.4,50273.7,50143.1,50184.7,16781.0,842149450.6999999
2026-06-10 19:00:00,50184.2,50189.7,50066.4,50075.7,17374.0,870015211.8
2026-06-10 19:30:00,50075.4,50157.3,49993.5,49999.1,21501.0,1075030649.1
2026-06-10 20:00:00,49999.5,50012.7,49937.1,49967.7,6919.0,345726516.29999995
2026-06-10 20:30:00,49966.5,49966.8,49901.6,49948.0,2947.0,147196756.0
2026-06-10 22:00:00,49930.4,49948.8,49863.0,49948.7,4571.0,228315507.7
2026-06-10 22:30:00,49948.2,49970.8,49834.5,49836.3,5037.0,251025443.10000002
2026-06-10 23:00:00,49836.1,49934.7,49785.1,49925.1,8604.0,429555560.4
2026-06-10 23:30:00,49925.6,49943.0,49852.1,49862.6,5216.0,260083321.6
2026-06-11 00:00:00,49863.4,50004.6,49854.1,49928.2,16888.0,843187441.5999999
2026-06-11 00:30:00,49928.6,49988.2,49878.3,49969.2,11038.0,551560029.6
2026-06-11 01:00:00,49969.7,50130.5,49967.3,50100.2,9423.0,472094184.59999996
2026-06-11 01:30:00,50100.7,50104.5,50010.4,50030.2,5037.0,252002117.39999998
2026-06-11 02:00:00,50030.7,50083.5,49999.2,50018.5,5886.0,294408891.0
2026-06-11 02:30:00,50018.1,50060.7,49992.7,50049.7,6886.0,344642234.2
2026-06-11 03:00:00,50050.5,50078.5,50017.3,50050.2,4669.0,233684383.79999998
2026-06-11 03:30:00,50049.3,50139.5,50046.2,50130.7,4430.0,222079001.0
2026-06-11 04:00:00,50132.2,50153.7,50115.2,50147.7,3365.0,168747010.5
2026-06-11 04:30:00,50148.5,50209.7,50143.2,50184.3,2733.0,137153691.9
2026-06-11 05:00:00,50184.7,50189.2,50141.2,50154.4,3135.0,157234044.0
2026-06-11 05:30:00,50154.7,50187.5,50143.2,50174.1,3441.0,172649078.1
2026-06-11 06:00:00,50173.3,50175.7,50076.3,50145.7,5481.0,274848581.7
2026-06-11 06:30:00,50146.5,50214.2,50135.4,50208.3,3103.0,155796354.9
2026-06-11 07:00:00,50208.7,50334.4,50208.2,50314.3,5801.0,291873254.3
2026-06-11 07:30:00,50314.7,50348.6,50298.1,50318.0,4288.0,215763584.0
2026-06-11 08:00:00,50317.5,50367.3,50303.2,50315.7,4644.0,233666110.79999998
2026-06-11 08:30:00,50316.5,50372.5,50309.1,50366.2,2961.0,149134318.2
2026-06-11 09:00:00,50365.3,50401.8,50345.2,50387.6,2777.0,139926365.2
2026-06-11 09:30:00,50387.8,50433.0,50381.8,50409.6,2389.0,120428534.39999999
2026-06-11 10:00:00,50409.3,50424.7,50349.8,50351.1,2736.0,137760609.6
2026-06-11 10:30:00,50351.8,50390.6,50351.8,50367.2,2113.0,106425893.6
2026-06-11 11:00:00,50367.7,50371.9,50324.6,50355.9,3385.0,170454721.5
2026-06-11 11:30:00,50355.3,50425.8,50350.1,50417.8,4182.0,210847239.60000002
2026-06-11 12:00:00,50416.9,50424.2,50164.4,50239.1,10339.0,519422054.9
2026-06-11 12:30:00,50238.3,50311.6,50152.1,50293.3,14874.0,748062544.2
2026-06-11 13:00:00,50292.4,50314.1,50227.1,50295.1,6974.0,350758027.4
2026-06-11 13:30:00,50295.7,50476.7,50179.2,50373.2,43220.0,2177129704.0
2026-06-11 14:00:00,50373.6,50419.3,50167.1,50302.4,41529.0,2089008369.6000001
2026-06-11 14:30:00,50303.3,50380.8,50179.1,50199.3,34038.0,1708683773.4
2026-06-11 15:00:00,50198.4,50374.3,50129.2,50306.5,32872.0,1653675268.0
2026-06-11 15:30:00,50305.5,50403.6,50241.5,50315.5,25117.0,1263774413.5
2026-06-11 16:00:00,50316.4,50447.7,50290.2,50314.1,20738.0,1043413805.8
2026-06-11 16:30:00,50313.4,50425.5,50260.6,50262.5,20629.0,1036865112.5
2026-06-11 17:00:00,50263.4,50685.3,50193.2,50665.9,23491.0,1190192656.9
2026-06-11 17:30:00,50666.5,50905.6,50625.0,50797.4,46666.0,2370511468.4
2026-06-11 18:00:00,50797.1,50838.6,50665.3,50762.3,28065.0,1424643949.5
2026-06-11 18:30:00,50762.4,50873.6,50751.4,50838.3,13460.0,684283518.0
2026-06-11 19:00:00,50839.4,50938.7,50817.3,50921.4,13862.0,705872446.8000001
2026-06-11 19:30:00,50921.1,51045.3,50883.0,50899.5,19801.0,1007860999.5
2026-06-11 20:00:00,50900.4,50992.7,50887.2,50959.2,5904.0,300863116.8
2026-06-11 20:30:00,50958.4,50963.3,50900.4,50941.3,2530.0,128881489.0
2026-06-11 22:00:00,50930.3,51024.9,50929.9,50987.7,4628.0,235971075.6
2026-06-11 22:30:00,50988.5,50990.1,50961.5,50980.1,3325.0,169508832.5
2026-06-11 23:00:00,50980.6,50985.7,50945.1,50961.7,3472.0,176939022.39999998
2026-06-11 23:30:00,50962.4,51021.2,50959.2,50993.7,4071.0,207595352.7
2026-06-12 00:00:00,50994.5,51000.7,50936.2,50967.6,11790.0,600908004.0
2026-06-12 00:30:00,50968.4,50987.7,50922.2,50945.1,7854.0,400122815.4
2026-06-12 01:00:00,50945.6,50945.7,50886.6,50896.2,7394.0,376326502.79999995
2026-06-12 01:30:00,50895.4,50965.5,50884.1,50958.1,8432.0,429678699.2
2026-06-12 02:00:00,50958.0,50980.7,50943.0,50945.7,6091.0,310310258.7
2026-06-12 02:30:00,50946.4,50976.7,50945.0,50958.4,5312.0,270691020.8
2026-06-12 03:00:00,50961.8,50965.8,50905.1,50926.1,5502.0,280195402.2
2026-06-12 03:30:00,50926.4,50956.9,50921.4,50954.5,6697.0,341242286.5
2026-06-12 04:00:00,50955.5,50960.6,50916.3,50955.9,4969.0,253199867.1
2026-06-12 04:30:00,50955.9,50975.6,50949.4,50965.2,3309.0,168643846.79999998
2026-06-12 05:00:00,50965.7,50977.7,50935.2,50973.6,5030.0,256397208.0
2026-06-12 05:30:00,50972.2,50972.7,50884.0,50925.1,11164.0,568527816.4
2026-06-12 06:00:00,50924.3,50991.5,50924.0,50956.5,6547.0,333612205.5
2026-06-12 06:30:00,50956.2,50957.6,50894.2,50910.2,3620.0,184294924.0
2026-06-12 07:00:00,50911.3,50922.5,50866.0,50887.2,5731.0,291634543.2
2026-06-12 07:30:00,50887.7,51068.6,50878.4,51009.3,5694.0,290446954.2
2026-06-12 08:00:00,51009.6,51247.7,51006.1,51212.2,11603.0,594215156.6
2026-06-12 08:30:00,51212.7,51229.7,51124.5,51173.2,5940.0,303968808.0
2026-06-12 09:00:00,51173.7,51289.4,51173.2,51276.2,6344.0,325296212.79999995
2026-06-12 09:30:00,51276.7,51383.6,51272.6,51310.8,6277.0,322077891.6
2026-06-12 10:00:00,51310.3,51335.6,51135.4,51152.2,6969.0,356479681.79999995
2026-06-12 10:30:00,51152.7,51203.6,51142.1,51176.0,5313.0,271898088.0
2026-06-12 11:00:00,51176.6,51267.7,51154.0,51253.4,5105.0,261648607.0
2026-06-12 11:30:00,51253.1,51312.7,51214.3,51284.2,4367.0,223958101.39999998
2026-06-12 12:00:00,51283.4,51292.4,51194.4,51205.4,5069.0,259560172.6
2026-06-12 12:30:00,51205.7,51223.4,51074.1,51078.5,7353.0,375580210.5
2026-06-12 13:00:00,51079.3,51247.4,51061.4,51246.3,6392.0,327566349.6
2026-06-12 13:30:00,51246.6,51292.3,50890.2,50955.1,48064.0,2449105926.4
2026-06-12 14:00:00,50960.6,51150.5,50942.5,51106.3,24772.0,1266005263.6000001
2026-06-12 14:30:00,51106.6,51413.6,51060.2,51394.4,29968.0,1540187379.2
2026-06-12 15:00:00,51394.0,51486.4,51370.2,51447.4,16997.0,874451457.8000001
2026-06-12 15:30:00,51447.1,51450.6,51158.2,51172.6,21857.0,1118479518.2
2026-06-12 16:00:00,51173.4,51334.3,51103.4,51211.3,22899.0,1172687558.7
2026-06-12 16:30:00,51211.8,51278.4,51180.3,51260.2,13595.0,696882419.0
2026-06-12 17:00:00,51259.3,51361.6,51255.2,51310.5,11769.0,603873274.5
2026-06-12 17:30:00,51311.4,51325.9,51257.2,51271.9,9679.0,496260720.1
2026-06-12 18:00:00,51273.0,51316.6,51236.1,51303.3,8586.0,440490133.8
2026-06-12 18:30:00,51303.4,51373.7,51295.3,51299.6,7197.0,369203221.2
2026-06-12 19:00:00,51299.1,51351.7,51279.3,51298.9,7737.0,396899589.3
2026-06-12 19:30:00,51298.6,51309.7,51216.5,51277.2,11423.0,585739455.6
2026-06-12 20:00:00,51277.6,51333.9,51272.2,51315.1,3046.0,156305794.6
2026-06-12 20:30:00,51315.0,51325.7,51266.9,51268.3,1378.0,70647717.4
2026-06-14 22:00:00,51546.0,51633.5,51501.8,51568.5,6974.0,359638719.0
2026-06-14 22:30:00,51569.4,51598.4,51539.1,51577.4,2919.0,150554430.6
2026-06-14 23:00:00,51578.3,51594.6,51513.1,51553.5,2718.0,140122413.0
2026-06-14 23:30:00,51553.7,51609.7,51553.7,51607.5,2981.0,153841957.5
2026-06-15 00:00:00,51607.1,51663.5,51587.3,51652.3,5733.0,296122635.90000004
2026-06-15 00:30:00,51652.7,51671.6,51644.1,51660.7,2020.0,104354614.0
2026-06-15 01:00:00,51661.5,51705.5,51652.4,51697.7,2676.0,138343045.2
2026-06-15 01:30:00,51698.5,51708.7,51676.4,51685.0,1583.0,81817355.0
2026-06-15 02:00:00,51684.2,51728.4,51684.1,51722.6,1088.0,56274188.8
2026-06-15 02:30:00,51722.1,51740.4,51708.1,51737.6,767.0,39682739.199999996
2026-06-15 03:00:00,51737.1,51745.6,51718.1,51733.6,885.0,45784236.0
2026-06-15 03:30:00,51734.4,51739.4,51709.2,51719.7,980.0,50685306.0
2026-06-15 04:00:00,51719.2,51732.7,51705.2,51732.7,761.0,39368584.699999996
2026-06-15 04:30:00,51732.2,51776.5,51723.4,51771.1,793.0,41054482.3
2026-06-15 05:00:00,51771.6,51810.6,51765.1,51807.7,971.0,50305276.699999996
2026-06-15 05:30:00,51807.1,51817.6,51782.3,51803.1,1604.0,83092172.39999999
2026-06-15 06:00:00,51803.7,51818.4,51763.3,51803.0,2167.0,112257101.0
2026-06-15 06:30:00,51802.2,51805.5,51754.1,51767.1,2104.0,108917978.39999999
2026-06-15 07:00:00,51767.6,51823.6,51741.0,51807.3,3771.0,195365328.3
2026-06-15 07:30:00,51808.3,51829.5,51764.1,51766.3,3069.0,158870774.70000002
2026-06-15 08:00:00,51765.4,51799.5,51706.3,51752.6,4311.0,223105458.6
2026-06-15 08:30:00,51753.5,51772.3,51719.3,51747.1,2697.0,139561928.7
2026-06-15 09:00:00,51747.5,51783.4,51701.3,51707.1,3202.0,165566134.2
2026-06-15 09:30:00,51707.5,51717.8,51678.1,51688.1,2236.0,115574591.6
2026-06-15 10:00:00,51688.4,51720.6,51681.4,51716.7,1910.0,98778897.0
2026-06-15 10:30:00,51717.4,51730.5,51687.2,51721.0,1766.0,91339286.0
2026-06-15 11:00:00,51720.2,51818.4,51713.2,51802.1,2443.0,126552530.3
2026-06-15 11:30:00,51803.2,51820.6,51744.3,51763.8,3209.0,166110034.20000002
2026-06-15 12:00:00,51763.4,51784.3,51721.6,51742.9,4191.0,216854493.9
2026-06-15 12:30:00,51743.5,51844.3,51741.0,51844.3,3416.0,177100128.8
2026-06-15 13:00:00,51845.2,51901.5,51824.0,51890.2,3669.0,190385143.79999998
2026-06-15 13:30:00,51891.2,51977.5,51789.3,51914.7,30600.0,1588589820.0
2026-06-15 14:00:00,51913.8,51917.7,51793.5,51890.4,18440.0,956858976.0
2026-06-15 14:30:00,51890.8,51957.4,51843.3,51936.6,12479.0,648116831.4
2026-06-15 15:00:00,51936.2,51987.4,51923.2,51942.8,10100.0,524622280.0
2026-06-15 15:30:00,51942.2,52030.8,51928.2,52009.2,7100.0,369265320.0
2026-06-15 16:00:00,52009.5,52044.7,51985.0,52035.2,5479.0,285100860.8
2026-06-15 16:30:00,52035.7,52042.7,51980.4,52009.7,5744.0,298743716.8
2026-06-15 17:00:00,52009.4,52049.5,51959.0,52027.5,5840.0,303840600.0
2026-06-15 17:30:00,52028.3,52037.7,51930.4,51943.6,4250.0,220760300.0
2026-06-15 18:00:00,51944.4,51949.4,51883.1,51888.3,6045.0,313664773.5
2026-06-15 18:30:00,51888.7,51924.4,51863.1,51890.7,5253.0,272581847.09999996
2026-06-15 19:00:00,51890.4,51935.7,51868.4,51869.2,5235.0,271535262.0
2026-06-15 19:30:00,51868.4,51895.7,51756.3,51820.4,10184.0,527738953.6
2026-06-15 20:00:00,51819.3,51832.8,51790.6,51804.2,2040.0,105680568.0
2026-06-15 20:30:00,51803.6,51835.6,51793.2,51802.7,1049.0,54341032.3
2026-06-15 22:00:00,51816.7,51840.5,51770.9,51796.2,1981.0,102608272.19999999
2026-06-15 22:30:00,51796.4,51806.4,51773.4,51778.6,1100.0,56956460.0
2026-06-15 23:00:00,51778.1,51794.2,51754.1,51786.1,699.0,36198483.9
2026-06-15 23:30:00,51785.3,51787.5,51762.5,51782.8,888.0,45983126.400000006
2026-06-16 00:00:00,51782.8,51804.4,51767.1,51802.7,2038.0,105573902.6
2026-06-16 00:30:00,51802.2,51819.7,51781.4,51801.4,2949.0,152762328.6
2026-06-16 01:00:00,51801.8,51826.5,51795.2,51814.2,2561.0,132696166.19999999
2026-06-16 01:30:00,51814.7,51817.7,51790.4,51800.1,1503.0,77855550.3
2026-06-16 02:00:00,51801.3,51821.7,51790.2,51819.7,1258.0,65189182.599999994
2026-06-16 02:30:00,51819.2,51833.7,51809.4,51819.7,921.0,47725943.699999996
2026-06-16 03:00:00,51820.5,51845.5,51817.2,51836.2,953.0,49399898.599999994
2026-06-16 03:30:00,51835.4,51849.7,51816.2,51824.7,1241.0,64314452.699999996
2026-06-16 04:00:00,51824.2,51826.5,51803.4,51807.5,759.0,39321892.5
2026-06-16 04:30:00,51807.1,51821.7,51789.2,51806.2,1004.0,52013424.8
2026-06-16 05:00:00,51806.7,51859.7,51806.2,51829.1,1139.0,59033344.9
2026-06-16 05:30:00,51828.3,51832.7,51798.4,51819.2,1491.0,77262427.2
2026-06-16 06:00:00,51819.0,51857.7,51809.4,51848.2,1192.0,61803054.4
2026-06-16 06:30:00,51847.4,51855.7,51837.3,51853.1,1094.0,56727291.4
2026-06-16 07:00:00,51853.7,51895.7,51852.8,51892.5,2099.0,108922357.5
2026-06-16 07:30:00,51892.7,51913.5,51859.0,51880.7,2046.0,106147912.19999999
2026-06-16 08:00:00,51881.5,51912.6,51853.2,51856.4,2841.0,147324032.4
2026-06-16 08:30:00,51856.0,51869.6,51829.1,51840.4,2402.0,124520640.8
2026-06-16 09:00:00,51839.6,51866.6,51827.1,51843.4,1617.0,83830777.8
2026-06-16 09:30:00,51843.1,51853.6,51807.4,51833.7,1805.0,93559828.5
2026-06-16 10:00:00,51833.8,51868.7,51833.8,51856.9,1378.0,71458808.2
2026-06-16 10:30:00,51857.3,51868.9,51840.2,51868.8,1280.0,66392064.0
2026-06-16 11:00:00,51869.1,51872.5,51830.0,51853.0,1751.0,90794603.0
2026-06-16 11:30:00,51853.5,51868.4,51832.3,51846.5,1518.0,78702987.0
2026-06-16 12:00:00,51846.8,51898.6,51836.5,51897.6,3008.0,156107980.79999998
2026-06-16 12:30:00,51896.0,51955.6,51890.1,51937.2,3342.0,173574122.39999998
2026-06-16 13:00:00,51936.4,52007.6,51919.2,52003.6,3269.0,169999768.4
2026-06-16 13:30:00,52004.4,52211.7,51976.1,52023.6,27868.0,1449793684.8
2026-06-16 14:00:00,52023.4,52195.7,52006.1,52092.2,17375.0,905101975.0
2026-06-16 14:30:00,52092.5,52155.7,52059.2,52138.5,17531.0,914040043.5
2026-06-16 15:00:00,52138.8,52183.7,52086.4,52165.3,11729.0,611846803.7
2026-06-16 15:30:00,52165.7,52261.5,52154.1,52234.4,13597.0,710231136.8000001
2026-06-16 16:00:00,52234.7,52305.3,52233.1,52272.2,8377.0,437884219.4
2026-06-16 16:30:00,52272.7,52312.7,52251.1,52290.1,7691.0,402163159.09999996
2026-06-16 17:00:00,52289.4,52307.4,52257.2,52267.7,6255.0,326934463.5
2026-06-16 17:30:00,52268.5,52284.5,52225.3,52232.2,6251.0,326503482.2
2026-06-16 18:00:00,52231.4,52244.7,52198.5,52228.2,5323.0,278010708.59999996
2026-06-16 18:30:00,52227.4,52236.7,52193.2,52207.2,4954.0,258634468.79999998
2026-06-16 19:00:00,52206.4,52206.6,52122.2,52179.6,8297.0,432934141.2
2026-06-16 19:30:00,52179.3,52203.6,52119.1,52151.4,11215.0,584877951.0
2026-06-16 20:00:00,52151.7,52157.1,52103.1,52122.0,3092.0,161161224.0
2026-06-16 20:30:00,52121.3,52139.1,52113.6,52138.3,1141.0,59489800.300000004
2026-06-16 22:00:00,52121.5,52184.0,52121.5,52171.0,1264.0,65944144.0
2026-06-16 22:30:00,52171.5,52203.7,52171.1,52201.6,890.0,46459424.0
2026-06-16 23:00:00,52201.1,52202.7,52187.2,52197.3,800.0,41757840.0
2026-06-16 23:30:00,52197.1,52207.6,52189.2,52192.4,1099.0,57359447.6
2026-06-17 00:00:00,52193.4,52221.4,52192.4,52208.1,2245.0,117207184.5
2026-06-17 00:30:00,52207.3,52218.5,52200.2,52205.7,1141.0,59566703.699999996
2026-06-17 01:00:00,52206.5,52247.4,52198.2,52235.4,1307.0,68271667.8
2026-06-17 01:30:00,52235.8,52241.7,52221.2,52225.7,683.0,35670153.1
2026-06-17 02:00:00,52226.5,52230.5,52206.2,52206.2,425.0,22187635.0
2026-06-17 02:30:00,52205.4,52206.7,52187.2,52202.2,538.0,28084783.599999998
2026-06-17 03:00:00,52202.7,52212.7,52183.2,52188.2,618.0,32252307.599999998
2026-06-17 03:30:00,52188.7,52223.4,52183.4,52218.4,702.0,36657316.800000004
2026-06-17 04:00:00,52218.8,52222.7,52199.4,52200.2,552.0,28814510.4
2026-06-17 04:30:00,52199.4,52202.5,52178.4,52194.7,588.0,30690483.599999998
2026-06-17 05:00:00,52194.2,52198.7,52176.4,52177.7,500.0,26088850.0
2026-06-17 05:30:00,52178.5,52192.4,52161.5,52169.2,582.0,30362474.4
2026-06-17 06:00:00,52170.3,52192.3,52148.1,52158.1,919.0,47933293.9
2026-06-17 06:30:00,52157.3,52201.4,52145.0,52188.4,1071.0,55893776.4
2026-06-17 07:00:00,52186.8,52214.3,52136.3,52144.3,2185.0,113935295.5
2026-06-17 07:30:00,52144.3,52173.5,52134.0,52141.6,1782.0,92916331.2
2026-06-17 08:00:00,52141.2,52150.8,52074.9,52118.6,3003.0,156512155.79999998
2026-06-17 08:30:00,52119.5,52138.8,52088.1,52137.7,2460.0,128258742.0
2026-06-17 09:00:00,52138.3,52158.9,52113.3,52153.7,1955.0,101960483.5
2026-06-17 09:30:00,52153.2,52172.4,52116.6,52122.5,2370.0,123530325.0
2026-06-17 10:00:00,52122.9,52142.8,52086.2,52124.4,2600.0,135523440.0
2026-06-17 10:30:00,52124.5,52167.5,52107.2,52115.8,2066.0,107671242.80000001
2026-06-17 11:00:00,52116.4,52158.8,52115.3,52144.7,2334.0,121705729.8
2026-06-17 11:30:00,52143.9,52144.7,52093.9,52114.2,2732.0,142375994.4
2026-06-17 12:00:00,52113.7,52145.1,52093.5,52096.6,2964.0,154414322.4
2026-06-17 12:30:00,52096.8,52141.2,52093.7,52132.8,3522.0,183611721.60000002
2026-06-17 13:00:00,52133.2,52142.1,52091.5,52114.6,3868.0,201579272.79999998
2026-06-17 13:30:00,52115.7,52342.1,52106.7,52314.9,32431.0,1696624521.9
2026-06-17 14:00:00,52315.8,52412.4,52284.1,52369.8,18744.0,981619531.2
2026-06-17 14:30:00,52369.0,52372.9,52152.9,52235.1,20901.0,1091765825.1
2026-06-17 15:00:00,52234.3,52325.5,52208.3,52314.1,13035.0,681914293.5
2026-06-17 15:30:00,52313.4,52406.4,52305.2,52347.5,8959.0,468981252.5
2026-06-17 16:00:00,52348.4,52379.7,52322.2,52340.6,5066.0,265157479.6
2026-06-17 16:30:00,52340.1,52357.7,52299.2,52336.3,5068.0,265240368.4
2026-06-17 17:00:00,52335.5,52335.6,52242.4,52252.3,5646.0,295016485.8
2026-06-17 17:30:00,52252.1,52317.1,52218.2,52317.1,5354.0,280105753.4
2026-06-17 18:00:00,52313.9,52317.3,51915.2,52043.1,34939.0,1818333870.8999999
2026-06-17 18:30:00,52044.2,52229.6,51972.3,52007.1,35117.0,1826333330.7
2026-06-17 19:00:00,52007.4,52070.7,51688.0,51699.2,35340.0,1827049728.0
2026-06-17 19:30:00,51698.5,51701.4,51518.0,51619.5,36976.0,1908682632.0
2026-06-17 20:00:00,51620.4,51710.4,51607.6,51702.4,7865.0,406639376.0
2026-06-17 20:30:00,51702.7,51743.2,51694.1,51726.1,2964.0,153316160.4
2026-06-17 22:00:00,51750.9,51760.8,51692.3,51734.0,3878.0,200624452.0
2026-06-17 22:30:00,51733.4,51765.2,51731.5,51755.0,1103.0,57085765.0
2026-06-17 23:00:00,51755.6,51852.1,51751.1,51846.1,1069.0,55423480.9
2026-06-17 23:30:00,51846.6,51860.4,51819.3,51858.6,1292.0,67001311.199999996
2026-06-18 00:00:00,51860.1,51956.4,51848.6,51905.1,5915.0,307018666.5
2026-06-18 00:30:00,51905.7,51925.6,51873.1,51887.7,3070.0,159295239.0
2026-06-18 01:00:00,51888.5,51943.8,51883.2,51922.7,3173.0,164750727.1
2026-06-18 01:30:00,51923.5,51931.5,51895.4,51911.5,2093.0,108650769.5
2026-06-18 02:00:00,51912.4,51929.6,51906.2,51914.7,1581.0,82077140.69999999
2026-06-18 02:30:00,51914.2,51929.7,51904.2,51924.7,1078.0,55974826.599999994
2026-06-18 03:00:00,51924.2,51936.7,51896.4,51926.2,1236.0,64180783.199999996
2026-06-18 03:30:00,51926.7,51936.4,51894.3,51928.1,1681.0,87291136.1
2026-06-18 04:00:00,51928.7,51937.7,51890.2,51906.7,1619.0,84036947.3
2026-06-18 04:30:00,51906.2,51906.7,51875.4,51875.4,1626.0,84349400.4
2026-06-18 05:00:00,51875.8,51898.7,51868.2,51886.5,1527.0,79230685.5
2026-06-18 05:30:00,51886.1,51898.4,51862.3,51866.5,1698.0,88069317.0
2026-06-18 06:00:00,51867.4,51895.4,51844.2,51892.7,3202.0,166160425.39999998
2026-06-18 06:30:00,51892.1,51933.7,51856.2,51932.5,2260.0,117367450.0
2026-06-18 07:00:00,51931.5,51939.9,51877.1,51933.5,3176.0,164940796.0
2026-06-18 07:30:00,51933.1,51933.1,51887.4,51919.7,2565.0,133174030.49999999
2026-06-18 08:00:00,51920.9,51965.5,51894.1,51896.8,3353.0,174009970.4
2026-06-18 08:30:00,51897.5,51920.3,51819.4,51833.6,3223.0,167059692.79999998
2026-06-18 09:00:00,51834.4,51903.2,51821.2,51888.4,3192.0,165627772.8
2026-06-18 09:30:00,51887.5,51946.6,51878.2,51931.2,2516.0,130658899.19999999
2026-06-18 10:00:00,51931.6,51943.6,51895.1,51906.4,2517.0,130648408.8
2026-06-18 10:30:00,51906.8,51919.5,51834.3,51839.7,2471.0,128095898.69999999
2026-06-18 11:00:00,51839.3,51845.7,51708.4,51756.0,5657.0,292783692.0
2026-06-18 11:30:00,51756.4,51772.0,51689.7,51731.0,4406.0,227926786.0
2026-06-18 12:00:00,51730.3,51868.4,51722.0,51847.6,4638.0,240469168.79999998
2026-06-18 12:30:00,51848.1,51916.2,51825.6,51892.6,4638.0,240677878.79999998
2026-06-18 13:00:00,51892.3,51971.6,51837.6,51956.3,7375.0,383177712.5
2026-06-18 13:30:00,51957.3,52060.4,51799.3,51835.1,34226.0,1774108132.6
2026-06-18 14:00:00,51835.6,51854.4,51689.1,51799.4,23767.0,1231116339.8
2026-06-18 14:30:00,51798.5,51911.8,51748.1,51895.3,17508.0,908582912.4000001
2026-06-18 15:00:00,51896.3,51902.7,51734.4,51747.0,14609.0,755971923.0
2026-06-18 15:30:00,51746.4,51794.7,51707.2,51766.5,13959.0,722608573.5
2026-06-18 16:00:00,51766.9,51786.6,51698.9,51768.5,8975.0,464622287.5
2026-06-18 16:30:00,51769.3,51787.7,51714.2,51743.8,7473.0,386681417.40000004
2026-06-18 17:00:00,51745.0,51885.6,51732.0,51807.7,6866.0,355711668.2
2026-06-18 17:30:00,51808.5,51826.4,51759.1,51760.4,5263.0,272414985.2
2026-06-18 18:00:00,51760.8,51764.4,51712.2,51728.7,6939.0,358945449.29999995
2026-06-18 18:30:00,51729.5,51760.7,51706.3,51719.6,5846.0,302352781.59999996
2026-06-18 19:00:00,51719.2,51733.7,51649.1,51698.2,8411.0,434833560.2
2026-06-18 19:30:00,51698.7,51769.4,51662.1,51662.1,13468.0,695785162.8
2026-06-18 20:00:00,51661.4,51772.1,51650.6,51744.7,3927.0,203201436.89999998
2026-06-18 20:30:00,51744.2,51751.5,51708.3,51734.8,1328.0,68703814.4
2026-06-18 22:00:00,51739.8,51753.4,51680.3,51686.1,2674.0,138208631.4
2026-06-18 22:30:00,51686.0,51686.6,51657.2,51664.3,938.0,48461113.400000006
2026-06-18 23:00:00,51664.7,51685.5,51656.4,51683.7,636.0,32870833.2
2026-06-18 23:30:00,51683.2,51706.6,51676.5,51694.1,848.0,43836596.8
2026-06-19 00:00:00,51693.3,51695.6,51652.4,51678.2,3172.0,163923250.39999998
2026-06-19 00:30:00,51678.7,51683.8,51650.3,51658.7,1351.0,69790903.7
2026-06-19 01:00:00,51659.5,51669.7,51618.4,51631.2,1300.0,67120560.0
2026-06-19 01:30:00,51630.3,51631.7,51597.1,51597.7,1027.0,52990837.9
2026-06-19 02:00:00,51597.2,51603.7,51549.6,51567.5,1250.0,64459375.0
2026-06-19 02:30:00,51568.4,51591.5,51561.2,51576.7,762.0,39301445.4
2026-06-19 03:00:00,51577.5,51587.5,51529.2,51535.2,1338.0,68954097.6
2026-06-19 03:30:00,51534.4,51573.5,51530.2,51573.5,1828.0,94276358.0
2026-06-19 04:00:00,51575.1,51580.5,51549.0,51560.7,1572.0,81053420.39999999
2026-06-19 04:30:00,51561.4,51561.8,51487.1,51504.7,1372.0,70664448.39999999
2026-06-19 05:00:00,51505.4,51521.4,51482.0,51510.3,1359.0,70002497.7
2026-06-19 05:30:00,51510.5,51531.6,51495.2,51527.4,1699.0,87545052.60000001
2026-06-19 06:00:00,51527.8,51551.4,51502.3,51544.1,2435.0,125509883.5
2026-06-19 06:30:00,51544.6,51583.5,51537.1,51571.3,1272.0,65598693.6
2026-06-19 07:00:00,51570.3,51619.3,51570.3,51619.3,1628.0,84036220.4
2026-06-19 07:30:00,51619.5,51646.6,51607.0,51645.9,1444.0,74576679.60000001
2026-06-19 08:00:00,51645.8,51676.6,51625.4,51668.0,1427.0,73730236.0
2026-06-19 08:30:00,51668.5,51692.7,51646.5,51663.5,1255.0,64837692.5
2026-06-19 09:00:00,51664.3,51686.7,51644.2,51646.1,1560.0,80567916.0
2026-06-19 09:30:00,51646.6,51690.4,51644.3,51664.4,1745.0,90154378.0
2026-06-19 10:00:00,51664.7,51666.3,51578.4,51581.5,1407.0,72575170.5
2026-06-19 10:30:00,51582.8,51593.6,51530.4,51565.3,1871.0,96478676.30000001
2026-06-19 11:00:00,51564.5,51564.5,51514.1,51521.9,1971.0,101549664.9
2026-06-19 11:30:00,51521.3,51566.5,51521.0,51555.4,1385.0,71404229.0
2026-06-19 12:00:00,51556.3,51558.6,51514.9,51518.1,1233.0,63521817.3
2026-06-19 12:30:00,51518.6,51672.4,51481.0,51634.0,6034.0,311559556.0
2026-06-19 13:00:00,51634.4,51647.5,51591.1,51629.5,3566.0,184110797.0
2026-06-19 13:30:00,51630.4,51651.6,51582.3,51585.7,4340.0,223881938.0
2026-06-19 14:00:00,51585.1,51623.4,51543.0,51608.8,2931.0,151265392.8
2026-06-19 14:30:00,51607.7,51634.8,51586.7,51622.3,2006.0,103554333.80000001
2026-06-19 15:00:00,51622.0,51660.8,51611.3,51634.4,1913.0,98776607.2
2026-06-19 15:30:00,51634.8,51644.6,51598.1,51631.8,2399.0,123864688.2
2026-06-19 16:00:00,51631.8,51637.1,51591.3,51635.5,1080.0,55766340.0
2026-06-19 16:30:00,51635.8,51648.5,51562.8,51572.3,826.0,42598719.800000004
