timestamps,open,high,low,close,volume,amount
2025-06-22 22:00:00,21399.08,21549.38,21363.4,21535.85,10735.0,231187349.74999997
2025-06-22 22:30:00,21536.31,21581.7,21536.31,21557.19,3746.0,80753233.74
2025-06-22 23:00:00,21556.65,21560.89,21526.69,21553.83,2913.0,62786306.79000001
2025-06-22 23:30:00,21554.09,21568.12,21540.18,21558.72,2079.0,44820578.88
2025-06-23 00:00:00,21558.97,21559.15,21505.47,21516.49,3864.0,83139717.36
2025-06-23 00:30:00,21516.49,21535.91,21507.72,21529.45,2233.0,48075261.85
2025-06-23 01:00:00,21529.27,21548.09,21513.06,21514.69,2342.0,50387403.98
2025-06-23 01:30:00,21514.92,21538.63,21510.21,21537.22,1611.0,34696461.42
2025-06-23 02:00:00,21537.45,21555.54,21535.55,21552.69,1558.0,33579091.019999996
2025-06-23 02:30:00,21552.69,21569.21,21546.79,21556.68,1421.0,30632042.28
2025-06-23 03:00:00,21556.68,21566.41,21553.8,21559.23,1149.0,24771555.27
2025-06-23 03:30:00,21559.06,21570.44,21555.94,21564.67,1166.0,25144405.22
2025-06-23 04:00:00,21565.09,21571.42,21555.82,21565.0,1017.0,21931605.0
2025-06-23 04:30:00,21564.97,21567.15,21557.0,21562.73,807.0,17401123.11
2025-06-23 05:00:00,21562.48,21612.98,21561.75,21596.49,2002.0,43236172.980000004
2025-06-23 05:30:00,21596.53,21607.65,21588.46,21607.42,1571.0,33945256.82
2025-06-23 06:00:00,21607.24,21625.87,21596.08,21607.44,2074.0,44813830.559999995
2025-06-23 06:30:00,21607.23,21632.91,21602.42,21617.06,1887.0,40791392.22
2025-06-23 07:00:00,21617.53,21670.13,21617.26,21649.01,3653.0,79083833.53
2025-06-23 07:30:00,21649.49,21702.13,21644.78,21694.14,2982.0,64691925.48
2025-06-23 08:00:00,21692.95,21741.92,21677.52,21707.24,3654.0,79318254.96000001
2025-06-23 08:30:00,21707.02,21716.67,21695.29,21704.95,2483.0,53893390.85
2025-06-23 09:00:00,21704.53,21731.67,21679.56,21697.92,2732.0,59278717.44
2025-06-23 09:30:00,21697.5,21704.42,21681.26,21681.28,1537.0,33324127.36
2025-06-23 10:00:00,21681.28,21721.88,21665.18,21669.45,3628.0,78616764.60000001
2025-06-23 10:30:00,21669.26,21679.46,21644.3,21655.27,2425.0,52514029.75
2025-06-23 11:00:00,21655.67,21661.68,21589.26,21610.98,3291.0,71121735.17999999
2025-06-23 11:30:00,21610.9,21626.48,21572.41,21623.0,3779.0,81713317.0
2025-06-23 12:00:00,21623.57,21651.41,21615.17,21635.44,2956.0,63954360.63999999
2025-06-23 12:30:00,21635.69,21683.93,21633.71,21681.25,2431.0,52707118.75
2025-06-23 13:00:00,21681.2,21686.95,21654.01,21666.87,4032.0,87360819.83999999
2025-06-23 13:30:00,21667.12,21726.21,21556.92,21722.82,17467.0,379432496.94
2025-06-23 14:00:00,21723.26,21807.93,21723.26,21780.17,9860.0,214752476.2
2025-06-23 14:30:00,21780.47,21813.9,21747.07,21750.5,7794.0,169523397.0
2025-06-23 15:00:00,21750.95,21801.95,21741.79,21743.27,5760.0,125241235.2
2025-06-23 15:30:00,21742.75,21763.47,21719.01,21734.51,7651.0,166290736.01
2025-06-23 16:00:00,21734.75,21740.2,21653.31,21659.03,8170.0,176954275.1
2025-06-23 16:30:00,21658.55,21710.03,21537.01,21635.56,27148.0,587362182.88
2025-06-23 17:00:00,21635.98,21827.15,21617.25,21813.41,18185.0,396676860.85
2025-06-23 17:30:00,21813.82,21875.24,21813.82,21850.42,10785.0,235656779.7
2025-06-23 18:00:00,21850.79,21882.66,21837.73,21839.74,6445.0,140757124.3
2025-06-23 18:30:00,21840.6,21857.46,21817.53,21832.04,5184.0,113177295.36
2025-06-23 19:00:00,21831.77,21866.08,21820.52,21851.46,5364.0,117211231.44
2025-06-23 19:30:00,21851.28,21887.96,21825.84,21866.96,6320.0,138199187.2
2025-06-23 20:00:00,21867.21,21874.42,21847.78,21868.98,2681.0,58630735.379999995
2025-06-23 20:30:00,21868.5,21880.27,21863.23,21867.82,1323.0,28931125.86
2025-06-23 22:00:00,21870.68,22014.71,21864.92,21995.66,5624.0,123703591.84
2025-06-23 22:30:00,21995.35,22007.57,21970.19,22002.39,2711.0,59648479.29
2025-06-23 23:00:00,22002.5,22053.21,21999.47,22037.26,3126.0,68888474.75999999
2025-06-23 23:30:00,22037.01,22049.44,22020.23,22034.74,2051.0,45193251.74
2025-06-24 00:00:00,22034.98,22046.48,22019.37,22029.21,2126.0,46834100.46
2025-06-24 00:30:00,22029.41,22039.53,21990.64,22026.44,2995.0,65969187.8
2025-06-24 01:00:00,22026.27,22051.18,22013.43,22041.73,2337.0,51511523.01
2025-06-24 01:30:00,22041.98,22068.82,22039.32,22063.76,1769.0,39030791.44
2025-06-24 02:00:00,22063.6,22066.6,22016.8,22033.33,2563.0,56471424.79000001
2025-06-24 02:30:00,22032.88,22038.77,22013.58,22032.85,1579.0,34789870.15
2025-06-24 03:00:00,22032.76,22044.86,22027.29,22043.29,1202.0,26496034.580000002
2025-06-24 03:30:00,22043.37,22049.54,22039.36,22044.0,1077.0,23741388.0
2025-06-24 04:00:00,22043.55,22045.85,22018.48,22034.48,1425.0,31399134.0
2025-06-24 04:30:00,22034.48,22046.76,22031.88,22041.13,921.0,20299880.73
2025-06-24 05:00:00,22041.31,22057.17,22039.81,22056.29,1166.0,25717634.14
2025-06-24 05:30:00,22055.85,22100.71,22053.86,22092.82,2154.0,47587934.28
2025-06-24 06:00:00,22092.61,22161.96,22092.61,22160.91,3164.0,70117119.24
2025-06-24 06:30:00,22160.32,22166.0,22137.15,22153.9,2666.0,59062297.400000006
2025-06-24 07:00:00,22154.97,22176.9,22119.42,22119.42,4769.0,105487513.97999999
2025-06-24 07:30:00,22119.86,22125.09,22056.18,22102.68,5724.0,126515740.32000001
2025-06-24 08:00:00,22102.03,22127.86,22084.61,22125.62,4760.0,105317951.19999999
2025-06-24 08:30:00,22125.62,22125.67,22089.64,22097.75,2399.0,53012502.25
2025-06-24 09:00:00,22097.84,22131.89,22097.45,22130.96,2092.0,46297968.32
2025-06-24 09:30:00,22130.87,22146.11,22106.72,22108.7,1821.0,40259942.7
2025-06-24 10:00:00,22108.21,22116.03,22077.13,22088.34,2279.0,50339326.86
2025-06-24 10:30:00,22088.82,22097.58,22074.34,22079.63,2299.0,50761069.370000005
2025-06-24 11:00:00,22079.21,22096.26,22046.62,22092.79,3141.0,69393453.39
2025-06-24 11:30:00,22092.32,22104.98,22079.71,22100.38,2764.0,61085450.32
2025-06-24 12:00:00,22100.44,22108.58,22067.23,22081.11,2655.0,58625347.050000004
2025-06-24 12:30:00,22081.2,22097.87,22054.19,22080.38,3397.0,75007050.86
2025-06-24 13:00:00,22080.63,22103.99,22073.17,22081.44,3152.0,69600698.88
2025-06-24 13:30:00,22081.97,22128.16,22055.19,22086.64,13844.0,305767444.15999997
2025-06-24 14:00:00,22087.25,22120.41,22061.89,22103.1,9010.0,199148931.0
2025-06-24 14:30:00,22103.38,22135.62,22096.37,22110.83,4770.0,105468659.10000001
2025-06-24 15:00:00,22110.58,22168.43,22110.07,22168.43,4239.0,93971974.77
2025-06-24 15:30:00,22168.67,22182.92,22154.46,22157.65,3251.0,72034520.15
2025-06-24 16:00:00,22157.88,22191.63,22152.98,22186.9,2922.0,64830121.800000004
2025-06-24 16:30:00,22186.53,22211.97,22180.54,22194.42,3010.0,66805204.199999996
2025-06-24 17:00:00,22194.8,22208.4,22174.7,22182.41,3431.0,76107848.71
2025-06-24 17:30:00,22182.46,22219.92,22182.39,22211.36,2620.0,58193763.2
2025-06-24 18:00:00,22211.8,22225.22,22206.66,22209.5,2322.0,51570459.0
2025-06-24 18:30:00,22209.63,22221.68,22201.73,22218.98,2164.0,48081872.72
2025-06-24 19:00:00,22218.77,22240.43,22214.44,22214.99,2411.0,53560340.89
2025-06-24 19:30:00,22214.75,22226.88,22199.7,22201.11,3956.0,87827591.16
2025-06-24 20:00:00,22201.37,22203.58,22189.48,22200.23,1917.0,42557840.91
2025-06-24 20:30:00,22199.96,22212.6,22199.02,22202.22,1034.0,22957095.48
2025-06-24 22:00:00,22200.69,22202.1,22182.73,22200.24,1790.0,39738429.6
2025-06-24 22:30:00,22200.15,22201.44,22186.73,22192.51,902.0,20017644.02
2025-06-24 23:00:00,22192.67,22205.77,22184.91,22197.36,1056.0,23440412.16
2025-06-24 23:30:00,22197.18,22226.28,22193.26,22220.73,1101.0,24465023.73
2025-06-25 00:00:00,22221.29,22230.55,22210.27,22225.12,1827.0,40605294.239999995
2025-06-25 00:30:00,22225.22,22227.66,22206.91,22221.47,1228.0,27287965.16
2025-06-25 01:00:00,22221.26,22221.26,22192.46,22192.67,1244.0,27607681.479999997
2025-06-25 01:30:00,22192.26,22202.4,22189.53,22196.5,1289.0,28611288.5
2025-06-25 02:00:00,22196.27,22198.92,22190.54,22195.27,915.0,20308672.05
2025-06-25 02:30:00,22195.17,22203.13,22194.37,22201.5,683.0,15163624.5
2025-06-25 03:00:00,22201.46,22217.17,22201.46,22216.18,874.0,19416941.32
2025-06-25 03:30:00,22216.17,22218.58,22203.02,22203.29,659.0,14631968.110000001
2025-06-25 04:00:00,22203.02,22215.21,22202.83,22214.68,518.0,11507204.24
2025-06-25 04:30:00,22214.51,22222.95,22213.32,22221.68,443.0,9844204.24
2025-06-25 05:00:00,22221.77,22231.66,22216.32,22229.66,781.0,17361364.46
2025-06-25 05:30:00,22229.23,22232.64,22222.92,22222.92,738.0,16400514.959999999
2025-06-25 06:00:00,22222.75,22230.51,22216.56,22223.13,1177.0,26156624.01
2025-06-25 06:30:00,22223.66,22225.97,22216.05,22216.5,951.0,21127891.5
2025-06-25 07:00:00,22215.33,22227.27,22209.45,22224.98,1894.0,42094112.12
2025-06-25 07:30:00,22225.18,22228.67,22202.47,22220.14,1726.0,38351961.64
2025-06-25 08:00:00,22220.4,22228.63,22205.7,22215.29,1838.0,40831703.02
2025-06-25 08:30:00,22215.14,22230.82,22203.79,22230.77,1301.0,28922231.77
2025-06-25 09:00:00,22230.78,22249.63,22224.14,22229.22,1447.0,32165681.34
2025-06-25 09:30:00,22229.16,22232.13,22218.81,22221.43,1040.0,23110287.2
2025-06-25 10:00:00,22221.43,22230.47,22210.81,22228.09,1096.0,24361986.64
2025-06-25 10:30:00,22227.69,22253.75,22224.43,22244.74,1568.0,34879752.32
2025-06-25 11:00:00,22245.06,22257.14,22240.09,22250.74,1347.0,29971746.78
2025-06-25 11:30:00,22250.78,22288.68,22250.78,22287.19,1625.0,36216683.75
2025-06-25 12:00:00,22286.85,22291.38,22277.51,22290.13,1482.0,33033972.66
2025-06-25 12:30:00,22289.87,22305.69,22279.47,22304.44,1649.0,36780021.559999995
2025-06-25 13:00:00,22304.71,22307.52,22291.27,22295.81,1798.0,40087866.38
2025-06-25 13:30:00,22295.55,22344.43,22282.74,22318.49,10884.0,242914445.16000003
2025-06-25 14:00:00,22318.96,22324.89,22261.67,22284.44,8112.0,180771377.28
2025-06-25 14:30:00,22284.69,22320.46,22272.87,22288.43,6183.0,137809362.69
2025-06-25 15:00:00,22288.71,22290.64,22241.57,22259.28,5560.0,123761596.8
2025-06-25 15:30:00,22259.23,22260.42,22225.58,22241.27,5088.0,113163581.76
2025-06-25 16:00:00,22240.58,22254.01,22217.02,22230.9,3966.0,88167749.4
2025-06-25 16:30:00,22231.21,22241.0,22207.0,22238.81,3754.0,83484492.74000001
2025-06-25 17:00:00,22239.12,22258.66,22219.52,22253.01,3559.0,79198462.58999999
2025-06-25 17:30:00,22253.22,22254.97,22185.5,22209.45,5613.0,124661642.85000001
2025-06-25 18:00:00,22210.3,22230.91,22200.26,22225.29,3842.0,85389564.18
2025-06-25 18:30:00,22225.46,22226.68,22204.29,22216.72,2982.0,66250259.04000001
2025-06-25 19:00:00,22216.53,22256.9,22215.6,22237.03,3153.0,70113355.59
2025-06-25 19:30:00,22236.57,22261.95,22217.23,22259.3,4820.0,107289826.0
2025-06-25 20:00:00,22260.07,22276.62,22247.41,22252.71,2226.0,49534532.46
2025-06-25 20:30:00,22252.96,22269.66,22252.54,22269.2,1055.0,23494006.0
2025-06-25 22:00:00,22256.89,22286.49,22250.63,22256.77,1617.0,35989197.09
2025-06-25 22:30:00,22257.21,22265.8,22252.16,22262.62,950.0,21149489.0
2025-06-25 23:00:00,22262.61,22264.57,22237.51,22245.77,1872.0,41644081.44
2025-06-25 23:30:00,22245.51,22267.75,22239.49,22263.43,1414.0,31480490.02
2025-06-26 00:00:00,22263.74,22276.25,22255.83,22274.99,1547.0,34459409.53
2025-06-26 00:30:00,22275.03,22279.83,22270.79,22275.27,1090.0,24280044.3
2025-06-26 01:00:00,22275.3,22278.28,22264.23,22266.86,1173.0,26119026.78
2025-06-26 01:30:00,22266.59,22269.82,22260.51,22266.77,931.0,20730362.87
2025-06-26 02:00:00,22266.87,22283.76,22266.34,22275.98,939.0,20917145.22
2025-06-26 02:30:00,22276.11,22278.61,22268.9,22276.35,755.0,16818644.25
2025-06-26 03:00:00,22276.4,22295.31,22276.4,22294.11,968.0,21580698.48
2025-06-26 03:30:00,22293.84,22302.53,22290.8,22293.8,906.0,20198182.8
2025-06-26 04:00:00,22294.05,22296.86,22289.01,22294.81,805.0,17947322.05
2025-06-26 04:30:00,22294.75,22305.22,22294.17,22303.89,637.0,14207577.93
2025-06-26 05:00:00,22303.83,22303.83,22293.11,22295.56,765.0,17056103.400000002
2025-06-26 05:30:00,22295.77,22310.57,22294.5,22310.02,953.0,21261449.06
2025-06-26 06:00:00,22310.06,22322.28,22307.35,22318.84,1283.0,28635071.72
2025-06-26 06:30:00,22318.46,22342.22,22313.13,22331.76,1316.0,29388596.159999996
2025-06-26 07:00:00,22332.02,22355.32,22322.33,22325.27,1875.0,41859881.25
2025-06-26 07:30:00,22325.55,22339.53,22323.27,22330.36,1380.0,30815896.8
2025-06-26 08:00:00,22330.53,22373.96,22324.59,22365.56,1999.0,44708754.440000005
2025-06-26 08:30:00,22365.8,22373.19,22356.56,22358.83,1336.0,29871396.880000003
2025-06-26 09:00:00,22358.89,22364.22,22347.62,22351.88,1253.0,28006905.64
2025-06-26 09:30:00,22351.76,22352.32,22340.78,22347.27,1277.0,28537463.79
2025-06-26 10:00:00,22347.07,22376.85,22338.52,22368.69,1341.0,29996413.29
2025-06-26 10:30:00,22368.75,22373.23,22353.39,22354.14,1224.0,27361467.36
2025-06-26 11:00:00,22354.43,22370.22,22351.52,22362.8,1570.0,35109596.0
2025-06-26 11:30:00,22362.73,22373.85,22353.34,22373.85,1304.0,29175500.4
2025-06-26 12:00:00,22374.17,22381.86,22364.56,22370.91,1472.0,32929979.52
2025-06-26 12:30:00,22370.93,22375.77,22317.6,22352.22,3548.0,79305676.56
2025-06-26 13:00:00,22351.55,22360.75,22326.88,22349.84,2823.0,63093598.32
2025-06-26 13:30:00,22350.27,22363.49,22274.6,22342.78,12426.0,277631384.28
2025-06-26 14:00:00,22343.2,22373.68,22337.53,22368.28,7191.0,160850301.48
2025-06-26 14:30:00,22368.03,22395.17,22356.47,22369.52,4825.0,107932934.0
2025-06-26 15:00:00,22369.92,22410.21,22362.9,22363.76,3923.0,87733030.47999999
2025-06-26 15:30:00,22364.19,22414.37,22350.4,22408.28,4053.0,90820758.83999999
2025-06-26 16:00:00,22408.27,22430.38,22404.77,22412.22,2910.0,65219560.2
2025-06-26 16:30:00,22412.22,22421.7,22395.03,22405.2,2535.0,56797182.0
2025-06-26 17:00:00,22405.02,22436.71,22395.76,22432.79,2772.0,62183693.88
2025-06-26 17:30:00,22432.98,22449.76,22432.98,22438.46,2354.0,52820134.839999996
2025-06-26 18:00:00,22438.72,22485.6,22433.45,22472.34,3178.0,71417096.52
2025-06-26 18:30:00,22472.5,22482.46,22453.82,22465.96,2481.0,55738046.76
2025-06-26 19:00:00,22466.21,22478.44,22452.3,22470.45,2609.0,58625404.050000004
2025-06-26 19:30:00,22470.52,22492.44,22452.97,22471.18,4487.0,100828184.66
2025-06-26 20:00:00,22471.43,22472.96,22440.4,22466.0,2602.0,58456532.0
2025-06-26 20:30:00,22465.76,22476.16,22462.79,22472.07,1070.0,24045114.9
2025-06-26 22:00:00,22479.77,22511.88,22470.64,22502.69,2260.0,50856079.4
2025-06-26 22:30:00,22502.42,22506.14,22495.71,22497.4,998.0,22452405.200000003
2025-06-26 23:00:00,22497.62,22502.43,22473.44,22488.1,1310.0,29459410.999999996
2025-06-26 23:30:00,22487.92,22489.35,22472.66,22479.99,1106.0,24862868.94
2025-06-27 00:00:00,22480.69,22493.54,22472.24,22487.83,1972.0,44346000.760000005
2025-06-27 00:30:00,22488.04,22488.32,22468.46,22469.93,1230.0,27638013.9
2025-06-27 01:00:00,22469.67,22476.89,22466.82,22475.85,1055.0,23712021.75
2025-06-27 01:30:00,22476.06,22492.46,22463.7,22483.6,1165.0,26193394.0
2025-06-27 02:00:00,22483.41,22499.07,22479.05,22496.61,898.0,20201955.78
2025-06-27 02:30:00,22496.38,22499.28,22487.12,22498.36,766.0,17233743.76
2025-06-27 03:00:00,22498.24,22507.91,22498.17,22502.96,817.0,18384918.32
2025-06-27 03:30:00,22502.92,22510.06,22493.43,22496.18,778.0,17502028.04
2025-06-27 04:00:00,22496.51,22497.69,22488.12,22493.08,599.0,13473354.920000002
2025-06-27 04:30:00,22492.76,22499.45,22488.87,22489.7,607.0,13651247.9
2025-06-27 05:00:00,22489.64,22502.1,22489.45,22498.41,754.0,16963801.14
2025-06-27 05:30:00,22498.63,22518.36,22498.42,22510.45,972.0,21880157.400000002
2025-06-27 06:00:00,22510.72,22530.17,22508.44,22526.26,1144.0,25770041.439999998
2025-06-27 06:30:00,22526.6,22546.29,22526.41,22537.04,1494.0,33670337.76
2025-06-27 07:00:00,22536.71,22560.31,22525.91,22552.81,1826.0,41181431.06
2025-06-27 07:30:00,22552.65,22552.91,22527.97,22536.37,1549.0,34908837.129999995
2025-06-27 08:00:00,22536.59,22549.09,22524.94,22534.84,1713.0,38602180.92
2025-06-27 08:30:00,22534.65,22551.13,22533.6,22548.25,1135.0,25592263.75
2025-06-27 09:00:00,22548.62,22551.63,22531.0,22539.1,1073.0,24184454.299999997
2025-06-27 09:30:00,22538.92,22545.73,22532.93,22545.73,1020.0,22996644.599999998
2025-06-27 10:00:00,22545.91,22548.9,22527.14,22533.84,1209.0,27243412.56
2025-06-27 10:30:00,22533.64,22537.59,22529.14,22535.91,868.0,19561169.88
2025-06-27 11:00:00,22535.48,22565.66,22533.9,22560.44,1305.0,29441374.2
2025-06-27 11:30:00,22560.71,22580.45,22559.12,22579.89,1270.0,28676460.3
2025-06-27 12:00:00,22580.38,22587.86,22551.02,22569.74,1821.0,41099496.54000001
2025-06-27 12:30:00,22569.2,22570.55,22525.43,22532.48,3164.0,71292766.72
2025-06-27 13:00:00,22532.2,22534.63,22505.12,22508.22,2529.0,56923288.38
2025-06-27 13:30:00,22507.93,22570.89,22487.75,22565.4,9331.0,210557747.4
2025-06-27 14:00:00,22567.07,22622.35,22567.07,22581.46,5524.0,124739985.03999999
2025-06-27 14:30:00,22581.79,22612.5,22549.64,22560.45,6001.0,135385260.45000002
2025-06-27 15:00:00,22560.87,22593.4,22547.75,22593.4,4068.0,91909951.2
2025-06-27 15:30:00,22593.64,22621.36,22590.9,22610.9,3196.0,72264436.4
2025-06-27 16:00:00,22610.69,22611.12,22577.72,22596.65,3059.0,69123152.35000001
2025-06-27 16:30:00,22596.24,22598.53,22569.2,22594.64,3002.0,67829109.28
2025-06-27 17:00:00,22594.25,22597.4,22565.96,22571.91,3041.0,68641178.31
2025-06-27 17:30:00,22572.15,22580.65,22498.19,22536.98,8827.0,198933922.46
2025-06-27 18:00:00,22536.7,22542.63,22468.93,22469.24,7258.0,163081743.92000002
2025-06-27 18:30:00,22468.94,22478.37,22401.45,22411.2,11247.0,252058766.4
2025-06-27 19:00:00,22411.62,22486.11,22406.49,22470.6,6223.0,139834543.79999998
2025-06-27 19:30:00,22471.07,22559.65,22471.07,22551.0,7417.0,167260767.0
2025-06-27 20:00:00,22551.26,22551.88,22528.67,22538.11,3377.0,76111197.47
2025-06-27 20:30:00,22538.11,22548.43,22527.89,22544.68,1284.0,28947369.12
2025-06-29 22:00:00,22561.13,22614.55,22561.13,22614.06,2630.0,59474977.800000004
2025-06-29 22:30:00,22613.8,22647.57,22608.19,22623.61,1771.0,40066413.31
2025-06-29 23:00:00,22623.57,22652.09,22621.92,22637.64,1587.0,35925934.68
2025-06-29 23:30:00,22637.71,22638.8,22612.97,22621.85,1683.0,38072573.55
2025-06-30 00:00:00,22622.11,22635.93,22609.79,22633.39,1924.0,43546642.36
2025-06-30 00:30:00,22633.15,22646.39,22631.28,22638.19,1191.0,26962084.29
2025-06-30 01:00:00,22637.91,22638.05,22621.69,22629.13,1164.0,26340307.32
2025-06-30 01:30:00,22628.94,22640.36,22617.43,22627.33,1313.0,29709684.290000003
2025-06-30 02:00:00,22627.43,22652.84,22624.2,22639.58,1174.0,26578866.92
2025-06-30 02:30:00,22639.21,22677.8,22637.94,22665.85,1314.0,29782926.9
2025-06-30 03:00:00,22665.66,22676.79,22662.15,22671.34,896.0,20313520.64
2025-06-30 03:30:00,22671.6,22684.71,22671.6,22678.71,674.0,15285450.54
2025-06-30 04:00:00,22678.62,22687.23,22678.1,22682.87,569.0,12906553.03
2025-06-30 04:30:00,22682.82,22690.47,22676.94,22679.89,600.0,13607934.0
2025-06-30 05:00:00,22679.68,22683.46,22670.94,22673.72,859.0,19476725.48
2025-06-30 05:30:00,22673.31,22688.86,22667.94,22681.42,966.0,21910251.72
2025-06-30 06:00:00,22681.61,22706.58,22680.13,22700.07,1516.0,34413306.12
2025-06-30 06:30:00,22699.69,22702.61,22680.58,22687.33,1178.0,26725674.740000002
2025-06-30 07:00:00,22686.96,22686.96,22655.44,22666.46,2040.0,46239578.4
2025-06-30 07:30:00,22666.98,22684.12,22660.99,22674.59,1301.0,29499641.59
2025-06-30 08:00:00,22679.28,22698.84,22662.87,22675.73,1808.0,40997719.839999996
2025-06-30 08:30:00,22675.66,22684.76,22664.17,22679.68,1221.0,27691889.28
2025-06-30 09:00:00,22679.44,22709.08,22673.72,22708.35,1079.0,24502309.65
2025-06-30 09:30:00,22708.83,22720.18,22685.93,22686.55,1243.0,28199381.65
2025-06-30 10:00:00,22686.38,22711.6,22685.23,22709.1,1095.0,24866464.5
2025-06-30 10:30:00,22709.37,22713.9,22695.61,22696.37,1012.0,22968726.439999998
2025-06-30 11:00:00,22695.95,22708.83,22687.71,22704.7,1276.0,28971197.2
2025-06-30 11:30:00,22704.87,22711.03,22690.44,22699.61,1246.0,28283714.060000002
2025-06-30 12:00:00,22699.7,22701.94,22686.39,22691.45,1389.0,31518424.05
2025-06-30 12:30:00,22691.45,22691.45,22659.56,22672.44,1718.0,38951251.919999994
2025-06-30 13:00:00,22672.61,22694.11,22671.67,22677.59,1787.0,40524853.33
2025-06-30 13:30:00,22677.21,22680.19,22601.43,22632.88,11052.0,250138589.76000002
2025-06-30 14:00:00,22632.67,22658.38,22613.38,22646.72,6835.0,154790331.20000002
2025-06-30 14:30:00,22647.13,22649.79,22614.18,22626.21,4931.0,111569841.50999999
2025-06-30 15:00:00,22626.23,22646.18,22607.36,22621.99,4269.0,96573275.31
2025-06-30 15:30:00,22622.53,22663.14,22614.68,22648.38,3393.0,76845953.34
2025-06-30 16:00:00,22648.08,22672.09,22637.34,22640.97,3165.0,71658670.05
2025-06-30 16:30:00,22640.58,22671.21,22638.59,22646.89,2659.0,60218080.51
2025-06-30 17:00:00,22647.14,22654.33,22628.98,22642.14,2827.0,64009329.78
2025-06-30 17:30:00,22641.88,22651.88,22591.59,22626.36,4412.0,99827500.32000001
2025-06-30 18:00:00,22625.97,22645.59,22611.74,22624.46,3813.0,86267065.97999999
2025-06-30 18:30:00,22624.19,22658.1,22586.68,22654.38,5050.0,114404619.0
2025-06-30 19:00:00,22654.39,22698.39,22653.46,22681.74,4213.0,95558170.62
2025-06-30 19:30:00,22681.67,22737.4,22670.65,22689.34,7074.0,160504391.16
2025-06-30 20:00:00,22689.78,22701.51,22656.95,22675.11,2811.0,63739734.21
2025-06-30 20:30:00,22674.94,22686.13,22669.72,22670.27,1070.0,24257188.900000002
2025-06-30 22:00:00,22672.63,22692.32,22664.88,22683.05,1167.0,26471119.349999998
2025-06-30 22:30:00,22683.28,22685.47,22660.11,22663.55,745.0,16884344.75
2025-06-30 23:00:00,22663.69,22674.16,22661.51,22661.7,789.0,17880081.3
2025-06-30 23:30:00,22661.87,22693.16,22653.42,22688.12,1399.0,31740679.88
2025-07-01 00:00:00,22688.41,22706.59,22688.41,22700.71,1718.0,38999819.78
2025-07-01 00:30:00,22700.22,22711.83,22695.75,22707.43,1151.0,26136251.93
2025-07-01 01:00:00,22707.65,22714.72,22692.2,22695.19,1182.0,26825714.58
2025-07-01 01:30:00,22695.25,22721.17,22695.23,22718.88,1078.0,24490952.64
2025-07-01 02:00:00,22718.7,22719.73,22710.02,22710.97,944.0,21439155.68
2025-07-01 02:30:00,22710.95,22711.23,22683.23,22684.99,974.0,22095180.26
2025-07-01 03:00:00,22685.42,22691.25,22675.47,22679.58,873.0,19799273.34
2025-07-01 03:30:00,22679.71,22682.88,22675.48,22679.41,773.0,17531183.93
2025-07-01 04:00:00,22679.63,22684.36,22672.74,22675.97,860.0,19501334.2
2025-07-01 04:30:00,22675.74,22680.36,22660.76,22664.39,835.0,18924765.65
2025-07-01 05:00:00,22664.48,22668.12,22650.85,22655.83,1022.0,23154258.26
2025-07-01 05:30:00,22655.85,22663.2,22644.62,22648.55,1109.0,25117241.95
2025-07-01 06:00:00,22648.14,22654.1,22634.44,22641.98,1320.0,29887413.599999998
2025-07-01 06:30:00,22642.38,22652.92,22636.74,22647.88,1317.0,29827257.96
2025-07-01 07:00:00,22647.72,22672.18,22639.51,22649.4,1957.0,44324875.800000004
2025-07-01 07:30:00,22649.74,22660.38,22629.24,22649.54,1725.0,39070456.5
2025-07-01 08:00:00,22650.43,22654.66,22625.78,22653.63,2312.0,52375192.56
2025-07-01 08:30:00,22653.87,22664.1,22633.29,22652.0,1739.0,39391828.0
2025-07-01 09:00:00,22651.44,22655.4,22627.53,22636.85,1445.0,32710248.249999996
2025-07-01 09:30:00,22636.5,22639.96,22619.22,22637.42,1419.0,32122498.979999997
2025-07-01 10:00:00,22637.2,22645.98,22633.76,22633.76,1022.0,23131702.72
2025-07-01 10:30:00,22633.24,22645.37,22631.67,22644.67,933.0,21127477.11
2025-07-01 11:00:00,22644.2,22654.4,22635.93,22646.23,1457.0,32995557.11
2025-07-01 11:30:00,22646.43,22651.44,22616.39,22632.48,1438.0,32545506.24
2025-07-01 12:00:00,22632.59,22640.12,22562.71,22581.46,2359.0,53269664.14
2025-07-01 12:30:00,22582.03,22607.4,22578.01,22600.67,2305.0,52094544.349999994
2025-07-01 13:00:00,22600.47,22624.38,22597.54,22609.62,2417.0,54647451.54
2025-07-01 13:30:00,22610.55,22640.2,22586.49,22619.24,9983.0,225807872.92000002
2025-07-01 14:00:00,22610.85,22650.91,22555.69,22573.3,7775.0,175507407.5
2025-07-01 14:30:00,22573.66,22590.36,22482.0,22494.98,9262.0,208348504.76
2025-07-01 15:00:00,22494.62,22524.62,22403.42,22492.0,11284.0,253799728.0
2025-07-01 15:30:00,22491.87,22500.81,22424.62,22467.08,8086.0,181668808.88000003
2025-07-01 16:00:00,22467.34,22514.76,22440.98,22485.9,7081.0,159222657.9
2025-07-01 16:30:00,22485.53,22545.58,22474.89,22507.41,5356.0,120549687.96
2025-07-01 17:00:00,22508.08,22550.35,22508.08,22532.08,5070.0,114237645.60000001
2025-07-01 17:30:00,22532.08,22569.02,22517.65,22549.13,4408.0,99396565.04
2025-07-01 18:00:00,22549.55,22560.28,22529.43,22531.17,3699.0,83342797.83
2025-07-01 18:30:00,22531.15,22552.58,22507.64,22508.94,3326.0,74864734.44
2025-07-01 19:00:00,22508.65,22532.26,22453.93,22532.08,8429.0,189922902.32000002
2025-07-01 19:30:00,22531.68,22550.75,22492.71,22498.18,6805.0,153100114.9
2025-07-01 20:00:00,22498.52,22504.26,22477.61,22490.58,2298.0,51683352.84
2025-07-01 20:30:00,22490.67,22499.9,22487.6,22498.05,1085.0,24410384.25
2025-07-01 22:00:00,22493.09,22516.83,22492.51,22504.3,1290.0,29030547.0
2025-07-01 22:30:00,22504.08,22529.81,22503.1,22529.05,1015.0,22866985.75
2025-07-01 23:00:00,22529.14,22535.57,22512.3,22520.12,1067.0,24028968.04
2025-07-01 23:30:00,22520.33,22524.38,22509.81,22516.08,1002.0,22561112.16
2025-07-02 00:00:00,22516.54,22529.26,22513.8,22520.37,1514.0,34095840.18
2025-07-02 00:30:00,22520.59,22525.5,22516.4,22520.39,832.0,18736964.48
2025-07-02 01:00:00,22520.35,22525.38,22512.07,22517.51,1094.0,24634155.939999998
2025-07-02 01:30:00,22517.49,22523.41,22496.42,22497.8,1142.0,25692487.599999998
2025-07-02 02:00:00,22497.41,22515.07,22482.91,22514.61,1336.0,30079518.96
2025-07-02 02:30:00,22514.83,22546.39,22512.32,22546.39,1254.0,28273173.06
2025-07-02 03:00:00,22546.96,22554.28,22542.1,22545.47,1028.0,23176743.16
2025-07-02 03:30:00,22545.61,22550.1,22539.31,22546.88,817.0,18420800.96
2025-07-02 04:00:00,22546.8,22581.73,22544.3,22577.42,1024.0,23119278.08
2025-07-02 04:30:00,22577.44,22588.24,22574.06,22579.63,1021.0,23053802.23
2025-07-02 05:00:00,22579.64,22579.64,22556.17,22557.58,1046.0,23595228.680000003
2025-07-02 05:30:00,22557.65,22576.12,22553.61,22576.12,1199.0,27068767.88
2025-07-02 06:00:00,22575.86,22585.52,22563.44,22566.32,1545.0,34864964.4
2025-07-02 06:30:00,22566.81,22581.89,22565.33,22579.37,1362.0,30753101.939999998
2025-07-02 07:00:00,22580.57,22583.5,22539.95,22540.78,2285.0,51505682.3
2025-07-02 07:30:00,22540.45,22553.99,22525.14,22530.81,1922.0,43304216.82
2025-07-02 08:00:00,22531.5,22544.23,22520.62,22527.64,2244.0,50552024.16
2025-07-02 08:30:00,22527.39,22527.88,22509.67,22516.76,1889.0,42534159.64
2025-07-02 09:00:00,22516.47,22520.73,22501.37,22516.37,1614.0,36341421.18
2025-07-02 09:30:00,22516.59,22522.76,22504.83,22520.6,1214.0,27340008.4
2025-07-02 10:00:00,22520.65,22524.74,22500.08,22500.93,1234.0,27766147.62
2025-07-02 10:30:00,22500.82,22510.57,22479.02,22493.8,1937.0,43570490.6
2025-07-02 11:00:00,22493.48,22505.08,22486.42,22502.65,1401.0,31526212.650000002
2025-07-02 11:30:00,22502.57,22507.83,22444.86,22468.63,2145.0,48195211.35
2025-07-02 12:00:00,22468.39,22490.81,22428.85,22446.06,4639.0,104127272.34
2025-07-02 12:30:00,22446.03,22450.52,22391.27,22422.81,3832.0,85924207.92
2025-07-02 13:00:00,22422.58,22465.05,22409.31,22459.86,3930.0,88267249.8
2025-07-02 13:30:00,22460.58,22534.09,22457.83,22513.06,12210.0,274884462.6
2025-07-02 14:00:00,22512.77,22603.82,22509.39,22596.84,5381.0,121593596.04
2025-07-02 14:30:00,22596.31,22637.78,22578.87,22617.09,6086.0,137647609.74
2025-07-02 15:00:00,22617.59,22651.83,22605.45,22610.2,5352.0,121009790.4
2025-07-02 15:30:00,22609.78,22633.69,22606.92,22628.51,3880.0,87798618.8
2025-07-02 16:00:00,22628.84,22649.16,22615.74,22637.94,3716.0,84122585.03999999
2025-07-02 16:30:00,22637.75,22651.19,22627.81,22646.77,2848.0,64498000.96
2025-07-02 17:00:00,22646.95,22653.9,22616.28,22625.22,2907.0,65771514.54000001
2025-07-02 17:30:00,22625.67,22642.13,22615.04,22631.7,2753.0,62305070.1
2025-07-02 18:00:00,22631.95,22642.39,22619.77,22635.03,2577.0,58330472.309999995
2025-07-02 18:30:00,22634.94,22644.43,22626.08,22634.78,2439.0,55206228.419999994
2025-07-02 19:00:00,22635.2,22657.42,22625.51,22630.77,2619.0,59269986.63
2025-07-02 19:30:00,22630.51,22660.3,22619.81,22650.87,3744.0,84804857.28
2025-07-02 20:00:00,22650.57,22653.04,22634.85,22642.32,1541.0,34891815.12
2025-07-02 20:30:00,22642.28,22663.81,22641.85,22660.07,993.0,22501449.509999998
2025-07-02 22:00:00,22651.11,22667.5,22637.93,22640.64,1388.0,31425208.32
2025-07-02 22:30:00,22640.73,22654.2,22638.94,22652.13,602.0,13636582.26
2025-07-02 23:00:00,22652.17,22655.87,22648.42,22653.64,553.0,12527462.92
2025-07-02 23:30:00,22653.89,22656.21,22651.03,22655.0,603.0,13660965.0
2025-07-03 00:00:00,22654.34,22662.91,22645.98,22650.24,1221.0,27655943.040000003
2025-07-03 00:30:00,22650.43,22660.71,22649.24,22657.47,899.0,20369065.53
2025-07-03 01:00:00,22657.42,22673.87,22649.62,22667.19,1110.0,25160580.9
2025-07-03 01:30:00,22666.73,22667.94,22654.23,22656.36,875.0,19824315.0
2025-07-03 02:00:00,22656.2,22657.15,22641.95,22642.95,903.0,20446583.85
2025-07-03 02:30:00,22642.88,22657.15,22633.73,22654.1,971.0,21997131.099999998
2025-07-03 03:00:00,22653.93,22681.89,22652.42,22677.64,1024.0,23221903.36
2025-07-03 03:30:00,22677.91,22687.97,22668.47,22668.47,1009.0,22872486.23
2025-07-03 04:00:00,22668.45,22680.48,22665.92,22679.77,733.0,16624271.41
2025-07-03 04:30:00,22679.66,22680.22,22668.5,22673.41,614.0,13921473.74
2025-07-03 05:00:00,22673.23,22677.48,22666.78,22670.85,746.0,16912454.099999998
2025-07-03 05:30:00,22670.97,22680.45,22657.62,22679.75,964.0,21863279.0
2025-07-03 06:00:00,22679.62,22686.87,22668.53,22679.98,1191.0,27011856.18
2025-07-03 06:30:00,22679.76,22695.61,22678.07,22687.02,1018.0,23095386.36
2025-07-03 07:00:00,22686.74,22698.16,22678.1,22690.6,1532.0,34761999.199999996
2025-07-03 07:30:00,22690.72,22707.31,22686.45,22687.02,1069.0,24252424.38
2025-07-03 08:00:00,22686.58,22698.4,22684.48,22689.95,1299.0,29474245.05
2025-07-03 08:30:00,22690.0,22695.33,22659.98,22659.98,1235.0,27985075.3
2025-07-03 09:00:00,22659.91,22678.84,22654.81,22676.93,1367.0,30999363.31
2025-07-03 09:30:00,22676.93,22677.11,22654.48,22656.22,1476.0,33440580.720000003
2025-07-03 10:00:00,22655.98,22661.66,22637.72,22645.91,1329.0,30096414.39
2025-07-03 10:30:00,22645.78,22662.16,22645.28,22660.17,972.0,22025685.24
2025-07-03 11:00:00,22659.98,22672.63,22655.04,22670.51,1188.0,26932565.88
2025-07-03 11:30:00,22670.67,22673.36,22657.71,22669.4,1484.0,33641389.6
2025-07-03 12:00:00,22669.09,22685.43,22658.14,22668.47,1832.0,41528637.04
2025-07-03 12:30:00,22668.38,22740.9,22668.38,22698.39,5228.0,118667182.92
2025-07-03 13:00:00,22698.92,22744.83,22696.98,22737.64,2311.0,52546686.04
2025-07-03 13:30:00,22738.24,22810.14,22737.02,22802.67,9157.0,208804049.19
2025-07-03 14:00:00,22802.69,22870.93,22801.28,22865.41,5196.0,118808670.36
2025-07-03 14:30:00,22865.84,22871.97,22842.18,22853.18,4067.0,92943883.06
2025-07-03 15:00:00,22852.76,22883.5,22852.51,22872.52,3128.0,71545242.56
2025-07-03 15:30:00,22872.69,22909.32,22869.49,22891.05,2694.0,61668488.699999996
2025-07-03 16:00:00,22891.58,22902.29,22880.66,22882.42,2496.0,57114520.31999999
2025-07-03 16:30:00,22882.84,22889.41,22837.16,22865.88,4234.0,96814135.92
2025-07-03 17:00:00,22866.53,22877.71,22841.89,22863.94,1994.0,45590696.36
2025-07-03 22:00:00,22864.03,22868.56,22833.27,22861.91,2641.0,60378304.31
2025-07-03 22:30:00,22861.65,22872.79,22857.74,22858.24,967.0,22103918.080000002
2025-07-03 23:00:00,22857.78,22865.21,22845.21,22852.22,780.0,17824731.6
2025-07-03 23:30:00,22852.26,22856.41,22840.53,22846.2,816.0,18642499.2
2025-07-04 00:00:00,22845.74,22846.42,22828.28,22835.45,1364.0,31147553.8
2025-07-04 00:30:00,22835.52,22840.27,22831.16,22836.68,908.0,20735705.44
2025-07-04 01:00:00,22837.09,22860.45,22835.97,22849.46,1016.0,23215051.36
2025-07-04 01:30:00,22849.28,22852.69,22836.99,22838.54,879.0,20075076.66
2025-07-04 02:00:00,22838.58,22841.21,22803.48,22822.92,1282.0,29258983.439999998
2025-07-04 02:30:00,22822.81,22826.68,22815.16,22825.68,909.0,20748543.12
2025-07-04 03:00:00,22825.68,22830.02,22814.18,22828.19,713.0,16276499.469999999
2025-07-04 03:30:00,22828.24,22828.52,22817.46,22820.66,783.0,17868576.78
2025-07-04 04:00:00,22820.3,22826.35,22806.27,22811.03,922.0,21031769.66
2025-07-04 04:30:00,22811.2,22819.7,22805.42,22817.0,879.0,20056143.0
2025-07-04 05:00:00,22817.22,22821.53,22810.11,22811.71,897.0,20462103.87
2025-07-04 05:30:00,22811.79,22820.05,22798.25,22816.71,905.0,20649122.55
2025-07-04 06:00:00,22816.51,22817.68,22796.49,22803.8,1539.0,35095048.199999996
2025-07-04 06:30:00,22804.08,22810.43,22794.23,22796.27,1032.0,23525750.64
2025-07-04 07:00:00,22796.67,22810.21,22758.72,22775.17,2359.0,53726626.029999994
2025-07-04 07:30:00,22774.77,22787.67,22753.92,22757.58,1709.0,38892704.220000006
2025-07-04 08:00:00,22757.12,22783.92,22736.49,22780.79,2055.0,46814523.45
2025-07-04 08:30:00,22780.43,22782.2,22733.95,22738.43,2130.0,48432855.9
2025-07-04 09:00:00,22737.87,22757.61,22721.22,22738.7,2365.0,53777025.5
2025-07-04 09:30:00,22738.12,22760.41,22727.81,22756.97,2178.0,49564680.660000004
2025-07-04 10:00:00,22756.63,22761.4,22739.16,22742.86,1455.0,33090861.3
2025-07-04 10:30:00,22743.22,22758.66,22694.77,22719.65,2595.0,58957491.75000001
2025-07-04 11:00:00,22719.25,22753.9,22712.5,22741.97,2449.0,55695084.53
2025-07-04 11:30:00,22741.78,22743.16,22722.91,22735.79,1818.0,41333666.22
2025-07-04 12:00:00,22735.54,22745.89,22724.71,22741.21,1720.0,39114881.199999996
2025-07-04 12:30:00,22740.98,22749.59,22731.65,22736.3,1531.0,34809275.3
2025-07-04 13:00:00,22736.3,22741.49,22721.06,22732.68,1927.0,43805874.36
2025-07-04 13:30:00,22732.51,22747.19,22701.98,22737.61,3987.0,90654851.07000001
2025-07-04 14:00:00,22737.29,22747.22,22723.0,22746.54,2208.0,50224360.32
2025-07-04 14:30:00,22746.27,22758.44,22744.51,22749.96,1351.0,30735195.959999997
2025-07-04 15:00:00,22750.46,22756.46,22725.27,22738.49,1698.0,38609956.02
2025-07-04 15:30:00,22738.52,22750.9,22738.08,22747.27,1228.0,27933647.560000002
2025-07-04 16:00:00,22747.02,22748.4,22728.91,22742.8,1116.0,25380964.8
2025-07-04 16:30:00,22742.99,22743.46,22708.18,22719.46,1949.0,44280227.54
2025-07-06 22:00:00,22793.17,22845.93,22765.28,22805.55,5332.0,121599192.6
2025-07-06 22:30:00,22805.78,22821.51,22796.85,22799.62,1749.0,39876535.379999995
2025-07-06 23:00:00,22798.97,22826.09,22783.3,22812.74,1734.0,39557291.160000004
2025-07-06 23:30:00,22812.98,22821.5,22796.59,22805.8,1602.0,36534891.6
2025-07-07 00:00:00,22806.27,22823.29,22799.39,22803.8,1745.0,39792631.0
2025-07-07 00:30:00,22803.62,22809.87,22787.47,22792.64,1399.0,31886903.36
2025-07-07 01:00:00,22792.35,22792.72,22732.15,22775.79,2541.0,57873282.39
2025-07-07 01:30:00,22775.8,22780.8,22753.7,22768.3,1900.0,43259770.0
2025-07-07 02:00:00,22768.3,22792.81,22764.36,22786.43,1564.0,35637976.52
2025-07-07 02:30:00,22786.55,22787.74,22761.07,22778.39,1579.0,35967077.81
2025-07-07 03:00:00,22778.33,22780.23,22762.25,22775.24,1167.0,26578705.080000002
2025-07-07 03:30:00,22775.31,22796.87,22772.52,22795.55,935.0,21313839.25
2025-07-07 04:00:00,22795.13,22811.05,22786.06,22787.55,1049.0,23904139.95
2025-07-07 04:30:00,22787.15,22788.0,22764.93,22767.59,1006.0,22904195.54
2025-07-07 05:00:00,22767.36,22771.78,22753.59,22757.01,1117.0,25419580.169999998
2025-07-07 05:30:00,22756.83,22770.28,22755.33,22770.23,1058.0,24090903.34
2025-07-07 06:00:00,22770.13,22772.98,22738.87,22753.79,1614.0,36724617.06
2025-07-07 06:30:00,22753.93,22763.35,22748.57,22756.39,1613.0,36706057.07
2025-07-07 07:00:00,22756.12,22766.29,22747.9,22750.36,2306.0,52462330.160000004
2025-07-07 07:30:00,22750.0,22767.98,22745.36,22767.8,1610.0,36656158.0
2025-07-07 08:00:00,22767.18,22767.18,22727.36,22739.85,2633.0,59874025.05
2025-07-07 08:30:00,22739.61,22747.76,22731.9,22731.92,1698.0,38598800.16
2025-07-07 09:00:00,22732.09,22743.82,22727.72,22739.43,1352.0,30743709.36
2025-07-07 09:30:00,22739.61,22784.12,22738.1,22782.62,1375.0,31326102.5
2025-07-07 10:00:00,22782.63,22803.55,22777.99,22798.03,1629.0,37137990.87
2025-07-07 10:30:00,22798.3,22807.25,22778.94,22780.27,1283.0,29227086.41
2025-07-07 11:00:00,22780.58,22794.5,22773.28,22794.29,1360.0,31000234.400000002
2025-07-07 11:30:00,22794.12,22802.61,22780.11,22799.37,1390.0,31691124.299999997
2025-07-07 12:00:00,22799.33,22819.31,22787.88,22802.5,1736.0,39585140.0
2025-07-07 12:30:00,22802.49,22809.26,22762.45,22769.62,1845.0,42009948.9
2025-07-07 13:00:00,22769.58,22772.79,22746.18,22761.02,2611.0,59429023.22
2025-07-07 13:30:00,22761.29,22794.85,22718.85,22763.65,11709.0,266539577.85000002
2025-07-07 14:00:00,22763.18,22780.91,22719.93,22756.09,7271.0,165459530.39000002
2025-07-07 14:30:00,22755.7,22757.51,22701.2,22713.33,5980.0,135825713.4
2025-07-07 15:00:00,22712.97,22740.58,22707.36,22738.66,5252.0,119423442.32
2025-07-07 15:30:00,22738.4,22754.91,22717.43,22747.09,4030.0,91670772.7
2025-07-07 16:00:00,22746.66,22779.7,22651.7,22711.11,12627.0,286773185.97
2025-07-07 16:30:00,22711.52,22742.31,22668.21,22687.89,9560.0,216896228.4
2025-07-07 17:00:00,22688.28,22729.52,22677.13,22690.65,5490.0,124571668.50000001
2025-07-07 17:30:00,22690.41,22745.67,22664.17,22688.89,7830.0,177654008.7
2025-07-07 18:00:00,22689.33,22699.25,22603.52,22606.13,8464.0,191338284.32000002
2025-07-07 18:30:00,22605.62,22700.21,22600.8,22697.44,4795.0,108834224.8
2025-07-07 19:00:00,22697.03,22709.82,22664.67,22667.34,4509.0,102207036.06
2025-07-07 19:30:00,22667.34,22710.61,22661.15,22704.92,5213.0,118360747.96
2025-07-07 20:00:00,22704.38,22706.72,22670.43,22678.13,2074.0,47034441.620000005
2025-07-07 20:30:00,22678.07,22679.66,22642.09,22658.21,1684.0,38156425.64
2025-07-07 22:00:00,22661.13,22674.73,22632.41,22642.68,1790.0,40530397.2
2025-07-07 22:30:00,22642.63,22675.62,22641.71,22669.22,1628.0,36905490.160000004
2025-07-07 23:00:00,22669.23,22694.3,22665.21,22686.16,1457.0,33053735.12
2025-07-07 23:30:00,22686.1,22701.13,22683.97,22696.05,1369.0,31070892.45
2025-07-08 00:00:00,22696.33,22705.65,22679.4,22705.57,1801.0,40892731.57
2025-07-08 00:30:00,22705.57,22736.11,22700.59,22729.15,1604.0,36457556.6
2025-07-08 01:00:00,22728.71,22743.9,22720.94,22743.56,1488.0,33842417.28
2025-07-08 01:30:00,22743.57,22745.45,22705.72,22710.16,1610.0,36563357.6
2025-07-08 02:00:00,22710.33,22742.35,22704.66,22742.35,1303.0,29633282.049999997
2025-07-08 02:30:00,22742.44,22758.42,22733.94,22756.56,1124.0,25578373.44
2025-07-08 03:00:00,22756.85,22758.33,22736.58,22748.23,919.0,20905623.37
2025-07-08 03:30:00,22748.33,22749.8,22732.58,22737.35,903.0,20531827.049999997
2025-07-08 04:00:00,22737.34,22744.85,22734.43,22740.56,842.0,19147551.52
2025-07-08 04:30:00,22740.19,22748.57,22730.44,22732.53,1050.0,23869156.5
2025-07-08 05:00:00,22732.84,22747.1,22726.89,22745.2,966.0,21971863.2
2025-07-08 05:30:00,22745.52,22757.97,22733.92,22756.24,1205.0,27421269.200000003
2025-07-08 06:00:00,22756.42,22770.15,22746.23,22753.91,1490.0,33903325.9
2025-07-08 06:30:00,22754.62,22773.85,22753.35,22769.89,1181.0,26891240.09
2025-07-08 07:00:00,22771.14,22771.85,22740.44,22761.31,1979.0,45044632.49
2025-07-08 07:30:00,22761.41,22794.1,22751.72,22785.87,1499.0,34156019.129999995
2025-07-08 08:00:00,22785.95,22786.09,22761.65,22769.39,1799.0,40962132.61
2025-07-08 08:30:00,22769.44,22775.65,22756.11,22768.86,1280.0,29144140.8
2025-07-08 09:00:00,22768.66,22775.78,22751.66,22765.17,1383.0,31484230.11
2025-07-08 09:30:00,22765.08,22766.83,22740.23,22746.92,1316.0,29934946.72
2025-07-08 10:00:00,22746.89,22750.02,22728.64,22745.84,1474.0,33527368.16
2025-07-08 10:30:00,22744.4,22775.21,22740.89,22767.19,1409.0,32078970.709999997
2025-07-08 11:00:00,22767.1,22773.57,22753.45,22769.34,1226.0,27915210.84
2025-07-08 11:30:00,22769.43,22779.1,22759.69,22762.16,1177.0,26791062.32
2025-07-08 12:00:00,22761.06,22777.57,22744.86,22768.14,1644.0,37430822.16
2025-07-08 12:30:00,22768.1,22768.35,22737.42,22762.18,1986.0,45205689.480000004
2025-07-08 13:00:00,22762.19,22778.32,22753.89,22756.43,1787.0,40665740.410000004
2025-07-08 13:30:00,22756.16,22765.78,22703.95,22704.19,9233.0,209627786.26999998
2025-07-08 14:00:00,22704.75,22721.14,22671.69,22696.58,8014.0,181890392.12
2025-07-08 14:30:00,22696.44,22764.64,22663.93,22716.09,8657.0,196653191.13
2025-07-08 15:00:00,22716.33,22737.36,22677.49,22691.44,6598.0,149718121.12
2025-07-08 15:30:00,22691.87,22733.84,22691.68,22728.74,4498.0,102233872.52000001
2025-07-08 16:00:00,22728.77,22785.14,22721.94,22769.87,3757.0,85546401.59
2025-07-08 16:30:00,22770.13,22773.94,22710.93,22739.37,6663.0,151512422.31
2025-07-08 17:00:00,22739.38,22748.62,22697.99,22735.13,5566.0,126543733.58000001
2025-07-08 17:30:00,22735.14,22760.37,22713.49,22756.2,3661.0,83310448.2
2025-07-08 18:00:00,22755.69,22763.13,22731.94,22734.97,3314.0,75343690.58
2025-07-08 18:30:00,22735.37,22742.13,22713.18,22721.15,3254.0,73934622.10000001
2025-07-08 19:00:00,22720.8,22723.12,22693.4,22711.99,3575.0,81195364.25
2025-07-08 19:30:00,22712.38,22723.84,22694.01,22713.92,3972.0,90219690.24
2025-07-08 20:00:00,22714.34,22730.45,22707.72,22728.71,1481.0,33661219.51
2025-07-08 20:30:00,22728.45,22728.89,22721.21,22725.18,740.0,16816633.2
2025-07-08 22:00:00,22731.26,22746.48,22728.58,22733.75,894.0,20323972.5
2025-07-08 22:30:00,22733.93,22738.48,22726.17,22737.9,671.0,15257130.9
2025-07-08 23:00:00,22737.99,22747.93,22722.39,22730.26,846.0,19229799.959999997
2025-07-08 23:30:00,22730.42,22731.67,22719.53,22725.46,814.0,18498524.439999998
2025-07-09 00:00:00,22725.53,22725.53,22695.46,22697.43,1141.0,25897767.63
2025-07-09 00:30:00,22697.88,22707.28,22689.29,22700.2,908.0,20611781.6
2025-07-09 01:00:00,22699.73,22715.27,22697.1,22698.54,1258.0,28554763.32
2025-07-09 01:30:00,22698.71,22716.63,22679.24,22714.54,1425.0,32368219.5
2025-07-09 02:00:00,22714.76,22725.22,22709.23,22713.55,1100.0,24984905.0
2025-07-09 02:30:00,22713.22,22715.16,22701.86,22703.51,766.0,17390888.66
2025-07-09 03:00:00,22703.26,22708.04,22691.31,22707.68,874.0,19846512.32
2025-07-09 03:30:00,22707.51,22707.51,22693.52,22697.01,816.0,18520760.16
2025-07-09 04:00:00,22696.71,22703.41,22693.44,22699.74,670.0,15208825.8
2025-07-09 04:30:00,22699.53,22719.52,22698.43,22716.89,742.0,16855932.38
2025-07-09 05:00:00,22716.72,22720.5,22695.33,22696.69,828.0,18792859.32
2025-07-09 05:30:00,22697.21,22711.03,22694.02,22696.03,949.0,21538532.47
2025-07-09 06:00:00,22696.21,22696.21,22667.25,22691.06,1621.0,36782208.260000005
2025-07-09 06:30:00,22691.43,22723.97,22684.01,22721.28,1354.0,30764613.119999997
2025-07-09 07:00:00,22721.52,22726.91,22700.6,22709.52,1871.0,42489511.92
2025-07-09 07:30:00,22709.49,22728.68,22704.78,22718.52,1355.0,30783594.6
2025-07-09 08:00:00,22718.06,22726.45,22704.01,22717.47,1695.0,38506111.65
2025-07-09 08:30:00,22717.19,22725.96,22710.31,22715.77,1027.0,23329095.79
2025-07-09 09:00:00,22716.08,22759.94,22716.08,22757.91,1577.0,35889224.07
2025-07-09 09:30:00,22757.77,22767.51,22748.27,22749.78,1444.0,32850682.319999997
2025-07-09 10:00:00,22749.83,22754.64,22736.29,22745.49,1275.0,29000499.750000004
2025-07-09 10:30:00,22745.68,22759.71,22742.43,22748.72,1411.0,32098443.92
2025-07-09 11:00:00,22749.14,22766.65,22745.05,22761.54,1202.0,27359371.080000002
2025-07-09 11:30:00,22761.44,22776.37,22756.29,22764.24,1389.0,31619529.360000003
2025-07-09 12:00:00,22763.8,22773.18,22757.04,22767.42,1376.0,31327969.919999998
2025-07-09 12:30:00,22767.54,22781.19,22750.1,22761.08,1759.0,40036739.720000006
2025-07-09 13:00:00,22761.22,22803.63,22756.74,22803.17,1736.0,39586303.12
2025-07-09 13:30:00,22803.45,22922.98,22803.45,22913.56,8026.0,183904232.56
2025-07-09 14:00:00,22913.06,22937.4,22862.51,22874.73,5964.0,136424889.72
2025-07-09 14:30:00,22874.2,22874.46,22754.28,22773.54,11071.0,252125861.34
2025-07-09 15:00:00,22773.09,22812.49,22744.79,22804.73,6460.0,147318555.8
2025-07-09 15:30:00,22804.42,22812.67,22764.24,22773.25,4777.0,108787815.25
2025-07-09 16:00:00,22773.31,22802.41,22763.85,22797.7,4373.0,99694342.10000001
2025-07-09 16:30:00,22798.17,22833.99,22797.82,22808.34,2983.0,68037278.22
2025-07-09 17:00:00,22808.7,22820.67,22789.71,22806.69,3708.0,84567206.52
2025-07-09 17:30:00,22806.8,22825.7,22787.59,22809.73,4744.0,108209359.12
2025-07-09 18:00:00,22809.14,22852.23,22808.04,22839.33,3646.0,83272197.18
2025-07-09 18:30:00,22839.04,22865.54,22834.77,22858.99,2570.0,58747604.300000004
2025-07-09 19:00:00,22859.44,22876.98,22850.23,22863.52,2642.0,60405419.84
2025-07-09 19:30:00,22862.93,22883.48,22854.6,22878.3,3381.0,77351532.3
2025-07-09 20:00:00,22878.04,22886.91,22858.22,22864.96,1783.0,40768223.68
2025-07-09 20:30:00,22864.57,22870.92,22861.46,22870.29,741.0,16946884.89
2025-07-09 22:00:00,22865.01,22892.9,22861.9,22882.55,1047.0,23958029.849999998
2025-07-09 22:30:00,22882.43,22890.94,22881.27,22885.74,685.0,15676731.9
2025-07-09 23:00:00,22885.8,22886.74,22871.02,22874.51,718.0,16423898.18
2025-07-09 23:30:00,22874.29,22875.16,22859.26,22862.53,1006.0,22999705.18
2025-07-10 00:00:00,22862.94,22862.94,22839.27,22840.99,1465.0,33462050.35
2025-07-10 00:30:00,22840.93,22849.9,22832.08,22833.22,1407.0,32126340.540000003
2025-07-10 01:00:00,22833.58,22838.86,22825.75,22830.79,1408.0,32145752.32
2025-07-10 01:30:00,22830.77,22839.99,22816.46,22818.73,1329.0,30326092.169999998
2025-07-10 02:00:00,22818.52,22847.45,22818.52,22843.04,990.0,22614609.6
2025-07-10 02:30:00,22843.22,22849.22,22843.08,22846.67,642.0,14667562.139999999
2025-07-10 03:00:00,22846.11,22846.11,22818.13,22824.0,953.0,21751272.0
2025-07-10 03:30:00,22824.07,22826.44,22817.07,22821.21,765.0,17458225.65
2025-07-10 04:00:00,22821.02,22821.25,22811.79,22815.91,732.0,16701246.12
2025-07-10 04:30:00,22815.94,22821.8,22814.04,22820.68,607.0,13852152.76
2025-07-10 05:00:00,22820.76,22827.16,22818.51,22820.03,754.0,17206302.619999997
2025-07-10 05:30:00,22820.45,22821.47,22804.56,22820.26,1006.0,22957181.56
2025-07-10 06:00:00,22819.91,22823.52,22809.02,22812.96,1110.0,25322385.599999998
2025-07-10 06:30:00,22813.01,22824.48,22813.01,22820.5,1023.0,23345371.5
2025-07-10 07:00:00,22820.71,22838.88,22811.51,22834.5,1866.0,42609177.0
2025-07-10 07:30:00,22834.44,22849.51,22831.61,22848.25,1324.0,30251083.0
2025-07-10 08:00:00,22848.08,22869.55,22844.06,22864.62,1324.0,30272756.88
2025-07-10 08:30:00,22865.11,22874.45,22861.07,22873.5,906.0,20723391.0
2025-07-10 09:00:00,22873.74,22878.06,22845.05,22849.69,1102.0,25180358.38
2025-07-10 09:30:00,22850.0,22862.5,22840.28,22853.12,1151.0,26303941.119999997
2025-07-10 10:00:00,22852.8,22867.14,22849.69,22860.5,998.0,22814779.0
2025-07-10 10:30:00,22860.42,22880.66,22860.42,22872.07,1020.0,23329511.4
2025-07-10 11:00:00,22871.95,22888.04,22866.97,22883.94,1257.0,28765112.58
2025-07-10 11:30:00,22884.04,22904.67,22882.04,22899.5,1292.0,29586154.0
2025-07-10 12:00:00,22899.29,22900.46,22874.29,22882.57,1542.0,35284922.94
2025-07-10 12:30:00,22883.34,22895.11,22863.27,22877.24,2113.0,48339608.120000005
2025-07-10 13:00:00,22877.04,22906.02,22869.03,22902.67,2154.0,49332351.18
2025-07-10 13:30:00,22902.28,22917.72,22766.94,22788.16,10653.0,242762268.48
2025-07-10 14:00:00,22787.8,22793.96,22729.01,22764.43,9536.0,217081604.48
2025-07-10 14:30:00,22764.47,22812.49,22763.5,22789.28,5737.0,130742099.36
2025-07-10 15:00:00,22788.83,22827.23,22766.55,22823.75,4762.0,108686697.5
2025-07-10 15:30:00,22823.56,22850.68,22812.85,22850.05,3078.0,70332453.89999999
2025-07-10 16:00:00,22849.84,22850.32,22788.59,22833.05,3368.0,76901712.39999999
2025-07-10 16:30:00,22832.8,22837.69,22808.34,22819.2,2757.0,62912534.4
2025-07-10 17:00:00,22818.79,22843.33,22816.04,22838.84,2764.0,63126553.76
2025-07-10 17:30:00,22838.79,22868.47,22838.79,22864.22,2232.0,51032939.04
2025-07-10 18:00:00,22864.5,22878.23,22856.18,22859.08,2156.0,49284176.480000004
2025-07-10 18:30:00,22859.24,22868.34,22850.02,22863.31,2202.0,50345008.620000005
2025-07-10 19:00:00,22863.05,22869.73,22851.87,22854.72,2182.0,49868999.04
2025-07-10 19:30:00,22854.35,22868.17,22816.79,22841.78,3740.0,85428257.2
2025-07-10 20:00:00,22841.51,22842.71,22823.44,22834.27,1520.0,34708090.4
2025-07-10 20:30:00,22834.2,22850.23,22833.3,22835.35,778.0,17765902.299999997
2025-07-10 22:00:00,22837.61,22863.75,22836.17,22858.16,1211.0,27681231.76
2025-07-10 22:30:00,22858.34,22867.54,22851.15,22866.09,705.0,16120593.45
2025-07-10 23:00:00,22866.51,22873.64,22860.39,22861.76,689.0,15751752.639999999
2025-07-10 23:30:00,22862.03,22876.5,22858.77,22872.79,818.0,18709942.220000003
2025-07-11 00:00:00,22873.31,22873.76,22655.13,22695.84,6408.0,145434942.72
2025-07-11 00:30:00,22696.48,22747.35,22658.94,22710.46,7263.0,164946070.98
2025-07-11 01:00:00,22710.2,22763.61,22694.41,22762.08,3319.0,75547343.52000001
2025-07-11 01:30:00,22762.35,22768.53,22746.9,22755.14,1859.0,42301805.26
2025-07-11 02:00:00,22754.97,22761.04,22746.88,22757.12,1504.0,34226708.48
2025-07-11 02:30:00,22756.95,22776.65,22752.47,22773.94,1323.0,30129922.619999997
2025-07-11 03:00:00,22773.76,22797.23,22772.2,22796.98,1145.0,26102542.099999998
2025-07-11 03:30:00,22797.03,22797.89,22791.01,22795.81,777.0,17712344.37
2025-07-11 04:00:00,22795.97,22801.91,22789.21,22799.28,847.0,19310990.16
2025-07-11 04:30:00,22799.19,22799.19,22790.46,22794.21,774.0,17642718.54
2025-07-11 05:00:00,22793.97,22803.3,22790.24,22797.65,973.0,22182113.450000003
2025-07-11 05:30:00,22797.46,22800.0,22766.15,22770.15,1171.0,26663845.650000002
2025-07-11 06:00:00,22770.22,22797.65,22770.22,22796.69,1755.0,40008190.949999996
2025-07-11 06:30:00,22797.04,22797.69,22772.65,22785.91,1576.0,35910594.16
2025-07-11 07:00:00,22786.3,22796.36,22730.64,22760.32,3146.0,71603966.72
2025-07-11 07:30:00,22760.62,22766.85,22726.46,22729.89,2770.0,62961795.3
2025-07-11 08:00:00,22729.58,22744.14,22699.09,22720.0,3494.0,79383680.0
2025-07-11 08:30:00,22719.95,22737.17,22706.2,22732.11,1981.0,45032309.910000004
2025-07-11 09:00:00,22731.87,22741.81,22713.41,22714.15,1722.0,39113766.300000004
2025-07-11 09:30:00,22713.71,22735.55,22687.22,22692.92,2372.0,53827606.239999995
2025-07-11 10:00:00,22692.49,22720.31,22681.45,22706.34,2587.0,58741301.58
2025-07-11 10:30:00,22706.64,22711.63,22687.71,22700.46,2136.0,48488182.559999995
2025-07-11 11:00:00,22699.93,22734.49,22697.12,22733.05,2099.0,47716671.949999996
2025-07-11 11:30:00,22733.42,22751.94,22724.71,22737.14,1761.0,40040103.54
2025-07-11 12:00:00,22736.76,22748.13,22710.3,22720.84,2089.0,47463834.76
2025-07-11 12:30:00,22720.69,22742.47,22713.23,22734.46,2565.0,58313889.9
2025-07-11 13:00:00,22734.2,22748.07,22718.23,22745.65,3046.0,69283249.9
2025-07-11 13:30:00,22745.23,22797.62,22692.66,22794.15,12166.0,277313628.90000004
2025-07-11 14:00:00,22793.9,22834.69,22773.76,22821.46,6207.0,141652802.22
2025-07-11 14:30:00,22821.01,22834.7,22779.18,22799.84,5133.0,117031578.72
2025-07-11 15:00:00,22799.41,22805.67,22739.15,22782.18,5960.0,135781792.8
2025-07-11 15:30:00,22782.47,22839.03,22780.56,22806.06,4753.0,108397203.18
2025-07-11 16:00:00,22806.45,22825.49,22788.88,22822.64,4907.0,111990694.48
2025-07-11 16:30:00,22822.64,22837.83,22799.9,22833.08,3403.0,77700971.24000001
2025-07-11 17:00:00,22833.66,22851.07,22822.88,22837.42,2776.0,63396677.919999994
2025-07-11 17:30:00,22837.14,22841.57,22791.6,22828.16,3322.0,75835147.52
2025-07-11 18:00:00,22827.69,22843.06,22822.13,22829.36,2791.0,63716743.76
2025-07-11 18:30:00,22829.54,22847.76,22798.43,22805.64,2544.0,58017548.16
2025-07-11 19:00:00,22805.4,22825.53,22753.16,22809.09,5208.0,118789740.72
2025-07-11 19:30:00,22808.53,22811.5,22784.37,22784.42,4620.0,105264020.39999999
2025-07-11 20:00:00,22783.89,22785.85,22759.13,22764.94,1949.0,44368868.059999995
2025-07-11 20:30:00,22764.65,22773.86,22763.7,22771.04,839.0,19104902.560000002
2025-07-13 22:00:00,22692.76,22695.46,22638.62,22682.17,4141.0,93926865.97
2025-07-13 22:30:00,22682.44,22724.88,22682.44,22719.37,1833.0,41644605.21
2025-07-13 23:00:00,22719.03,22723.01,22671.45,22684.43,2377.0,53920890.11
2025-07-13 23:30:00,22684.68,22702.53,22679.01,22701.5,1618.0,36731027.0
2025-07-14 00:00:00,22701.47,22712.47,22690.99,22704.51,2205.0,50063444.55
2025-07-14 00:30:00,22704.26,22709.52,22685.46,22686.96,1403.0,31829804.88
2025-07-14 01:00:00,22687.46,22696.46,22677.91,22683.7,1432.0,32483058.400000002
2025-07-14 01:30:00,22683.3,22701.54,22683.3,22693.76,1225.0,27799855.999999996
2025-07-14 02:00:00,22693.51,22711.53,22693.05,22707.42,972.0,22071612.24
2025-07-14 02:30:00,22707.22,22708.42,22695.08,22696.56,867.0,19677917.52
2025-07-14 03:00:00,22696.53,22706.0,22690.0,22705.02,814.0,18481886.28
2025-07-14 03:30:00,22705.23,22715.14,22699.02,22712.71,781.0,17738626.509999998
2025-07-14 04:00:00,22712.8,22717.58,22705.05,22706.5,701.0,15917256.5
2025-07-14 04:30:00,22706.78,22710.45,22695.29,22696.06,642.0,14570870.520000001
2025-07-14 05:00:00,22695.96,22704.73,22693.8,22699.91,785.0,17819429.35
2025-07-14 05:30:00,22700.02,22704.53,22665.34,22669.03,1143.0,25910701.29
2025-07-14 06:00:00,22668.95,22675.47,22653.79,22674.92,1764.0,39998558.879999995
2025-07-14 06:30:00,22674.55,22684.68,22669.7,22680.05,1334.0,30255186.7
2025-07-14 07:00:00,22680.21,22685.19,22643.32,22651.01,2775.0,62856552.74999999
2025-07-14 07:30:00,22651.21,22721.5,22650.96,22719.95,1809.0,41100389.550000004
2025-07-14 08:00:00,22719.64,22721.95,22704.09,22706.47,1754.0,39827148.38
2025-07-14 08:30:00,22706.44,22736.48,22704.97,22725.2,1333.0,30292691.6
2025-07-14 09:00:00,22725.66,22734.49,22717.76,22731.78,1225.0,27846430.5
2025-07-14 09:30:00,22731.54,22741.98,22726.44,22737.48,840.0,19099483.2
2025-07-14 10:00:00,22737.92,22738.64,22718.82,22721.94,938.0,21313179.72
2025-07-14 10:30:00,22721.75,22724.2,22708.79,22715.73,1323.0,30052910.79
2025-07-14 11:00:00,22715.45,22730.14,22702.58,22709.19,1894.0,43011205.86
2025-07-14 11:30:00,22709.28,22737.44,22705.31,22725.56,1621.0,36838132.760000005
2025-07-14 12:00:00,22725.32,22746.9,22717.95,22746.2,1388.0,31571725.6
2025-07-14 12:30:00,22745.78,22746.89,22726.03,22737.02,1643.0,37356923.86
2025-07-14 13:00:00,22736.64,22782.46,22727.76,22782.45,2116.0,48207664.2
2025-07-14 13:30:00,22782.12,22817.17,22681.07,22749.57,15477.0,352095094.89
2025-07-14 14:00:00,22750.44,22825.27,22743.76,22778.25,8567.0,195141267.75
2025-07-14 14:30:00,22777.8,22830.06,22761.53,22829.97,6493.0,148234995.21
2025-07-14 15:00:00,22829.28,22860.96,22823.34,22850.06,5630.0,128645837.80000001
2025-07-14 15:30:00,22850.61,22854.22,22831.32,22847.55,3747.0,85609769.85
2025-07-14 16:00:00,22847.29,22867.22,22838.03,22852.48,3093.0,70682720.64
2025-07-14 16:30:00,22852.73,22879.21,22842.1,22873.01,2579.0,58989492.79
2025-07-14 17:00:00,22873.44,22901.49,22873.24,22888.73,2081.0,47631447.13
2025-07-14 17:30:00,22888.97,22904.45,22874.82,22882.98,2148.0,49152641.04
2025-07-14 18:00:00,22882.98,22889.8,22874.33,22887.55,2068.0,47331453.4
2025-07-14 18:30:00,22887.29,22897.73,22880.85,22889.46,1966.0,45000678.36
2025-07-14 19:00:00,22889.82,22897.05,22875.48,22880.32,2268.0,51892565.76
2025-07-14 19:30:00,22880.1,22880.73,22854.77,22871.55,3041.0,69552383.55
2025-07-14 20:00:00,22871.94,22876.97,22860.55,22862.32,1335.0,30521197.2
2025-07-14 20:30:00,22862.22,22875.97,22861.22,22874.5,630.0,14410935.0
2025-07-14 22:00:00,22872.96,22872.96,22847.27,22849.18,1369.0,31280527.42
2025-07-14 22:30:00,22849.43,22854.67,22840.96,22842.6,943.0,21540571.799999997
2025-07-14 23:00:00,22842.37,22848.14,22838.26,22844.95,761.0,17385006.95
2025-07-14 23:30:00,22844.87,22855.89,22842.98,22851.91,793.0,18121564.63
2025-07-15 00:00:00,22852.5,22860.36,22838.47,22851.71,1352.0,30895511.919999998
2025-07-15 00:30:00,22851.76,22852.25,22842.98,22846.35,965.0,22046727.75
2025-07-15 01:00:00,22846.65,22847.43,22837.87,22844.26,820.0,18732293.2
2025-07-15 01:30:00,22844.36,23015.66,22842.49,22985.15,4594.0,105593779.10000001
2025-07-15 02:00:00,22985.6,23006.8,22906.64,22913.6,4182.0,95824675.19999999
2025-07-15 02:30:00,22913.4,22915.28,22880.62,22896.93,2565.0,58730625.45
2025-07-15 03:00:00,22896.48,22927.93,22888.12,22924.48,1662.0,38100485.76
2025-07-15 03:30:00,22924.37,22941.34,22923.9,22934.96,1254.0,28760439.84
2025-07-15 04:00:00,22934.71,22943.1,22931.43,22942.07,854.0,19592527.78
2025-07-15 04:30:00,22941.81,22961.59,22941.42,22957.13,1121.0,25734942.73
2025-07-15 05:00:00,22956.69,23005.65,22954.99,23005.65,1632.0,37545220.800000004
2025-07-15 05:30:00,23005.63,23010.36,22984.65,22988.2,1430.0,32873126.0
2025-07-15 06:00:00,22988.4,22996.25,22979.22,22985.9,1403.0,32249217.700000003
2025-07-15 06:30:00,22986.47,22989.3,22973.46,22984.91,1240.0,28501288.4
2025-07-15 07:00:00,22984.91,22989.84,22974.01,22978.64,1930.0,44348775.199999996
2025-07-15 07:30:00,22979.02,23011.12,22976.49,23001.98,1808.0,41587579.839999996
2025-07-15 08:00:00,23001.56,23019.67,22985.31,23010.46,2371.0,54557800.66
2025-07-15 08:30:00,23010.24,23016.92,22991.96,22997.21,1552.0,35691669.92
2025-07-15 09:00:00,22997.24,23013.03,22991.02,23010.72,1274.0,29315657.28
2025-07-15 09:30:00,23010.77,23020.17,23004.79,23015.16,1081.0,24879387.96
2025-07-15 10:00:00,23015.23,23022.81,23006.02,23021.5,1004.0,23113586.0
2025-07-15 10:30:00,23021.67,23029.68,23003.74,23011.72,1493.0,34356497.96
2025-07-15 11:00:00,23011.53,23032.55,23001.35,23013.9,1831.0,42138450.900000006
2025-07-15 11:30:00,23013.9,23018.72,22994.66,23007.22,1397.0,32141086.34
2025-07-15 12:00:00,23007.53,23012.6,22975.97,22994.64,2301.0,52910666.64
2025-07-15 12:30:00,22994.14,23047.9,22993.2,23035.87,4763.0,109719848.81
2025-07-15 13:00:00,23036.52,23059.37,23027.13,23040.9,2485.0,57256636.5
2025-07-15 13:30:00,23040.49,23062.65,22963.47,22977.71,14556.0,334463546.76
2025-07-15 14:00:00,22978.16,23037.68,22960.79,23017.98,8512.0,195929045.76
2025-07-15 14:30:00,23018.4,23025.14,22935.78,22939.65,9143.0,209737219.95000002
2025-07-15 15:00:00,22939.46,23012.44,22939.46,23009.18,6563.0,151009248.34
2025-07-15 15:30:00,23009.43,23020.65,22981.73,22998.25,4974.0,114393295.5
2025-07-15 16:00:00,22998.67,23008.65,22975.03,22986.01,4698.0,107988274.97999999
2025-07-15 16:30:00,22986.38,23000.93,22924.22,22940.39,4984.0,114334903.75999999
2025-07-15 17:00:00,22939.89,22973.93,22928.24,22960.66,5220.0,119854645.2
2025-07-15 17:30:00,22960.74,23011.88,22958.8,23010.82,3430.0,78927112.6
2025-07-15 18:00:00,23011.27,23020.42,23003.3,23008.66,2875.0,66149897.5
2025-07-15 18:30:00,23008.68,23015.16,22935.66,22935.94,4310.0,98853901.39999999
2025-07-15 19:00:00,22935.52,22962.67,22921.06,22929.5,4792.0,109878164.0
2025-07-15 19:30:00,22929.63,22955.49,22892.97,22896.03,4982.0,114068021.46
2025-07-15 20:00:00,22895.7,22901.09,22853.54,22861.84,3350.0,76587164.0
2025-07-15 20:30:00,22861.7,22865.34,22852.59,22859.71,1607.0,36735553.97
2025-07-15 22:00:00,22867.69,22877.19,22846.24,22856.78,1541.0,35222297.98
2025-07-15 22:30:00,22856.93,22857.13,22819.16,22853.95,1903.0,43491066.85
2025-07-15 23:00:00,22854.19,22858.99,22826.41,22833.9,1580.0,36077562.0
2025-07-15 23:30:00,22834.26,22863.88,22833.03,22858.7,1320.0,30173484.0
2025-07-16 00:00:00,22858.92,22863.43,22822.39,22827.48,2178.0,49718251.44
2025-07-16 00:30:00,22827.65,22854.18,22827.24,22845.74,1363.0,31138743.62
2025-07-16 01:00:00,22845.27,22877.14,22843.45,22861.47,1515.0,34635127.050000004
2025-07-16 01:30:00,22861.26,22877.63,22859.01,22876.71,1243.0,28435750.529999997
2025-07-16 02:00:00,22876.72,22879.44,22864.99,22872.14,999.0,22849267.86
2025-07-16 02:30:00,22871.98,22872.9,22852.49,22858.0,940.0,21486520.0
2025-07-16 03:00:00,22857.79,22872.0,22857.25,22868.03,765.0,17494042.95
2025-07-16 03:30:00,22868.03,22871.74,22860.15,22860.51,836.0,19111386.36
2025-07-16 04:00:00,22860.68,22876.17,22860.68,22869.07,728.0,16648682.959999999
2025-07-16 04:30:00,22868.96,22872.94,22860.74,22865.53,690.0,15777215.7
2025-07-16 05:00:00,22867.2,22889.8,22847.48,22855.05,2120.0,48452706.0
2025-07-16 05:30:00,22854.99,22865.99,22839.4,22852.96,1479.0,33799527.839999996
2025-07-16 06:00:00,22852.48,22854.01,22837.06,22842.25,1582.0,36136439.5
2025-07-16 06:30:00,22842.31,22842.31,22810.47,22815.68,1839.0,41958035.52
2025-07-16 07:00:00,22815.29,22831.2,22772.56,22824.93,3101.0,70780107.93
2025-07-16 07:30:00,22824.74,22834.7,22819.86,22826.81,1688.0,38531655.28
2025-07-16 08:00:00,22826.52,22841.2,22814.57,22835.27,2084.0,47588702.68
2025-07-16 08:30:00,22835.31,22858.88,22834.07,22847.21,1380.0,31529149.799999997
2025-07-16 09:00:00,22847.22,22848.65,22826.29,22828.67,1602.0,36571529.339999996
2025-07-16 09:30:00,22828.89,22845.69,22824.26,22845.43,1351.0,30864175.93
2025-07-16 10:00:00,22845.71,22847.26,22836.65,22841.52,1124.0,25673868.48
2025-07-16 10:30:00,22841.25,22863.46,22840.81,22857.23,1414.0,32320123.22
2025-07-16 11:00:00,22857.47,22867.08,22849.01,22854.27,1532.0,35012741.64
2025-07-16 11:30:00,22854.22,22863.47,22839.23,22862.98,1281.0,29287477.38
2025-07-16 12:00:00,22863.85,22875.94,22853.25,22868.12,1541.0,35239772.92
2025-07-16 12:30:00,22869.42,22927.15,22869.42,22916.53,3820.0,87541144.6
2025-07-16 13:00:00,22916.31,22921.39,22902.8,22917.01,2294.0,52571620.94
2025-07-16 13:30:00,22916.95,22932.64,22803.27,22814.18,14226.0,324554524.68
2025-07-16 14:00:00,22814.19,22855.21,22793.77,22850.49,9336.0,213332174.64000002
2025-07-16 14:30:00,22850.07,22878.49,22805.86,22835.68,10424.0,238039128.32
2025-07-16 15:00:00,22835.38,22889.22,22741.75,22823.72,16276.0,371478866.72
2025-07-16 15:30:00,22824.84,22868.69,22680.68,22835.05,19365.0,442200743.25
2025-07-16 16:00:00,22834.68,22851.67,22797.5,22827.03,9697.0,221353709.91
2025-07-16 16:30:00,22826.62,22891.44,22805.5,22889.27,4844.0,110875623.88
2025-07-16 17:00:00,22889.67,22911.44,22878.26,22882.86,3658.0,83705501.88
2025-07-16 17:30:00,22883.19,22889.87,22865.58,22873.48,3620.0,82801997.6
2025-07-16 18:00:00,22874.1,22892.96,22861.97,22889.96,3533.0,80870228.67999999
2025-07-16 18:30:00,22889.54,22918.43,22889.54,22917.7,2831.0,64880008.7
2025-07-16 19:00:00,22917.97,22926.18,22904.53,22916.56,2785.0,63822619.6
2025-07-16 19:30:00,22916.3,22944.25,22910.29,22920.33,3883.0,88999641.39
2025-07-16 20:00:00,22920.04,22920.04,22900.29,22902.8,1717.0,39324107.6
2025-07-16 20:30:00,22903.19,22910.22,22901.22,22907.82,670.0,15348239.4
2025-07-16 22:00:00,22914.9,22916.42,22888.12,22890.55,1457.0,33351531.349999998
2025-07-16 22:30:00,22890.48,22895.17,22879.09,22882.21,1121.0,25650957.41
2025-07-16 23:00:00,22882.6,22891.29,22880.08,22885.71,835.0,19109567.849999998
2025-07-16 23:30:00,22885.82,22893.69,22877.55,22887.94,917.0,20988240.98
2025-07-17 00:00:00,22887.55,22900.21,22872.47,22899.48,1639.0,37532247.72
2025-07-17 00:30:00,22899.73,22901.37,22889.09,22898.99,1151.0,26356737.490000002
2025-07-17 01:00:00,22898.56,22905.74,22896.79,22898.13,952.0,21799019.76
2025-07-17 01:30:00,22897.87,22898.78,22873.47,22881.78,1346.0,30798875.88
2025-07-17 02:00:00,22881.84,22881.84,22872.3,22879.5,896.0,20500032.0
2025-07-17 02:30:00,22879.5,22879.5,22869.51,22872.26,718.0,16422282.68
2025-07-17 03:00:00,22872.22,22882.28,22865.29,22882.07,738.0,16886967.66
2025-07-17 03:30:00,22881.62,22890.29,22875.55,22888.33,715.0,16365155.950000001
2025-07-17 04:00:00,22888.38,22890.54,22881.1,22882.09,547.0,12516503.23
2025-07-17 04:30:00,22881.88,22889.95,22875.65,22888.83,634.0,14511518.22
2025-07-17 05:00:00,22888.79,22900.49,22887.07,22899.44,760.0,17403574.4
2025-07-17 05:30:00,22899.1,22949.23,22899.1,22935.48,1664.0,38164638.72
2025-07-17 06:00:00,22935.27,22986.77,22935.03,22986.35,2141.0,49213775.349999994
2025-07-17 06:30:00,22986.05,22996.73,22976.86,22983.92,1523.0,35004510.16
2025-07-17 07:00:00,22983.56,22986.74,22945.8,22957.43,2508.0,57577234.44
2025-07-17 07:30:00,22957.74,22980.54,22955.57,22958.61,2054.0,47156984.94
2025-07-17 08:00:00,22957.83,22963.71,22934.38,22944.06,2206.0,50614596.36
2025-07-17 08:30:00,22944.46,22957.23,22938.61,22949.03,1606.0,36856142.18
2025-07-17 09:00:00,22949.43,22970.75,22948.83,22961.55,1303.0,29918899.65
2025-07-17 09:30:00,22961.49,22969.8,22952.63,22954.99,1033.0,23712504.67
2025-07-17 10:00:00,22954.82,22960.5,22949.01,22957.07,1094.0,25115034.58
2025-07-17 10:30:00,22957.26,22959.06,22933.4,22935.08,1253.0,28737655.240000002
2025-07-17 11:00:00,22935.35,22940.27,22918.6,22937.31,1601.0,36722633.31
2025-07-17 11:30:00,22937.05,22938.06,22919.54,22931.98,1433.0,32861527.34
2025-07-17 12:00:00,22931.59,22946.75,22920.58,22940.39,1752.0,40191563.28
2025-07-17 12:30:00,22940.78,22992.38,22933.11,22991.76,2835.0,65181639.599999994
2025-07-17 13:00:00,22991.23,23003.23,22942.54,22945.35,2453.0,56284943.55
2025-07-17 13:30:00,22945.05,23001.98,22911.08,22993.77,9941.0,228581067.57
2025-07-17 14:00:00,22994.21,23018.79,22959.03,22998.05,6250.0,143737812.5
2025-07-17 14:30:00,22998.28,23041.51,22990.85,23037.09,4026.0,92747324.34
2025-07-17 15:00:00,23037.48,23088.59,23036.77,23071.1,3706.0,85501496.6
2025-07-17 15:30:00,23071.52,23094.81,23059.52,23092.08,2808.0,64842560.64000001
2025-07-17 16:00:00,23091.92,23117.95,23087.59,23101.52,2531.0,58469947.120000005
2025-07-17 16:30:00,23102.02,23107.84,23090.03,23100.03,2337.0,53984770.11
2025-07-17 17:00:00,23099.86,23107.24,23084.8,23102.08,2337.0,53989560.96
2025-07-17 17:30:00,23102.52,23118.59,23097.35,23118.59,1894.0,43786609.46
2025-07-17 18:00:00,23120.16,23120.39,23079.85,23099.26,2328.0,53775077.279999994
2025-07-17 18:30:00,23099.48,23107.52,23090.6,23096.09,1897.0,43813282.73
2025-07-17 19:00:00,23096.3,23115.29,23094.41,23105.23,2033.0,46972932.589999996
2025-07-17 19:30:00,23104.85,23120.9,23089.14,23100.26,3703.0,85540262.78
2025-07-17 20:00:00,23099.94,23113.56,23078.34,23109.58,2421.0,55948293.18000001
2025-07-17 20:30:00,23109.55,23118.88,23108.62,23111.21,969.0,22394762.49
2025-07-17 22:00:00,23102.43,23109.41,23094.54,23108.16,1203.0,27799116.48
2025-07-17 22:30:00,23108.34,23109.08,23098.87,23105.31,686.0,15850242.66
2025-07-17 23:00:00,23105.58,23132.55,23105.46,23118.5,1286.0,29730391.0
2025-07-17 23:30:00,23118.64,23137.66,23113.95,23131.84,991.0,22923653.44
2025-07-18 00:00:00,23131.38,23135.41,23122.58,23122.85,1175.0,27169348.75
2025-07-18 00:30:00,23122.85,23123.98,23113.17,23115.71,821.0,18977997.91
2025-07-18 01:00:00,23115.89,23120.64,23108.2,23110.86,891.0,20591776.26
2025-07-18 01:30:00,23111.09,23120.81,23110.91,23115.35,730.0,16874205.5
2025-07-18 02:00:00,23115.14,23119.34,23109.22,23118.17,630.0,14564447.1
2025-07-18 02:30:00,23118.36,23135.36,23117.42,23129.04,675.0,15612102.0
2025-07-18 03:00:00,23129.09,23130.94,23123.92,23130.85,649.0,15011921.649999999
2025-07-18 03:30:00,23130.65,23133.78,23122.87,23124.37,641.0,14822721.17
2025-07-18 04:00:00,23124.16,23128.14,23120.38,23126.65,473.0,10938905.450000001
2025-07-18 04:30:00,23126.68,23129.43,23122.35,23127.18,479.0,11077919.22
2025-07-18 05:00:00,23127.19,23144.09,23126.25,23143.87,775.0,17936499.25
2025-07-18 05:30:00,23144.08,23157.4,23143.58,23152.15,750.0,17364112.5
2025-07-18 06:00:00,23152.11,23156.03,23142.7,23142.93,824.0,19069774.32
2025-07-18 06:30:00,23143.31,23146.58,23129.93,23130.85,986.0,22807018.099999998
2025-07-18 07:00:00,23130.62,23139.55,23119.12,23123.39,1469.0,33968259.91
2025-07-18 07:30:00,23123.57,23131.17,23108.46,23117.9,1334.0,30839278.6
2025-07-18 08:00:00,23117.3,23135.04,23114.97,23129.61,1299.0,30045363.39
2025-07-18 08:30:00,23129.59,23133.08,23122.42,23129.19,1012.0,23406740.279999997
2025-07-18 09:00:00,23129.1,23137.01,23126.98,23131.67,795.0,18389677.65
2025-07-18 09:30:00,23131.85,23135.06,23123.22,23125.62,813.0,18801129.06
2025-07-18 10:00:00,23125.42,23128.56,23100.28,23107.12,1094.0,25279189.279999997
2025-07-18 10:30:00,23107.09,23115.35,23101.16,23113.79,1054.0,24361934.66
2025-07-18 11:00:00,23114.55,23120.09,23099.1,23108.1,1334.0,30826205.4
2025-07-18 11:30:00,23107.7,23119.86,23107.23,23111.57,1096.0,25330280.72
2025-07-18 12:00:00,23111.9,23117.37,23101.92,23110.19,1498.0,34619064.62
2025-07-18 12:30:00,23110.1,23119.57,23103.21,23116.34,1573.0,36362002.82
2025-07-18 13:00:00,23116.59,23167.96,23105.56,23147.67,3930.0,90970343.1
2025-07-18 13:30:00,23148.04,23157.55,23097.77,23105.64,9289.0,214628289.96
2025-07-18 14:00:00,23107.63,23137.75,23031.97,23043.76,7628.0,175777801.28
2025-07-18 14:30:00,23043.37,23081.11,23040.49,23054.6,4978.0,114765798.8
2025-07-18 15:00:00,23055.01,23070.93,23038.23,23065.86,4818.0,111131313.48
2025-07-18 15:30:00,23066.37,23098.43,23066.21,23093.58,2700.0,62352666.00000001
2025-07-18 16:00:00,23094.1,23095.68,23024.22,23050.64,4139.0,95406598.96
2025-07-18 16:30:00,23051.12,23066.35,23024.62,23037.93,4146.0,95515257.78
2025-07-18 17:00:00,23037.68,23069.1,23023.88,23061.43,3667.0,84566263.81
2025-07-18 17:30:00,23061.18,23070.3,23036.22,23047.08,2937.0,67689273.96000001
2025-07-18 18:00:00,23047.43,23065.48,23042.3,23065.3,2378.0,54849283.4
2025-07-18 18:30:00,23065.35,23074.71,23045.02,23051.18,2178.0,50205470.04
2025-07-18 19:00:00,23051.14,23078.77,23046.84,23060.55,2258.0,52070721.9
2025-07-18 19:30:00,23060.47,23075.2,23047.86,23073.65,2865.0,66106007.25000001
2025-07-18 20:00:00,23073.95,23077.01,23064.99,23070.22,1226.0,28284089.720000003
2025-07-18 20:30:00,23070.04,23074.71,23067.04,23071.46,420.0,9690013.2
2025-07-20 22:00:00,23085.87,23091.2,23060.36,23089.48,1623.0,37474226.04
2025-07-20 22:30:00,23089.41,23100.69,23086.53,23099.95,911.0,21044054.45
2025-07-20 23:00:00,23100.17,23108.02,23092.8,23095.43,842.0,19446352.06
2025-07-20 23:30:00,23095.66,23117.91,23093.5,23115.64,879.0,20318647.56
2025-07-21 00:00:00,23115.95,23118.38,23109.52,23112.53,872.0,20154126.16
2025-07-21 00:30:00,23112.53,23113.14,23105.26,23106.67,616.0,14233708.719999999
2025-07-21 01:00:00,23106.64,23131.61,23105.8,23122.52,936.0,21642678.72
2025-07-21 01:30:00,23122.27,23125.01,23117.53,23118.96,739.0,17084911.439999998
2025-07-21 02:00:00,23118.94,23124.42,23116.3,23123.75,559.0,12926176.25
2025-07-21 02:30:00,23123.71,23125.17,23110.29,23111.98,571.0,13196940.58
2025-07-21 03:00:00,23111.92,23116.14,23106.29,23109.7,497.0,11485520.9
2025-07-21 03:30:00,23109.79,23109.8,23097.09,23101.22,497.0,11481306.34
2025-07-21 04:00:00,23101.27,23119.55,23101.06,23119.49,505.0,11675342.450000001
2025-07-21 04:30:00,23119.29,23125.29,23118.19,23125.04,332.0,7677513.28
2025-07-21 05:00:00,23124.97,23130.45,23117.97,23124.88,534.0,12348685.92
2025-07-21 05:30:00,23125.22,23130.67,23122.2,23123.68,580.0,13411734.4
2025-07-21 06:00:00,23123.64,23149.94,23121.7,23147.27,898.0,20786248.46
2025-07-21 06:30:00,23147.57,23150.16,23128.79,23132.68,867.0,20056033.56
2025-07-21 07:00:00,23132.74,23151.58,23132.74,23145.68,1188.0,27497067.84
2025-07-21 07:30:00,23145.49,23153.7,23141.43,23151.7,866.0,20049372.2
2025-07-21 08:00:00,23151.7,23163.94,23140.0,23149.63,1368.0,31668693.84
2025-07-21 08:30:00,23149.67,23150.03,23137.93,23145.06,859.0,19881606.540000003
2025-07-21 09:00:00,23145.35,23154.27,23145.35,23150.28,635.0,14700427.799999999
2025-07-21 09:30:00,23150.41,23151.46,23140.96,23144.79,649.0,15020968.71
2025-07-21 10:00:00,23144.98,23161.89,23141.52,23152.43,745.0,17248560.35
2025-07-21 10:30:00,23152.64,23153.42,23136.7,23145.6,770.0,17822112.0
2025-07-21 11:00:00,23145.95,23147.39,23132.45,23140.52,839.0,19414896.28
2025-07-21 11:30:00,23140.48,23146.42,23131.07,23132.96,811.0,18760830.56
2025-07-21 12:00:00,23133.05,23139.15,23124.77,23132.15,985.0,22785167.75
2025-07-21 12:30:00,23132.0,23137.18,23092.02,23093.54,1342.0,30991530.68
2025-07-21 13:00:00,23093.45,23113.21,23079.78,23112.93,1932.0,44654180.76
2025-07-21 13:30:00,23112.57,23251.44,23111.23,23231.22,6779.0,157484440.38
2025-07-21 14:00:00,23231.22,23272.94,23231.22,23272.94,4416.0,102773303.03999999
2025-07-21 14:30:00,23273.21,23280.72,23244.02,23253.72,3488.0,81108975.36
2025-07-21 15:00:00,23254.0,23256.71,23235.83,23253.16,2535.0,58946760.6
2025-07-21 15:30:00,23253.41,23261.45,23238.85,23242.5,2299.0,53434507.5
2025-07-21 16:00:00,23242.28,23246.72,23216.3,23234.79,2655.0,61688367.45
2025-07-21 16:30:00,23234.53,23267.17,23233.54,23262.41,1933.0,44966238.53
2025-07-21 17:00:00,23262.52,23279.4,23261.35,23274.82,1662.0,38682750.839999996
2025-07-21 17:30:00,23274.77,23280.22,23268.48,23268.57,1482.0,34484020.74
2025-07-21 18:00:00,23268.31,23274.22,23258.3,23269.04,1744.0,40581205.76
2025-07-21 18:30:00,23268.79,23269.29,23244.05,23247.47,2173.0,50516752.31
2025-07-21 19:00:00,23247.47,23249.41,23217.29,23226.03,3643.0,84612427.28999999
2025-07-21 19:30:00,23225.78,23235.04,23186.12,23201.84,4110.0,95359562.4
2025-07-21 20:00:00,23201.29,23210.47,23194.83,23195.78,1551.0,35976654.78
2025-07-21 20:30:00,23196.04,23203.2,23195.21,23202.73,753.0,17471655.69
2025-07-21 22:00:00,23198.88,23210.16,23196.28,23207.33,740.0,17173424.200000003
2025-07-21 22:30:00,23207.04,23207.73,23200.76,23201.97,505.0,11716994.850000001
2025-07-21 23:00:00,23202.05,23207.54,23199.48,23207.09,438.0,10164705.42
2025-07-21 23:30:00,23206.97,23208.73,23194.56,23205.3,759.0,17612822.7
2025-07-22 00:00:00,23205.08,23219.46,23203.79,23217.78,1078.0,25028766.84
2025-07-22 00:30:00,23217.38,23217.38,23196.63,23198.5,909.0,21087436.5
2025-07-22 01:00:00,23198.45,23208.66,23189.55,23208.54,1062.0,24647469.48
2025-07-22 01:30:00,23208.46,23223.96,23206.72,23223.56,812.0,18857530.720000003
2025-07-22 02:00:00,23223.58,23224.08,23209.12,23210.11,666.0,15457933.26
2025-07-22 02:30:00,23209.81,23213.26,23203.01,23205.5,552.0,12809436.0
2025-07-22 03:00:00,23205.76,23206.86,23192.45,23193.32,657.0,15238011.24
2025-07-22 03:30:00,23193.1,23195.98,23179.74,23187.77,979.0,22700826.830000002
2025-07-22 04:00:00,23187.71,23188.48,23155.98,23162.1,1219.0,28234599.9
2025-07-22 04:30:00,23162.38,23168.8,23159.74,23164.55,774.0,17929361.7
2025-07-22 05:00:00,23164.49,23167.01,23157.31,23163.77,854.0,19781859.580000002
2025-07-22 05:30:00,23163.73,23174.45,23160.98,23172.51,917.0,21249191.669999998
2025-07-22 06:00:00,23172.71,23177.75,23164.06,23172.12,910.0,21086629.2
2025-07-22 06:30:00,23172.41,23178.57,23168.82,23174.06,857.0,19860169.42
2025-07-22 07:00:00,23173.44,23206.92,23169.82,23203.97,1705.0,39562768.85
2025-07-22 07:30:00,23203.77,23206.24,23144.18,23163.98,1687.0,39077634.26
2025-07-22 08:00:00,23164.19,23175.68,23136.76,23147.2,2140.0,49535008.0
2025-07-22 08:30:00,23147.42,23153.45,23131.71,23136.36,1634.0,37804812.24
2025-07-22 09:00:00,23136.04,23145.79,23128.84,23136.97,1423.0,32923908.310000002
2025-07-22 09:30:00,23136.78,23143.47,23128.03,23141.32,1091.0,25247180.12
2025-07-22 10:00:00,23141.42,23160.8,23140.8,23150.04,1141.0,26414195.64
2025-07-22 10:30:00,23150.05,23159.39,23137.04,23158.89,1267.0,29342313.63
2025-07-22 11:00:00,23159.21,23183.71,23154.01,23167.24,1518.0,35167870.32
2025-07-22 11:30:00,23167.04,23192.82,23161.32,23192.05,1665.0,38614763.25
2025-07-22 12:00:00,23191.84,23200.56,23181.35,23199.58,1479.0,34312178.82
2025-07-22 12:30:00,23199.74,23199.74,23185.0,23193.98,1423.0,33005033.54
2025-07-22 13:00:00,23194.35,23204.35,23189.26,23202.85,1727.0,40071321.949999996
2025-07-22 13:30:00,23203.24,23208.23,22970.78,22999.85,15601.0,358820659.84999996
2025-07-22 14:00:00,22999.55,23057.75,22967.57,23027.73,11898.0,273983931.54
2025-07-22 14:30:00,23027.58,23088.51,23025.33,23082.88,5957.0,137504716.16
2025-07-22 15:00:00,23083.19,23088.5,23053.89,23067.13,4594.0,105970395.22
2025-07-22 15:30:00,23066.8,23093.5,23063.15,23068.01,4213.0,97185526.13
2025-07-22 16:00:00,23068.52,23084.03,23024.33,23032.76,4477.0,103117666.52
2025-07-22 16:30:00,23032.59,23061.84,23021.36,23059.76,3794.0,87488729.44
2025-07-22 17:00:00,23060.1,23110.17,23056.88,23103.28,2930.0,67692610.39999999
2025-07-22 17:30:00,23103.09,23107.27,23066.34,23076.38,2719.0,62744677.220000006
2025-07-22 18:00:00,23076.11,23088.27,23030.09,23074.6,3672.0,84729931.19999999
2025-07-22 18:30:00,23074.21,23112.01,23072.99,23110.83,2760.0,63785890.800000004
2025-07-22 19:00:00,23110.59,23115.73,23089.59,23097.77,2436.0,56266167.72
2025-07-22 19:30:00,23097.85,23114.33,23079.87,23081.84,3369.0,77762718.96
2025-07-22 20:00:00,23082.26,23083.74,23047.38,23052.29,2397.0,55256339.13
2025-07-22 20:30:00,23052.1,23058.59,23047.41,23057.97,970.0,22366230.900000002
2025-07-22 22:00:00,23051.33,23066.05,23039.36,23041.14,1289.0,29700029.46
2025-07-22 22:30:00,23041.07,23046.51,23032.37,23043.51,827.0,19056982.77
2025-07-22 23:00:00,23043.78,23117.86,23043.04,23097.34,2802.0,64718746.68
2025-07-22 23:30:00,23097.1,23127.69,23086.71,23122.85,2458.0,56835965.3
2025-07-23 00:00:00,23123.17,23127.47,23066.91,23069.24,2657.0,61294970.68000001
2025-07-23 00:30:00,23069.54,23077.62,23059.87,23065.31,1708.0,39395549.480000004
2025-07-23 01:00:00,23064.88,23103.78,23059.64,23096.66,1617.0,37347299.22
2025-07-23 01:30:00,23096.24,23115.1,23090.52,23113.37,1476.0,34115334.12
2025-07-23 02:00:00,23113.38,23113.38,23087.93,23095.42,1336.0,30855481.119999997
2025-07-23 02:30:00,23095.38,23108.56,23094.04,23107.37,880.0,20334485.599999998
2025-07-23 03:00:00,23107.76,23116.37,23103.15,23114.31,743.0,17173932.330000002
2025-07-23 03:30:00,23114.31,23114.83,23093.31,23100.74,1010.0,23331747.400000002
2025-07-23 04:00:00,23100.81,23103.27,23094.9,23102.87,692.0,15987186.04
2025-07-23 04:30:00,23103.05,23113.1,23101.54,23111.11,812.0,18766221.32
2025-07-23 05:00:00,23111.05,23115.79,23105.41,23115.78,889.0,20549928.419999998
2025-07-23 05:30:00,23115.85,23121.04,23107.65,23112.12,1079.0,24937977.48
2025-07-23 06:00:00,23112.54,23116.62,23105.29,23116.15,1187.0,27438870.05
2025-07-23 06:30:00,23115.66,23132.91,23109.14,23129.61,1195.0,27639883.95
2025-07-23 07:00:00,23130.69,23138.55,23114.41,23120.0,2016.0,46609920.0
2025-07-23 07:30:00,23119.88,23124.28,23106.56,23122.35,1609.0,37203861.15
2025-07-23 08:00:00,23121.99,23141.34,23118.9,23136.09,1639.0,37920051.51
2025-07-23 08:30:00,23136.43,23146.58,23124.66,23143.42,1130.0,26152064.599999998
2025-07-23 09:00:00,23143.42,23144.78,23121.69,23121.73,1060.0,24509033.8
2025-07-23 09:30:00,23121.44,23136.19,23119.94,23132.63,916.0,21189489.080000002
2025-07-23 10:00:00,23132.69,23139.09,23122.94,23132.59,982.0,22716203.38
2025-07-23 10:30:00,23132.85,23143.03,23121.83,23122.37,1107.0,25596463.59
2025-07-23 11:00:00,23122.55,23125.6,23094.46,23111.34,2074.0,47932919.160000004
2025-07-23 11:30:00,23111.57,23123.94,23109.15,23118.84,1219.0,28181865.96
2025-07-23 12:00:00,23118.48,23129.86,23102.67,23112.19,1427.0,32981095.13
2025-07-23 12:30:00,23112.35,23112.39,23092.22,23098.5,1761.0,40676458.5
2025-07-23 13:00:00,23098.21,23134.2,23095.17,23123.65,2173.0,50247691.45
2025-07-23 13:30:00,23123.27,23125.09,23024.02,23028.76,12654.0,291405929.03999996
2025-07-23 14:00:00,23029.73,23055.43,23009.78,23055.43,7417.0,171002124.31
2025-07-23 14:30:00,23055.29,23066.22,23013.55,23061.96,4786.0,110374540.56
2025-07-23 15:00:00,23061.81,23079.39,23041.78,23070.59,3824.0,88221936.16
2025-07-23 15:30:00,23070.98,23155.15,23060.03,23119.97,6135.0,141841015.95000002
2025-07-23 16:00:00,23118.87,23125.17,23056.26,23072.26,7243.0,167112379.17999998
2025-07-23 16:30:00,23071.79,23097.42,23066.01,23090.74,3481.0,80378865.94000001
2025-07-23 17:00:00,23090.77,23102.18,23076.96,23096.55,2965.0,68481270.75
2025-07-23 17:30:00,23096.28,23132.46,23088.96,23126.46,4077.0,94286577.42
2025-07-23 18:00:00,23126.47,23186.26,23126.47,23158.84,3036.0,70310238.24
2025-07-23 18:30:00,23158.53,23168.97,23148.53,23164.54,2657.0,61548182.78
2025-07-23 19:00:00,23164.94,23165.71,23148.06,23156.44,2323.0,53792410.12
2025-07-23 19:30:00,23156.07,23186.95,23132.33,23186.66,3604.0,83564722.64
2025-07-23 20:00:00,23186.92,23268.66,23166.52,23230.16,5868.0,136314578.88
2025-07-23 20:30:00,23230.25,23279.64,23229.53,23275.52,2439.0,56768993.28
2025-07-23 22:00:00,23260.53,23268.0,23251.78,23261.94,1416.0,32938907.04
2025-07-23 22:30:00,23261.99,23265.44,23249.71,23254.43,1180.0,27440227.4
2025-07-23 23:00:00,23254.57,23269.1,23252.95,23256.49,844.0,19628477.560000002
2025-07-23 23:30:00,23256.56,23271.54,23255.93,23267.64,928.0,21592369.919999998
2025-07-24 00:00:00,23267.72,23268.14,23249.2,23267.35,1371.0,31899536.849999998
2025-07-24 00:30:00,23267.63,23272.83,23259.72,23261.17,944.0,21958544.479999997
2025-07-24 01:00:00,23260.95,23288.74,23256.94,23275.9,1196.0,27837976.400000002
2025-07-24 01:30:00,23275.69,23277.42,23271.14,23275.15,930.0,21645889.5
2025-07-24 02:00:00,23274.98,23281.39,23267.98,23275.42,804.0,18713437.68
2025-07-24 02:30:00,23275.46,23277.19,23269.97,23271.89,626.0,14568203.139999999
2025-07-24 03:00:00,23271.47,23272.41,23263.75,23264.44,625.0,14540275.0
2025-07-24 03:30:00,23264.24,23265.88,23242.63,23246.1,867.0,20154368.7
2025-07-24 04:00:00,23245.92,23250.83,23240.67,23246.14,719.0,16713974.66
2025-07-24 04:30:00,23245.76,23250.65,23241.63,23248.21,606.0,14088415.26
2025-07-24 05:00:00,23248.13,23251.2,23244.89,23246.52,701.0,16295810.52
2025-07-24 05:30:00,23246.46,23246.69,23239.69,23240.14,695.0,16151897.299999999
2025-07-24 06:00:00,23239.74,23257.13,23239.74,23244.36,1110.0,25801239.6
2025-07-24 06:30:00,23244.61,23244.61,23220.13,23225.64,1157.0,26872065.48
2025-07-24 07:00:00,23225.22,23229.36,23218.66,23226.22,1672.0,38834239.84
2025-07-24 07:30:00,23226.16,23235.88,23219.72,23235.12,1220.0,28346846.4
2025-07-24 08:00:00,23234.81,23249.95,23213.58,23249.22,1630.0,37896228.6
2025-07-24 08:30:00,23249.55,23255.9,23246.73,23255.7,1022.0,23767325.400000002
2025-07-24 09:00:00,23255.51,23257.89,23245.95,23253.38,967.0,22486018.46
2025-07-24 09:30:00,23253.21,23261.91,23251.9,23255.4,933.0,21697288.200000003
2025-07-24 10:00:00,23256.0,23259.2,23235.04,23235.34,1245.0,28927998.3
2025-07-24 10:30:00,23235.34,23242.09,23229.24,23238.41,1178.0,27374846.98
2025-07-24 11:00:00,23238.86,23259.71,23232.6,23255.73,1161.0,26999902.53
2025-07-24 11:30:00,23255.98,23267.88,23250.47,23251.65,1098.0,25530311.700000003
2025-07-24 12:00:00,23251.34,23257.63,23229.72,23243.37,1487.0,34562891.19
2025-07-24 12:30:00,23242.89,23245.4,23192.97,23225.13,2600.0,60385338.0
2025-07-24 13:00:00,23225.41,23244.11,23210.37,23238.54,2464.0,57259762.56
2025-07-24 13:30:00,23238.84,23268.52,23200.01,23230.8,11564.0,268640971.2
2025-07-24 14:00:00,23231.11,23232.46,23166.97,23200.47,7709.0,178852423.23000002
2025-07-24 14:30:00,23200.87,23247.91,23197.74,23239.68,4054.0,94213662.72
2025-07-24 15:00:00,23239.89,23263.9,23238.24,23247.91,3086.0,71743050.26
2025-07-24 15:30:00,23248.41,23267.6,23236.51,23255.64,2927.0,68069258.28
2025-07-24 16:00:00,23255.24,23255.9,23208.2,23219.15,3644.0,84610582.60000001
2025-07-24 16:30:00,23218.85,23242.17,23211.78,23238.25,2923.0,67925404.75
2025-07-24 17:00:00,23237.99,23290.14,23234.34,23258.48,2558.0,59495191.839999996
2025-07-24 17:30:00,23258.04,23269.96,23249.68,23252.94,2163.0,50296109.22
2025-07-24 18:00:00,23252.89,23289.74,23252.23,23283.92,2415.0,56230666.8
2025-07-24 18:30:00,23284.16,23289.36,23246.26,23269.16,2760.0,64222881.6
2025-07-24 19:00:00,23268.99,23291.59,23265.55,23283.92,2216.0,51597166.72
2025-07-24 19:30:00,23283.75,23288.43,23240.74,23243.33,3678.0,85488967.74000001
2025-07-24 20:00:00,23243.65,23261.24,23234.74,23259.99,1848.0,42984461.52
2025-07-24 20:30:00,23260.16,23268.84,23258.73,23262.03,968.0,22517645.04
2025-07-24 22:00:00,23263.16,23285.33,23255.72,23279.2,1084.0,25234652.8
2025-07-24 22:30:00,23279.24,23279.24,23271.17,23271.17,485.0,11286517.45
2025-07-24 23:00:00,23271.26,23275.45,23261.75,23263.18,697.0,16214436.46
2025-07-24 23:30:00,23263.39,23279.41,23260.65,23276.5,812.0,18900518.0
2025-07-25 00:00:00,23276.58,23292.93,23271.77,23286.39,1165.0,27128644.349999998
2025-07-25 00:30:00,23286.73,23287.2,23275.95,23284.52,695.0,16182741.4
2025-07-25 01:00:00,23284.76,23291.19,23279.79,23286.14,776.0,18070044.64
2025-07-25 01:30:00,23286.25,23304.45,23284.54,23297.13,840.0,19569589.2
2025-07-25 02:00:00,23297.24,23306.28,23295.08,23303.78,577.0,13446281.059999999
2025-07-25 02:30:00,23303.78,23305.89,23290.54,23291.71,518.0,12065105.78
2025-07-25 03:00:00,23291.97,23311.46,23291.21,23304.47,602.0,14029290.940000001
2025-07-25 03:30:00,23304.41,23306.7,23297.04,23298.57,568.0,13233587.76
2025-07-25 04:00:00,23298.46,23301.72,23292.43,23292.44,500.0,11646220.0
2025-07-25 04:30:00,23292.52,23292.73,23263.01,23267.2,743.0,17287529.6
2025-07-25 05:00:00,23267.64,23279.27,23265.98,23278.53,702.0,16341528.059999999
2025-07-25 05:30:00,23278.7,23278.7,23273.16,23277.89,625.0,14548681.25
2025-07-25 06:00:00,23277.7,23282.39,23274.43,23278.52,784.0,18250359.68
2025-07-25 06:30:00,23278.9,23281.99,23259.29,23261.04,860.0,20004494.400000002
2025-07-25 07:00:00,23261.21,23264.13,23237.68,23237.77,1839.0,42734259.03
2025-07-25 07:30:00,23237.5,23246.91,23225.46,23235.87,1554.0,36108541.98
2025-07-25 08:00:00,23235.97,23244.71,23219.43,23239.91,1656.0,38485290.96
2025-07-25 08:30:00,23240.37,23250.75,23240.04,23245.26,1038.0,24128579.88
2025-07-25 09:00:00,23245.49,23245.49,23226.82,23239.3,970.0,22542121.0
2025-07-25 09:30:00,23239.2,23246.95,23236.74,23244.01,832.0,19339016.32
2025-07-25 10:00:00,23243.8,23249.36,23241.02,23244.0,849.0,19734156.0
2025-07-25 10:30:00,23243.79,23261.17,23243.79,23257.96,791.0,18397046.36
2025-07-25 11:00:00,23257.94,23258.91,23239.97,23245.94,961.0,22339348.34
2025-07-25 11:30:00,23245.77,23249.52,23230.95,23235.71,1061.0,24653088.31
2025-07-25 12:00:00,23235.07,23251.67,23229.72,23247.01,1205.0,28012647.049999997
2025-07-25 12:30:00,23246.78,23256.66,23236.94,23241.57,1421.0,33026270.97
2025-07-25 13:00:00,23241.01,23244.51,23216.89,23230.55,2754.0,63976934.699999996
2025-07-25 13:30:00,23230.25,23275.71,23201.3,23257.18,8364.0,194523053.52
2025-07-25 14:00:00,23257.9,23280.73,23250.96,23269.83,4752.0,110578232.16000001
2025-07-25 14:30:00,23270.05,23283.93,23259.54,23273.44,3327.0,77430734.88
2025-07-25 15:00:00,23273.48,23290.71,23261.09,23287.99,2573.0,59919998.27
2025-07-25 15:30:00,23287.78,23294.4,23271.03,23289.42,2236.0,52075143.12
2025-07-25 16:00:00,23289.24,23339.21,23284.74,23331.98,2488.0,58049966.24
2025-07-25 16:30:00,23332.05,23343.77,23315.87,23318.97,1904.0,44399318.88
2025-07-25 17:00:00,23318.55,23319.78,23300.56,23313.7,1898.0,44249402.6
2025-07-25 17:30:00,23313.53,23323.01,23304.55,23307.24,1819.0,42395869.56
2025-07-25 18:00:00,23307.28,23327.53,23297.86,23320.47,1923.0,44845263.81
2025-07-25 18:30:00,23320.73,23326.91,23309.48,23310.74,1816.0,42332303.84
2025-07-25 19:00:00,23310.3,23323.05,23306.74,23307.29,1717.0,40018616.93
2025-07-25 19:30:00,23307.08,23318.3,23276.56,23289.94,2932.0,68286104.08
2025-07-25 20:00:00,23290.2,23307.19,23275.31,23304.52,1549.0,36098701.480000004
2025-07-25 20:30:00,23304.46,23314.78,23303.27,23310.08,715.0,16666707.200000001
2025-07-27 22:00:00,23394.86,23433.19,23384.44,23388.49,2871.0,67148354.79
2025-07-27 22:30:00,23388.22,23401.71,23382.52,23392.95,1143.0,26738141.85
2025-07-27 23:00:00,23393.43,23424.93,23390.48,23416.19,1302.0,30487879.38
2025-07-27 23:30:00,23416.53,23432.09,23409.92,23410.52,1164.0,27249845.28
2025-07-28 00:00:00,23410.26,23422.15,23402.01,23414.95,1403.0,32851174.85
2025-07-28 00:30:00,23415.03,23421.53,23410.75,23420.05,839.0,19649421.95
2025-07-28 01:00:00,23420.23,23420.79,23407.71,23415.45,929.0,21752953.05
2025-07-28 01:30:00,23415.02,23419.51,23410.28,23418.71,794.0,18594455.74
2025-07-28 02:00:00,23418.76,23429.24,23414.02,23429.15,623.0,14596360.450000001
2025-07-28 02:30:00,23429.01,23442.77,23426.23,23428.57,744.0,17430856.08
2025-07-28 03:00:00,23428.33,23429.16,23421.52,23421.94,496.0,11617282.24
2025-07-28 03:30:00,23422.02,23427.71,23418.59,23425.7,487.0,11408315.9
2025-07-28 04:00:00,23425.79,23430.17,23422.04,23429.25,404.0,9465417.0
2025-07-28 04:30:00,23429.18,23442.46,23426.77,23437.71,492.0,11531353.32
2025-07-28 05:00:00,23437.78,23446.92,23436.93,23444.9,577.0,13527707.3
2025-07-28 05:30:00,23444.99,23456.43,23441.51,23452.92,797.0,18691977.24
2025-07-28 06:00:00,23452.92,23463.8,23449.55,23449.76,832.0,19510200.32
2025-07-28 06:30:00,23449.77,23452.39,23439.49,23439.5,883.0,20697078.5
2025-07-28 07:00:00,23439.94,23443.93,23422.74,23424.53,1442.0,33778172.26
2025-07-28 07:30:00,23424.72,23430.33,23411.99,23427.01,1198.0,28065557.979999997
2025-07-28 08:00:00,23426.74,23428.17,23412.5,23416.97,1333.0,31214821.01
2025-07-28 08:30:00,23416.77,23422.25,23412.77,23415.45,849.0,19879717.05
2025-07-28 09:00:00,23415.51,23420.74,23402.64,23408.92,945.0,22121429.4
2025-07-28 09:30:00,23409.0,23414.88,23401.74,23404.8,836.0,19566412.8
2025-07-28 10:00:00,23404.83,23405.39,23392.51,23396.26,875.0,20471727.5
2025-07-28 10:30:00,23395.94,23397.38,23363.76,23372.87,1308.0,30571713.959999997
2025-07-28 11:00:00,23372.37,23383.94,23368.48,23376.25,1195.0,27934618.75
2025-07-28 11:30:00,23375.76,23385.67,23374.67,23380.79,1072.0,25064206.880000003
2025-07-28 12:00:00,23380.69,23388.82,23365.88,23387.27,1450.0,33911541.5
2025-07-28 12:30:00,23387.08,23399.12,23374.74,23392.91,1365.0,31931322.15
2025-07-28 13:00:00,23393.03,23393.91,23345.58,23350.68,2597.0,60641715.96
2025-07-28 13:30:00,23351.38,23399.04,23343.75,23399.04,9063.0,212065499.52
2025-07-28 14:00:00,23398.79,23406.29,23355.43,23381.55,4952.0,115785435.6
2025-07-28 14:30:00,23381.26,23397.98,23363.03,23373.29,3645.0,85195642.05
2025-07-28 15:00:00,23373.49,23378.69,23316.82,23360.29,4184.0,97739453.36
2025-07-28 15:30:00,23360.06,23379.23,23357.55,23373.43,2444.0,57124662.92
2025-07-28 16:00:00,23373.48,23387.73,23353.78,23373.23,2360.0,55160822.8
2025-07-28 16:30:00,23373.67,23373.96,23354.04,23365.54,2216.0,51778036.64
2025-07-28 17:00:00,23365.68,23367.75,23334.84,23344.79,3270.0,76337463.3
2025-07-28 17:30:00,23344.29,23365.52,23338.65,23340.46,2231.0,52072566.26
2025-07-28 18:00:00,23340.26,23349.71,23319.53,23341.51,3012.0,70304628.11999999
2025-07-28 18:30:00,23342.18,23349.21,23325.75,23341.97,2052.0,47897722.440000005
2025-07-28 19:00:00,23341.77,23344.71,23329.54,23341.97,2127.0,49648370.190000005
2025-07-28 19:30:00,23341.81,23375.95,23335.28,23372.43,2676.0,62544622.68
2025-07-28 20:00:00,23372.69,23388.88,23370.03,23386.21,1395.0,32623762.95
2025-07-28 20:30:00,23386.04,23393.28,23384.07,23388.01,711.0,16628875.11
2025-07-28 22:00:00,23386.92,23409.63,23386.22,23404.99,841.0,19683596.59
2025-07-28 22:30:00,23405.24,23411.44,23402.17,23408.01,622.0,14559782.219999999
2025-07-28 23:00:00,23407.79,23412.41,23399.78,23405.69,606.0,14183848.139999999
2025-07-28 23:30:00,23405.99,23412.24,23404.94,23410.17,462.0,10815498.54
2025-07-29 00:00:00,23410.17,23415.87,23398.33,23413.25,1105.0,25871641.25
2025-07-29 00:30:00,23413.04,23418.52,23411.22,23415.16,696.0,16296951.36
2025-07-29 01:00:00,23415.04,23426.53,23412.0,23421.95,757.0,17730416.150000002
2025-07-29 01:30:00,23422.04,23423.91,23407.56,23409.44,724.0,16948434.56
2025-07-29 02:00:00,23409.59,23420.73,23403.8,23411.78,872.0,20415072.16
2025-07-29 02:30:00,23411.69,23419.77,23407.21,23419.77,635.0,14871553.950000001
2025-07-29 03:00:00,23419.51,23428.1,23418.28,23421.03,537.0,12577093.11
2025-07-29 03:30:00,23421.03,23425.9,23417.6,23425.25,508.0,11900027.0
2025-07-29 04:00:00,23425.56,23433.51,23424.56,23427.2,481.0,11268483.200000001
2025-07-29 04:30:00,23427.16,23430.71,23421.75,23422.25,445.0,10422901.25
2025-07-29 05:00:00,23422.5,23430.5,23420.95,23430.39,431.0,10098498.09
2025-07-29 05:30:00,23430.23,23436.06,23428.21,23429.18,531.0,12440894.58
2025-07-29 06:00:00,23429.41,23435.92,23426.23,23426.52,689.0,16140872.280000001
2025-07-29 06:30:00,23426.7,23435.75,23423.57,23426.14,850.0,19912219.0
2025-07-29 07:00:00,23426.67,23443.0,23426.52,23442.93,1085.0,25435579.05
2025-07-29 07:30:00,23442.53,23479.91,23440.71,23469.78,1232.0,28914768.959999997
2025-07-29 08:00:00,23469.68,23474.47,23457.41,23468.94,1192.0,27974976.479999997
2025-07-29 08:30:00,23468.98,23471.86,23461.1,23464.18,760.0,17832776.8
2025-07-29 09:00:00,23464.25,23472.78,23461.53,23464.25,723.0,16964652.75
2025-07-29 09:30:00,23464.51,23489.37,23464.51,23479.01,1080.0,25357330.799999997
2025-07-29 10:00:00,23479.18,23488.19,23472.07,23474.42,1111.0,26080080.619999997
2025-07-29 10:30:00,23474.61,23482.99,23471.35,23477.57,859.0,20167232.63
2025-07-29 11:00:00,23477.58,23484.57,23468.4,23473.61,1023.0,24013503.03
2025-07-29 11:30:00,23473.64,23479.09,23457.19,23478.72,1114.0,26155294.080000002
2025-07-29 12:00:00,23479.06,23491.32,23469.11,23472.41,1274.0,29903850.34
2025-07-29 12:30:00,23472.41,23475.72,23450.23,23456.93,1242.0,29133507.06
2025-07-29 13:00:00,23456.67,23478.59,23452.92,23472.59,1685.0,39551314.15
2025-07-29 13:30:00,23473.04,23528.02,23432.14,23464.3,8724.0,204702553.2
2025-07-29 14:00:00,23463.51,23468.82,23415.7,23435.79,6327.0,148278243.33
2025-07-29 14:30:00,23435.44,23452.34,23390.43,23403.23,5073.0,118724585.78999999
2025-07-29 15:00:00,23402.86,23417.55,23334.23,23339.96,5801.0,135395107.96
2025-07-29 15:30:00,23339.71,23395.59,23314.41,23379.88,6578.0,153792850.64000002
2025-07-29 16:00:00,23379.66,23389.28,23344.07,23355.16,5009.0,116985996.44
2025-07-29 16:30:00,23354.91,23386.16,23326.9,23385.36,3684.0,86151666.24000001
2025-07-29 17:00:00,23384.99,23399.79,23378.33,23384.68,2969.0,69429114.92
2025-07-29 17:30:00,23384.65,23392.09,23340.48,23369.87,4077.0,95278959.99
2025-07-29 18:00:00,23369.72,23379.79,23347.42,23355.34,2804.0,65488373.36
2025-07-29 18:30:00,23355.42,23383.83,23351.19,23355.83,2363.0,55189826.29000001
2025-07-29 19:00:00,23355.47,23362.82,23334.93,23335.39,2550.0,59505244.5
2025-07-29 19:30:00,23335.77,23340.99,23299.1,23332.78,4681.0,109220743.17999999
2025-07-29 20:00:00,23333.09,23339.08,23324.17,23331.5,1707.0,39826870.5
2025-07-29 20:30:00,23331.67,23335.58,23323.61,23328.6,797.0,18592894.2
2025-07-29 22:00:00,23329.25,23349.52,23329.25,23341.37,1189.0,27752888.93
2025-07-29 22:30:00,23341.32,23354.29,23339.04,23350.74,634.0,14804369.16
2025-07-29 23:00:00,23350.54,23356.03,23347.99,23354.58,562.0,13125273.96
2025-07-29 23:30:00,23354.46,23360.94,23345.31,23354.48,692.0,16161300.16
2025-07-30 00:00:00,23354.48,23368.65,23351.77,23360.22,1046.0,24434790.12
2025-07-30 00:30:00,23360.21,23369.73,23360.21,23365.85,782.0,18272094.7
2025-07-30 01:00:00,23365.59,23369.58,23352.83,23353.59,888.0,20737987.92
2025-07-30 01:30:00,23353.83,23371.74,23346.35,23365.53,1147.0,26800262.91
2025-07-30 02:00:00,23365.99,23374.49,23365.24,23366.33,702.0,16403163.660000002
2025-07-30 02:30:00,23365.95,23376.26,23360.37,23373.24,708.0,16548253.920000002
2025-07-30 03:00:00,23373.51,23381.07,23373.32,23375.34,517.0,12085050.78
2025-07-30 03:30:00,23375.52,23386.08,23374.33,23378.33,533.0,12460649.89
2025-07-30 04:00:00,23378.37,23387.55,23378.37,23384.32,419.0,9798030.08
2025-07-30 04:30:00,23384.34,23385.06,23379.12,23383.57,431.0,10078318.67
2025-07-30 05:00:00,23383.36,23383.57,23368.58,23382.64,760.0,17770806.4
2025-07-30 05:30:00,23382.78,23389.99,23382.59,23383.35,686.0,16040978.1
2025-07-30 06:00:00,23382.93,23390.1,23378.87,23389.25,932.0,21798781.0
2025-07-30 06:30:00,23389.07,23389.55,23376.74,23379.51,736.0,17207319.36
2025-07-30 07:00:00,23379.58,23382.3,23354.3,23372.44,1786.0,41743177.839999996
2025-07-30 07:30:00,23372.48,23387.48,23372.0,23379.53,1196.0,27961917.88
2025-07-30 08:00:00,23379.3,23391.71,23358.72,23359.98,1460.0,34105570.8
2025-07-30 08:30:00,23360.02,23368.79,23343.29,23362.71,1371.0,32030275.41
2025-07-30 09:00:00,23362.71,23377.28,23361.15,23366.1,1004.0,23459564.4
2025-07-30 09:30:00,23365.81,23372.41,23354.86,23372.24,1084.0,25335508.16
2025-07-30 10:00:00,23372.48,23385.32,23368.97,23378.81,1151.0,26909010.310000002
2025-07-30 10:30:00,23378.72,23387.97,23374.38,23387.97,838.0,19599118.86
2025-07-30 11:00:00,23387.44,23394.92,23378.08,23392.28,971.0,22713903.88
2025-07-30 11:30:00,23392.33,23401.42,23384.03,23387.79,1269.0,29679105.51
2025-07-30 12:00:00,23387.54,23387.54,23352.17,23363.97,2541.0,59367847.77
2025-07-30 12:30:00,23364.24,23384.59,23354.4,23370.02,2816.0,65809976.32
2025-07-30 13:00:00,23370.02,23372.44,23350.57,23367.31,1961.0,45823294.910000004
2025-07-30 13:30:00,23367.06,23405.74,23330.8,23363.5,9171.0,214266658.5
2025-07-30 14:00:00,23363.1,23401.28,23347.38,23383.73,5044.0,117947534.12
2025-07-30 14:30:00,23384.0,23420.76,23384.0,23395.04,3554.0,83145972.16
2025-07-30 15:00:00,23394.58,23404.74,23355.12,23367.25,4272.0,99824892.0
2025-07-30 15:30:00,23366.73,23410.06,23355.88,23410.06,2903.0,67959404.18
2025-07-30 16:00:00,23409.59,23426.5,23396.91,23415.82,2333.0,54629108.06
2025-07-30 16:30:00,23415.35,23421.84,23399.35,23413.72,2210.0,51744321.2
2025-07-30 17:00:00,23414.01,23420.56,23404.52,23405.8,1896.0,44377396.8
2025-07-30 17:30:00,23406.0,23430.89,23403.35,23423.21,2209.0,51741870.89
2025-07-30 18:00:00,23422.81,23439.74,23392.49,23436.86,4974.0,116574941.64
2025-07-30 18:30:00,23437.01,23471.14,23280.24,23291.5,15604.0,363440566.0
2025-07-30 19:00:00,23291.93,23350.78,23237.09,23278.44,22084.0,514081068.96
2025-07-30 19:30:00,23278.87,23371.88,23266.02,23366.1,11745.0,274434844.5
2025-07-30 20:00:00,23366.38,23570.87,23354.04,23544.54,8482.0,199704788.28
2025-07-30 20:30:00,23544.54,23555.49,23536.81,23542.9,2691.0,63353943.900000006
2025-07-30 22:00:00,23590.67,23596.56,23568.58,23583.56,2371.0,55916620.760000005
2025-07-30 22:30:00,23583.79,23614.31,23583.79,23610.22,1483.0,35013956.260000005
2025-07-30 23:00:00,23610.17,23622.45,23604.99,23615.56,1258.0,29708374.48
2025-07-30 23:30:00,23615.22,23618.2,23606.68,23607.05,909.0,21458808.45
2025-07-31 00:00:00,23607.23,23629.19,23594.77,23618.44,1646.0,38875952.239999995
2025-07-31 00:30:00,23618.73,23639.66,23615.28,23636.03,1307.0,30892291.209999997
2025-07-31 01:00:00,23635.75,23648.68,23628.52,23648.3,1142.0,27006358.599999998
2025-07-31 01:30:00,23648.24,23661.86,23642.29,23651.42,1066.0,25212413.72
2025-07-31 02:00:00,23651.53,23661.47,23650.12,23660.42,791.0,18715392.22
2025-07-31 02:30:00,23660.34,23676.45,23659.86,23668.51,763.0,18059073.13
2025-07-31 03:00:00,23668.86,23670.53,23660.81,23666.05,681.0,16116580.049999999
2025-07-31 03:30:00,23666.23,23682.25,23665.0,23679.72,633.0,14989262.760000002
2025-07-31 04:00:00,23679.98,23682.75,23669.92,23670.2,709.0,16782171.8
2025-07-31 04:30:00,23669.67,23690.72,23665.77,23687.48,879.0,20821294.919999998
2025-07-31 05:00:00,23687.24,23690.98,23672.09,23672.84,1078.0,25519321.52
2025-07-31 05:30:00,23672.68,23684.27,23666.81,23681.95,889.0,21053253.55
2025-07-31 06:00:00,23681.95,23688.16,23666.56,23670.72,1206.0,28546888.32
2025-07-31 06:30:00,23670.9,23681.47,23659.52,23678.92,1154.0,27325473.68
2025-07-31 07:00:00,23679.37,23696.87,23665.76,23692.88,1802.0,42694569.760000005
2025-07-31 07:30:00,23693.09,23726.07,23685.34,23706.67,1745.0,41368139.15
2025-07-31 08:00:00,23706.69,23707.51,23680.98,23689.31,1666.0,39466390.46
2025-07-31 08:30:00,23689.22,23703.18,23675.59,23680.75,1441.0,34123960.75
2025-07-31 09:00:00,23681.01,23687.79,23672.23,23679.67,1172.0,27752573.24
2025-07-31 09:30:00,23679.97,23680.26,23664.09,23665.53,1249.0,29558246.97
2025-07-31 10:00:00,23665.54,23678.42,23663.34,23674.48,1151.0,27249326.48
2025-07-31 10:30:00,23674.86,23685.04,23655.58,23658.7,1254.0,29668009.8
2025-07-31 11:00:00,23659.07,23682.42,23649.5,23654.21,1980.0,46835335.8
2025-07-31 11:30:00,23654.29,23660.9,23634.84,23644.82,1802.0,42607965.64
2025-07-31 12:00:00,23644.95,23680.18,23638.22,23676.74,1949.0,46145966.260000005
2025-07-31 12:30:00,23675.76,23690.21,23654.54,23683.73,3185.0,75432680.05
2025-07-31 13:00:00,23683.75,23685.47,23624.9,23630.01,2710.0,64037327.099999994
2025-07-31 13:30:00,23629.55,23633.17,23491.82,23554.56,16976.0,399862210.56
2025-07-31 14:00:00,23554.94,23582.94,23505.58,23522.95,10393.0,244474019.35
2025-07-31 14:30:00,23523.23,23539.73,23419.11,23425.33,9985.0,233901920.05
2025-07-31 15:00:00,23425.03,23467.73,23368.08,23418.24,10129.0,237203352.96
2025-07-31 15:30:00,23418.52,23467.0,23414.35,23466.83,5452.0,127941157.16000001
2025-07-31 16:00:00,23466.8,23497.46,23455.63,23489.01,3699.0,86885847.99
2025-07-31 16:30:00,23489.02,23499.49,23440.9,23452.82,3907.0,91630167.74
2025-07-31 17:00:00,23452.83,23455.22,23319.59,23336.08,7061.0,164776060.88000003
2025-07-31 17:30:00,23336.46,23378.99,23248.91,23272.98,10939.0,254583128.22
2025-07-31 18:00:00,23273.25,23301.66,23189.56,23300.07,11954.0,278529036.78
2025-07-31 18:30:00,23299.82,23346.99,23292.93,23295.94,7642.0,178027573.48
2025-07-31 19:00:00,23296.48,23324.41,23250.07,23257.7,8085.0,188038504.5
2025-07-31 19:30:00,23258.62,23297.0,23194.96,23234.92,12661.0,294177322.12
2025-07-31 20:00:00,23234.43,23329.98,23174.02,23201.42,6047.0,140298986.73999998
2025-07-31 20:30:00,23221.7,23264.43,23197.84,23211.18,5718.0,132721527.24
2025-07-31 22:00:00,23201.54,23231.77,23182.6,23192.11,2919.0,67697769.09
2025-07-31 22:30:00,23192.52,23200.49,23126.96,23170.07,3411.0,79033108.77
2025-07-31 23:00:00,23170.39,23193.89,23150.0,23165.84,3293.0,76285111.12
2025-07-31 23:30:00,23166.14,23186.19,23158.66,23183.23,2472.0,57308944.56
2025-08-01 00:00:00,23182.79,23187.7,23116.48,23133.17,3596.0,83186879.32
2025-08-01 00:30:00,23132.99,23173.89,23129.17,23164.66,2827.0,65486493.82
2025-08-01 01:00:00,23164.74,23204.17,23156.99,23198.7,2572.0,59667056.4
2025-08-01 01:30:00,23198.12,23212.41,23196.01,23207.0,1944.0,45114408.0
2025-08-01 02:00:00,23207.2,23220.17,23199.26,23211.6,1484.0,34446014.4
2025-08-01 02:30:00,23211.06,23223.71,23201.15,23217.12,1154.0,26792556.48
2025-08-01 03:00:00,23217.42,23223.71,23211.41,23221.04,976.0,22663735.04
2025-08-01 03:30:00,23221.19,23226.67,23187.0,23188.08,1243.0,28822783.44
2025-08-01 04:00:00,23187.92,23205.7,23179.69,23199.47,1231.0,28558547.57
2025-08-01 04:30:00,23199.87,23204.93,23190.98,23203.34,996.0,23110526.64
2025-08-01 05:00:00,23203.19,23209.11,23189.55,23191.75,1193.0,27667757.75
2025-08-01 05:30:00,23191.53,23199.36,23175.19,23177.54,1637.0,37941632.980000004
2025-08-01 06:00:00,23177.42,23181.16,23145.42,23146.25,2088.0,48329370.0
2025-08-01 06:30:00,23145.77,23163.91,23140.0,23153.38,2294.0,53113853.72
2025-08-01 07:00:00,23152.98,23163.01,23069.02,23069.14,5217.0,120351703.38
2025-08-01 07:30:00,23068.57,23086.75,23012.7,23054.58,6368.0,146811565.44
2025-08-01 08:00:00,23054.79,23056.83,22956.26,22968.18,5446.0,125084708.28
2025-08-01 08:30:00,22968.22,23012.87,22947.99,22999.45,5013.0,115296242.85000001
2025-08-01 09:00:00,22999.1,23025.23,22978.03,22978.73,3683.0,84630662.59
2025-08-01 09:30:00,22979.16,23018.61,22971.67,23009.88,3264.0,75104248.32000001
2025-08-01 10:00:00,23009.71,23009.71,22967.89,22986.16,3143.0,72245500.88
2025-08-01 10:30:00,22985.65,22989.58,22916.16,22939.61,4053.0,92974239.33
2025-08-01 11:00:00,22939.91,22996.15,22936.13,22987.99,3562.0,81883220.38000001
2025-08-01 11:30:00,22988.2,23013.94,22983.72,23010.01,2834.0,65210368.339999996
2025-08-01 12:00:00,23009.59,23022.4,22993.51,23007.0,3234.0,74404638.0
2025-08-01 12:30:00,23003.21,23052.05,22944.97,22949.39,9327.0,214048960.53
2025-08-01 13:00:00,22949.87,22983.34,22931.25,22971.93,5844.0,134247958.92
2025-08-01 13:30:00,22972.18,22979.47,22743.71,22766.88,27724.0,631188981.12
2025-08-01 14:00:00,22764.22,22869.13,22684.25,22868.89,21251.0,485986781.39
2025-08-01 14:30:00,22869.16,22906.63,22804.07,22814.49,17740.0,404729052.6
2025-08-01 15:00:00,22815.24,22843.44,22785.02,22787.91,12870.0,293280401.7
2025-08-01 15:30:00,22787.53,22902.43,22781.56,22891.71,9736.0,222873688.56
2025-08-01 16:00:00,22890.91,22930.43,22885.25,22894.03,8496.0,194507678.88
2025-08-01 16:30:00,22894.02,22904.95,22757.57,22764.71,9479.0,215786686.09
2025-08-01 17:00:00,22764.26,22783.62,22722.03,22735.21,11192.0,254452470.32
2025-08-01 17:30:00,22734.66,22765.72,22711.11,22728.78,8822.0,200513297.16
2025-08-01 18:00:00,22728.17,22783.15,22674.36,22776.31,9334.0,212594077.54000002
2025-08-01 18:30:00,22776.06,22828.43,22734.54,22756.77,8662.0,197119141.74
2025-08-01 19:00:00,22756.15,22785.18,22740.08,22762.72,9032.0,205592887.04000002
2025-08-01 19:30:00,22762.41,22830.47,22722.33,22766.69,12194.0,277617017.85999995
2025-08-01 20:00:00,22766.28,22779.2,22756.83,22771.45,3165.0,72071639.25
2025-08-01 20:30:00,22771.45,22772.93,22752.82,22759.74,1185.0,26970291.900000002
2025-08-03 22:00:00,22743.75,22790.31,22715.93,22755.31,4594.0,104537894.14
2025-08-03 22:30:00,22755.69,22808.96,22751.77,22802.66,2388.0,54452752.08
2025-08-03 23:00:00,22802.75,22824.48,22776.18,22814.67,2529.0,57698300.42999999
2025-08-03 23:30:00,22814.62,22820.46,22778.25,22820.21,3239.0,73914660.19
2025-08-04 00:00:00,22820.95,22837.47,22810.51,22830.73,2960.0,67578960.8
2025-08-04 00:30:00,22830.97,22856.89,22814.44,22849.68,2625.0,59980410.0
2025-08-04 01:00:00,22849.86,22858.51,22826.05,22844.26,2638.0,60263157.879999995
2025-08-04 01:30:00,22844.46,22866.16,22842.67,22852.52,2096.0,47898881.92
2025-08-04 02:00:00,22852.44,22864.4,22843.9,22856.47,1675.0,38284587.25
2025-08-04 02:30:00,22856.53,22875.7,22853.44,22872.62,1208.0,27630124.959999997
2025-08-04 03:00:00,22872.73,22875.61,22859.91,22868.02,1094.0,25017613.88
2025-08-04 03:30:00,22868.2,22881.71,22864.16,22881.2,1018.0,23293061.6
2025-08-04 04:00:00,22881.02,22881.27,22846.49,22861.16,1353.0,30931149.48
2025-08-04 04:30:00,22860.98,22874.93,22855.67,22863.25,1075.0,24577993.75
2025-08-04 05:00:00,22863.25,22874.88,22854.76,22873.68,1278.0,29232563.04
2025-08-04 05:30:00,22873.68,22888.98,22871.07,22876.94,1483.0,33926502.019999996
2025-08-04 06:00:00,22877.16,22893.69,22859.3,22877.88,2197.0,50262702.36
2025-08-04 06:30:00,22878.17,22889.66,22842.0,22884.41,2427.0,55540463.07
2025-08-04 07:00:00,22884.68,22912.25,22871.97,22908.96,3378.0,77386466.88
2025-08-04 07:30:00,22909.2,22937.94,22899.07,22904.7,2695.0,61728166.5
2025-08-04 08:00:00,22905.07,22945.64,22899.72,22929.25,2706.0,62046550.5
2025-08-04 08:30:00,22929.59,22956.63,22924.46,22954.24,1930.0,44301683.2
2025-08-04 09:00:00,22954.03,22966.1,22948.03,22950.5,1734.0,39796167.0
2025-08-04 09:30:00,22950.91,22971.23,22948.14,22949.39,1561.0,35823997.79
2025-08-04 10:00:00,22949.54,22963.32,22946.62,22962.27,1508.0,34627103.160000004
2025-08-04 10:30:00,22962.07,22970.78,22949.77,22955.51,1729.0,39690076.79
2025-08-04 11:00:00,22955.12,22955.12,22925.1,22951.78,2263.0,51939878.14
2025-08-04 11:30:00,22951.57,22968.72,22932.89,22936.61,1944.0,44588769.84
2025-08-04 12:00:00,22937.16,22967.28,22930.12,22965.02,2118.0,48639912.36
2025-08-04 12:30:00,22965.49,22974.71,22954.11,22969.12,1908.0,43825080.96
2025-08-04 13:00:00,22968.86,22990.22,22963.89,22988.1,2123.0,48803736.3
2025-08-04 13:30:00,22987.61,23150.57,22982.35,23139.39,11348.0,262585797.72
2025-08-04 14:00:00,23140.02,23154.75,23107.37,23142.81,6506.0,150567121.86
2025-08-04 14:30:00,23143.06,23147.58,23088.59,23110.05,6663.0,153982263.15
2025-08-04 15:00:00,23109.52,23118.31,23082.91,23106.67,5771.0,133348592.57
2025-08-04 15:30:00,23106.18,23158.55,23093.63,23149.39,4332.0,100283157.48
2025-08-04 16:00:00,23149.58,23171.32,23143.63,23159.07,3101.0,71816276.07
2025-08-04 16:30:00,23159.33,23176.31,23148.65,23165.89,2495.0,57798895.55
2025-08-04 17:00:00,23165.65,23178.82,23161.67,23174.54,2198.0,50937638.92
2025-08-04 17:30:00,23175.06,23179.56,23136.6,23163.14,2795.0,64740976.3
2025-08-04 18:00:00,23162.9,23178.31,23153.64,23160.18,2732.0,63273611.76
2025-08-04 18:30:00,23160.07,23171.07,23150.62,23156.03,2509.0,58098479.269999996
2025-08-04 19:00:00,23155.88,23193.35,23149.81,23161.07,2719.0,62974949.33
2025-08-04 19:30:00,23161.33,23201.52,23148.18,23191.26,3816.0,88497848.16
2025-08-04 20:00:00,23191.53,23233.8,23180.11,23230.79,3226.0,74942528.54
2025-08-04 20:30:00,23230.62,23246.83,23227.42,23245.81,1258.0,29243228.98
2025-08-04 22:00:00,23252.32,23255.05,23222.1,23223.52,1344.0,31212410.88
2025-08-04 22:30:00,23223.78,23227.1,23214.05,23223.87,1136.0,26382316.32
2025-08-04 23:00:00,23224.07,23246.32,23220.67,23223.23,1120.0,26010017.599999998
2025-08-04 23:30:00,23223.35,23231.99,23212.05,23231.54,1470.0,34150363.800000004
2025-08-05 00:00:00,23231.21,23231.61,23211.84,23219.79,1596.0,37058784.84
2025-08-05 00:30:00,23220.0,23271.51,23219.37,23244.14,1995.0,46372059.3
2025-08-05 01:00:00,23244.32,23269.49,23234.65,23243.62,2161.0,50229462.82
2025-08-05 01:30:00,23243.54,23251.46,23232.63,23237.79,1519.0,35298203.01
2025-08-05 02:00:00,23237.86,23242.36,23230.07,23233.49,932.0,21653612.68
2025-08-05 02:30:00,23233.61,23244.5,23231.04,23237.72,820.0,19054930.400000002
2025-08-05 03:00:00,23238.03,23240.31,23222.59,23232.02,890.0,20676497.8
2025-08-05 03:30:00,23232.1,23254.21,23232.1,23240.03,1063.0,24704151.89
2025-08-05 04:00:00,23240.03,23242.5,23233.87,23240.87,720.0,16733426.399999999
2025-08-05 04:30:00,23241.05,23256.77,23240.66,23256.36,636.0,14791044.96
2025-08-05 05:00:00,23256.53,23262.51,23249.13,23262.03,839.0,19516843.169999998
2025-08-05 05:30:00,23262.26,23264.75,23258.43,23260.04,764.0,17770670.560000002
2025-08-05 06:00:00,23260.25,23273.53,23253.41,23265.14,1113.0,25894100.82
2025-08-05 06:30:00,23265.24,23290.05,23262.47,23283.11,1200.0,27939732.0
2025-08-05 07:00:00,23281.79,23293.8,23252.29,23253.86,1978.0,45996135.08
2025-08-05 07:30:00,23253.9,23259.03,23221.32,23227.33,2280.0,52958312.400000006
2025-08-05 08:00:00,23227.67,23239.97,23210.28,23234.48,2645.0,61455199.6
2025-08-05 08:30:00,23234.31,23235.26,23222.5,23228.49,1356.0,31497832.44
2025-08-05 09:00:00,23228.73,23236.67,23223.59,23230.14,1161.0,26970192.54
2025-08-05 09:30:00,23230.1,23246.52,23228.35,23245.34,923.0,21455448.82
2025-08-05 10:00:00,23245.52,23278.96,23242.33,23273.01,1465.0,34094959.65
2025-08-05 10:30:00,23272.82,23289.78,23262.54,23282.62,1540.0,35855234.8
2025-08-05 11:00:00,23282.11,23290.83,23270.53,23270.97,1457.0,33905803.29
2025-08-05 11:30:00,23271.05,23292.99,23259.67,23280.76,1815.0,42254579.4
2025-08-05 12:00:00,23281.12,23301.01,23241.42,23265.25,3129.0,72796967.25
2025-08-05 12:30:00,23264.81,23277.84,23247.05,23258.27,2240.0,52098524.800000004
2025-08-05 13:00:00,23258.09,23268.78,23238.07,23246.03,2455.0,57069003.65
2025-08-05 13:30:00,23246.35,23295.08,23202.24,23276.45,11904.0,277082860.8
2025-08-05 14:00:00,23274.92,23274.92,23161.68,23188.64,11960.0,277336134.4
2025-08-05 14:30:00,23189.02,23190.54,23036.17,23078.8,11561.0,266814006.79999998
2025-08-05 15:00:00,23078.41,23116.79,23049.36,23068.55,10348.0,238713355.4
2025-08-05 15:30:00,23068.18,23081.75,23011.03,23053.63,10364.0,238927821.32000002
2025-08-05 16:00:00,23053.14,23108.06,23050.87,23095.18,5702.0,131688716.36
2025-08-05 16:30:00,23094.87,23121.84,23034.66,23077.75,6344.0,146405246.0
2025-08-05 17:00:00,23077.38,23112.47,23064.44,23108.48,4424.0,102231915.52
2025-08-05 17:30:00,23109.1,23150.66,23099.53,23139.67,3305.0,76476609.35
2025-08-05 18:00:00,23139.18,23147.33,23075.04,23077.68,5603.0,129304241.04
2025-08-05 18:30:00,23077.72,23093.54,23014.34,23046.27,6743.0,155400998.61
2025-08-05 19:00:00,23046.72,23072.77,23036.54,23069.73,4999.0,115325580.27
2025-08-05 19:30:00,23070.07,23075.71,23020.11,23032.04,5737.0,132134813.48
2025-08-05 20:00:00,23032.41,23065.42,22994.27,23009.4,4268.0,98204119.2
2025-08-05 20:30:00,23009.76,23010.67,22984.02,22990.35,2414.0,55498704.9
2025-08-05 22:00:00,22999.9,23013.18,22947.82,22972.11,3193.0,73349947.23
2025-08-05 22:30:00,22972.47,22989.24,22967.07,22987.56,1551.0,35653705.56
2025-08-05 23:00:00,22987.1,22999.47,22978.12,22982.45,1261.0,28980869.45
2025-08-05 23:30:00,22982.72,22993.72,22954.95,22954.95,2038.0,46782188.1
2025-08-06 00:00:00,22954.55,22990.41,22951.23,22986.95,2548.0,58570748.6
2025-08-06 00:30:00,22986.53,22995.96,22968.79,22974.1,1957.0,44960313.699999996
2025-08-06 01:00:00,22974.29,22985.45,22966.9,22978.52,1671.0,38397106.92
2025-08-06 01:30:00,22978.1,23041.94,22976.37,23039.04,2133.0,49142272.32
2025-08-06 02:00:00,23038.81,23053.99,23025.22,23053.51,1602.0,36931723.019999996
2025-08-06 02:30:00,23053.88,23069.76,23049.3,23057.21,1552.0,35784789.92
2025-08-06 03:00:00,23057.48,23067.35,23046.75,23058.99,1279.0,29492448.21
2025-08-06 03:30:00,23059.24,23071.47,23056.25,23068.12,980.0,22606757.599999998
2025-08-06 04:00:00,23068.34,23075.19,23062.8,23068.29,925.0,21338168.25
2025-08-06 04:30:00,23068.69,23072.76,23060.09,23064.5,903.0,20827243.5
2025-08-06 05:00:00,23064.55,23074.38,23057.43,23073.06,1095.0,25265000.700000003
2025-08-06 05:30:00,23073.43,23103.4,23072.48,23086.81,1564.0,36107770.84
2025-08-06 06:00:00,23086.55,23103.19,23082.81,23099.69,1598.0,36913304.62
2025-08-06 06:30:00,23099.3,23108.55,23089.76,23093.5,1308.0,30206298.0
2025-08-06 07:00:00,23093.96,23122.93,23092.85,23108.96,2458.0,56801823.68
2025-08-06 07:30:00,23108.73,23125.72,23105.71,23122.32,1522.0,35192171.04
2025-08-06 08:00:00,23121.86,23128.75,23090.56,23091.23,2093.0,48329944.39
2025-08-06 08:30:00,23091.47,23093.19,23058.57,23068.52,2133.0,49205153.160000004
2025-08-06 09:00:00,23068.57,23081.65,23050.06,23052.95,1993.0,45944529.35
2025-08-06 09:30:00,23053.23,23055.73,23034.33,23049.35,1969.0,45384170.15
2025-08-06 10:00:00,23049.04,23058.49,23023.1,23050.22,2704.0,62327794.88
2025-08-06 10:30:00,23050.46,23053.22,23009.72,23045.99,2719.0,62662046.81
2025-08-06 11:00:00,23045.57,23079.95,23039.77,23079.46,2819.0,65060997.739999995
2025-08-06 11:30:00,23079.45,23098.03,23075.53,23077.94,2109.0,48671375.46
2025-08-06 12:00:00,23078.01,23087.97,23042.61,23052.52,2814.0,64869791.28
2025-08-06 12:30:00,23051.96,23085.37,23048.73,23080.47,2302.0,53131241.940000005
2025-08-06 13:00:00,23080.15,23095.45,23067.05,23070.7,2225.0,51332307.5
2025-08-06 13:30:00,23071.0,23145.59,23051.06,23103.05,19132.0,442007552.59999996
2025-08-06 14:00:00,23103.45,23186.43,23067.1,23101.06,13142.0,303594130.52000004
2025-08-06 14:30:00,23101.48,23188.25,23081.57,23184.26,10199.0,236456267.73999998
2025-08-06 15:00:00,23184.34,23232.77,23160.63,23225.63,6617.0,153683993.71
2025-08-06 15:30:00,23225.2,23277.25,23201.06,23270.32,5800.0,134967856.0
2025-08-06 16:00:00,23269.84,23287.5,23259.32,23270.76,3951.0,91942772.75999999
2025-08-06 16:30:00,23270.57,23290.99,23247.76,23272.59,4570.0,106355736.3
2025-08-06 17:00:00,23272.25,23286.44,23260.34,23278.62,3878.0,90274488.36
2025-08-06 17:30:00,23278.81,23297.75,23265.11,23274.23,2849.0,66308281.269999996
2025-08-06 18:00:00,23274.49,23323.99,23272.39,23321.82,2621.0,61126490.22
2025-08-06 18:30:00,23321.84,23336.5,23311.78,23317.33,2694.0,62816887.02
2025-08-06 19:00:00,23317.09,23341.33,23314.36,23332.6,2561.0,59754788.599999994
2025-08-06 19:30:00,23332.35,23345.99,23309.35,23325.82,4037.0,94166335.34
2025-08-06 20:00:00,23326.17,23326.72,23300.29,23313.75,2154.0,50217817.5
2025-08-06 20:30:00,23313.56,23315.99,23302.33,23314.11,1151.0,26834540.61
2025-08-06 22:00:00,23337.98,23374.07,23290.55,23371.75,2431.0,56816724.25
2025-08-06 22:30:00,23371.81,23384.85,23356.43,23365.76,1693.0,39558231.68
2025-08-06 23:00:00,23365.66,23381.27,23360.98,23366.12,1286.0,30048830.32
2025-08-06 23:30:00,23365.93,23372.35,23349.67,23356.49,1305.0,30480219.450000003
2025-08-07 00:00:00,23356.68,23395.47,23349.2,23389.93,1714.0,40090340.02
2025-08-07 00:30:00,23390.34,23406.15,23390.01,23393.11,1390.0,32516422.900000002
2025-08-07 01:00:00,23393.2,23401.34,23386.5,23393.21,1260.0,29475444.599999998
2025-08-07 01:30:00,23393.38,23415.44,23384.29,23401.15,1363.0,31895767.450000003
2025-08-07 02:00:00,23400.97,23409.89,23394.42,23395.86,1064.0,24893195.04
2025-08-07 02:30:00,23395.84,23403.13,23390.82,23393.19,859.0,20094750.209999997
2025-08-07 03:00:00,23393.39,23403.43,23388.44,23392.95,749.0,17521319.55
2025-08-07 03:30:00,23393.13,23403.0,23390.46,23394.21,787.0,18411243.27
2025-08-07 04:00:00,23394.26,23403.69,23385.39,23385.39,691.0,16159304.49
2025-08-07 04:30:00,23385.61,23390.81,23362.49,23369.37,1109.0,25916631.33
2025-08-07 05:00:00,23369.63,23380.65,23359.6,23380.1,1304.0,30487650.4
2025-08-07 05:30:00,23379.95,23388.33,23374.11,23387.56,1121.0,26217454.76
2025-08-07 06:00:00,23387.21,23397.81,23377.46,23396.43,1741.0,40733184.63
2025-08-07 06:30:00,23396.43,23401.38,23372.38,23377.19,1290.0,30156575.099999998
2025-08-07 07:00:00,23378.13,23417.84,23375.74,23387.65,2303.0,53861757.95
2025-08-07 07:30:00,23387.33,23417.82,23384.96,23414.09,1603.0,37532786.27
2025-08-07 08:00:00,23413.73,23479.21,23412.63,23473.47,2684.0,63002793.480000004
2025-08-07 08:30:00,23472.94,23477.73,23445.36,23459.99,1933.0,45348160.67
2025-08-07 09:00:00,23460.36,23483.64,23442.87,23483.56,2027.0,47601176.120000005
2025-08-07 09:30:00,23483.83,23510.81,23474.03,23505.69,2044.0,48045630.36
2025-08-07 10:00:00,23505.7,23529.56,23502.23,23513.39,2234.0,52528913.26
2025-08-07 10:30:00,23513.17,23527.08,23500.77,23521.23,1853.0,43584839.19
2025-08-07 11:00:00,23522.83,23542.88,23510.18,23519.48,2654.0,62420699.92
2025-08-07 11:30:00,23519.51,23519.51,23485.85,23487.35,2537.0,59587406.949999996
2025-08-07 12:00:00,23486.83,23510.52,23481.6,23502.68,2531.0,59485283.08
2025-08-07 12:30:00,23494.62,23518.85,23490.63,23502.12,3005.0,70623870.6
2025-08-07 13:00:00,23502.62,23523.45,23495.96,23506.49,2084.0,48987525.160000004
2025-08-07 13:30:00,23507.15,23562.62,23474.27,23558.35,14655.0,345247619.25
2025-08-07 14:00:00,23558.76,23576.84,23447.14,23477.59,15366.0,360756647.94
2025-08-07 14:30:00,23478.09,23497.11,23423.97,23443.13,11489.0,269338120.57
2025-08-07 15:00:00,23442.82,23463.86,23403.69,23415.25,9993.0,233988593.25
2025-08-07 15:30:00,23415.63,23435.58,23384.62,23406.76,8069.0,188869146.44
2025-08-07 16:00:00,23406.29,23421.38,23367.77,23398.99,7282.0,170391445.18
2025-08-07 16:30:00,23398.96,23413.15,23297.22,23366.14,8835.0,206439846.9
2025-08-07 17:00:00,23365.73,23391.77,23311.79,23312.64,10629.0,247790050.56
2025-08-07 17:30:00,23312.07,23336.85,23286.42,23323.13,9043.0,210911064.59
2025-08-07 18:00:00,23323.41,23334.21,23232.72,23273.51,8169.0,190121303.19
2025-08-07 18:30:00,23272.85,23326.37,23253.22,23311.9,5432.0,126630240.80000001
2025-08-07 19:00:00,23311.93,23322.37,23285.52,23300.82,5289.0,123238036.98
2025-08-07 19:30:00,23301.15,23407.65,23299.69,23406.44,6147.0,143879386.67999998
2025-08-07 20:00:00,23405.98,23437.94,23403.87,23418.0,3044.0,71284392.0
2025-08-07 20:30:00,23418.2,23428.57,23405.72,23426.96,1136.0,26613026.56
2025-08-07 22:00:00,23425.61,23473.95,23423.07,23467.51,1660.0,38956066.599999994
2025-08-07 22:30:00,23467.66,23470.83,23448.66,23460.45,1463.0,34322638.35
2025-08-07 23:00:00,23460.89,23463.82,23450.48,23455.19,1065.0,24979777.349999998
2025-08-07 23:30:00,23455.26,23457.19,23444.0,23446.73,1017.0,23845324.41
2025-08-08 00:00:00,23446.49,23473.87,23435.91,23472.26,1672.0,39245618.72
2025-08-08 00:30:00,23472.56,23489.2,23466.52,23478.95,1469.0,34490577.550000004
2025-08-08 01:00:00,23479.03,23484.7,23461.59,23471.81,1277.0,29973501.37
2025-08-08 01:30:00,23471.99,23477.1,23465.44,23469.19,1198.0,28116089.619999997
2025-08-08 02:00:00,23469.39,23485.44,23469.03,23482.0,865.0,20311930.0
2025-08-08 02:30:00,23482.05,23485.85,23479.51,23482.01,556.0,13055997.559999999
2025-08-08 03:00:00,23481.78,23484.16,23472.7,23473.55,623.0,14624021.65
2025-08-08 03:30:00,23473.64,23473.92,23458.28,23459.92,867.0,20339750.639999997
2025-08-08 04:00:00,23459.92,23463.43,23444.25,23453.68,926.0,21718107.68
2025-08-08 04:30:00,23453.88,23460.64,23443.96,23449.49,843.0,19767920.07
2025-08-08 05:00:00,23449.89,23460.45,23434.48,23439.89,1255.0,29417061.95
2025-08-08 05:30:00,23439.99,23451.68,23408.67,23412.98,1546.0,36196467.08
2025-08-08 06:00:00,23413.04,23455.9,23412.28,23455.46,1776.0,41656896.96
2025-08-08 06:30:00,23455.78,23461.62,23440.41,23442.85,982.0,23020878.7
2025-08-08 07:00:00,23444.27,23456.7,23432.48,23446.66,1679.0,39366942.14
2025-08-08 07:30:00,23446.69,23457.41,23434.2,23435.66,1313.0,30771021.58
2025-08-08 08:00:00,23435.46,23466.67,23435.46,23462.44,1658.0,38900725.519999996
2025-08-08 08:30:00,23462.5,23465.76,23453.18,23460.99,1259.0,29537386.410000004
2025-08-08 09:00:00,23461.04,23484.93,23459.23,23475.51,1210.0,28405367.099999998
2025-08-08 09:30:00,23475.69,23479.16,23467.27,23469.51,1083.0,25417479.33
2025-08-08 10:00:00,23469.92,23482.66,23468.27,23470.44,839.0,19691699.16
2025-08-08 10:30:00,23470.26,23481.43,23469.44,23474.27,704.0,16525886.08
2025-08-08 11:00:00,23474.7,23487.46,23469.28,23480.41,1168.0,27425118.88
2025-08-08 11:30:00,23480.66,23490.67,23476.75,23483.73,867.0,20360393.91
2025-08-08 12:00:00,23483.7,23484.95,23428.15,23441.33,2064.0,48382905.120000005
2025-08-08 12:30:00,23440.98,23456.61,23427.77,23439.43,2160.0,50629168.8
2025-08-08 13:00:00,23439.53,23452.92,23427.87,23447.26,2044.0,47926199.44
2025-08-08 13:30:00,23447.66,23554.88,23436.51,23547.94,9374.0,220738389.56
2025-08-08 14:00:00,23548.56,23587.01,23530.59,23580.2,7301.0,172159040.20000002
2025-08-08 14:30:00,23579.8,23606.41,23549.5,23556.28,4809.0,113282150.52
2025-08-08 15:00:00,23556.83,23585.67,23548.26,23569.3,4878.0,114971045.39999999
2025-08-08 15:30:00,23568.54,23585.45,23516.57,23584.64,5686.0,134102263.03999999
2025-08-08 16:00:00,23584.14,23611.36,23579.75,23595.8,3303.0,77936927.39999999
2025-08-08 16:30:00,23596.2,23603.94,23579.54,23581.21,3137.0,73974255.77
2025-08-08 17:00:00,23581.21,23589.22,23559.48,23565.72,3559.0,83870397.48
2025-08-08 17:30:00,23565.51,23606.21,23564.77,23602.94,2692.0,63539114.48
2025-08-08 18:00:00,23603.21,23626.46,23595.12,23612.44,2577.0,60849257.879999995
2025-08-08 18:30:00,23612.28,23624.04,23608.03,23617.41,2029.0,47919724.89
2025-08-08 19:00:00,23617.27,23626.96,23610.29,23613.15,2251.0,53153200.650000006
2025-08-08 19:30:00,23613.28,23625.46,23584.29,23620.0,3922.0,92637640.0
2025-08-08 20:00:00,23620.37,23670.39,23619.27,23659.52,2108.0,49874268.160000004
2025-08-08 20:30:00,23659.49,23665.44,23653.29,23660.13,742.0,17555816.46
2025-08-10 22:00:00,23676.46,23681.41,23637.24,23650.11,2484.0,58746873.24
2025-08-10 22:30:00,23649.57,23652.56,23641.35,23644.59,792.0,18726515.28
2025-08-10 23:00:00,23644.48,23654.49,23619.55,23620.05,1207.0,28509400.349999998
2025-08-10 23:30:00,23620.06,23628.1,23614.32,23620.33,979.0,23124303.07
2025-08-11 00:00:00,23620.01,23649.81,23619.73,23645.98,1571.0,37147834.58
2025-08-11 00:30:00,23645.85,23649.85,23638.37,23644.98,943.0,22297216.14
2025-08-11 01:00:00,23645.24,23655.47,23639.84,23655.24,1050.0,24838002.0
2025-08-11 01:30:00,23655.07,23674.43,23654.92,23669.71,1260.0,29823834.599999998
2025-08-11 02:00:00,23670.0,23682.6,23668.77,23670.38,999.0,23646709.62
2025-08-11 02:30:00,23670.27,23673.08,23662.54,23668.8,758.0,17940950.4
2025-08-11 03:00:00,23668.74,23684.76,23667.61,23673.14,856.0,20264207.84
2025-08-11 03:30:00,23673.04,23674.09,23662.83,23667.22,684.0,16188378.48
2025-08-11 04:00:00,23667.06,23670.14,23653.09,23653.28,763.0,18047452.64
2025-08-11 04:30:00,23653.36,23656.46,23646.78,23654.63,656.0,15517437.280000001
2025-08-11 05:00:00,23654.52,23660.75,23649.77,23652.16,835.0,19749553.6
2025-08-11 05:30:00,23651.87,23657.84,23644.12,23651.24,887.0,20978649.880000003
2025-08-11 06:00:00,23651.26,23662.42,23641.54,23647.0,1186.0,28045342.0
2025-08-11 06:30:00,23646.61,23672.3,23645.27,23672.24,1043.0,24690146.32
2025-08-11 07:00:00,23672.25,23676.72,23652.86,23653.96,1405.0,33233813.799999997
2025-08-11 07:30:00,23654.09,23655.12,23606.27,23618.61,1739.0,41072762.79
2025-08-11 08:00:00,23618.07,23621.22,23580.56,23602.34,3060.0,72223160.4
2025-08-11 08:30:00,23601.88,23617.63,23598.54,23612.83,1824.0,43069801.92
2025-08-11 09:00:00,23612.29,23634.09,23610.49,23633.76,1298.0,30676620.479999997
2025-08-11 09:30:00,23634.03,23642.66,23630.69,23634.17,1046.0,24721341.819999997
2025-08-11 10:00:00,23633.73,23655.33,23629.83,23648.89,1146.0,27101627.939999998
2025-08-11 10:30:00,23649.11,23650.88,23620.93,23636.96,1158.0,27371599.68
2025-08-11 11:00:00,23636.69,23647.72,23630.66,23632.9,1480.0,34976692.0
2025-08-11 11:30:00,23632.69,23652.41,23630.49,23647.3,1140.0,26957922.0
2025-08-11 12:00:00,23647.5,23668.06,23640.48,23646.02,1692.0,40009065.84
2025-08-11 12:30:00,23646.0,23647.39,23620.42,23634.31,1832.0,43298055.92
2025-08-11 13:00:00,23634.07,23638.55,23613.22,23627.44,2259.0,53374386.95999999
2025-08-11 13:30:00,23627.14,23656.78,23593.35,23656.03,11395.0,269560461.84999996
2025-08-11 14:00:00,23656.29,23679.24,23635.16,23664.05,5182.0,122627107.1
2025-08-11 14:30:00,23664.43,23673.11,23631.93,23639.56,4433.0,104794169.48
2025-08-11 15:00:00,23639.12,23663.11,23627.38,23646.59,3894.0,92079821.46
2025-08-11 15:30:00,23646.3,23675.56,23628.62,23675.54,3902.0,92381957.08
2025-08-11 16:00:00,23675.52,23716.35,23669.37,23697.59,3388.0,80287434.92
2025-08-11 16:30:00,23697.54,23701.54,23649.03,23649.76,3531.0,83507302.55999999
2025-08-11 17:00:00,23649.32,23664.87,23636.29,23640.63,3077.0,72742218.51
2025-08-11 17:30:00,23640.54,23648.56,23601.84,23610.98,3736.0,88210621.28
2025-08-11 18:00:00,23611.57,23614.17,23589.27,23595.15,3987.0,94073863.05000001
2025-08-11 18:30:00,23595.4,23611.13,23563.51,23600.19,3581.0,84512280.39
2025-08-11 19:00:00,23599.77,23603.68,23568.27,23576.69,3064.0,72238978.16
2025-08-11 19:30:00,23576.27,23581.75,23501.81,23551.64,5474.0,128921677.36
2025-08-11 20:00:00,23551.28,23561.01,23528.67,23535.27,2032.0,47823668.64
2025-08-11 20:30:00,23535.53,23542.77,23534.34,23541.93,799.0,18810002.07
2025-08-11 22:00:00,23545.91,23564.61,23530.17,23531.21,1788.0,42073803.48
2025-08-11 22:30:00,23531.19,23557.49,23529.46,23557.25,1358.0,31990745.5
2025-08-11 23:00:00,23556.99,23562.87,23541.67,23550.39,867.0,20418188.13
2025-08-11 23:30:00,23550.4,23561.66,23547.02,23552.73,1113.0,26214188.49
2025-08-12 00:00:00,23552.25,23577.47,23544.77,23572.9,2086.0,49173069.400000006
2025-08-12 00:30:00,23573.5,23582.24,23553.72,23554.77,1571.0,37004543.67
2025-08-12 01:00:00,23554.75,23564.32,23550.05,23557.12,1607.0,37856291.839999996
2025-08-12 01:30:00,23556.95,23574.75,23548.38,23574.5,1336.0,31495532.0
2025-08-12 02:00:00,23574.43,23582.75,23568.03,23570.77,956.0,22533656.12
2025-08-12 02:30:00,23570.32,23578.38,23564.92,23567.42,878.0,20692194.759999998
2025-08-12 03:00:00,23567.18,23580.19,23566.77,23577.17,768.0,18107266.56
2025-08-12 03:30:00,23577.39,23578.76,23569.68,23573.21,673.0,15864770.33
2025-08-12 04:00:00,23573.0,23573.0,23566.13,23571.65,606.0,14284419.9
2025-08-12 04:30:00,23571.75,23592.39,23566.81,23587.5,853.0,20120137.5
2025-08-12 05:00:00,23587.25,23588.66,23517.71,23548.74,3381.0,79618289.94000001
2025-08-12 05:30:00,23548.96,23548.96,23512.57,23545.72,2280.0,53684241.6
2025-08-12 06:00:00,23546.05,23584.41,23543.96,23583.26,1997.0,47095770.22
2025-08-12 06:30:00,23582.97,23584.19,23562.01,23564.68,1653.0,38952416.04
2025-08-12 07:00:00,23565.19,23589.46,23560.07,23577.61,2482.0,58519628.02
2025-08-12 07:30:00,23577.58,23584.26,23552.6,23579.76,1739.0,41005202.64
2025-08-12 08:00:00,23579.81,23586.01,23561.83,23564.76,1922.0,45291468.72
2025-08-12 08:30:00,23564.59,23569.95,23548.4,23555.13,1434.0,33778056.42
2025-08-12 09:00:00,23554.12,23562.83,23550.13,23559.21,1053.0,24807848.13
2025-08-12 09:30:00,23559.06,23566.22,23548.39,23550.0,1301.0,30638550.0
2025-08-12 10:00:00,23549.96,23559.25,23540.08,23548.06,1523.0,35863695.38
2025-08-12 10:30:00,23548.29,23556.01,23543.98,23548.77,1265.0,29789194.05
2025-08-12 11:00:00,23549.03,23550.07,23522.59,23538.36,1600.0,37661376.0
2025-08-12 11:30:00,23538.11,23555.73,23525.03,23554.27,1748.0,41172863.96
2025-08-12 12:00:00,23554.53,23593.65,23552.89,23580.54,2480.0,58479739.2
2025-08-12 12:30:00,23580.92,23737.36,23580.92,23688.63,7902.0,187187554.26000002
2025-08-12 13:00:00,23688.3,23698.05,23638.03,23647.93,5090.0,120367963.7
2025-08-12 13:30:00,23647.56,23720.43,23563.04,23567.48,19998.0,471302465.03999996
2025-08-12 14:00:00,23567.22,23678.37,23538.98,23670.42,15048.0,356192480.15999997
2025-08-12 14:30:00,23669.99,23698.61,23650.01,23693.5,7417.0,175734689.5
2025-08-12 15:00:00,23693.7,23775.43,23690.74,23748.61,4762.0,113090880.82000001
2025-08-12 15:30:00,23748.29,23783.68,23737.24,23780.5,4645.0,110460422.5
2025-08-12 16:00:00,23780.9,23795.89,23759.92,23791.94,2838.0,67521525.72
2025-08-12 16:30:00,23792.2,23823.72,23788.04,23813.18,2328.0,55437083.04
2025-08-12 17:00:00,23813.44,23818.43,23799.51,23800.7,2268.0,53979987.6
2025-08-12 17:30:00,23800.85,23828.15,23798.53,23826.77,2068.0,49273760.36
2025-08-12 18:00:00,23827.16,23844.62,23821.06,23832.13,1992.0,47473602.96
2025-08-12 18:30:00,23832.43,23834.68,23820.1,23821.26,1899.0,45236572.739999995
2025-08-12 19:00:00,23821.14,23839.18,23816.58,23837.96,1931.0,46031100.76
2025-08-12 19:30:00,23837.77,23862.74,23825.31,23848.27,3199.0,76290615.73
2025-08-12 20:00:00,23848.58,23854.28,23838.52,23851.77,1318.0,31436632.86
2025-08-12 20:30:00,23851.74,23867.19,23848.57,23864.2,602.0,14366248.4
2025-08-12 22:00:00,23857.08,23860.1,23843.83,23848.77,1076.0,25661276.52
2025-08-12 22:30:00,23848.62,23849.02,23844.65,23848.25,473.0,11280222.25
2025-08-12 23:00:00,23847.98,23860.77,23846.14,23859.37,656.0,15651746.719999999
2025-08-12 23:30:00,23859.32,23881.53,23852.57,23877.86,1277.0,30492027.220000003
2025-08-13 00:00:00,23877.42,23883.6,23859.91,23864.41,1711.0,40832005.51
2025-08-13 00:30:00,23864.83,23878.82,23855.33,23859.65,1185.0,28273685.25
2025-08-13 01:00:00,23859.39,23866.26,23851.33,23854.14,972.0,23186224.08
2025-08-13 01:30:00,23854.06,23855.29,23844.04,23846.58,786.0,18743411.880000003
2025-08-13 02:00:00,23846.57,23864.14,23840.42,23864.05,809.0,19306016.45
2025-08-13 02:30:00,23864.06,23869.37,23858.88,23863.95,714.0,17038860.3
2025-08-13 03:00:00,23863.84,23875.54,23860.39,23860.65,706.0,16845618.900000002
2025-08-13 03:30:00,23860.4,23865.02,23858.7,23860.3,719.0,17155555.7
2025-08-13 04:00:00,23860.19,23875.32,23860.1,23873.31,612.0,14610465.72
2025-08-13 04:30:00,23873.14,23880.28,23872.9,23873.82,573.0,13679698.86
2025-08-13 05:00:00,23874.08,23877.64,23867.33,23872.59,642.0,15326202.78
2025-08-13 05:30:00,23872.39,23874.9,23861.32,23863.05,644.0,15367804.2
2025-08-13 06:00:00,23863.28,23870.04,23852.86,23864.61,1036.0,24723735.96
2025-08-13 06:30:00,23864.16,23890.28,23864.16,23876.63,994.0,23733370.220000003
2025-08-13 07:00:00,23877.09,23904.78,23875.16,23903.2,1552.0,37097766.4
2025-08-13 07:30:00,23903.66,23907.61,23891.37,23906.69,1164.0,27827387.16
2025-08-13 08:00:00,23906.4,23927.01,23894.38,23921.57,1494.0,35738825.58
2025-08-13 08:30:00,23921.54,23934.24,23908.06,23912.23,1193.0,28527290.39
2025-08-13 09:00:00,23912.11,23913.9,23902.93,23905.62,950.0,22710339.0
2025-08-13 09:30:00,23905.85,23927.54,23903.21,23924.38,954.0,22823858.52
2025-08-13 10:00:00,23924.17,23930.81,23916.06,23919.11,960.0,22962345.6
2025-08-13 10:30:00,23919.14,23924.79,23905.63,23911.28,998.0,23863457.439999998
2025-08-13 11:00:00,23910.66,23918.26,23905.31,23911.49,937.0,22405066.130000003
2025-08-13 11:30:00,23911.53,23920.49,23902.66,23911.35,1167.0,27904545.45
2025-08-13 12:00:00,23911.52,23926.23,23907.4,23923.7,1229.0,29402227.3
2025-08-13 12:30:00,23923.55,23950.86,23921.39,23937.27,1394.0,33368554.38
2025-08-13 13:00:00,23937.51,23963.86,23936.39,23962.59,1531.0,36686725.29
2025-08-13 13:30:00,23962.26,23986.07,23923.88,23936.27,9237.0,221099325.99
2025-08-13 14:00:00,23935.89,23936.73,23865.48,23874.8,8875.0,211888850.0
2025-08-13 14:30:00,23875.27,23891.07,23851.39,23877.67,6579.0,157091190.92999998
2025-08-13 15:00:00,23877.42,23879.29,23811.33,23844.05,6197.0,147761577.85
2025-08-13 15:30:00,23844.53,23876.59,23836.44,23843.02,4376.0,104337055.52
2025-08-13 16:00:00,23843.45,23857.59,23826.67,23839.7,3742.0,89208157.4
2025-08-13 16:30:00,23839.42,23844.32,23804.89,23816.74,4177.0,99482522.98
2025-08-13 17:00:00,23816.48,23863.04,23813.01,23861.17,3382.0,80698476.94
2025-08-13 17:30:00,23860.93,23865.04,23818.67,23856.43,3062.0,73048388.66
2025-08-13 18:00:00,23856.18,23871.34,23842.5,23842.68,3120.0,74389161.6
2025-08-13 18:30:00,23843.1,23864.57,23805.09,23851.03,4615.0,110072503.44999999
2025-08-13 19:00:00,23851.32,23870.82,23839.91,23853.33,2798.0,66741617.34
2025-08-13 19:30:00,23853.59,23872.78,23826.96,23859.34,3797.0,90593913.98
2025-08-13 20:00:00,23859.79,23875.34,23839.59,23841.45,1645.0,39219185.25
2025-08-13 20:30:00,23841.6,23846.65,23837.93,23842.84,688.0,16403873.92
2025-08-13 22:00:00,23853.08,23854.14,23829.79,23850.72,1152.0,27476029.44
2025-08-13 22:30:00,23850.61,23869.66,23848.18,23867.12,786.0,18759556.32
2025-08-13 23:00:00,23867.3,23871.7,23857.11,23864.19,607.0,14485563.33
2025-08-13 23:30:00,23864.36,23882.18,23864.36,23867.45,829.0,19786116.05
2025-08-14 00:00:00,23867.82,23876.96,23861.94,23873.84,1237.0,29531940.080000002
2025-08-14 00:30:00,23873.93,23876.11,23848.76,23850.62,1174.0,28000627.88
2025-08-14 01:00:00,23850.31,23853.85,23839.93,23843.71,1322.0,31521384.619999997
2025-08-14 01:30:00,23843.62,23852.87,23834.72,23849.11,1133.0,27021041.63
2025-08-14 02:00:00,23849.09,23858.02,23845.99,23849.12,848.0,20224053.759999998
2025-08-14 02:30:00,23848.94,23857.54,23842.04,23857.54,717.0,17105856.18
2025-08-14 03:00:00,23857.36,23862.69,23846.93,23848.68,628.0,14976971.040000001
2025-08-14 03:30:00,23848.72,23851.19,23840.17,23844.19,617.0,14711865.229999999
2025-08-14 04:00:00,23843.62,23850.17,23840.08,23841.35,525.0,12516708.75
2025-08-14 04:30:00,23840.98,23853.2,23838.48,23851.11,479.0,11424681.69
2025-08-14 05:00:00,23851.2,23852.23,23837.74,23846.05,695.0,16573004.75
2025-08-14 05:30:00,23845.9,23848.31,23815.45,23827.59,1221.0,29093487.39
2025-08-14 06:00:00,23827.59,23834.38,23817.35,23823.37,1435.0,34186535.949999996
2025-08-14 06:30:00,23823.2,23836.84,23822.01,23835.06,1099.0,26194730.94
2025-08-14 07:00:00,23834.65,23846.61,23830.88,23842.34,1724.0,41104194.160000004
2025-08-14 07:30:00,23842.54,23850.69,23830.86,23850.69,1329.0,31697567.009999998
2025-08-14 08:00:00,23850.6,23855.46,23846.66,23854.5,944.0,22518648.0
2025-08-14 08:30:00,23854.24,23859.01,23837.71,23841.47,868.0,20694395.96
2025-08-14 09:00:00,23841.35,23851.81,23834.19,23850.82,920.0,21942754.4
2025-08-14 09:30:00,23850.93,23854.19,23840.93,23843.43,810.0,19313178.3
2025-08-14 10:00:00,23843.1,23848.22,23835.64,23844.04,732.0,17453837.28
2025-08-14 10:30:00,23843.91,23853.34,23843.33,23852.68,838.0,19988545.84
2025-08-14 11:00:00,23852.42,23865.62,23844.6,23864.14,1007.0,24031188.98
2025-08-14 11:30:00,23863.91,23874.07,23856.71,23872.85,975.0,23276028.75
2025-08-14 12:00:00,23872.44,23880.07,23860.06,23869.45,1581.0,37737600.45
2025-08-14 12:30:00,23870.29,23876.17,23710.21,23760.31,9865.0,234395458.15
2025-08-14 13:00:00,23759.51,23776.79,23733.19,23774.43,4288.0,101944755.84
2025-08-14 13:30:00,23774.88,23876.13,23758.15,23852.62,14728.0,351301387.36
2025-08-14 14:00:00,23852.23,23874.49,23822.46,23868.78,8906.0,212575354.67999998
2025-08-14 14:30:00,23868.35,23922.67,23858.79,23873.22,5476.0,130729752.72000001
2025-08-14 15:00:00,23872.84,23877.94,23780.83,23805.72,7429.0,176852693.88
2025-08-14 15:30:00,23805.63,23858.96,23789.19,23848.25,6901.0,164576773.25
2025-08-14 16:00:00,23848.26,23850.62,23782.21,23800.56,6626.0,157702510.56
2025-08-14 16:30:00,23801.14,23868.09,23800.79,23864.39,5111.0,121970897.28999999
2025-08-14 17:00:00,23864.87,23894.73,23859.46,23891.88,2928.0,69955424.64
2025-08-14 17:30:00,23892.05,23893.4,23853.46,23878.09,3210.0,76648668.9
2025-08-14 18:00:00,23878.61,23878.61,23813.33,23819.87,3735.0,88967214.45
2025-08-14 18:30:00,23819.48,23853.68,23809.89,23839.98,3027.0,72163619.46
2025-08-14 19:00:00,23839.71,23860.12,23833.2,23843.92,2851.0,67979015.92
2025-08-14 19:30:00,23843.72,23874.12,23835.97,23837.46,4034.0,96160313.64
2025-08-14 20:00:00,23837.89,23837.89,23787.09,23799.47,3687.0,87748645.89
2025-08-14 20:30:00,23799.47,23815.21,23796.07,23808.44,1320.0,31427140.799999997
2025-08-14 22:00:00,23800.29,23816.4,23790.1,23803.68,1453.0,34586747.04
2025-08-14 22:30:00,23803.74,23814.16,23797.51,23813.27,885.0,21074743.95
2025-08-14 23:00:00,23813.45,23827.87,23813.45,23820.64,899.0,21414755.36
2025-08-14 23:30:00,23820.26,23827.99,23806.0,23806.4,1058.0,25187171.200000003
2025-08-15 00:00:00,23806.66,23811.58,23791.51,23806.91,1474.0,35091385.339999996
2025-08-15 00:30:00,23806.91,23830.81,23805.92,23809.25,1272.0,30285366.0
2025-08-15 01:00:00,23809.25,23817.25,23807.68,23814.83,1085.0,25839090.55
2025-08-15 01:30:00,23815.17,23828.88,23813.52,23821.25,1055.0,25131418.75
2025-08-15 02:00:00,23820.98,23844.22,23820.43,23838.13,967.0,23051471.71
2025-08-15 02:30:00,23838.22,23838.93,23825.55,23835.77,803.0,19140123.31
2025-08-15 03:00:00,23835.66,23841.72,23830.5,23835.22,672.0,16017267.84
2025-08-15 03:30:00,23834.77,23849.46,23828.28,23848.72,800.0,19078976.0
2025-08-15 04:00:00,23849.06,23862.06,23849.06,23855.1,852.0,20324545.2
2025-08-15 04:30:00,23854.9,23865.71,23852.86,23856.97,617.0,14719750.49
2025-08-15 05:00:00,23856.71,23864.23,23844.1,23845.61,897.0,21389512.17
2025-08-15 05:30:00,23845.39,23863.07,23844.41,23861.26,651.0,15533680.26
2025-08-15 06:00:00,23861.09,23868.34,23853.59,23858.65,1117.0,26650112.05
2025-08-15 06:30:00,23858.72,23875.2,23858.39,23866.08,1199.0,28615429.92
2025-08-15 07:00:00,23866.93,23878.04,23858.14,23862.04,1618.0,38608780.72
2025-08-15 07:30:00,23861.61,23864.87,23844.44,23855.37,1377.0,32848844.49
2025-08-15 08:00:00,23855.69,23869.06,23848.65,23849.7,1630.0,38875011.0
2025-08-15 08:30:00,23849.74,23851.37,23790.97,23802.85,2072.0,49319505.199999996
2025-08-15 09:00:00,23802.64,23816.06,23796.62,23812.28,1604.0,38194897.12
2025-08-15 09:30:00,23812.17,23813.91,23797.21,23799.47,1437.0,34199838.39
2025-08-15 10:00:00,23799.89,23814.68,23792.78,23814.45,1448.0,34483323.6
2025-08-15 10:30:00,23814.23,23839.33,23813.77,23827.63,1430.0,34073510.9
2025-08-15 11:00:00,23827.24,23844.77,23825.19,23839.44,1203.0,28678846.319999997
2025-08-15 11:30:00,23839.33,23846.8,23832.98,23840.03,952.0,22695708.56
2025-08-15 12:00:00,23840.43,23841.0,23804.92,23819.61,2036.0,48496725.96
2025-08-15 12:30:00,23819.6,23833.99,23807.16,23825.57,2913.0,69403885.41
2025-08-15 13:00:00,23825.15,23844.49,23809.08,23832.15,3079.0,73379189.85000001
2025-08-15 13:30:00,23831.7,23831.7,23691.36,23728.38,14529.0,344749633.02000004
2025-08-15 14:00:00,23725.96,23800.32,23684.69,23776.19,10792.0,256592642.48
2025-08-15 14:30:00,23775.91,23782.51,23708.41,23720.83,7661.0,181725278.63000003
2025-08-15 15:00:00,23720.7,23753.3,23707.91,23722.66,4965.0,117783006.9
2025-08-15 15:30:00,23722.41,23739.84,23655.4,23708.82,5730.0,135851538.6
2025-08-15 16:00:00,23708.46,23729.59,23682.14,23685.59,4695.0,111203845.05
2025-08-15 16:30:00,23686.05,23744.58,23681.97,23737.61,3946.0,93668609.06
2025-08-15 17:00:00,23738.06,23743.16,23705.32,23724.08,3262.0,77387948.96000001
2025-08-15 17:30:00,23723.91,23761.39,23719.84,23757.83,2784.0,66141798.720000006
2025-08-15 18:00:00,23757.41,23765.08,23720.46,23742.09,4300.0,102090987.0
2025-08-15 18:30:00,23741.94,23747.6,23709.78,23729.18,2758.0,65445078.44
2025-08-15 19:00:00,23728.79,23733.08,23693.63,23726.33,4305.0,102141850.65
2025-08-15 19:30:00,23726.33,23747.56,23711.69,23724.1,4319.0,102464387.89999999
2025-08-15 20:00:00,23724.38,23729.84,23697.16,23714.7,2033.0,48211985.1
2025-08-15 20:30:00,23714.67,23717.05,23709.66,23714.39,695.0,16481501.049999999
2025-08-17 22:00:00,23727.74,23774.98,23727.74,23771.98,1696.0,40317278.08
2025-08-17 22:30:00,23772.18,23779.96,23770.26,23774.98,880.0,20921982.4
2025-08-17 23:00:00,23774.97,23777.21,23767.82,23772.33,635.0,15095429.55
2025-08-17 23:30:00,23772.48,23786.53,23770.68,23777.95,925.0,21994603.75
2025-08-18 00:00:00,23777.91,23793.51,23773.04,23788.3,1209.0,28760054.7
2025-08-18 00:30:00,23788.07,23792.73,23781.61,23784.9,818.0,19456048.200000003
2025-08-18 01:00:00,23784.75,23800.86,23782.85,23797.77,834.0,19847340.18
2025-08-18 01:30:00,23797.96,23808.19,23797.07,23808.19,705.0,16784773.95
2025-08-18 02:00:00,23808.25,23808.45,23794.0,23800.57,705.0,16779401.85
2025-08-18 02:30:00,23800.57,23804.31,23798.88,23802.84,476.0,11330151.84
2025-08-18 03:00:00,23802.74,23805.42,23795.0,23795.31,468.0,11136205.08
2025-08-18 03:30:00,23795.51,23795.51,23782.51,23784.22,675.0,16054348.5
2025-08-18 04:00:00,23784.04,23785.97,23772.27,23782.36,707.0,16814128.52
2025-08-18 04:30:00,23782.05,23785.92,23775.0,23775.48,600.0,14265288.0
2025-08-18 05:00:00,23775.72,23783.48,23768.38,23770.04,736.0,17494749.44
2025-08-18 05:30:00,23770.56,23782.45,23770.25,23778.77,655.0,15575094.35
2025-08-18 06:00:00,23778.55,23780.5,23726.46,23731.05,1286.0,30518130.3
2025-08-18 06:30:00,23730.77,23749.66,23696.24,23725.96,1945.0,46146992.199999996
2025-08-18 07:00:00,23727.34,23741.46,23708.04,23723.51,2950.0,69984354.5
2025-08-18 07:30:00,23723.69,23734.26,23705.28,23731.09,2325.0,55174784.25
2025-08-18 08:00:00,23730.71,23736.46,23672.79,23694.63,3495.0,82812731.85000001
2025-08-18 08:30:00,23694.29,23723.89,23688.53,23706.5,1909.0,45255708.5
2025-08-18 09:00:00,23706.54,23709.01,23664.28,23676.16,2171.0,51400943.36
2025-08-18 09:30:00,23676.03,23691.47,23674.42,23683.85,1557.0,36875754.449999996
2025-08-18 10:00:00,23683.83,23698.77,23681.8,23689.17,1391.0,32951635.47
2025-08-18 10:30:00,23689.69,23718.04,23689.59,23713.81,1172.0,27792585.32
2025-08-18 11:00:00,23714.19,23716.96,23686.12,23690.6,1521.0,36033402.6
2025-08-18 11:30:00,23690.31,23700.21,23673.3,23697.57,1396.0,33081807.72
2025-08-18 12:00:00,23697.1,23698.3,23673.25,23698.06,1736.0,41139832.160000004
2025-08-18 12:30:00,23697.8,23703.0,23679.7,23701.79,1704.0,40387850.160000004
2025-08-18 13:00:00,23701.55,23714.55,23684.31,23695.41,2317.0,54902264.97
2025-08-18 13:30:00,23695.72,23744.48,23662.84,23674.91,12457.0,294918353.87
2025-08-18 14:00:00,23675.22,23751.22,23673.35,23704.86,7037.0,166811099.82
2025-08-18 14:30:00,23704.25,23715.22,23646.3,23704.84,6471.0,153394019.64000002
2025-08-18 15:00:00,23704.68,23710.98,23665.88,23670.8,4425.0,104743290.0
2025-08-18 15:30:00,23671.21,23685.58,23655.8,23674.32,3432.0,81250266.24
2025-08-18 16:00:00,23674.31,23704.46,23671.81,23697.22,2834.0,67157921.48
2025-08-18 16:30:00,23697.07,23706.18,23647.56,23661.99,3322.0,78605130.78
2025-08-18 17:00:00,23662.48,23697.18,23660.62,23696.49,2357.0,55852626.93000001
2025-08-18 17:30:00,23696.29,23727.73,23676.91,23685.98,3127.0,74066059.46
2025-08-18 18:00:00,23686.24,23700.97,23675.38,23692.92,2338.0,55394046.95999999
2025-08-18 18:30:00,23692.6,23727.93,23691.84,23720.93,2235.0,53016278.55
2025-08-18 19:00:00,23721.23,23737.73,23710.86,23717.73,2368.0,56163584.64
2025-08-18 19:30:00,23717.32,23741.6,23712.07,23723.25,2892.0,68607639.0
2025-08-18 20:00:00,23722.86,23731.41,23710.1,23716.84,1395.0,33084991.8
2025-08-18 20:30:00,23716.56,23721.45,23711.01,23714.47,644.0,15272118.680000002
2025-08-18 22:00:00,23722.47,23766.39,23722.12,23741.79,1566.0,37179643.14
2025-08-18 22:30:00,23741.96,23753.2,23736.8,23749.4,712.0,16909572.8
2025-08-18 23:00:00,23749.69,23752.95,23738.92,23745.45,690.0,16384360.5
2025-08-18 23:30:00,23745.28,23745.28,23731.58,23734.23,763.0,18109217.49
2025-08-19 00:00:00,23733.97,23734.19,23710.56,23711.16,1505.0,35685295.8
2025-08-19 00:30:00,23711.45,23713.39,23691.58,23709.62,1659.0,39334259.58
2025-08-19 01:00:00,23709.95,23720.97,23707.01,23708.0,1409.0,33404572.0
2025-08-19 01:30:00,23707.78,23711.46,23694.57,23698.83,1396.0,33083566.680000003
2025-08-19 02:00:00,23698.57,23711.79,23692.53,23702.78,1138.0,26973763.639999997
2025-08-19 02:30:00,23702.3,23710.81,23691.41,23692.97,952.0,22555707.44
2025-08-19 03:00:00,23693.1,23714.17,23687.17,23711.81,913.0,21648882.53
2025-08-19 03:30:00,23711.78,23711.78,23679.7,23682.76,1146.0,27140442.959999997
2025-08-19 04:00:00,23682.98,23683.89,23668.13,23669.8,835.0,19764283.0
2025-08-19 04:30:00,23669.58,23690.9,23668.98,23688.54,802.0,18998209.080000002
2025-08-19 05:00:00,23688.72,23694.2,23663.61,23669.84,1009.0,23882868.56
2025-08-19 05:30:00,23669.99,23679.88,23663.07,23668.06,989.0,23407711.34
2025-08-19 06:00:00,23667.83,23685.92,23666.55,23683.95,1197.0,28349688.150000002
2025-08-19 06:30:00,23683.97,23698.39,23681.34,23694.95,790.0,18719010.5
2025-08-19 07:00:00,23696.46,23702.39,23687.95,23689.46,1510.0,35771084.6
2025-08-19 07:30:00,23689.46,23703.93,23680.28,23701.97,1211.0,28703085.67
2025-08-19 08:00:00,23702.04,23715.78,23677.98,23701.17,1620.0,38395895.4
2025-08-19 08:30:00,23701.53,23718.54,23695.05,23717.93,976.0,23148699.68
2025-08-19 09:00:00,23717.55,23735.75,23712.76,23731.17,1060.0,25155040.2
2025-08-19 09:30:00,23731.43,23734.03,23715.53,23717.93,944.0,22389725.92
2025-08-19 10:00:00,23718.25,23720.95,23703.77,23710.08,1535.0,36394972.800000004
2025-08-19 10:30:00,23709.97,23711.21,23682.3,23695.47,1430.0,33884522.1
2025-08-19 11:00:00,23695.08,23701.9,23688.26,23695.23,1239.0,29358389.97
2025-08-19 11:30:00,23695.03,23709.43,23687.42,23706.92,1332.0,31577617.439999998
2025-08-19 12:00:00,23706.38,23713.97,23684.79,23710.29,1626.0,38552931.54
2025-08-19 12:30:00,23710.43,23714.31,23670.55,23675.6,1744.0,41290246.4
2025-08-19 13:00:00,23675.63,23694.47,23667.25,23694.21,1958.0,46393263.18
2025-08-19 13:30:00,23693.64,23702.16,23568.72,23604.92,15923.0,375861141.15999997
2025-08-19 14:00:00,23604.64,23656.81,23551.53,23556.29,10102.0,237965641.58
2025-08-19 14:30:00,23556.58,23588.81,23469.38,23470.16,10661.0,250215375.76
2025-08-19 15:00:00,23470.59,23516.29,23443.65,23508.16,8137.0,191285897.92
2025-08-19 15:30:00,23508.55,23519.31,23482.24,23488.34,5621.0,132027959.14
2025-08-19 16:00:00,23488.59,23507.52,23447.13,23462.43,5020.0,117781398.6
2025-08-19 16:30:00,23462.84,23470.72,23399.77,23408.85,6651.0,155692261.35
2025-08-19 17:00:00,23408.56,23419.2,23374.56,23415.12,5962.0,139600945.44
2025-08-19 17:30:00,23414.57,23445.27,23412.37,23434.23,3588.0,84082017.24
2025-08-19 18:00:00,23434.5,23436.67,23390.87,23405.32,4446.0,104060052.72
2025-08-19 18:30:00,23405.05,23409.69,23375.56,23389.71,3686.0,86214471.06
2025-08-19 19:00:00,23390.01,23391.5,23351.36,23389.01,4110.0,96128831.1
2025-08-19 19:30:00,23389.44,23406.07,23366.81,23400.64,4091.0,95732018.24
2025-08-19 20:00:00,23400.33,23416.97,23398.93,23405.9,1735.0,40609236.5
2025-08-19 20:30:00,23405.92,23407.28,23397.22,23406.06,706.0,16524678.360000001
2025-08-19 22:00:00,23385.52,23420.67,23385.52,23392.48,2096.0,49030638.08
2025-08-19 22:30:00,23392.49,23407.63,23391.0,23393.52,1314.0,30739085.28
2025-08-19 23:00:00,23393.83,23401.61,23349.64,23371.49,1830.0,42769826.7
2025-08-19 23:30:00,23371.13,23372.19,23351.55,23357.11,1807.0,42206297.77
2025-08-20 00:00:00,23357.47,23358.17,23339.05,23348.03,2629.0,61381970.87
2025-08-20 00:30:00,23348.18,23357.48,23332.9,23349.86,1667.0,38924216.62
2025-08-20 01:00:00,23349.39,23359.59,23318.15,23319.92,2195.0,51187224.4
2025-08-20 01:30:00,23320.18,23324.37,23303.26,23313.55,2021.0,47116684.55
2025-08-20 02:00:00,23313.91,23324.36,23303.78,23322.92,1444.0,33678296.48
2025-08-20 02:30:00,23322.79,23330.76,23320.54,23328.39,1015.0,23678315.849999998
2025-08-20 03:00:00,23328.23,23331.16,23291.53,23302.16,1471.0,34277477.36
2025-08-20 03:30:00,23302.12,23308.62,23273.94,23280.77,1439.0,33501028.03
2025-08-20 04:00:00,23280.51,23306.05,23279.04,23305.21,1172.0,27313706.119999997
2025-08-20 04:30:00,23304.76,23307.67,23279.82,23288.48,1162.0,27061213.759999998
2025-08-20 05:00:00,23288.05,23288.11,23271.18,23282.0,1247.0,29032654.0
2025-08-20 05:30:00,23281.94,23303.2,23279.82,23302.92,1156.0,26938175.52
2025-08-20 06:00:00,23302.92,23310.78,23282.98,23301.17,1757.0,40940155.69
2025-08-20 06:30:00,23300.78,23327.74,23299.16,23323.81,1799.0,41959534.190000005
2025-08-20 07:00:00,23323.51,23364.68,23319.66,23352.55,2503.0,58451432.65
2025-08-20 07:30:00,23352.44,23352.44,23330.0,23333.04,1607.0,37496195.28
2025-08-20 08:00:00,23333.02,23343.6,23303.77,23309.45,2472.0,57620960.4
2025-08-20 08:30:00,23309.65,23351.91,23303.15,23346.2,1982.0,46272168.4
2025-08-20 09:00:00,23346.26,23368.24,23338.32,23360.67,1596.0,37283629.32
2025-08-20 09:30:00,23360.5,23374.86,23359.01,23368.0,1160.0,27106880.0
2025-08-20 10:00:00,23368.18,23376.95,23360.52,23362.71,1054.0,24624296.34
2025-08-20 10:30:00,23362.76,23365.62,23337.79,23360.42,1388.0,32424262.959999997
2025-08-20 11:00:00,23360.26,23387.37,23347.69,23350.73,2159.0,50414226.07
2025-08-20 11:30:00,23350.53,23355.5,23321.54,23349.51,2116.0,49407563.16
2025-08-20 12:00:00,23349.49,23363.3,23344.31,23348.64,1900.0,44362416.0
2025-08-20 12:30:00,23348.26,23371.72,23332.82,23362.25,2650.0,61909962.5
2025-08-20 13:00:00,23362.43,23365.91,23339.32,23361.01,2606.0,60878792.059999995
2025-08-20 13:30:00,23361.43,23367.15,23084.04,23109.43,24762.0,572235705.66
2025-08-20 14:00:00,23109.9,23148.67,22998.78,23029.75,24101.0,555040004.75
2025-08-20 14:30:00,23030.14,23043.41,22970.54,22992.54,15248.0,350590249.92
2025-08-20 15:00:00,22992.71,23159.92,22981.62,23157.71,9557.0,221318234.47
2025-08-20 15:30:00,23157.29,23197.68,23090.02,23107.77,9186.0,212267975.22
2025-08-20 16:00:00,23107.52,23239.39,23105.01,23233.8,7494.0,174114097.2
2025-08-20 16:30:00,23233.54,23234.18,23153.06,23167.51,7146.0,165555026.45999998
2025-08-20 17:00:00,23167.93,23210.19,23159.52,23182.21,7328.0,169879234.88
2025-08-20 17:30:00,23182.2,23251.4,23181.03,23200.97,6273.0,145539684.81
2025-08-20 18:00:00,23200.64,23207.56,23128.47,23147.58,10239.0,237008071.62
2025-08-20 18:30:00,23147.31,23217.44,23145.84,23181.02,6044.0,140106084.88
2025-08-20 19:00:00,23181.45,23289.69,23181.45,23258.18,5737.0,133432178.66
2025-08-20 19:30:00,23257.79,23305.43,23251.28,23262.03,6620.0,153994638.6
2025-08-20 20:00:00,23262.44,23267.93,23244.29,23248.21,2061.0,47914560.809999995
2025-08-20 20:30:00,23248.01,23256.96,23246.09,23256.33,901.0,20953953.330000002
2025-08-20 22:00:00,23259.17,23278.14,23249.99,23270.75,2331.0,54244118.25
2025-08-20 22:30:00,23270.46,23273.88,23249.56,23255.57,1509.0,35092655.13
2025-08-20 23:00:00,23255.62,23265.6,23243.96,23251.62,1343.0,31226925.66
2025-08-20 23:30:00,23251.35,23258.41,23241.9,23255.08,1437.0,33417549.96
2025-08-21 00:00:00,23255.45,23259.33,23204.84,23221.67,2631.0,61096213.769999996
2025-08-21 00:30:00,23221.72,23247.5,23213.69,23228.04,2083.0,48384007.32
2025-08-21 01:00:00,23227.71,23233.76,23203.51,23230.48,2726.0,63326288.48
2025-08-21 01:30:00,23230.16,23292.84,23230.16,23290.45,2026.0,47186451.7
2025-08-21 02:00:00,23290.23,23303.2,23277.37,23297.98,1857.0,43264348.86
2025-08-21 02:30:00,23297.91,23301.81,23283.48,23288.77,1106.0,25757379.62
2025-08-21 03:00:00,23288.71,23294.6,23271.71,23282.94,1039.0,24190974.66
2025-08-21 03:30:00,23283.22,23289.97,23276.37,23276.52,1023.0,23811879.96
2025-08-21 04:00:00,23276.45,23278.95,23267.97,23270.86,1033.0,24038798.38
2025-08-21 04:30:00,23270.87,23281.96,23265.83,23275.98,972.0,22624252.56
2025-08-21 05:00:00,23276.17,23284.65,23254.02,23254.88,1708.0,39719335.04
2025-08-21 05:30:00,23254.88,23276.86,23247.54,23276.86,1477.0,34379922.22
2025-08-21 06:00:00,23276.87,23304.2,23266.3,23288.97,1978.0,46065582.660000004
2025-08-21 06:30:00,23288.48,23302.66,23283.28,23291.49,1697.0,39525658.53
2025-08-21 07:00:00,23291.29,23295.38,23258.56,23265.73,3145.0,73170720.85
2025-08-21 07:30:00,23265.79,23287.7,23263.18,23278.79,2231.0,51934980.49
2025-08-21 08:00:00,23278.46,23292.64,23253.17,23278.83,2730.0,63551205.900000006
2025-08-21 08:30:00,23278.64,23286.06,23232.42,23233.46,2344.0,54459230.239999995
2025-08-21 09:00:00,23233.45,23256.98,23225.45,23254.56,2384.0,55438871.04000001
2025-08-21 09:30:00,23254.18,23263.79,23236.28,23237.96,1579.0,36692738.839999996
2025-08-21 10:00:00,23238.21,23245.89,23207.06,23236.34,2696.0,62645172.64
2025-08-21 10:30:00,23236.02,23251.63,23225.37,23246.15,2133.0,49584037.95
2025-08-21 11:00:00,23245.8,23267.37,23228.96,23237.3,3350.0,77844955.0
2025-08-21 11:30:00,23237.09,23244.2,23199.08,23215.26,2606.0,60498967.559999995
2025-08-21 12:00:00,23214.87,23214.87,23156.31,23172.9,3656.0,84720122.4
2025-08-21 12:30:00,23168.28,23203.99,23151.8,23159.73,3846.0,89072321.58
2025-08-21 13:00:00,23159.21,23195.59,23144.57,23193.14,3429.0,79529277.06
2025-08-21 13:30:00,23193.46,23223.71,23109.6,23120.25,26494.0,612547903.5
2025-08-21 14:00:00,23119.87,23284.42,23090.86,23281.95,15146.0,352628414.7
2025-08-21 14:30:00,23281.63,23281.63,23182.57,23230.1,9864.0,229141706.39999998
2025-08-21 15:00:00,23230.5,23247.71,23139.57,23189.72,9714.0,225264940.08
2025-08-21 15:30:00,23190.19,23229.25,23125.07,23137.51,8111.0,187668343.60999998
2025-08-21 16:00:00,23137.07,23146.26,23105.81,23115.56,6784.0,156815959.04000002
2025-08-21 16:30:00,23115.3,23144.94,23083.59,23093.48,5962.0,137683327.76
2025-08-21 17:00:00,23093.75,23127.67,23055.73,23082.34,7187.0,165892777.58
2025-08-21 17:30:00,23082.52,23156.99,23076.13,23148.23,5340.0,123611548.2
2025-08-21 18:00:00,23147.86,23156.18,23121.88,23131.56,4775.0,110453199.0
2025-08-21 18:30:00,23131.53,23167.27,23112.99,23158.39,4930.0,114170862.7
2025-08-21 19:00:00,23158.09,23188.01,23153.83,23169.69,3684.0,85357137.96
2025-08-21 19:30:00,23170.19,23171.74,23137.33,23150.34,5150.0,119224251.0
2025-08-21 20:00:00,23150.74,23156.55,23133.56,23144.59,2081.0,48163891.79
2025-08-21 20:30:00,23144.83,23159.24,23140.41,23155.38,899.0,20816686.62
2025-08-21 22:00:00,23159.61,23179.72,23159.61,23163.43,1661.0,38474457.230000004
2025-08-21 22:30:00,23163.65,23184.27,23162.11,23178.82,1355.0,31407301.099999998
2025-08-21 23:00:00,23178.64,23185.11,23170.14,23182.48,921.0,21351064.08
2025-08-21 23:30:00,23182.56,23185.65,23165.62,23183.28,1313.0,30439646.639999997
2025-08-22 00:00:00,23182.94,23184.36,23115.23,23134.03,3520.0,81431785.6
2025-08-22 00:30:00,23134.02,23156.52,23134.02,23147.74,1922.0,44489956.28
2025-08-22 01:00:00,23147.58,23155.22,23127.75,23142.0,2474.0,57253308.0
2025-08-22 01:30:00,23142.0,23144.2,23130.55,23140.46,1858.0,42994974.68
2025-08-22 02:00:00,23140.08,23163.09,23138.16,23157.96,1537.0,35593784.519999996
2025-08-22 02:30:00,23157.65,23166.76,23139.05,23139.05,1425.0,32973146.25
2025-08-22 03:00:00,23138.84,23141.48,23120.08,23131.73,1448.0,33494745.04
2025-08-22 03:30:00,23132.05,23143.63,23128.4,23129.83,1186.0,27431978.380000003
2025-08-22 04:00:00,23129.84,23146.77,23128.15,23138.27,1120.0,25914862.400000002
2025-08-22 04:30:00,23138.5,23150.65,23136.48,23144.67,935.0,21640266.45
2025-08-22 05:00:00,23144.67,23147.63,23120.67,23123.24,1335.0,30869525.400000002
2025-08-22 05:30:00,23123.3,23141.48,23116.02,23126.98,1429.0,33048454.419999998
2025-08-22 06:00:00,23126.85,23126.85,23095.17,23102.66,1873.0,43271282.18
2025-08-22 06:30:00,23103.04,23108.61,23012.74,23075.83,4373.0,100910604.59
2025-08-22 07:00:00,23076.18,23122.53,23071.34,23115.27,3265.0,75471356.55
2025-08-22 07:30:00,23115.49,23136.92,23105.45,23132.94,2232.0,51632722.08
2025-08-22 08:00:00,23132.94,23186.48,23128.23,23170.23,2897.0,67124156.31
2025-08-22 08:30:00,23170.38,23193.08,23160.57,23190.61,2191.0,50810626.51
2025-08-22 09:00:00,23190.48,23190.48,23170.45,23181.99,1883.0,43651687.17
2025-08-22 09:30:00,23182.39,23190.91,23168.05,23189.36,1736.0,40256728.96
2025-08-22 10:00:00,23189.36,23210.36,23188.02,23204.72,1808.0,41954133.760000005
2025-08-22 10:30:00,23204.79,23211.32,23196.87,23201.63,1494.0,34663235.22
2025-08-22 11:00:00,23201.46,23217.21,23186.72,23189.89,2011.0,46634868.79
2025-08-22 11:30:00,23189.63,23195.28,23177.4,23188.21,1861.0,43153258.809999995
2025-08-22 12:00:00,23188.57,23211.02,23181.58,23207.9,2145.0,49780945.5
2025-08-22 12:30:00,23207.9,23208.84,23175.65,23177.53,2380.0,55162521.4
2025-08-22 13:00:00,23177.95,23200.19,23173.71,23198.48,2630.0,61012002.4
2025-08-22 13:30:00,23198.75,23278.26,23141.78,23200.72,16112.0,373810000.64000005
2025-08-22 14:00:00,23201.96,23563.28,23201.96,23488.5,43639.0,1025014651.5
2025-08-22 14:30:00,23488.95,23574.02,23488.95,23533.72,18162.0,427419422.64000005
2025-08-22 15:00:00,23534.04,23580.27,23532.45,23551.9,8609.0,202758307.10000002
2025-08-22 15:30:00,23551.41,23576.74,23495.11,23497.78,6311.0,148294489.57999998
2025-08-22 16:00:00,23498.04,23520.55,23453.86,23468.04,6115.0,143507064.6
2025-08-22 16:30:00,23468.04,23495.53,23441.68,23463.08,5407.0,126864873.56
2025-08-22 17:00:00,23462.87,23545.87,23462.42,23545.63,4982.0,117304328.66000001
2025-08-22 17:30:00,23545.81,23553.87,23530.12,23535.54,3219.0,75760903.26
2025-08-22 18:00:00,23535.8,23546.54,23517.18,23525.76,3258.0,76646926.08
2025-08-22 18:30:00,23526.03,23545.99,23512.44,23516.41,2999.0,70525713.59
2025-08-22 19:00:00,23515.88,23523.28,23496.66,23505.41,3161.0,74300601.01
2025-08-22 19:30:00,23505.52,23512.01,23461.35,23497.08,5170.0,121479903.60000001
2025-08-22 20:00:00,23496.82,23516.72,23479.59,23507.89,2039.0,47932587.71
2025-08-22 20:30:00,23507.79,23514.78,23504.91,23510.06,676.0,15892800.56
2025-08-24 22:00:00,23528.25,23533.68,23486.67,23488.23,4367.0,102573100.41
2025-08-24 22:30:00,23488.11,23512.92,23484.14,23509.73,2087.0,49064806.51
2025-08-24 23:00:00,23509.77,23516.91,23504.03,23510.81,1995.0,46904065.95
2025-08-24 23:30:00,23510.64,23527.91,23500.25,23513.17,2949.0,69340338.33
2025-08-25 00:00:00,23513.39,23535.94,23503.98,23507.19,4761.0,111917731.58999999
2025-08-25 00:30:00,23507.0,23507.94,23489.0,23494.82,2568.0,60334697.76
2025-08-25 01:00:00,23494.78,23496.67,23479.75,23487.71,2222.0,52189691.62
2025-08-25 01:30:00,23487.53,23489.08,23473.31,23473.66,1905.0,44717322.3
2025-08-25 02:00:00,23473.63,23487.87,23470.5,23482.14,1724.0,40483209.36
2025-08-25 02:30:00,23481.97,23484.46,23461.87,23463.09,1523.0,35734286.07
2025-08-25 03:00:00,23462.86,23474.82,23459.38,23474.36,1326.0,31127001.36
2025-08-25 03:30:00,23474.14,23490.07,23469.6,23486.72,1564.0,36733230.08
2025-08-25 04:00:00,23486.48,23498.01,23482.81,23493.06,1048.0,24620726.880000003
2025-08-25 04:30:00,23493.12,23497.51,23492.37,23493.84,766.0,17996281.44
2025-08-25 05:00:00,23493.9,23505.97,23489.53,23497.85,1330.0,31252140.499999996
2025-08-25 05:30:00,23497.6,23504.1,23490.19,23504.03,1113.0,26159985.389999997
2025-08-25 06:00:00,23504.12,23506.79,23493.9,23497.73,1544.0,36280495.12
2025-08-25 06:30:00,23497.43,23498.07,23458.04,23460.72,2103.0,49337894.160000004
2025-08-25 07:00:00,23460.7,23475.07,23447.32,23461.62,3942.0,92485706.03999999
2025-08-25 07:30:00,23461.79,23473.07,23454.8,23464.61,2346.0,55047975.06
2025-08-25 08:00:00,23464.6,23476.42,23449.35,23466.05,3094.0,72603958.7
2025-08-25 08:30:00,23466.24,23473.74,23446.12,23448.38,1781.0,41761564.78
2025-08-25 09:00:00,23448.16,23451.48,23426.02,23429.81,2079.0,48710574.99
2025-08-25 09:30:00,23430.0,23442.99,23425.16,23442.55,1678.0,39336598.9
2025-08-25 10:00:00,23442.61,23443.05,23411.35,23416.25,1708.0,39994955.0
2025-08-25 10:30:00,23416.08,23432.5,23401.12,23418.77,2708.0,63418029.160000004
2025-08-25 11:00:00,23419.0,23437.07,23408.92,23436.35,2393.0,56083185.55
2025-08-25 11:30:00,23436.37,23439.25,23428.86,23436.03,1508.0,35341533.239999995
2025-08-25 12:00:00,23436.12,23436.3,23403.79,23409.14,3776.0,88392912.64
2025-08-25 12:30:00,23408.87,23423.74,23402.18,23417.84,2950.0,69082628.0
2025-08-25 13:00:00,23418.05,23437.86,23415.17,23434.81,3978.0,93223674.18
2025-08-25 13:30:00,23434.61,23457.72,23383.63,23457.72,43882.0,1029371669.0400001
2025-08-25 14:00:00,23457.46,23499.08,23443.77,23479.72,24511.0,575511416.9200001
2025-08-25 14:30:00,23479.45,23512.88,23471.16,23509.64,16018.0,376577413.52
2025-08-25 15:00:00,23509.44,23541.18,23503.42,23537.58,10530.0,247850717.4
2025-08-25 15:30:00,23537.43,23554.9,23517.96,23539.6,8324.0,195943630.39999998
2025-08-25 16:00:00,23539.43,23552.57,23532.68,23537.03,6074.0,142963920.22
2025-08-25 16:30:00,23536.78,23550.97,23527.72,23534.96,5212.0,122664211.52
2025-08-25 17:00:00,23535.14,23536.47,23510.67,23522.94,6251.0,147041897.94
2025-08-25 17:30:00,23522.97,23529.33,23496.46,23517.11,5696.0,133953458.56
2025-08-25 18:00:00,23517.38,23522.41,23495.48,23504.2,5536.0,130119251.2
2025-08-25 18:30:00,23503.97,23510.45,23488.22,23491.21,4819.0,113204140.99
2025-08-25 19:00:00,23491.39,23512.13,23486.17,23491.15,5552.0,130422864.80000001
2025-08-25 19:30:00,23490.96,23496.08,23427.95,23433.98,7589.0,177840474.22
2025-08-25 20:00:00,23434.14,23455.73,23424.61,23454.27,3285.0,77047276.95
2025-08-25 20:30:00,23454.09,23456.86,23438.1,23441.19,1198.0,28082545.619999997
2025-08-25 22:00:00,23442.3,23461.82,23441.44,23458.09,1743.0,40887450.87
2025-08-25 22:30:00,23457.9,23458.82,23451.2,23453.08,722.0,16933123.76
2025-08-25 23:00:00,23453.1,23457.84,23439.04,23445.1,1190.0,27899669.0
2025-08-25 23:30:00,23445.23,23449.26,23430.62,23438.07,1600.0,37500912.0
2025-08-26 00:00:00,23437.91,23450.32,23352.62,23400.61,12920.0,302335881.2
2025-08-26 00:30:00,23400.81,23416.58,23312.27,23359.13,15666.0,365944130.58000004
2025-08-26 01:00:00,23358.98,23398.32,23351.96,23395.78,4635.0,108439440.3
2025-08-26 01:30:00,23395.61,23399.54,23359.34,23368.03,3973.0,92841183.19
2025-08-26 02:00:00,23368.23,23404.1,23367.15,23401.75,2951.0,69058564.25
2025-08-26 02:30:00,23401.68,23418.64,23388.33,23390.06,2516.0,58849390.96
2025-08-26 03:00:00,23390.07,23397.0,23382.48,23388.55,1998.0,46730322.9
2025-08-26 03:30:00,23388.27,23400.64,23387.58,23394.63,1245.0,29126314.35
2025-08-26 04:00:00,23394.73,23403.14,23391.03,23397.66,1244.0,29106689.04
2025-08-26 04:30:00,23397.89,23400.39,23384.07,23398.7,1461.0,34185500.7
2025-08-26 05:00:00,23398.65,23422.99,23398.65,23416.06,1990.0,46597959.400000006
2025-08-26 05:30:00,23416.2,23427.32,23411.1,23419.35,2043.0,47845732.05
2025-08-26 06:00:00,23419.44,23426.88,23398.82,23404.21,4116.0,96331728.36
2025-08-26 06:30:00,23404.49,23411.24,23390.34,23400.55,4410.0,103196425.5
2025-08-26 07:00:00,23400.46,23400.46,23362.13,23383.44,10435.0,244006196.39999998
2025-08-26 07:30:00,23383.31,23410.79,23376.39,23388.69,5087.0,118978266.02999999
2025-08-26 08:00:00,23388.91,23419.47,23386.57,23405.12,5750.0,134579440.0
2025-08-26 08:30:00,23404.93,23412.95,23394.87,23404.99,3299.0,77213062.01
2025-08-26 09:00:00,23405.05,23424.62,23398.06,23419.52,2340.0,54801676.800000004
2025-08-26 09:30:00,23419.61,23426.73,23410.37,23420.0,1952.0,45715840.0
2025-08-26 10:00:00,23419.83,23446.43,23416.56,23446.26,2441.0,57232320.66
2025-08-26 10:30:00,23446.04,23454.74,23438.03,23440.57,2043.0,47889084.51
2025-08-26 11:00:00,23440.61,23444.56,23416.83,23418.07,2544.0,59575570.08
2025-08-26 11:30:00,23418.04,23421.5,23393.85,23419.06,3222.0,75456211.32000001
2025-08-26 12:00:00,23418.69,23421.27,23389.07,23413.05,3889.0,91053351.45
2025-08-26 12:30:00,23413.28,23429.2,23411.08,23420.16,3918.0,91760186.88
2025-08-26 13:00:00,23420.24,23426.77,23414.63,23421.86,3742.0,87644600.12
2025-08-26 13:30:00,23422.0,23469.63,23378.68,23445.44,41093.0,963443465.92
2025-08-26 14:00:00,23445.49,23499.78,23436.14,23494.4,22214.0,521904601.6
2025-08-26 14:30:00,23494.16,23500.57,23466.39,23472.91,15229.0,357468946.39
2025-08-26 15:00:00,23472.67,23487.08,23456.45,23459.63,11395.0,267322483.85000002
2025-08-26 15:30:00,23459.41,23473.84,23444.12,23468.83,8711.0,204436978.13000003
2025-08-26 16:00:00,23468.66,23507.04,23468.66,23493.91,6023.0,141503819.93
2025-08-26 16:30:00,23493.66,23500.86,23476.09,23490.61,4823.0,113295212.03
2025-08-26 17:00:00,23490.4,23494.67,23460.98,23486.83,5394.0,126687961.02000001
2025-08-26 17:30:00,23486.83,23490.08,23429.16,23452.66,6208.0,145594113.28
2025-08-26 18:00:00,23452.71,23489.09,23449.15,23489.09,4866.0,114297911.94
2025-08-26 18:30:00,23488.89,23506.58,23487.7,23500.9,4065.0,95531158.5
2025-08-26 19:00:00,23500.82,23529.89,23486.86,23518.45,5488.0,129069253.60000001
2025-08-26 19:30:00,23518.36,23550.63,23485.69,23538.67,11316.0,266363589.71999997
2025-08-26 20:00:00,23538.84,23561.74,23534.34,23555.68,3022.0,71185264.96
2025-08-26 20:30:00,23555.67,23558.56,23550.56,23556.5,999.0,23532943.5
2025-08-26 22:00:00,23559.35,23573.55,23553.45,23567.24,1670.0,39357290.800000004
2025-08-26 22:30:00,23567.03,23571.67,23564.69,23567.88,786.0,18524353.68
2025-08-26 23:00:00,23567.76,23572.84,23561.5,23565.46,874.0,20596212.04
2025-08-26 23:30:00,23565.4,23575.5,23564.75,23567.45,911.0,21469946.95
2025-08-27 00:00:00,23567.53,23569.87,23552.54,23553.41,1712.0,40323437.92
2025-08-27 00:30:00,23553.38,23555.24,23546.95,23550.31,982.0,23126404.42
2025-08-27 01:00:00,23550.66,23562.66,23550.31,23554.82,1137.0,26781830.34
2025-08-27 01:30:00,23554.7,23580.6,23554.39,23579.01,1440.0,33953774.4
2025-08-27 02:00:00,23578.94,23579.9,23564.7,23567.15,1099.0,25900297.85
2025-08-27 02:30:00,23566.97,23569.03,23561.38,23563.69,800.0,18850952.0
2025-08-27 03:00:00,23563.57,23572.73,23561.54,23563.61,661.0,15575546.21
2025-08-27 03:30:00,23563.81,23566.66,23561.37,23565.37,624.0,14704790.879999999
2025-08-27 04:00:00,23565.37,23567.51,23557.5,23565.97,662.0,15600672.14
2025-08-27 04:30:00,23566.22,23573.23,23566.22,23568.38,585.0,13787502.3
2025-08-27 05:00:00,23568.29,23568.61,23547.38,23551.01,1211.0,28520273.11
2025-08-27 05:30:00,23550.82,23556.52,23544.83,23552.17,1024.0,24117422.08
2025-08-27 06:00:00,23552.27,23570.55,23547.14,23565.36,1735.0,40885899.6
2025-08-27 06:30:00,23565.12,23570.72,23553.2,23555.06,1779.0,41904451.74
2025-08-27 07:00:00,23554.84,23566.58,23527.37,23533.53,2953.0,69494514.09
2025-08-27 07:30:00,23533.37,23548.75,23530.59,23546.35,2696.0,63480959.599999994
2025-08-27 08:00:00,23546.55,23550.37,23528.04,23533.38,2630.0,61892789.400000006
2025-08-27 08:30:00,23533.54,23539.61,23519.63,23538.78,2133.0,50208217.739999995
2025-08-27 09:00:00,23539.05,23549.87,23537.04,23548.53,1639.0,38596040.67
2025-08-27 09:30:00,23548.79,23553.37,23545.61,23548.28,1229.0,28940836.119999997
2025-08-27 10:00:00,23548.37,23554.79,23543.36,23554.57,1173.0,27629510.61
2025-08-27 10:30:00,23554.64,23557.57,23548.3,23552.1,1214.0,28592249.4
2025-08-27 11:00:00,23551.86,23562.79,23548.84,23559.37,1449.0,34137527.129999995
2025-08-27 11:30:00,23559.3,23566.26,23558.85,23559.61,1089.0,25656415.29
2025-08-27 12:00:00,23559.62,23572.36,23544.54,23547.58,1839.0,43303999.620000005
2025-08-27 12:30:00,23547.36,23549.54,23515.54,23533.63,4270.0,100488600.10000001
2025-08-27 13:00:00,23533.53,23537.28,23486.17,23492.32,5861.0,137688487.52
2025-08-27 13:30:00,23492.09,23514.87,23441.43,23487.5,36430.0,855649625.0
2025-08-27 14:00:00,23487.39,23558.63,23479.0,23550.6,14685.0,345840561.0
2025-08-27 14:30:00,23550.45,23567.86,23536.43,23552.61,9144.0,215365065.84
2025-08-27 15:00:00,23552.69,23561.21,23540.03,23542.21,6326.0,148928020.46
2025-08-27 15:30:00,23541.96,23581.41,23525.49,23574.19,6524.0,153798015.56
2025-08-27 16:00:00,23574.13,23574.57,23497.67,23519.1,7022.0,165151120.2
2025-08-27 16:30:00,23518.95,23564.1,23494.3,23553.39,7262.0,171044718.18
2025-08-27 17:00:00,23553.22,23558.32,23539.76,23554.22,5313.0,125143570.86
2025-08-27 17:30:00,23554.39,23576.44,23554.21,23573.48,3274.0,77179573.52
2025-08-27 18:00:00,23573.39,23607.87,23567.17,23601.5,4323.0,102029284.5
2025-08-27 18:30:00,23601.39,23602.6,23574.29,23576.64,3333.0,78580941.12
2025-08-27 19:00:00,23576.46,23577.09,23505.51,23549.46,8979.0,211450601.34
2025-08-27 19:30:00,23549.08,23597.88,23548.96,23571.91,6917.0,163046901.47
2025-08-27 20:00:00,23572.04,23637.38,23387.99,23528.08,11586.0,272596334.88
2025-08-27 20:30:00,23527.76,23534.72,23459.31,23494.2,21019.0,493824589.8
2025-08-27 22:00:00,23502.93,23505.15,23454.41,23464.87,3887.0,91207949.69
2025-08-27 22:30:00,23464.85,23491.69,23463.86,23474.34,2772.0,65070870.48
2025-08-27 23:00:00,23474.22,23481.69,23461.28,23468.32,2305.0,54094477.6
2025-08-27 23:30:00,23468.26,23474.52,23458.44,23464.78,2611.0,61266540.58
2025-08-28 00:00:00,23464.59,23472.09,23444.4,23448.91,4525.0,106106317.75
2025-08-28 00:30:00,23449.1,23479.39,23444.03,23476.95,3295.0,77356550.25
2025-08-28 01:00:00,23477.09,23489.44,23474.36,23481.73,1994.0,46822569.62
2025-08-28 01:30:00,23481.81,23507.8,23481.81,23503.27,1741.0,40919193.07
2025-08-28 02:00:00,23503.53,23518.27,23500.65,23510.9,1563.0,36747536.7
2025-08-28 02:30:00,23511.2,23513.18,23503.88,23510.13,1057.0,24850207.41
2025-08-28 03:00:00,23510.22,23539.61,23510.04,23533.92,1550.0,36477576.0
2025-08-28 03:30:00,23533.99,23535.9,23526.16,23531.12,1000.0,23531120.0
2025-08-28 04:00:00,23530.96,23531.08,23513.24,23527.95,1128.0,26539527.6
2025-08-28 04:30:00,23527.9,23530.92,23513.79,23516.96,991.0,23305307.36
2025-08-28 05:00:00,23516.75,23522.41,23513.13,23517.87,1185.0,27868675.95
2025-08-28 05:30:00,23517.92,23518.18,23497.45,23498.43,1619.0,38043958.17
2025-08-28 06:00:00,23498.64,23535.79,23495.75,23533.96,2146.0,50503878.16
2025-08-28 06:30:00,23533.76,23566.48,23532.74,23560.85,3341.0,78716799.85
2025-08-28 07:00:00,23561.08,23586.08,23557.77,23582.36,4558.0,107488396.88
2025-08-28 07:30:00,23582.17,23588.11,23560.65,23587.94,2952.0,69631598.88
2025-08-28 08:00:00,23587.75,23617.4,23578.14,23598.53,4473.0,105556224.69
2025-08-28 08:30:00,23598.67,23600.14,23571.14,23572.46,2488.0,58648280.48
2025-08-28 09:00:00,23572.48,23583.65,23571.99,23578.67,1858.0,43809168.86
2025-08-28 09:30:00,23578.44,23583.21,23564.96,23569.96,1751.0,41270999.96
2025-08-28 10:00:00,23570.19,23580.41,23565.51,23575.17,1769.0,41704475.73
2025-08-28 10:30:00,23575.14,23581.19,23553.8,23567.23,2322.0,54723108.06
2025-08-28 11:00:00,23566.92,23570.34,23538.36,23548.21,2637.0,62096629.769999996
2025-08-28 11:30:00,23547.97,23574.8,23543.49,23574.13,2639.0,62212129.07
2025-08-28 12:00:00,23574.13,23586.81,23550.27,23556.32,3213.0,75686456.16
2025-08-28 12:30:00,23556.6,23610.08,23556.18,23590.19,8716.0,205612096.04
2025-08-28 13:00:00,23590.39,23614.22,23588.76,23596.43,4479.0,105688409.97
2025-08-28 13:30:00,23596.65,23697.22,23528.13,23564.27,64409.0,1517751066.43
2025-08-28 14:00:00,23564.48,23631.43,23548.83,23585.2,41687.0,983196232.4
2025-08-28 14:30:00,23585.41,23684.9,23584.53,23669.14,21048.0,498188058.71999997
2025-08-28 15:00:00,23669.38,23706.84,23619.45,23626.52,16606.0,392341991.12
2025-08-28 15:30:00,23626.67,23673.37,23625.0,23642.66,12982.0,306929012.12
2025-08-28 16:00:00,23642.47,23723.05,23637.14,23711.94,8109.0,192280121.45999998
2025-08-28 16:30:00,23711.74,23717.13,23683.97,23687.27,6402.0,151645902.54
2025-08-28 17:00:00,23687.44,23716.63,23677.76,23716.37,6823.0,161816792.51
2025-08-28 17:30:00,23716.62,23727.43,23710.57,23721.71,4817.0,114267477.07
2025-08-28 18:00:00,23721.47,23732.85,23716.97,23731.14,3859.0,91578469.25999999
2025-08-28 18:30:00,23731.21,23748.38,23727.26,23744.89,3603.0,85552838.67
2025-08-28 19:00:00,23744.95,23753.27,23729.45,23734.21,3975.0,94343484.75
2025-08-28 19:30:00,23733.96,23758.62,23721.71,23722.74,6954.0,164967933.96
2025-08-28 20:00:00,23722.63,23730.11,23707.3,23719.37,3161.0,74976928.57
2025-08-28 20:30:00,23719.54,23722.27,23717.15,23719.43,947.0,22462300.21
2025-08-28 22:00:00,23715.84,23719.19,23702.7,23705.85,2220.0,52626987.0
2025-08-28 22:30:00,23705.92,23710.42,23692.78,23698.88,1235.0,29268116.8
2025-08-28 23:00:00,23698.85,23705.45,23695.23,23702.15,983.0,23299213.450000003
2025-08-28 23:30:00,23702.39,23710.15,23700.75,23705.68,1045.0,24772435.6
2025-08-29 00:00:00,23705.47,23712.52,23696.52,23710.9,2122.0,50314529.800000004
2025-08-29 00:30:00,23710.98,23713.65,23703.56,23704.46,1225.0,29037963.5
2025-08-29 01:00:00,23704.21,23709.64,23690.18,23699.02,1571.0,37231160.42
2025-08-29 01:30:00,23698.78,23698.78,23688.03,23691.1,1201.0,28453011.099999998
2025-08-29 02:00:00,23691.06,23691.7,23678.53,23680.16,1050.0,24864168.0
2025-08-29 02:30:00,23680.41,23685.94,23676.05,23684.51,756.0,17905489.56
2025-08-29 03:00:00,23684.49,23698.03,23684.48,23688.3,947.0,22432820.099999998
2025-08-29 03:30:00,23688.49,23698.55,23682.47,23685.99,830.0,19659371.700000003
2025-08-29 04:00:00,23686.2,23688.73,23679.62,23679.62,592.0,14018335.04
2025-08-29 04:30:00,23679.77,23684.57,23674.62,23677.2,568.0,13448649.6
2025-08-29 05:00:00,23677.43,23686.72,23672.56,23675.38,998.0,23628029.240000002
2025-08-29 05:30:00,23675.14,23683.39,23672.53,23682.24,968.0,22924408.32
2025-08-29 06:00:00,23682.24,23690.5,23677.83,23690.48,1354.0,32076909.919999998
2025-08-29 06:30:00,23690.57,23690.9,23672.33,23675.25,1834.0,43420408.5
2025-08-29 07:00:00,23675.53,23694.54,23670.32,23676.5,3011.0,71289941.5
2025-08-29 07:30:00,23676.69,23676.69,23642.43,23643.25,2654.0,62749185.5
2025-08-29 08:00:00,23643.07,23655.28,23614.31,23628.57,4913.0,116087164.41
2025-08-29 08:30:00,23628.74,23637.74,23585.57,23592.47,4234.0,99890517.98
2025-08-29 09:00:00,23592.66,23618.52,23572.81,23615.38,4251.0,100388980.38000001
2025-08-29 09:30:00,23615.39,23620.31,23601.33,23606.08,2635.0,62202020.800000004
2025-08-29 10:00:00,23606.52,23622.05,23594.17,23609.61,2519.0,59472607.59
2025-08-29 10:30:00,23609.77,23609.77,23583.13,23597.02,2669.0,62980446.38
2025-08-29 11:00:00,23597.07,23614.67,23593.5,23607.31,2934.0,69263847.54
2025-08-29 11:30:00,23607.24,23608.75,23591.59,23600.02,2198.0,51872843.96
2025-08-29 12:00:00,23599.79,23604.56,23582.32,23591.4,3743.0,88302610.2
2025-08-29 12:30:00,23593.68,23640.96,23593.18,23626.74,9998.0,236220146.52
2025-08-29 13:00:00,23626.56,23627.95,23606.85,23610.74,5281.0,124688317.94000001
2025-08-29 13:30:00,23610.99,23625.84,23464.48,23475.86,43914.0,1030918916.0400001
2025-08-29 14:00:00,23475.32,23508.24,23386.0,23456.06,46377.0,1087821694.6200001
2025-08-29 14:30:00,23455.86,23473.11,23374.7,23394.6,31264.0,731408774.4
2025-08-29 15:00:00,23394.41,23457.34,23387.87,23440.89,18698.0,438297761.21999997
2025-08-29 15:30:00,23441.09,23445.54,23384.23,23390.57,17011.0,397896986.27
2025-08-29 16:00:00,23390.83,23437.66,23387.95,23411.35,10005.0,234230556.75
2025-08-29 16:30:00,23411.16,23448.58,23410.59,23435.25,7531.0,176490867.75
2025-08-29 17:00:00,23435.06,23435.06,23356.42,23385.13,12762.0,298441029.06
2025-08-29 17:30:00,23385.34,23433.38,23372.62,23416.34,9309.0,217982709.06
2025-08-29 18:00:00,23416.42,23423.83,23393.9,23398.15,9464.0,221440091.60000002
2025-08-29 18:30:00,23398.08,23420.52,23395.34,23416.13,5977.0,139958209.01000002
2025-08-29 19:00:00,23415.91,23441.64,23409.46,23420.12,6229.0,145883927.48
2025-08-29 19:30:00,23419.91,23450.79,23382.22,23427.91,14418.0,337783606.38
2025-08-29 20:00:00,23427.7,23443.5,23408.12,23412.0,5978.0,139956936.0
2025-08-29 20:30:00,23411.81,23419.57,23408.48,23418.76,1168.0,27353111.68
2025-08-31 22:00:00,23450.23,23478.58,23428.92,23464.01,4238.0,99440474.38
2025-08-31 22:30:00,23464.2,23500.76,23463.27,23500.39,1450.0,34075565.5
2025-08-31 23:00:00,23500.36,23510.11,23494.28,23497.93,1402.0,32944097.86
2025-08-31 23:30:00,23498.02,23502.59,23494.29,23502.59,1084.0,25476807.56
2025-09-01 00:00:00,23502.78,23516.68,23494.75,23501.78,2468.0,58002393.04
2025-09-01 00:30:00,23501.75,23509.29,23495.42,23503.83,1372.0,32247254.76
2025-09-01 01:00:00,23503.97,23505.94,23493.75,23498.99,1555.0,36540929.45
2025-09-01 01:30:00,23499.2,23502.58,23472.44,23481.63,1880.0,44145464.4
2025-09-01 02:00:00,23481.66,23482.2,23438.52,23441.37,2828.0,66292194.36
2025-09-01 02:30:00,23441.25,23449.16,23428.48,23431.91,2396.0,56142856.36
2025-09-01 03:00:00,23431.81,23449.24,23398.96,23408.86,3878.0,90779559.08
2025-09-01 03:30:00,23408.69,23414.18,23396.91,23406.84,2543.0,59523594.12
2025-09-01 04:00:00,23406.84,23411.76,23396.88,23397.52,1685.0,39424821.2
2025-09-01 04:30:00,23397.74,23406.84,23372.34,23391.89,3290.0,76959318.1
2025-09-01 05:00:00,23391.75,23400.07,23374.08,23399.53,2965.0,69379606.45
2025-09-01 05:30:00,23399.68,23412.81,23389.12,23393.96,2627.0,61455932.919999994
2025-09-01 06:00:00,23394.14,23394.76,23335.44,23337.55,4481.0,104575561.55
2025-09-01 06:30:00,23337.77,23437.67,23337.77,23413.29,6070.0,142118670.3
2025-09-01 07:00:00,23414.39,23438.49,23407.1,23436.79,6441.0,150956364.39000002
2025-09-01 07:30:00,23437.01,23440.92,23421.66,23433.79,4034.0,94531908.86
2025-09-01 08:00:00,23433.49,23452.89,23423.07,23448.79,4465.0,104698847.35000001
2025-09-01 08:30:00,23448.64,23466.12,23443.3,23454.03,3073.0,72074234.19
2025-09-01 09:00:00,23453.89,23460.25,23441.62,23454.4,2056.0,48222246.400000006
2025-09-01 09:30:00,23454.57,23459.8,23440.38,23448.79,2062.0,48351404.980000004
2025-09-01 10:00:00,23448.87,23459.97,23444.09,23454.15,1784.0,41842203.6
2025-09-01 10:30:00,23454.26,23464.44,23447.36,23450.22,1967.0,46126582.74
2025-09-01 11:00:00,23450.11,23457.78,23424.4,23429.36,2124.0,49763960.64
2025-09-01 11:30:00,23429.13,23435.49,23410.4,23430.35,2711.0,63519678.849999994
2025-09-01 12:00:00,23430.32,23438.57,23424.01,23436.83,1906.0,44670597.980000004
2025-09-01 12:30:00,23436.79,23445.96,23429.17,23441.05,1893.0,44373907.65
2025-09-01 13:00:00,23441.0,23449.02,23436.23,23439.98,1907.0,44700041.86
2025-09-01 13:30:00,23439.96,23458.11,23406.9,23452.19,6356.0,149062119.64
2025-09-01 14:00:00,23451.83,23456.35,23443.13,23448.2,2116.0,49616391.2
2025-09-01 14:30:00,23448.21,23455.58,23447.16,23455.19,1446.0,33916204.739999995
2025-09-01 15:00:00,23454.47,23467.47,23443.75,23466.38,1892.0,44398390.96
2025-09-01 15:30:00,23466.64,23470.45,23458.14,23459.22,1307.0,30661200.540000003
2025-09-01 16:00:00,23459.41,23462.63,23446.0,23450.89,1224.0,28703889.36
2025-09-01 16:30:00,23451.1,23470.13,23450.21,23467.03,1462.0,34308797.86
2025-09-01 22:00:00,23466.47,23466.47,23445.59,23446.12,1854.0,43469106.48
2025-09-01 22:30:00,23446.02,23451.97,23426.53,23427.05,1499.0,35117147.949999996
2025-09-01 23:00:00,23427.2,23429.97,23393.94,23404.39,2823.0,66070592.97
2025-09-01 23:30:00,23404.39,23412.75,23396.58,23410.92,2248.0,52627748.16
2025-09-02 00:00:00,23410.77,23417.28,23396.87,23404.11,3360.0,78637809.60000001
2025-09-02 00:30:00,23403.85,23439.73,23403.29,23439.07,2310.0,54144251.7
2025-09-02 01:00:00,23438.81,23449.47,23428.42,23431.74,1768.0,41427316.32
2025-09-02 01:30:00,23431.82,23440.24,23404.14,23404.14,2146.0,50225284.44
2025-09-02 02:00:00,23404.39,23413.24,23384.36,23391.53,3121.0,73004965.13
2025-09-02 02:30:00,23391.33,23397.6,23381.07,23391.96,2168.0,50713769.28
2025-09-02 03:00:00,23391.7,23402.06,23382.28,23398.33,2015.0,47147634.95
2025-09-02 03:30:00,23398.56,23407.41,23394.22,23403.59,1224.0,28645994.16
2025-09-02 04:00:00,23403.67,23416.07,23399.22,23415.12,883.0,20675550.96
2025-09-02 04:30:00,23415.31,23415.31,23393.47,23403.0,1374.0,32155722.0
2025-09-02 05:00:00,23403.11,23404.42,23370.48,23385.74,2822.0,65994558.28
2025-09-02 05:30:00,23385.71,23401.56,23373.04,23378.53,2506.0,58586596.18
2025-09-02 06:00:00,23378.98,23404.82,23371.62,23388.95,3105.0,72622689.75
2025-09-02 06:30:00,23389.09,23413.58,23388.29,23413.03,2623.0,61412377.69
2025-09-02 07:00:00,23413.26,23417.1,23337.72,23377.05,9372.0,219089712.6
2025-09-02 07:30:00,23377.28,23387.17,23236.41,23245.06,16634.0,386658328.04
2025-09-02 08:00:00,23245.32,23292.54,23234.71,23275.97,12802.0,297978967.94
2025-09-02 08:30:00,23276.12,23300.59,23266.48,23277.41,4677.0,108868446.57
2025-09-02 09:00:00,23277.64,23298.3,23266.67,23292.87,3900.0,90842193.0
2025-09-02 09:30:00,23292.71,23297.33,23258.45,23259.46,3553.0,82640861.38
2025-09-02 10:00:00,23259.22,23278.1,23215.53,23221.65,4405.0,102291368.25
2025-09-02 10:30:00,23221.67,23231.1,23198.69,23220.55,6872.0,159571619.6
2025-09-02 11:00:00,23220.78,23227.41,23190.49,23201.59,6189.0,143594640.51
2025-09-02 11:30:00,23201.7,23214.05,23186.21,23192.16,5582.0,129458637.12
2025-09-02 12:00:00,23191.97,23191.97,23124.41,23132.58,9685.0,224039037.3
2025-09-02 12:30:00,23132.57,23139.61,23032.63,23066.21,14246.0,328601227.65999997
2025-09-02 13:00:00,23066.06,23099.59,23048.96,23070.4,13651.0,314934030.40000004
2025-09-02 13:30:00,23070.6,23230.7,22995.72,23203.95,78774.0,1827867957.3
2025-09-02 14:00:00,23202.37,23249.59,23157.8,23232.02,54788.0,1272835911.76
2025-09-02 14:30:00,23231.75,23231.75,23105.82,23133.19,34461.0,797192860.5899999
2025-09-02 15:00:00,23132.99,23150.24,23066.21,23079.9,22617.0,521998098.3
2025-09-02 15:30:00,23080.01,23080.01,22997.02,23018.49,16651.0,383280876.99
2025-09-02 16:00:00,23018.26,23054.69,23008.73,23037.26,12528.0,288610793.28
2025-09-02 16:30:00,23037.44,23100.91,23036.81,23096.72,10635.0,245633617.20000002
2025-09-02 17:00:00,23096.79,23138.44,23074.55,23131.23,10198.0,235892283.54
2025-09-02 17:30:00,23131.01,23194.58,23130.8,23157.94,11558.0,267659470.51999998
2025-09-02 18:00:00,23157.76,23175.74,23131.32,23132.49,10747.0,248604870.03000003
2025-09-02 18:30:00,23132.71,23201.18,23126.33,23157.73,12543.0,290467407.39
2025-09-02 19:00:00,23157.51,23208.39,23157.3,23202.18,11221.0,260351661.78
2025-09-02 19:30:00,23202.01,23258.65,23198.51,23245.94,12043.0,279950855.41999996
2025-09-02 20:00:00,23245.76,23354.03,23238.46,23341.65,18662.0,435601872.3
2025-09-02 20:30:00,23341.49,23350.84,23326.45,23348.03,4569.0,106677149.07
2025-09-02 22:00:00,23357.92,23358.37,23326.33,23332.25,3427.0,79959620.75
2025-09-02 22:30:00,23332.34,23341.26,23309.62,23314.12,2475.0,57702447.0
2025-09-02 23:00:00,23314.0,23318.49,23300.56,23310.83,1554.0,36225029.82
2025-09-02 23:30:00,23311.02,23317.0,23301.31,23308.07,1653.0,38528239.71
2025-09-03 00:00:00,23307.69,23311.96,23297.54,23309.57,3003.0,69998638.71
2025-09-03 00:30:00,23309.53,23313.78,23288.43,23305.03,2758.0,64275272.739999995
2025-09-03 01:00:00,23304.78,23307.57,23286.67,23290.94,2349.0,54710418.059999995
2025-09-03 01:30:00,23291.2,23311.32,23284.61,23307.98,2146.0,50018925.08
2025-09-03 02:00:00,23307.8,23310.19,23297.83,23302.01,1446.0,33694706.46
2025-09-03 02:30:00,23301.83,23302.24,23285.55,23293.4,1534.0,35732075.6
2025-09-03 03:00:00,23293.18,23304.07,23290.43,23296.57,1903.0,44333372.71
2025-09-03 03:30:00,23296.42,23302.56,23271.22,23295.74,2463.0,57377407.620000005
2025-09-03 04:00:00,23295.75,23306.12,23291.01,23305.31,1338.0,31182504.78
2025-09-03 04:30:00,23305.43,23307.13,23296.2,23302.84,997.0,23232931.48
2025-09-03 05:00:00,23302.97,23308.04,23283.15,23289.88,2051.0,47767543.88
2025-09-03 05:30:00,23289.82,23302.52,23278.71,23288.29,2306.0,53702796.74
2025-09-03 06:00:00,23287.91,23326.72,23280.17,23325.33,3228.0,75294165.24000001
2025-09-03 06:30:00,23325.33,23335.59,23306.88,23314.79,3105.0,72392422.95
2025-09-03 07:00:00,23314.99,23332.39,23290.81,23325.94,6399.0,149262690.06
2025-09-03 07:30:00,23325.76,23352.76,23315.19,23346.3,4143.0,96723720.89999999
2025-09-03 08:00:00,23346.46,23401.43,23340.18,23389.77,5273.0,123334257.21000001
2025-09-03 08:30:00,23389.49,23390.74,23369.19,23389.03,3874.0,90609102.22
2025-09-03 09:00:00,23389.2,23399.93,23369.03,23396.7,2667.0,62398998.9
2025-09-03 09:30:00,23396.76,23414.43,23387.32,23408.28,2629.0,61540368.12
2025-09-03 10:00:00,23408.02,23411.93,23393.54,23410.26,2471.0,57846752.45999999
2025-09-03 10:30:00,23410.45,23418.17,23398.58,23411.43,2708.0,63398152.44
2025-09-03 11:00:00,23411.43,23428.43,23394.02,23394.24,3404.0,79633992.96000001
2025-09-03 11:30:00,23394.42,23420.49,23378.54,23386.23,4561.0,106664595.03
2025-09-03 12:00:00,23386.27,23418.12,23386.27,23406.68,4713.0,110315682.84
2025-09-03 12:30:00,23406.49,23407.51,23370.28,23393.03,6504.0,152148267.12
2025-09-03 13:00:00,23392.76,23427.19,23385.15,23394.26,6209.0,145254960.34
2025-09-03 13:30:00,23394.05,23408.03,23340.62,23352.49,59318.0,1385223001.8200002
2025-09-03 14:00:00,23351.48,23442.03,23343.05,23403.36,37426.0,875894151.36
2025-09-03 14:30:00,23403.5,23495.65,23402.37,23479.43,17924.0,420845303.32
2025-09-03 15:00:00,23479.65,23486.71,23390.81,23394.48,15262.0,357046553.76
2025-09-03 15:30:00,23394.69,23417.23,23373.14,23385.94,16409.0,383739889.46
2025-09-03 16:00:00,23385.76,23433.9,23372.47,23403.43,12821.0,300055376.03000003
2025-09-03 16:30:00,23403.69,23408.63,23361.94,23380.7,12817.0,299670431.90000004
2025-09-03 17:00:00,23380.93,23431.66,23379.82,23396.46,9909.0,231835522.14
2025-09-03 17:30:00,23396.26,23404.7,23316.79,23335.01,15004.0,350118490.03999996
2025-09-03 18:00:00,23335.19,23335.89,23301.03,23319.52,18216.0,424788376.32
2025-09-03 18:30:00,23319.26,23327.96,23289.22,23312.7,12966.0,302272468.2
2025-09-03 19:00:00,23312.68,23331.23,23301.24,23324.15,8330.0,194290169.5
2025-09-03 19:30:00,23324.24,23424.78,23323.3,23421.29,12075.0,282812076.75
2025-09-03 20:00:00,23421.53,23438.46,23417.75,23434.95,4658.0,109159997.10000001
2025-09-03 20:30:00,23435.01,23441.02,23421.54,23424.88,1338.0,31342489.44
2025-09-03 22:00:00,23430.43,23430.69,23412.01,23412.47,2241.0,52467345.27
2025-09-03 22:30:00,23412.54,23417.1,23408.13,23408.23,925.0,21652612.75
2025-09-03 23:00:00,23408.43,23430.11,23408.43,23420.35,1120.0,26230792.0
2025-09-03 23:30:00,23420.24,23421.51,23406.27,23411.87,1121.0,26244706.27
2025-09-04 00:00:00,23411.62,23488.42,23405.29,23470.87,4439.0,104187191.92999999
2025-09-04 00:30:00,23470.62,23483.61,23466.24,23475.16,3048.0,71552287.67999999
2025-09-04 01:00:00,23475.24,23482.43,23463.85,23467.01,2868.0,67303384.67999999
2025-09-04 01:30:00,23466.8,23474.89,23458.77,23471.32,2470.0,57974160.4
2025-09-04 02:00:00,23471.51,23505.47,23471.51,23471.82,2685.0,63021836.699999996
2025-09-04 02:30:00,23471.55,23480.84,23449.09,23455.3,2396.0,56198898.8
2025-09-04 03:00:00,23455.11,23458.28,23442.18,23444.05,2203.0,51647242.15
2025-09-04 03:30:00,23444.03,23446.45,23432.89,23442.54,1656.0,38820846.24
2025-09-04 04:00:00,23442.98,23468.48,23442.98,23465.83,1715.0,40243898.45
2025-09-04 04:30:00,23465.71,23467.27,23458.69,23463.5,1190.0,27921565.0
2025-09-04 05:00:00,23463.48,23475.7,23438.46,23444.87,2191.0,51367710.169999994
2025-09-04 05:30:00,23445.04,23453.4,23434.04,23442.38,2110.0,49463421.800000004
2025-09-04 06:00:00,23442.29,23454.81,23434.38,23439.78,3158.0,74022825.24
2025-09-04 06:30:00,23440.13,23455.81,23426.85,23427.45,2771.0,64917463.95
2025-09-04 07:00:00,23427.75,23470.98,23424.9,23453.04,5830.0,136731223.20000002
2025-09-04 07:30:00,23453.02,23479.23,23447.91,23461.92,3095.0,72614642.39999999
2025-09-04 08:00:00,23462.1,23480.29,23450.72,23480.19,3905.0,91690141.94999999
2025-09-04 08:30:00,23480.08,23483.11,23466.92,23470.75,2250.0,52809187.5
2025-09-04 09:00:00,23471.04,23480.37,23465.81,23472.96,1816.0,42626895.36
2025-09-04 09:30:00,23472.88,23491.3,23471.98,23489.57,1635.0,38405446.95
2025-09-04 10:00:00,23489.61,23508.06,23476.83,23478.28,2978.0,69918317.84
2025-09-04 10:30:00,23478.12,23493.79,23477.33,23483.0,1997.0,46895551.0
2025-09-04 11:00:00,23482.68,23494.36,23467.86,23472.54,2620.0,61498054.800000004
2025-09-04 11:30:00,23472.77,23482.32,23454.3,23470.44,3330.0,78156565.2
2025-09-04 12:00:00,23470.57,23495.11,23455.91,23468.35,5001.0,117365218.35
2025-09-04 12:30:00,23469.48,23478.95,23443.56,23458.75,5782.0,135638492.5
2025-09-04 13:00:00,23458.77,23460.05,23434.32,23455.42,4984.0,116901813.27999999
2025-09-04 13:30:00,23455.05,23521.32,23431.41,23454.25,46545.0,1091678066.25
2025-09-04 14:00:00,23455.27,23469.08,23384.42,23456.46,34179.0,801718346.3399999
2025-09-04 14:30:00,23456.22,23503.85,23454.69,23495.46,16393.0,385161075.78
2025-09-04 15:00:00,23495.66,23529.94,23466.71,23520.01,11722.0,275701557.21999997
2025-09-04 15:30:00,23520.15,23528.39,23491.72,23512.9,9947.0,233882816.3
2025-09-04 16:00:00,23512.71,23527.42,23486.53,23494.39,8226.0,193264852.14
2025-09-04 16:30:00,23494.19,23538.65,23489.71,23511.89,7809.0,183604349.01
2025-09-04 17:00:00,23512.14,23553.43,23510.46,23549.25,6352.0,149584836.0
2025-09-04 17:30:00,23548.97,23579.07,23540.0,23557.14,5399.0,127184998.86
2025-09-04 18:00:00,23557.13,23580.25,23556.47,23571.47,4222.0,99518746.34
2025-09-04 18:30:00,23571.47,23597.91,23568.17,23593.93,4028.0,95036350.04
2025-09-04 19:00:00,23593.73,23616.71,23589.94,23602.94,4687.0,110626979.78
2025-09-04 19:30:00,23602.74,23653.6,23596.0,23638.96,8187.0,193532165.51999998
2025-09-04 20:00:00,23639.15,23681.7,23632.4,23665.29,7776.0,184021295.04000002
2025-09-04 20:30:00,23664.96,23669.28,23657.04,23657.46,2058.0,48687052.68
2025-09-04 22:00:00,23677.7,23687.24,23670.5,23673.75,2234.0,52887157.5
2025-09-04 22:30:00,23673.81,23684.52,23665.98,23681.17,1122.0,26570272.74
2025-09-04 23:00:00,23681.18,23689.92,23679.95,23686.39,962.0,22786307.18
2025-09-04 23:30:00,23686.61,23689.04,23678.82,23680.42,1230.0,29126916.599999998
2025-09-05 00:00:00,23680.43,23701.83,23676.43,23700.34,2366.0,56075004.44
2025-09-05 00:30:00,23700.15,23705.4,23694.49,23703.32,1383.0,32781691.56
2025-09-05 01:00:00,23703.33,23713.38,23701.42,23707.45,1302.0,30867099.900000002
2025-09-05 01:30:00,23707.62,23710.14,23698.72,23708.93,1003.0,23780056.79
2025-09-05 02:00:00,23708.85,23709.05,23694.67,23695.09,925.0,21917958.25
2025-09-05 02:30:00,23695.3,23715.91,23692.37,23710.87,887.0,21031541.689999998
2025-09-05 03:00:00,23710.74,23712.23,23703.07,23709.42,817.0,19370596.139999997
2025-09-05 03:30:00,23709.38,23716.43,23704.67,23715.42,708.0,16790517.36
2025-09-05 04:00:00,23715.69,23724.02,23714.45,23719.32,786.0,18643385.52
2025-09-05 04:30:00,23719.21,23725.24,23718.43,23719.19,622.0,14753336.18
2025-09-05 05:00:00,23719.4,23729.93,23714.94,23727.2,839.0,19907120.8
2025-09-05 05:30:00,23727.25,23743.43,23727.25,23734.46,1290.0,30617453.4
2025-09-05 06:00:00,23734.51,23760.51,23732.53,23758.76,2089.0,49632049.63999999
2025-09-05 06:30:00,23758.51,23761.2,23745.68,23745.88,1416.0,33624166.08
2025-09-05 07:00:00,23745.74,23749.49,23716.95,23727.13,3874.0,91918901.62
2025-09-05 07:30:00,23727.37,23736.81,23722.11,23730.03,2328.0,55243509.839999996
2025-09-05 08:00:00,23729.82,23751.51,23722.44,23750.57,2513.0,59685182.41
2025-09-05 08:30:00,23750.34,23760.68,23743.78,23760.67,1572.0,37351773.239999995
2025-09-05 09:00:00,23760.76,23764.94,23751.21,23757.87,1716.0,40768504.92
2025-09-05 09:30:00,23757.95,23762.77,23753.28,23758.0,1347.0,32002026.0
2025-09-05 10:00:00,23757.75,23761.09,23748.0,23757.99,1516.0,36017112.84
2025-09-05 10:30:00,23757.79,23762.68,23750.23,23750.23,1269.0,30139041.87
2025-09-05 11:00:00,23749.99,23773.19,23748.06,23769.81,1812.0,43070895.72
2025-09-05 11:30:00,23769.78,23769.96,23742.04,23742.8,2300.0,54608440.0
2025-09-05 12:00:00,23742.95,23767.52,23742.95,23751.94,5271.0,125196475.74
2025-09-05 12:30:00,23752.53,23847.19,23700.63,23846.48,26958.0,642853407.84
2025-09-05 13:00:00,23846.69,23870.12,23843.28,23848.24,9505.0,226677521.20000002
2025-09-05 13:30:00,23848.02,23875.82,23796.34,23826.05,74995.0,1786834619.75
2025-09-05 14:00:00,23825.87,23826.74,23602.57,23627.84,66848.0,1579473848.32
2025-09-05 14:30:00,23627.62,23638.74,23520.15,23523.09,65680.0,1544996551.2
2025-09-05 15:00:00,23522.86,23611.74,23480.56,23608.06,46826.0,1105471017.56
2025-09-05 15:30:00,23608.28,23643.81,23579.12,23593.51,26747.0,631055611.9699999
2025-09-05 16:00:00,23593.78,23633.53,23570.56,23595.84,27141.0,640414693.44
2025-09-05 16:30:00,23596.05,23629.89,23571.54,23628.81,21945.0,518534235.45000005
2025-09-05 17:00:00,23629.05,23637.58,23578.4,23609.34,19940.0,470770239.6
2025-09-05 17:30:00,23609.52,23618.58,23561.33,23589.07,19186.0,452579897.02
2025-09-05 18:00:00,23589.28,23629.81,23576.6,23616.6,12909.0,304866689.4
2025-09-05 18:30:00,23616.63,23636.89,23605.86,23631.26,9443.0,223149988.17999998
2025-09-05 19:00:00,23631.37,23666.33,23615.56,23657.09,9777.0,231295368.93
2025-09-05 19:30:00,23657.13,23667.75,23618.68,23665.8,17211.0,407312083.8
2025-09-05 20:00:00,23665.6,23670.11,23641.06,23649.02,3427.0,81045191.54
2025-09-05 20:30:00,23648.89,23655.35,23641.68,23647.28,1135.0,26839662.799999997
2025-09-07 22:00:00,23668.39,23682.69,23632.98,23680.02,4278.0,101303125.56
2025-09-07 22:30:00,23680.24,23729.09,23680.14,23722.31,3396.0,80560964.76
2025-09-07 23:00:00,23722.45,23763.45,23722.45,23750.47,2688.0,63841263.36
2025-09-07 23:30:00,23750.4,23765.7,23749.85,23759.54,3447.0,81899134.38000001
2025-09-08 00:00:00,23759.7,23773.48,23748.03,23766.56,3938.0,93592713.28
2025-09-08 00:30:00,23766.82,23769.67,23746.28,23746.53,1822.0,43266177.66
2025-09-08 01:00:00,23746.49,23753.45,23739.09,23745.22,2247.0,53355509.34
2025-09-08 01:30:00,23745.13,23761.41,23743.35,23749.94,1989.0,47238630.66
2025-09-08 02:00:00,23750.25,23752.87,23716.49,23721.95,2144.0,50859860.800000004
2025-09-08 02:30:00,23722.17,23727.25,23720.56,23723.3,1418.0,33639639.4
2025-09-08 03:00:00,23723.38,23744.78,23723.38,23738.88,1566.0,37175086.08
2025-09-08 03:30:00,23739.04,23744.06,23729.4,23737.1,1586.0,37647040.599999994
2025-09-08 04:00:00,23737.05,23737.98,23717.4,23728.34,1424.0,33789156.160000004
2025-09-08 04:30:00,23728.36,23732.62,23709.54,23716.21,1472.0,34910261.12
2025-09-08 05:00:00,23716.26,23733.27,23713.9,23724.09,1634.0,38765163.06
2025-09-08 05:30:00,23724.32,23726.48,23708.35,23714.45,1873.0,44417164.85
2025-09-08 06:00:00,23714.36,23745.06,23712.73,23739.07,3599.0,85436912.92999999
2025-09-08 06:30:00,23738.86,23740.51,23727.09,23735.54,2342.0,55588634.68
2025-09-08 07:00:00,23735.75,23764.33,23733.36,23746.79,4730.0,112322316.7
2025-09-08 07:30:00,23746.79,23765.08,23735.78,23736.89,3291.0,78118104.99
2025-09-08 08:00:00,23737.07,23749.52,23724.83,23742.27,3898.0,92547368.46000001
2025-09-08 08:30:00,23742.12,23752.33,23738.05,23748.37,2204.0,52341407.48
2025-09-08 09:00:00,23748.41,23753.0,23738.57,23746.18,1916.0,45497680.88
2025-09-08 09:30:00,23746.14,23767.66,23743.33,23763.49,1837.0,43653531.13
2025-09-08 10:00:00,23763.43,23770.53,23756.94,23762.55,1875.0,44554781.25
2025-09-08 10:30:00,23762.71,23772.24,23751.82,23754.24,1820.0,43232716.800000004
2025-09-08 11:00:00,23754.01,23763.76,23747.97,23759.51,2253.0,53530176.029999994
2025-09-08 11:30:00,23759.69,23764.18,23743.52,23744.93,2028.0,48154718.04
2025-09-08 12:00:00,23745.12,23750.67,23726.49,23736.47,3507.0,83243800.29
2025-09-08 12:30:00,23736.24,23761.48,23735.46,23760.68,3379.0,80287337.72
2025-09-08 13:00:00,23760.95,23776.98,23749.74,23765.79,3990.0,94825502.10000001
2025-09-08 13:30:00,23766.03,23858.75,23754.53,23828.78,55524.0,1323069180.72
2025-09-08 14:00:00,23828.6,23851.73,23788.86,23845.29,31662.0,754989571.98
2025-09-08 14:30:00,23845.1,23869.2,23833.85,23842.31,16604.0,395877715.24
2025-09-08 15:00:00,23842.11,23863.07,23827.56,23859.74,14051.0,335253206.74
2025-09-08 15:30:00,23859.57,23866.82,23813.51,23856.2,12187.0,290735509.40000004
2025-09-08 16:00:00,23856.31,23857.0,23805.14,23815.06,11854.0,282303721.24
2025-09-08 16:30:00,23815.01,23821.3,23774.25,23796.06,12952.0,308206569.12
2025-09-08 17:00:00,23795.83,23801.33,23769.81,23789.23,10751.0,255758011.73
2025-09-08 17:30:00,23789.31,23796.08,23747.07,23766.28,11012.0,261714275.35999998
2025-09-08 18:00:00,23766.48,23802.33,23756.61,23795.5,9620.0,228912710.0
2025-09-08 18:30:00,23795.58,23799.31,23770.64,23776.37,7178.0,170666783.85999998
2025-09-08 19:00:00,23776.54,23779.19,23743.26,23753.26,10286.0,244326032.35999998
2025-09-08 19:30:00,23753.47,23794.43,23753.47,23785.36,13650.0,324670164.0
2025-09-08 20:00:00,23785.53,23793.59,23777.1,23785.02,2770.0,65884505.4
2025-09-08 20:30:00,23784.86,23786.59,23775.85,23780.78,871.0,20713059.38
2025-09-08 22:00:00,23785.98,23807.5,23785.31,23802.13,1549.0,36869499.370000005
2025-09-08 22:30:00,23802.14,23814.97,23801.74,23811.68,1034.0,24621277.12
2025-09-08 23:00:00,23811.98,23816.3,23802.34,23805.05,888.0,21138884.4
2025-09-08 23:30:00,23805.1,23807.46,23790.61,23793.92,1182.0,28124413.439999998
2025-09-09 00:00:00,23794.23,23812.89,23789.91,23800.19,2188.0,52074815.72
2025-09-09 00:30:00,23800.04,23801.68,23791.97,23793.5,1344.0,31978464.0
2025-09-09 01:00:00,23793.74,23798.3,23778.32,23784.6,1539.0,36604499.4
2025-09-09 01:30:00,23784.36,23805.31,23781.61,23800.73,1708.0,40651646.839999996
2025-09-09 02:00:00,23800.99,23821.91,23800.99,23819.82,1263.0,30084432.66
2025-09-09 02:30:00,23819.56,23834.31,23812.48,23814.92,1525.0,36317753.0
2025-09-09 03:00:00,23814.95,23825.48,23814.09,23824.2,1221.0,29089348.2
2025-09-09 03:30:00,23824.18,23829.47,23823.45,23826.35,1083.0,25803937.049999997
2025-09-09 04:00:00,23826.56,23827.77,23820.62,23822.06,788.0,18771783.28
2025-09-09 04:30:00,23821.74,23827.35,23817.92,23825.18,662.0,15772269.16
2025-09-09 05:00:00,23824.87,23824.87,23802.41,23806.11,1887.0,44922129.57
2025-09-09 05:30:00,23806.08,23829.32,23806.08,23821.85,1576.0,37543235.599999994
2025-09-09 06:00:00,23822.08,23841.87,23817.92,23836.21,2429.0,57898154.089999996
2025-09-09 06:30:00,23836.01,23842.74,23829.19,23837.39,2137.0,50940502.43
2025-09-09 07:00:00,23837.59,23858.12,23834.06,23854.75,2771.0,66101512.25
2025-09-09 07:30:00,23854.73,23872.51,23839.28,23845.13,2966.0,70724655.58
2025-09-09 08:00:00,23844.97,23846.89,23826.41,23840.33,4213.0,100439310.29
2025-09-09 08:30:00,23840.15,23846.32,23824.96,23833.89,3300.0,78651837.0
2025-09-09 09:00:00,23834.26,23845.9,23827.01,23838.26,2571.0,61288166.45999999
2025-09-09 09:30:00,23838.62,23846.72,23833.15,23835.23,2348.0,55965120.04
2025-09-09 10:00:00,23835.12,23847.02,23832.89,23837.72,1566.0,37329869.52
2025-09-09 10:30:00,23837.92,23850.18,23828.94,23836.09,2420.0,57683337.8
2025-09-09 11:00:00,23836.32,23836.43,23802.89,23812.17,3276.0,78008668.91999999
2025-09-09 11:30:00,23812.0,23843.94,23811.73,23840.42,2755.0,65680357.099999994
2025-09-09 12:00:00,23840.23,23847.72,23829.54,23842.67,2756.0,65710398.519999996
2025-09-09 12:30:00,23842.61,23842.61,23824.97,23830.14,4039.0,96249935.46
2025-09-09 13:00:00,23830.22,23831.08,23791.24,23825.3,9958.0,237252337.4
2025-09-09 13:30:00,23825.51,23848.13,23791.19,23805.06,46893.0,1116290678.5800002
2025-09-09 14:00:00,23805.3,23841.36,23772.58,23801.32,39932.0,950434310.24
2025-09-09 14:30:00,23801.12,23803.0,23718.38,23774.4,32825.0,780394680.0
2025-09-09 15:00:00,23774.31,23791.25,23740.59,23772.39,19320.0,459282574.8
2025-09-09 15:30:00,23772.3,23800.63,23742.3,23772.86,16535.0,393084240.1
2025-09-09 16:00:00,23772.63,23821.77,23770.08,23806.39,13538.0,322290907.82
2025-09-09 16:30:00,23806.17,23819.79,23795.56,23811.3,9753.0,232231608.9
2025-09-09 17:00:00,23811.39,23845.32,23811.3,23828.99,10637.0,253468966.63000003
2025-09-09 17:30:00,23829.16,23835.39,23813.56,23825.66,10734.0,255744634.44
2025-09-09 18:00:00,23825.87,23835.41,23811.17,23821.88,10611.0,252773968.68
2025-09-09 18:30:00,23822.05,23837.86,23812.3,23833.17,7879.0,187781546.42999998
2025-09-09 19:00:00,23833.34,23850.07,23825.58,23845.3,7239.0,172616126.7
2025-09-09 19:30:00,23845.39,23877.18,23824.63,23856.3,11555.0,275659546.5
2025-09-09 20:00:00,23856.39,23893.27,23837.17,23887.74,5752.0,137402280.48000002
2025-09-09 20:30:00,23887.96,23907.88,23874.06,23879.01,3277.0,78251515.77
2025-09-09 22:00:00,23898.09,23903.94,23882.68,23889.41,2133.0,50956111.53
2025-09-09 22:30:00,23889.29,23897.05,23885.81,23888.5,1232.0,29430632.0
2025-09-09 23:00:00,23888.42,23890.24,23867.16,23869.76,1667.0,39790889.919999994
2025-09-09 23:30:00,23869.69,23883.91,23867.02,23878.65,1432.0,34194226.800000004
2025-09-10 00:00:00,23878.35,23891.78,23874.21,23889.07,1760.0,42044763.2
2025-09-10 00:30:00,23888.99,23891.36,23874.07,23877.57,1303.0,31112473.71
2025-09-10 01:00:00,23877.74,23890.71,23870.36,23889.78,1511.0,36097457.58
2025-09-10 01:30:00,23889.72,23898.39,23885.81,23895.32,1631.0,38973266.92
2025-09-10 02:00:00,23895.48,23898.88,23890.05,23897.51,1349.0,32237740.99
2025-09-10 02:30:00,23897.7,23909.2,23896.0,23903.84,1156.0,27632839.04
2025-09-10 03:00:00,23903.9,23908.83,23903.38,23905.67,720.0,17212082.4
2025-09-10 03:30:00,23905.7,23910.93,23904.61,23909.68,719.0,17191059.92
2025-09-10 04:00:00,23909.86,23914.55,23909.4,23911.39,670.0,16020631.299999999
2025-09-10 04:30:00,23911.44,23916.86,23909.85,23914.42,709.0,16955323.779999997
2025-09-10 05:00:00,23914.33,23915.15,23904.64,23912.42,1369.0,32736102.979999997
2025-09-10 05:30:00,23912.59,23920.8,23905.91,23911.46,1331.0,31826153.259999998
2025-09-10 06:00:00,23911.76,23931.08,23907.23,23929.22,1905.0,45585164.1
2025-09-10 06:30:00,23929.14,23940.64,23924.4,23936.14,1972.0,47202068.08
2025-09-10 07:00:00,23936.12,23946.0,23929.49,23936.56,2593.0,62067500.080000006
2025-09-10 07:30:00,23936.48,23941.08,23929.6,23931.54,2342.0,56047666.68
2025-09-10 08:00:00,23931.73,23934.12,23901.82,23902.83,2665.0,63701041.95
2025-09-10 08:30:00,23903.01,23904.54,23879.83,23887.51,3126.0,74672356.25999999
2025-09-10 09:00:00,23887.43,23892.44,23874.01,23880.24,2662.0,63569198.88
2025-09-10 09:30:00,23880.38,23901.67,23877.64,23900.51,1784.0,42638509.839999996
2025-09-10 10:00:00,23900.6,23912.03,23895.54,23911.05,1661.0,39716254.05
2025-09-10 10:30:00,23910.98,23918.24,23908.61,23916.16,1535.0,36711305.6
2025-09-10 11:00:00,23916.23,23926.99,23914.31,23919.55,1855.0,44370765.25
2025-09-10 11:30:00,23919.5,23948.91,23919.5,23940.6,2156.0,51615933.599999994
2025-09-10 12:00:00,23940.34,23956.02,23926.69,23932.24,3252.0,77827644.48
2025-09-10 12:30:00,23930.84,24034.12,23927.89,23994.98,16634.0,399132497.32
2025-09-10 13:00:00,23995.19,24005.71,23969.36,23990.48,6530.0,156657834.4
2025-09-10 13:30:00,23990.29,23991.61,23892.03,23921.58,67368.0,1611549001.44
2025-09-10 14:00:00,23921.78,23976.61,23915.93,23955.56,31619.0,757450851.64
2025-09-10 14:30:00,23955.36,23981.48,23949.06,23957.84,21211.0,508169744.24
2025-09-10 15:00:00,23958.06,23970.11,23914.65,23934.52,19554.0,468015604.08
2025-09-10 15:30:00,23934.75,23960.89,23914.88,23941.62,12840.0,307410400.8
2025-09-10 16:00:00,23941.81,23942.14,23896.34,23908.57,13296.0,317888346.71999997
2025-09-10 16:30:00,23908.38,23921.63,23890.09,23919.43,10203.0,244049944.29
2025-09-10 17:00:00,23919.33,23935.03,23871.57,23879.89,11081.0,264613061.09
2025-09-10 17:30:00,23880.08,23904.64,23873.59,23893.36,10801.0,258072181.36
2025-09-10 18:00:00,23893.14,23895.3,23841.4,23854.74,12078.0,288117549.72
2025-09-10 18:30:00,23854.65,23876.22,23832.79,23857.58,13255.0,316232222.90000004
2025-09-10 19:00:00,23857.8,23861.87,23782.88,23805.38,16415.0,390765312.7
2025-09-10 19:30:00,23805.56,23886.65,23804.08,23869.21,18913.0,451438368.72999996
2025-09-10 20:00:00,23869.41,23878.86,23859.47,23868.0,3477.0,82989036.0
2025-09-10 20:30:00,23867.93,23868.39,23851.53,23852.52,1114.0,26571707.28
2025-09-10 22:00:00,23853.62,23875.93,23853.62,23870.71,1956.0,46691108.76
2025-09-10 22:30:00,23870.69,23905.03,23870.69,23893.73,1614.0,38564480.22
2025-09-10 23:00:00,23893.71,23910.33,23889.06,23897.3,1639.0,39167674.699999996
2025-09-10 23:30:00,23897.52,23900.07,23889.08,23897.61,1342.0,32070592.62
2025-09-11 00:00:00,23897.54,23901.99,23868.48,23881.52,2626.0,62712871.52
2025-09-11 00:30:00,23881.38,23909.53,23878.63,23901.0,1781.0,42567681.0
2025-09-11 01:00:00,23900.98,23908.78,23896.18,23907.86,1717.0,41049795.62
2025-09-11 01:30:00,23907.85,23912.98,23900.13,23904.41,1574.0,37625541.339999996
2025-09-11 02:00:00,23904.15,23908.22,23896.91,23907.22,1260.0,30123097.200000003
2025-09-11 02:30:00,23907.31,23912.71,23897.75,23904.79,1068.0,25530315.720000003
2025-09-11 03:00:00,23904.67,23911.59,23902.02,23910.71,775.0,18530800.25
2025-09-11 03:30:00,23910.65,23915.37,23905.77,23910.36,811.0,19391301.96
2025-09-11 04:00:00,23910.2,23911.95,23879.21,23884.39,1580.0,37737336.199999996
2025-09-11 04:30:00,23884.6,23885.72,23874.68,23876.35,1498.0,35766772.3
2025-09-11 05:00:00,23876.57,23890.11,23868.32,23886.19,2305.0,55057667.949999996
2025-09-11 05:30:00,23886.12,23892.86,23878.89,23881.73,1735.0,41434801.55
2025-09-11 06:00:00,23881.53,23902.03,23874.9,23900.41,2284.0,54588536.44
2025-09-11 06:30:00,23900.2,23916.87,23898.91,23911.67,1952.0,46675579.839999996
2025-09-11 07:00:00,23911.58,23920.1,23903.07,23908.13,3657.0,87432031.41
2025-09-11 07:30:00,23908.04,23931.66,23905.36,23927.53,2341.0,56014347.73
2025-09-11 08:00:00,23927.6,23938.24,23919.4,23921.97,2470.0,59087265.900000006
2025-09-11 08:30:00,23922.08,23924.79,23913.93,23918.84,1903.0,45517552.52
2025-09-11 09:00:00,23919.04,23926.09,23917.04,23921.78,1500.0,35882670.0
2025-09-11 09:30:00,23921.74,23921.82,23904.82,23916.86,1582.0,37836472.52
2025-09-11 10:00:00,23916.6,23935.61,23914.65,23934.08,1891.0,45259345.28
2025-09-11 10:30:00,23934.11,23946.24,23932.07,23942.29,1592.0,38116125.68
2025-09-11 11:00:00,23942.53,23946.3,23935.83,23939.61,1606.0,38447013.660000004
2025-09-11 11:30:00,23939.55,23951.82,23936.41,23942.86,2043.0,48915262.980000004
2025-09-11 12:00:00,23942.61,23953.05,23927.7,23945.92,4711.0,112809229.11999999
2025-09-11 12:30:00,23946.18,23971.97,23840.44,23956.32,26900.0,644425008.0
2025-09-11 13:00:00,23956.14,23974.3,23936.65,23973.28,9823.0,235489529.44
2025-09-11 13:30:00,23973.53,23993.8,23906.58,23975.79,54281.0,1301429856.99
2025-09-11 14:00:00,23975.65,23999.36,23943.22,23961.44,31495.0,754665552.8
2025-09-11 14:30:00,23961.19,24015.63,23957.45,23998.87,22194.0,532630920.78
2025-09-11 15:00:00,23998.68,24043.18,23996.51,24035.91,16182.0,388949095.62
2025-09-11 15:30:00,24035.69,24042.18,23999.44,24016.63,12181.0,292546570.03000003
2025-09-11 16:00:00,24016.7,24036.91,24014.11,24021.1,8576.0,206004953.6
2025-09-11 16:30:00,24021.19,24029.69,23992.08,24005.86,9035.0,216892945.1
2025-09-11 17:00:00,24005.94,24026.75,23994.5,24011.19,9992.0,239919810.48
2025-09-11 17:30:00,24011.11,24030.57,24001.38,24029.37,9097.0,218595178.89
2025-09-11 18:00:00,24029.6,24032.43,24011.67,24018.09,8565.0,205714940.85
2025-09-11 18:30:00,24018.31,24039.5,24014.1,24030.59,6828.0,164080868.52
2025-09-11 19:00:00,24030.68,24035.19,24018.64,24029.94,6823.0,163956280.62
2025-09-11 19:30:00,24029.85,24040.85,24005.35,24008.63,12250.0,294105717.5
2025-09-11 20:00:00,24008.86,24020.32,24000.73,24008.59,3407.0,81797266.13
2025-09-11 20:30:00,24008.89,24011.56,24001.61,24002.9,1210.0,29043509.0
2025-09-11 22:00:00,24020.53,24024.15,24005.87,24013.06,3103.0,74512525.18
2025-09-11 22:30:00,24013.23,24015.29,24000.27,24012.02,1337.0,32104070.740000002
2025-09-11 23:00:00,24011.96,24022.55,24004.37,24017.42,1017.0,24425716.139999997
2025-09-11 23:30:00,24017.53,24024.22,24015.57,24019.1,1248.0,29975836.799999997
2025-09-12 00:00:00,24018.87,24021.7,24005.34,24017.19,2074.0,49811652.059999995
2025-09-12 00:30:00,24017.1,24018.16,24006.58,24008.32,1495.0,35892438.4
2025-09-12 01:00:00,24008.65,24015.94,24003.13,24007.24,1374.0,32985947.76
2025-09-12 01:30:00,24007.19,24007.96,24000.56,24003.49,1376.0,33028802.240000002
2025-09-12 02:00:00,24003.7,24005.23,23991.31,23993.72,1152.0,27640765.44
2025-09-12 02:30:00,23993.81,24007.27,23991.35,24003.81,1038.0,24915954.78
2025-09-12 03:00:00,24003.91,24005.9,23999.45,24001.08,763.0,18312824.040000003
2025-09-12 03:30:00,24001.29,24008.79,23999.93,24007.95,650.0,15605167.5
2025-09-12 04:00:00,24007.84,24021.18,24007.09,24016.78,898.0,21567068.439999998
2025-09-12 04:30:00,24016.76,24023.83,24015.91,24018.84,626.0,15035793.84
2025-09-12 05:00:00,24019.05,24027.05,24017.58,24026.83,873.0,20975422.59
2025-09-12 05:30:00,24026.51,24038.41,24023.97,24033.52,1040.0,24994860.8
2025-09-12 06:00:00,24033.82,24034.28,24013.19,24017.49,1561.0,37491301.89
2025-09-12 06:30:00,24017.62,24023.79,24006.67,24023.33,1944.0,46701353.52
2025-09-12 07:00:00,24023.15,24031.29,24016.6,24022.98,3636.0,87347555.28
2025-09-12 07:30:00,24022.81,24022.81,24007.02,24011.03,2722.0,65358023.66
2025-09-12 08:00:00,24010.82,24019.23,23969.76,23991.76,4930.0,118279376.8
2025-09-12 08:30:00,23991.56,24003.45,23988.14,24003.26,2245.0,53887318.699999996
2025-09-12 09:00:00,24003.05,24006.04,23997.8,24002.92,1747.0,41933101.239999995
2025-09-12 09:30:00,24002.78,24019.31,23996.59,24011.48,2122.0,50952360.56
2025-09-12 10:00:00,24011.73,24016.99,24006.24,24016.27,1758.0,42220602.660000004
2025-09-12 10:30:00,24016.11,24024.26,24012.79,24023.37,1668.0,40070981.16
2025-09-12 11:00:00,24023.49,24026.32,24010.24,24026.0,1975.0,47451350.0
2025-09-12 11:30:00,24025.81,24048.45,24021.78,24045.52,1771.0,42584615.92
2025-09-12 12:00:00,24045.31,24047.29,24025.61,24037.81,3018.0,72546110.58
2025-09-12 12:30:00,24037.6,24044.94,24015.61,24042.58,5012.0,120501410.96000001
2025-09-12 13:00:00,24042.35,24052.09,24038.57,24040.27,3496.0,84044783.92
2025-09-12 13:30:00,24040.48,24063.77,24002.27,24046.4,40042.0,962865948.8000001
2025-09-12 14:00:00,24042.6,24076.73,24027.4,24071.89,22792.0,548646516.88
2025-09-12 14:30:00,24072.06,24114.64,24064.64,24105.06,14085.0,339519770.1
2025-09-12 15:00:00,24105.14,24110.55,24079.56,24087.14,12821.0,308821221.94
2025-09-12 15:30:00,24087.31,24099.63,24072.8,24091.14,10383.0,250138306.62
2025-09-12 16:00:00,24091.07,24106.64,24072.05,24105.8,8978.0,216421872.4
2025-09-12 16:30:00,24105.63,24122.53,24096.63,24110.57,8511.0,205205061.27
2025-09-12 17:00:00,24110.74,24112.21,24097.73,24101.26,7494.0,180614842.44
2025-09-12 17:30:00,24101.46,24128.97,24091.7,24124.96,7922.0,191117933.12
2025-09-12 18:00:00,24125.02,24128.24,24114.1,24124.16,6526.0,157434268.16
2025-09-12 18:30:00,24124.24,24162.23,24121.67,24157.22,9318.0,225096975.96
2025-09-12 19:00:00,24157.42,24160.71,24122.98,24127.48,7359.0,177554125.32
2025-09-12 19:30:00,24127.66,24135.14,24090.16,24114.15,19396.0,467718053.40000004
2025-09-12 20:00:00,24114.24,24122.87,24101.13,24117.33,3690.0,88992947.7
2025-09-12 20:30:00,24117.23,24120.18,24113.94,24116.4,941.0,22693532.400000002
2025-09-14 22:00:00,24130.23,24140.88,24109.41,24133.0,2682.0,64724706.0
2025-09-14 22:30:00,24133.0,24139.33,24129.43,24135.42,1095.0,26428284.9
2025-09-14 23:00:00,24135.36,24139.47,24121.98,24122.19,1193.0,28777772.669999998
2025-09-14 23:30:00,24122.22,24124.99,24110.86,24121.35,2109.0,50871927.15
2025-09-15 00:00:00,24121.48,24125.78,24102.91,24105.64,2658.0,64072791.12
2025-09-15 00:30:00,24105.8,24123.84,24104.91,24119.69,1782.0,42981287.58
2025-09-15 01:00:00,24119.73,24123.96,24115.58,24123.96,1759.0,42434045.64
2025-09-15 01:30:00,24123.92,24128.08,24118.85,24125.0,1788.0,43135500.0
2025-09-15 02:00:00,24125.0,24134.51,24118.83,24130.75,1660.0,40057045.0
2025-09-15 02:30:00,24130.73,24132.17,24124.09,24129.97,1034.0,24950388.98
2025-09-15 03:00:00,24130.18,24142.77,24128.44,24133.45,1061.0,25605590.45
2025-09-15 03:30:00,24133.27,24140.43,24130.81,24133.77,850.0,20513704.5
2025-09-15 04:00:00,24133.51,24142.01,24132.46,24139.94,753.0,18177374.82
2025-09-15 04:30:00,24140.02,24144.94,24140.0,24143.09,538.0,12988982.42
2025-09-15 05:00:00,24143.2,24144.92,24134.76,24141.29,1056.0,25493202.240000002
2025-09-15 05:30:00,24141.43,24156.66,24138.94,24151.7,1287.0,31083237.900000002
2025-09-15 06:00:00,24151.69,24157.54,24144.83,24147.29,2136.0,51578611.440000005
2025-09-15 06:30:00,24147.08,24163.96,24145.25,24161.25,1719.0,41533188.75
2025-09-15 07:00:00,24161.0,24167.86,24152.97,24158.66,3096.0,74795211.36
2025-09-15 07:30:00,24158.6,24174.41,24152.82,24153.83,2538.0,61302420.54000001
2025-09-15 08:00:00,24153.66,24156.5,24091.59,24112.17,12139.0,292697631.63
2025-09-15 08:30:00,24112.33,24129.77,24094.17,24109.19,5412.0,130478936.27999999
2025-09-15 09:00:00,24109.23,24110.08,24094.08,24106.73,3860.0,93051977.8
2025-09-15 09:30:00,24106.75,24114.39,24104.09,24110.65,3115.0,75104674.75
2025-09-15 10:00:00,24110.7,24137.62,24107.38,24137.34,3022.0,72943041.48
2025-09-15 10:30:00,24137.16,24147.62,24131.27,24142.86,3608.0,87107438.88
2025-09-15 11:00:00,24143.05,24159.27,24141.37,24150.46,3458.0,83512290.67999999
2025-09-15 11:30:00,24150.25,24162.63,24145.37,24158.63,2984.0,72089351.92
2025-09-15 12:00:00,24158.59,24186.86,24156.64,24171.85,6150.0,148656877.5
2025-09-15 12:30:00,24172.01,24186.24,24154.37,24185.91,4636.0,112125878.76
2025-09-15 13:00:00,24186.1,24196.28,24175.93,24191.39,4463.0,107966173.57
2025-09-15 13:30:00,24191.53,24277.42,24186.89,24275.97,34856.0,846163210.32
2025-09-15 14:00:00,24276.17,24280.73,24246.16,24271.0,18768.0,455518128.0
2025-09-15 14:30:00,24270.76,24278.16,24253.99,24277.45,13977.0,339325918.65000004
2025-09-15 15:00:00,24277.79,24284.9,24256.16,24268.66,11706.0,284088933.96
2025-09-15 15:30:00,24268.49,24304.4,24265.19,24295.23,9625.0,233841588.75
2025-09-15 16:00:00,24295.41,24306.23,24281.18,24284.98,9545.0,231800134.1
2025-09-15 16:30:00,24284.77,24302.24,24276.05,24280.5,8306.0,201673833.0
2025-09-15 17:00:00,24280.66,24294.98,24267.91,24268.43,9033.0,219216728.19
2025-09-15 17:30:00,24268.22,24302.8,24264.68,24301.57,7902.0,192031006.14
2025-09-15 18:00:00,24301.36,24305.25,24279.0,24279.09,8170.0,198360165.3
2025-09-15 18:30:00,24279.26,24294.51,24260.79,24286.36,9427.0,228947515.72
2025-09-15 19:00:00,24286.53,24292.5,24276.32,24288.37,8210.0,199407517.7
2025-09-15 19:30:00,24288.14,24329.68,24279.55,24325.98,14308.0,348056121.84
2025-09-15 20:00:00,24325.91,24327.1,24300.43,24304.19,3247.0,78915704.92999999
2025-09-15 20:30:00,24304.26,24317.76,24304.05,24310.97,1212.0,29464895.64
2025-09-15 22:00:00,24308.45,24313.48,24302.26,24305.85,2124.0,51625625.4
2025-09-15 22:30:00,24305.79,24309.3,24300.82,24306.0,822.0,19979532.0
2025-09-15 23:00:00,24306.1,24324.73,24303.79,24322.31,1022.0,24857400.82
2025-09-15 23:30:00,24322.11,24323.06,24313.81,24322.22,964.0,23446620.080000002
2025-09-16 00:00:00,24322.49,24322.8,24310.4,24311.67,1618.0,39336282.059999995
2025-09-16 00:30:00,24311.8,24322.17,24302.88,24320.52,1378.0,33513676.560000002
2025-09-16 01:00:00,24320.72,24331.72,24317.64,24324.48,1230.0,29919110.4
2025-09-16 01:30:00,24324.73,24338.31,24324.73,24332.17,1233.0,30001565.61
2025-09-16 02:00:00,24332.28,24342.28,24330.0,24341.58,929.0,22613327.82
2025-09-16 02:30:00,24341.31,24359.27,24341.31,24347.06,1323.0,32211160.380000003
2025-09-16 03:00:00,24347.28,24357.04,24346.11,24355.42,855.0,20823884.099999998
2025-09-16 03:30:00,24355.43,24363.65,24354.43,24361.09,1022.0,24897033.98
2025-09-16 04:00:00,24361.04,24361.41,24352.88,24356.91,807.0,19656026.37
2025-09-16 04:30:00,24356.83,24360.15,24353.21,24356.34,573.0,13956182.82
2025-09-16 05:00:00,24356.59,24368.92,24353.43,24365.27,1086.0,26460683.22
2025-09-16 05:30:00,24365.22,24377.92,24359.54,24370.7,1020.0,24858114.0
2025-09-16 06:00:00,24370.62,24379.33,24367.97,24370.02,1321.0,32192796.42
2025-09-16 06:30:00,24369.87,24371.47,24361.05,24364.12,1169.0,28481656.279999997
2025-09-16 07:00:00,24364.33,24390.2,24358.34,24386.24,4620.0,112664428.80000001
2025-09-16 07:30:00,24386.12,24393.9,24372.07,24378.48,3116.0,75963343.67999999
2025-09-16 08:00:00,24378.45,24413.79,24377.63,24412.49,4125.0,100701521.25
2025-09-16 08:30:00,24412.73,24423.24,24403.07,24413.63,2402.0,58641539.260000005
2025-09-16 09:00:00,24413.71,24420.1,24403.16,24407.38,2035.0,49669018.300000004
2025-09-16 09:30:00,24407.37,24407.37,24391.85,24401.12,1860.0,45386083.199999996
2025-09-16 10:00:00,24400.9,24405.67,24392.87,24404.09,1708.0,41682185.72
2025-09-16 10:30:00,24404.33,24407.1,24395.6,24401.33,1658.0,40457405.14
2025-09-16 11:00:00,24401.58,24401.87,24375.17,24385.42,2921.0,71229811.82
2025-09-16 11:30:00,24385.21,24388.88,24372.67,24380.17,2455.0,59853317.349999994
2025-09-16 12:00:00,24380.34,24381.86,24362.04,24366.16,2974.0,72464959.84
2025-09-16 12:30:00,24366.49,24382.85,24360.75,24372.03,5283.0,128757434.49
2025-09-16 13:00:00,24371.85,24384.64,24359.81,24362.53,4858.0,118353170.74
2025-09-16 13:30:00,24362.38,24375.01,24302.31,24316.64,37010.0,899958846.4
2025-09-16 14:00:00,24316.44,24338.62,24300.42,24317.14,20702.0,503413432.28
2025-09-16 14:30:00,24317.05,24334.81,24305.24,24316.07,13861.0,337045046.27
2025-09-16 15:00:00,24316.31,24320.09,24289.4,24296.04,12218.0,296849016.72
2025-09-16 15:30:00,24295.88,24303.46,24280.89,24287.14,9667.0,234783782.38
2025-09-16 16:00:00,24287.05,24305.86,24277.64,24304.39,8308.0,201920872.12
2025-09-16 16:30:00,24304.56,24309.75,24285.43,24301.14,7653.0,185976624.42
2025-09-16 17:00:00,24301.05,24322.81,24300.59,24310.05,5931.0,144182906.54999998
2025-09-16 17:30:00,24310.14,24315.39,24299.55,24311.56,6234.0,151558265.04000002
2025-09-16 18:00:00,24311.39,24314.89,24300.04,24307.55,5479.0,133181066.45
2025-09-16 18:30:00,24307.38,24325.74,24304.2,24324.05,5401.0,131374194.05
2025-09-16 19:00:00,24324.14,24335.3,24312.04,24315.25,6477.0,157489874.25
2025-09-16 19:30:00,24315.2,24340.7,24295.53,24303.27,13156.0,319733820.12
2025-09-16 20:00:00,24303.03,24316.91,24299.75,24316.2,2373.0,57702342.6
2025-09-16 20:30:00,24316.11,24320.42,24307.9,24308.37,1013.0,24624378.81
2025-09-16 22:00:00,24309.71,24324.82,24303.85,24323.97,1345.0,32715739.650000002
2025-09-16 22:30:00,24324.36,24329.73,24323.5,24324.15,627.0,15251242.05
2025-09-16 23:00:00,24324.59,24328.16,24315.08,24316.63,554.0,13471413.020000001
2025-09-16 23:30:00,24316.64,24324.44,24315.88,24321.32,662.0,16100713.84
2025-09-17 00:00:00,24321.24,24328.07,24309.6,24318.38,1643.0,39955098.34
2025-09-17 00:30:00,24318.39,24321.68,24310.74,24318.98,1030.0,25048549.4
2025-09-17 01:00:00,24319.05,24325.01,24314.19,24319.12,1140.0,27723796.799999997
2025-09-17 01:30:00,24318.88,24318.88,24307.36,24309.25,1266.0,30775510.5
2025-09-17 02:00:00,24309.24,24311.42,24291.74,24296.66,1119.0,27187962.54
2025-09-17 02:30:00,24296.65,24303.84,24294.54,24302.39,907.0,22042267.73
2025-09-17 03:00:00,24302.59,24304.28,24298.53,24300.8,577.0,14021561.6
2025-09-17 03:30:00,24301.07,24301.41,24295.72,24296.91,630.0,15307053.3
2025-09-17 04:00:00,24297.08,24300.87,24286.6,24290.56,822.0,19966840.32
2025-09-17 04:30:00,24290.57,24300.01,24289.86,24297.34,586.0,14238241.24
2025-09-17 05:00:00,24297.55,24305.25,24280.28,24289.19,1506.0,36579520.14
2025-09-17 05:30:00,24289.1,24298.06,24286.09,24296.69,1154.0,28038380.259999998
2025-09-17 06:00:00,24296.88,24307.78,24288.15,24303.98,1767.0,42945132.66
2025-09-17 06:30:00,24303.74,24312.45,24295.7,24310.6,1345.0,32697756.999999996
2025-09-17 07:00:00,24310.41,24327.68,24303.89,24326.79,2616.0,63638882.64
2025-09-17 07:30:00,24326.59,24331.32,24320.26,24328.73,1936.0,47100421.28
2025-09-17 08:00:00,24328.56,24328.74,24300.08,24306.23,2794.0,67911606.62
2025-09-17 08:30:00,24306.31,24307.23,24235.09,24291.77,11890.0,288829145.3
2025-09-17 09:00:00,24291.91,24304.93,24288.66,24301.62,3295.0,80073837.89999999
2025-09-17 09:30:00,24301.63,24306.96,24285.49,24290.74,2138.0,51933602.120000005
2025-09-17 10:00:00,24290.89,24298.96,24277.77,24280.79,2380.0,57788280.2
2025-09-17 10:30:00,24280.98,24287.44,24269.77,24279.82,3175.0,77088428.5
2025-09-17 11:00:00,24279.96,24295.78,24267.22,24286.55,3123.0,75846895.64999999
2025-09-17 11:30:00,24286.37,24287.47,24266.74,24281.48,2628.0,63811729.44
2025-09-17 12:00:00,24281.74,24298.53,24278.37,24297.14,2617.0,63585615.379999995
2025-09-17 12:30:00,24296.84,24305.78,24288.32,24304.82,2738.0,66546597.16
2025-09-17 13:00:00,24304.82,24311.93,24293.02,24301.13,3010.0,73146401.3
2025-09-17 13:30:00,24301.02,24321.24,24242.87,24258.39,33306.0,807949937.34
2025-09-17 14:00:00,24258.18,24261.3,24217.09,24220.55,20761.0,502842838.55
2025-09-17 14:30:00,24220.64,24240.35,24188.92,24199.13,15140.0,366374828.2
2025-09-17 15:00:00,24199.06,24221.32,24182.94,24191.3,10961.0,265160839.29999998
2025-09-17 15:30:00,24191.39,24202.51,24177.73,24187.3,8870.0,214541351.0
2025-09-17 16:00:00,24187.13,24196.98,24166.52,24195.78,7759.0,187735057.01999998
2025-09-17 16:30:00,24195.61,24195.88,24150.12,24165.55,8681.0,209781139.54999998
2025-09-17 17:00:00,24165.63,24186.11,24164.08,24185.36,6576.0,159042927.36
2025-09-17 17:30:00,24185.56,24235.91,24185.56,24235.91,7734.0,187440527.94
2025-09-17 18:00:00,24235.45,24300.42,24068.64,24218.01,115199.0,2789890533.99
2025-09-17 18:30:00,24218.22,24229.37,24016.89,24167.76,155104.0,3748516247.04
2025-09-17 19:00:00,24167.83,24325.95,24157.35,24304.71,107273.0,2607239155.83
2025-09-17 19:30:00,24304.48,24321.95,24222.13,24253.13,78080.0,1893684390.4
2025-09-17 20:00:00,24253.05,24297.14,24246.37,24281.93,7018.0,170410584.74
2025-09-17 20:30:00,24282.01,24291.18,24260.5,24275.76,2040.0,49522550.4
2025-09-17 22:00:00,24275.99,24309.95,24274.75,24308.41,2083.0,50634418.03
2025-09-17 22:30:00,24308.23,24350.69,24305.66,24345.47,2133.0,51928887.510000005
2025-09-17 23:00:00,24345.31,24355.34,24345.19,24351.72,1608.0,39157565.760000005
2025-09-17 23:30:00,24351.51,24364.43,24346.21,24360.88,1886.0,45944619.68
2025-09-18 00:00:00,24360.97,24361.14,24337.92,24340.75,2307.0,56154110.25
2025-09-18 00:30:00,24340.9,24348.13,24338.92,24342.26,1631.0,39702226.059999995
2025-09-18 01:00:00,24342.52,24371.8,24338.74,24354.62,2118.0,51583085.16
2025-09-18 01:30:00,24354.71,24375.07,24353.17,24370.89,1654.0,40309452.06
2025-09-18 02:00:00,24370.55,24383.59,24364.88,24382.15,1223.0,29819369.450000003
2025-09-18 02:30:00,24382.2,24400.54,24380.69,24398.88,1161.0,28327099.68
2025-09-18 03:00:00,24398.78,24422.41,24397.99,24416.07,1925.0,47000934.75
2025-09-18 03:30:00,24416.08,24420.54,24403.8,24414.04,1280.0,31249971.200000003
2025-09-18 04:00:00,24414.09,24424.17,24408.82,24422.23,1275.0,31138343.25
2025-09-18 04:30:00,24422.44,24431.68,24414.36,24424.35,1287.0,31434138.45
2025-09-18 05:00:00,24424.12,24428.98,24393.12,24395.63,1786.0,43570595.18
2025-09-18 05:30:00,24395.52,24401.31,24389.43,24393.04,1971.0,48078681.84
2025-09-18 06:00:00,24393.09,24394.73,24364.51,24372.08,3338.0,81354003.04
2025-09-18 06:30:00,24371.83,24403.37,24364.1,24402.12,2710.0,66129745.199999996
2025-09-18 07:00:00,24402.37,24430.05,24397.68,24403.17,4121.0,100565463.57
2025-09-18 07:30:00,24403.32,24448.13,24401.57,24441.11,4312.0,105390066.32000001
2025-09-18 08:00:00,24441.12,24473.7,24434.04,24470.6,5123.0,125362883.8
2025-09-18 08:30:00,24470.4,24508.68,24465.79,24504.41,3921.0,96081791.61
2025-09-18 09:00:00,24504.63,24508.96,24485.19,24495.45,3514.0,86077011.3
2025-09-18 09:30:00,24495.38,24508.21,24490.1,24494.01,3118.0,76372323.17999999
2025-09-18 10:00:00,24494.13,24505.89,24483.12,24486.78,2322.0,56858303.16
2025-09-18 10:30:00,24486.54,24486.54,24469.97,24482.68,2650.0,64879102.0
2025-09-18 11:00:00,24482.82,24531.63,24477.48,24518.18,6771.0,166012596.78
2025-09-18 11:30:00,24517.97,24520.95,24492.42,24519.15,5036.0,123478439.4
2025-09-18 12:00:00,24519.35,24539.08,24500.02,24530.39,4240.0,104008853.6
2025-09-18 12:30:00,24529.7,24536.42,24466.19,24466.69,6817.0,166789425.73
2025-09-18 13:00:00,24466.89,24470.43,24427.26,24455.93,10777.0,263561557.61
2025-09-18 13:30:00,24455.71,24489.63,24375.52,24473.94,62132.0,1520614840.08
2025-09-18 14:00:00,24473.76,24564.75,24470.99,24563.56,26272.0,645333848.32
2025-09-18 14:30:00,24563.48,24585.67,24509.48,24511.28,21091.0,516967406.47999996
2025-09-18 15:00:00,24511.47,24592.72,24511.11,24559.54,19574.0,480728435.96000004
2025-09-18 15:30:00,24559.73,24582.76,24504.26,24515.38,16957.0,415707298.66
2025-09-18 16:00:00,24515.06,24552.6,24499.63,24548.65,15945.0,391428224.25
2025-09-18 16:30:00,24548.43,24571.85,24548.13,24566.37,8604.0,211369047.48
2025-09-18 17:00:00,24566.18,24575.19,24541.23,24541.23,10156.0,249240731.88
2025-09-18 17:30:00,24541.39,24544.93,24502.88,24513.63,12594.0,308724656.22
2025-09-18 18:00:00,24513.61,24541.4,24507.19,24517.36,11058.0,271112966.88
2025-09-18 18:30:00,24517.44,24545.65,24506.51,24533.78,9787.0,240112104.85999998
2025-09-18 19:00:00,24533.97,24536.51,24494.54,24499.25,9058.0,221914206.5
2025-09-18 19:30:00,24499.03,24509.13,24474.53,24475.26,16674.0,408100485.23999995
2025-09-18 20:00:00,24475.46,24489.75,24463.31,24488.3,4508.0,110393256.39999999
2025-09-18 20:30:00,24488.22,24500.09,24486.98,24491.77,1178.0,28851305.06
2025-09-18 22:00:00,24497.5,24522.55,24495.57,24521.19,1158.0,28395538.02
2025-09-18 22:30:00,24521.11,24523.24,24492.76,24518.0,1540.0,37757720.0
2025-09-18 23:00:00,24518.18,24521.67,24512.5,24517.07,1144.0,28047528.08
2025-09-18 23:30:00,24517.23,24528.38,24517.0,24520.3,1282.0,31435024.599999998
2025-09-19 00:00:00,24520.07,24529.11,24480.77,24484.62,3232.0,79134291.84
2025-09-19 00:30:00,24484.26,24495.27,24475.42,24491.85,2376.0,58192635.599999994
2025-09-19 01:00:00,24491.62,24496.63,24482.11,24493.4,2195.0,53763013.0
2025-09-19 01:30:00,24493.37,24500.99,24486.58,24497.01,2056.0,50365852.559999995
2025-09-19 02:00:00,24496.94,24503.41,24480.87,24481.64,1783.0,43650764.12
2025-09-19 02:30:00,24481.82,24495.43,24481.82,24492.92,919.0,22508993.479999997
2025-09-19 03:00:00,24492.96,24517.24,24490.8,24514.62,1587.0,38904701.94
2025-09-19 03:30:00,24514.53,24516.73,24485.14,24493.08,3781.0,92608335.48
2025-09-19 04:00:00,24493.27,24495.31,24462.62,24485.89,4306.0,105436242.34
2025-09-19 04:30:00,24485.67,24503.21,24483.13,24500.6,1947.0,47702668.199999996
2025-09-19 05:00:00,24500.8,24503.85,24488.65,24488.65,1627.0,39843033.550000004
2025-09-19 05:30:00,24488.42,24495.13,24477.59,24486.49,2423.0,59330765.27
2025-09-19 06:00:00,24486.3,24496.79,24455.17,24468.46,3369.0,82434241.74
2025-09-19 06:30:00,24468.77,24485.0,24452.58,24453.08,4085.0,99890831.80000001
2025-09-19 07:00:00,24452.9,24472.23,24435.77,24468.48,6248.0,152879063.04
2025-09-19 07:30:00,24468.48,24470.98,24452.16,24466.27,3881.0,94953593.87
2025-09-19 08:00:00,24466.21,24491.48,24461.27,24489.75,3817.0,93477375.75
2025-09-19 08:30:00,24489.95,24495.07,24482.1,24486.24,2170.0,53135140.800000004
2025-09-19 09:00:00,24486.45,24504.07,24483.86,24501.47,2360.0,57823469.2
2025-09-19 09:30:00,24501.54,24510.28,24486.81,24487.52,2752.0,67389655.04
2025-09-19 10:00:00,24487.71,24508.06,24481.33,24503.51,2496.0,61160760.95999999
2025-09-19 10:30:00,24503.56,24512.0,24492.28,24505.21,2361.0,57856800.809999995
2025-09-19 11:00:00,24505.04,24515.79,24493.84,24503.82,2959.0,72506803.38
2025-09-19 11:30:00,24503.58,24518.32,24497.58,24518.32,2179.0,53425419.28
2025-09-19 12:00:00,24518.37,24537.28,24514.13,24533.76,2471.0,60622920.95999999
2025-09-19 12:30:00,24533.93,24536.75,24515.02,24518.47,3782.0,92728853.54
2025-09-19 13:00:00,24518.69,24565.0,24515.39,24551.14,7547.0,185287453.57999998
2025-09-19 13:30:00,24551.38,24595.54,24518.42,24569.82,43637.0,1072153235.34
2025-09-19 14:00:00,24570.05,24587.18,24535.06,24562.64,24194.0,594268512.16
2025-09-19 14:30:00,24562.55,24569.36,24515.88,24544.88,19966.0,490063074.08000004
2025-09-19 15:00:00,24545.05,24559.6,24501.14,24508.64,18746.0,459438965.44
2025-09-19 15:30:00,24508.56,24555.13,24489.7,24552.81,11906.0,292325755.86
2025-09-19 16:00:00,24552.67,24603.23,24551.63,24598.54,9744.0,239688173.76000002
2025-09-19 16:30:00,24598.36,24614.73,24582.58,24601.43,7506.0,184658333.58
2025-09-19 17:00:00,24601.2,24603.89,24576.33,24585.63,6056.0,148890575.28
2025-09-19 17:30:00,24585.39,24608.48,24585.08,24595.86,6090.0,149788787.4
2025-09-19 18:00:00,24596.07,24601.1,24584.34,24590.63,5916.0,145478167.08
2025-09-19 18:30:00,24590.65,24610.55,24587.91,24605.36,5857.0,144113593.52
2025-09-19 19:00:00,24605.14,24636.1,24601.89,24626.63,6690.0,164752154.70000002
2025-09-19 19:30:00,24626.4,24667.64,24615.2,24640.3,14121.0,347945676.3
2025-09-19 20:00:00,24640.13,24659.6,24633.08,24648.96,3800.0,93666048.0
2025-09-19 20:30:00,24648.86,24658.3,24634.74,24635.84,1307.0,32199042.88
2025-09-21 22:00:00,24636.34,24650.49,24611.01,24625.15,2732.0,67275909.8
2025-09-21 22:30:00,24624.85,24642.16,24621.6,24633.75,1567.0,38601086.25
2025-09-21 23:00:00,24633.73,24638.19,24628.28,24634.96,920.0,22664163.2
2025-09-21 23:30:00,24634.98,24636.69,24628.82,24635.03,1004.0,24733570.119999997
2025-09-22 00:00:00,24634.78,24659.4,24630.35,24652.46,2461.0,60669704.059999995
2025-09-22 00:30:00,24652.26,24652.26,24612.24,24615.56,2158.0,53120378.480000004
2025-09-22 01:00:00,24615.74,24635.99,24612.85,24623.01,1880.0,46291258.8
2025-09-22 01:30:00,24623.24,24631.13,24616.24,24629.15,1926.0,47435742.900000006
2025-09-22 02:00:00,24629.01,24636.59,24626.78,24630.51,1455.0,35837392.05
2025-09-22 02:30:00,24630.58,24638.81,24630.08,24636.73,911.0,22444061.03
2025-09-22 03:00:00,24636.38,24643.55,24625.61,24643.43,1187.0,29251751.41
2025-09-22 03:30:00,24643.59,24648.59,24640.18,24642.92,880.0,21685769.599999998
2025-09-22 04:00:00,24642.83,24643.58,24636.4,24637.71,843.0,20769589.529999997
2025-09-22 04:30:00,24637.98,24640.42,24632.88,24636.32,655.0,16136789.6
2025-09-22 05:00:00,24636.41,24645.83,24633.18,24636.09,1117.0,27518512.53
2025-09-22 05:30:00,24635.93,24637.4,24624.91,24625.46,1153.0,28393155.38
2025-09-22 06:00:00,24625.61,24631.41,24606.36,24616.81,2366.0,58243372.46
2025-09-22 06:30:00,24616.66,24621.52,24600.4,24602.22,1851.0,45538709.22
2025-09-22 07:00:00,24602.52,24614.96,24534.65,24544.21,6365.0,156223896.65
2025-09-22 07:30:00,24544.32,24583.88,24543.38,24571.19,4428.0,108801229.32
2025-09-22 08:00:00,24571.39,24610.14,24564.51,24595.49,4877.0,119952204.73
2025-09-22 08:30:00,24595.34,24602.64,24565.65,24567.25,3078.0,75617995.5
2025-09-22 09:00:00,24567.42,24577.75,24545.63,24569.25,4217.0,103608527.25
2025-09-22 09:30:00,24569.23,24571.93,24558.38,24569.46,2714.0,66681514.44
2025-09-22 10:00:00,24569.38,24592.21,24562.19,24584.88,2610.0,64166536.800000004
2025-09-22 10:30:00,24585.14,24591.4,24557.23,24560.44,2565.0,62997528.599999994
2025-09-22 11:00:00,24560.5,24573.47,24553.17,24562.22,3371.0,82799243.62
2025-09-22 11:30:00,24562.22,24574.34,24552.56,24574.03,2700.0,66349881.0
2025-09-22 12:00:00,24574.18,24574.45,24551.75,24555.43,3031.0,74427508.33
2025-09-22 12:30:00,24555.17,24591.17,24551.17,24583.89,3344.0,82208528.16
2025-09-22 13:00:00,24583.69,24607.21,24570.12,24600.95,4153.0,102167745.35000001
2025-09-22 13:30:00,24600.75,24665.75,24600.08,24657.79,29274.0,721832144.46
2025-09-22 14:00:00,24657.71,24690.91,24640.24,24689.27,15351.0,379004983.77
2025-09-22 14:30:00,24689.05,24716.28,24675.7,24711.83,12550.0,310133466.5
2025-09-22 15:00:00,24711.64,24722.89,24689.93,24705.24,9919.0,245051275.56
2025-09-22 15:30:00,24705.48,24710.89,24682.93,24695.68,9218.0,227644778.24
2025-09-22 16:00:00,24695.45,24759.05,24694.64,24756.68,17552.0,434529247.36
2025-09-22 16:30:00,24756.84,24777.78,24754.09,24770.85,11462.0,283923482.7
2025-09-22 17:00:00,24770.63,24776.88,24757.56,24772.64,9601.0,237842116.64
2025-09-22 17:30:00,24772.65,24784.75,24762.08,24773.05,7880.0,195211634.0
2025-09-22 18:00:00,24772.89,24797.87,24770.58,24793.63,7669.0,190142348.47
2025-09-22 18:30:00,24793.8,24802.6,24786.95,24796.54,5711.0,141613039.94
2025-09-22 19:00:00,24796.76,24811.06,24792.6,24801.4,6203.0,153843084.20000002
2025-09-22 19:30:00,24801.15,24803.49,24774.05,24783.13,11052.0,273903152.76
2025-09-22 20:00:00,24783.05,24784.19,24764.65,24772.42,3067.0,75977012.14
2025-09-22 20:30:00,24772.42,24785.34,24771.16,24780.05,1073.0,26588993.65
2025-09-22 22:00:00,24784.02,24788.33,24768.58,24769.11,1539.0,38119660.29
2025-09-22 22:30:00,24769.28,24775.32,24761.33,24774.06,833.0,20636791.98
2025-09-22 23:00:00,24773.86,24780.03,24771.4,24779.63,938.0,23243292.94
2025-09-22 23:30:00,24779.43,24790.67,24777.63,24784.17,823.0,20397371.91
2025-09-23 00:00:00,24784.32,24788.77,24773.43,24775.98,1271.0,31490270.58
2025-09-23 00:30:00,24776.28,24789.97,24775.35,24776.19,975.0,24156785.25
2025-09-23 01:00:00,24776.07,24790.73,24772.37,24788.43,1300.0,32224959.0
2025-09-23 01:30:00,24788.54,24794.03,24779.89,24781.61,1257.0,31150483.77
2025-09-23 02:00:00,24781.53,24791.36,24781.06,24782.78,1046.0,25922787.88
2025-09-23 02:30:00,24782.86,24790.86,24782.29,24785.66,882.0,21860952.12
2025-09-23 03:00:00,24785.47,24792.46,24783.5,24789.0,736.0,18244704.0
2025-09-23 03:30:00,24789.17,24792.61,24787.47,24789.7,505.0,12518798.5
2025-09-23 04:00:00,24789.5,24789.66,24772.22,24775.17,755.0,18705253.349999998
2025-09-23 04:30:00,24775.1,24777.13,24764.67,24774.22,776.0,19224794.720000003
2025-09-23 05:00:00,24774.03,24788.63,24770.9,24785.69,1026.0,25430117.939999998
2025-09-23 05:30:00,24785.46,24801.63,24783.47,24783.51,1152.0,28550603.52
2025-09-23 06:00:00,24783.78,24797.86,24780.73,24792.17,1651.0,40931872.669999994
2025-09-23 06:30:00,24792.21,24801.25,24789.17,24799.53,1182.0,29313044.459999997
2025-09-23 07:00:00,24799.22,24799.57,24767.31,24775.16,3147.0,77967428.52
2025-09-23 07:30:00,24775.12,24793.85,24773.81,24787.11,2379.0,58968534.690000005
2025-09-23 08:00:00,24786.8,24813.05,24785.21,24808.06,2852.0,70752587.12
2025-09-23 08:30:00,24808.28,24808.56,24788.62,24789.79,1906.0,47249339.74
2025-09-23 09:00:00,24789.88,24796.47,24783.31,24790.37,1624.0,40259560.879999995
2025-09-23 09:30:00,24790.41,24800.52,24787.44,24800.47,1299.0,32215810.53
2025-09-23 10:00:00,24800.71,24803.05,24785.74,24786.12,1561.0,38691133.32
2025-09-23 10:30:00,24786.02,24791.91,24774.84,24787.09,1505.0,37304570.45
2025-09-23 11:00:00,24787.29,24788.33,24760.25,24777.96,2402.0,59516659.919999994
2025-09-23 11:30:00,24777.81,24790.58,24773.49,24787.36,1523.0,37751149.28
2025-09-23 12:00:00,24787.41,24797.59,24777.28,24781.84,2073.0,51372754.32
2025-09-23 12:30:00,24782.03,24796.97,24770.65,24796.58,2538.0,62933720.04000001
2025-09-23 13:00:00,24796.23,24797.22,24783.37,24786.86,2804.0,69502355.44
2025-09-23 13:30:00,24787.1,24796.47,24719.89,24727.1,32835.0,811914328.5
2025-09-23 14:00:00,24727.18,24749.18,24716.88,24740.17,22879.0,566030349.43
2025-09-23 14:30:00,24740.36,24761.68,24725.14,24731.44,18254.0,451447705.76
2025-09-23 15:00:00,24731.63,24756.66,24719.5,24745.44,13462.0,333123113.28
2025-09-23 15:30:00,24745.6,24749.66,24716.88,24732.88,12207.0,301914266.16
2025-09-23 16:00:00,24732.69,24741.16,24702.25,24718.38,11419.0,282259181.22
2025-09-23 16:30:00,24718.18,24738.66,24703.51,24715.63,13984.0,345623369.92
2025-09-23 17:00:00,24715.85,24717.35,24653.43,24656.1,15874.0,391390931.4
2025-09-23 17:30:00,24656.19,24667.03,24566.89,24622.06,39764.0,979071593.84
2025-09-23 18:00:00,24622.13,24632.39,24577.68,24600.12,22537.0,554412904.4399999
2025-09-23 18:30:00,24599.92,24622.61,24569.84,24576.3,15424.0,379064851.2
2025-09-23 19:00:00,24576.39,24614.19,24575.08,24588.39,15191.0,373522232.49
2025-09-23 19:30:00,24588.58,24628.58,24588.09,24616.84,16159.0,397783517.56
2025-09-23 20:00:00,24616.63,24641.76,24610.58,24616.2,4061.0,99966388.2
2025-09-23 20:30:00,24616.17,24626.07,24612.69,24621.56,1224.0,30136789.44
2025-09-23 22:00:00,24632.96,24651.85,24631.88,24636.79,1534.0,37792835.86
2025-09-23 22:30:00,24636.96,24647.26,24636.6,24642.97,775.0,19098301.75
2025-09-23 23:00:00,24642.77,24644.86,24635.68,24639.2,841.0,20721567.2
2025-09-23 23:30:00,24639.4,24640.65,24630.68,24631.87,934.0,23006166.58
2025-09-24 00:00:00,24631.72,24632.93,24602.57,24632.42,2692.0,66310474.63999999
2025-09-24 00:30:00,24632.25,24636.24,24620.81,24627.42,1519.0,37409050.98
2025-09-24 01:00:00,24627.24,24628.89,24607.47,24615.65,1886.0,46425115.900000006
2025-09-24 01:30:00,24615.87,24620.38,24607.55,24612.76,1953.0,48068720.279999994
2025-09-24 02:00:00,24612.68,24618.6,24607.22,24618.23,1445.0,35573342.35
2025-09-24 02:30:00,24618.18,24627.03,24615.95,24625.03,1048.0,25807031.439999998
2025-09-24 03:00:00,24625.12,24631.29,24623.79,24626.6,710.0,17484886.0
2025-09-24 03:30:00,24626.54,24629.79,24622.35,24627.11,799.0,19677060.89
2025-09-24 04:00:00,24627.13,24633.08,24625.88,24632.08,770.0,18966701.6
2025-09-24 04:30:00,24632.13,24640.53,24627.62,24639.78,705.0,17371044.9
2025-09-24 05:00:00,24639.78,24647.02,24634.79,24645.33,1070.0,26370503.1
2025-09-24 05:30:00,24645.29,24650.53,24636.78,24650.53,992.0,24453325.759999998
2025-09-24 06:00:00,24650.74,24668.36,24649.29,24654.6,1606.0,39595287.599999994
2025-09-24 06:30:00,24654.37,24683.49,24653.1,24672.32,1582.0,39031610.24
2025-09-24 07:00:00,24672.51,24680.03,24637.53,24638.49,3738.0,92098675.62
2025-09-24 07:30:00,24638.55,24689.17,24638.36,24688.9,3019.0,74535789.10000001
2025-09-24 08:00:00,24689.15,24696.96,24675.56,24675.8,3641.0,89844587.8
2025-09-24 08:30:00,24675.96,24687.73,24675.19,24687.19,2013.0,49695313.47
2025-09-24 09:00:00,24687.25,24698.94,24685.68,24695.7,1959.0,48378876.300000004
2025-09-24 09:30:00,24695.65,24700.95,24687.2,24696.43,1589.0,39242627.27
2025-09-24 10:00:00,24696.51,24702.48,24676.27,24676.89,1774.0,43776802.86
2025-09-24 10:30:00,24676.87,24697.43,24674.91,24695.01,1715.0,42351942.15
2025-09-24 11:00:00,24694.77,24703.26,24689.44,24690.27,2003.0,49454610.81
2025-09-24 11:30:00,24690.02,24696.46,24667.23,24680.27,2516.0,62095559.32
2025-09-24 12:00:00,24680.02,24687.01,24667.22,24671.17,2765.0,68215785.05
2025-09-24 12:30:00,24671.14,24675.01,24660.6,24672.68,3166.0,78113704.88
2025-09-24 13:00:00,24672.44,24679.02,24663.2,24675.67,3318.0,81873873.05999999
2025-09-24 13:30:00,24675.81,24689.76,24575.58,24611.61,39624.0,975210434.64
2025-09-24 14:00:00,24611.53,24631.25,24595.09,24608.84,24076.0,592482431.84
2025-09-24 14:30:00,24608.59,24619.3,24580.39,24583.78,16998.0,417875092.44
2025-09-24 15:00:00,24583.95,24600.58,24568.51,24585.04,14483.0,356065134.32
2025-09-24 15:30:00,24584.83,24585.56,24468.85,24469.55,20390.0,498934124.5
2025-09-24 16:00:00,24469.76,24496.21,24419.92,24489.25,25752.0,630647166.0
2025-09-24 16:30:00,24489.17,24497.63,24471.03,24476.62,15404.0,377037854.47999996
2025-09-24 17:00:00,24476.71,24533.97,24474.78,24523.95,15041.0,368864731.95
2025-09-24 17:30:00,24524.18,24546.27,24493.44,24500.84,12450.0,305035458.0
2025-09-24 18:00:00,24501.01,24507.55,24474.07,24493.83,11300.0,276780279.0
2025-09-24 18:30:00,24493.75,24531.21,24488.38,24529.47,10047.0,246447585.09
2025-09-24 19:00:00,24529.31,24531.84,24504.79,24513.25,9476.0,232287557.0
2025-09-24 19:30:00,24513.49,24539.05,24490.54,24529.32,13355.0,327589068.6
2025-09-24 20:00:00,24529.12,24543.82,24529.03,24534.39,2851.0,69947545.89
2025-09-24 20:30:00,24534.34,24542.46,24531.94,24537.79,851.0,20881659.29
2025-09-24 22:00:00,24543.4,24545.57,24533.21,24536.59,1443.0,35406299.37
2025-09-24 22:30:00,24536.66,24546.48,24536.66,24543.68,661.0,16223372.48
2025-09-24 23:00:00,24543.58,24544.09,24535.45,24537.34,628.0,15409449.52
2025-09-24 23:30:00,24537.43,24550.85,24534.11,24549.72,878.0,21554654.16
2025-09-25 00:00:00,24549.65,24571.41,24546.66,24566.65,2325.0,57117461.25
2025-09-25 00:30:00,24566.82,24572.75,24564.92,24569.93,1279.0,31424940.47
2025-09-25 01:00:00,24569.74,24573.63,24566.84,24572.67,939.0,23073737.13
2025-09-25 01:30:00,24572.87,24586.99,24571.87,24577.29,1176.0,28902893.040000003
2025-09-25 02:00:00,24577.39,24580.67,24570.03,24574.66,909.0,22338365.94
2025-09-25 02:30:00,24574.85,24584.96,24574.59,24583.38,675.0,16593781.5
2025-09-25 03:00:00,24583.49,24583.49,24574.83,24578.27,761.0,18704063.47
2025-09-25 03:30:00,24578.44,24581.52,24576.94,24579.64,690.0,16959951.599999998
2025-09-25 04:00:00,24579.93,24582.36,24566.64,24568.77,1025.0,25182989.25
2025-09-25 04:30:00,24568.68,24569.25,24547.8,24553.33,863.0,21189523.790000003
2025-09-25 05:00:00,24553.47,24555.76,24537.72,24549.26,1509.0,37044833.339999996
2025-09-25 05:30:00,24549.2,24549.68,24531.56,24546.37,1369.0,33603980.53
2025-09-25 06:00:00,24546.43,24552.13,24526.7,24530.02,1880.0,46116437.6
2025-09-25 06:30:00,24530.17,24536.87,24513.05,24521.44,2003.0,49116444.32
2025-09-25 07:00:00,24521.43,24526.77,24488.59,24522.23,4677.0,114690469.71
2025-09-25 07:30:00,24522.03,24541.16,24519.16,24531.16,3230.0,79235646.8
2025-09-25 08:00:00,24531.21,24555.56,24528.32,24551.05,3453.0,84774775.64999999
2025-09-25 08:30:00,24551.01,24553.8,24512.35,24522.64,2726.0,66848716.64
2025-09-25 09:00:00,24522.85,24531.0,24506.91,24523.39,2555.0,62657261.449999996
2025-09-25 09:30:00,24523.29,24526.08,24483.12,24500.06,4494.0,110103269.64
2025-09-25 10:00:00,24500.28,24507.1,24475.62,24480.11,4064.0,99487167.04
2025-09-25 10:30:00,24480.18,24503.12,24463.77,24482.69,3783.0,92618016.27
2025-09-25 11:00:00,24482.84,24484.65,24421.71,24434.1,6907.0,168766328.7
2025-09-25 11:30:00,24433.9,24440.88,24381.36,24388.34,7620.0,185839150.8
2025-09-25 12:00:00,24388.16,24424.13,24381.96,24405.78,7486.0,182701669.07999998
2025-09-25 12:30:00,24403.07,24403.85,24340.16,24363.14,12398.0,302054209.71999997
2025-09-25 13:00:00,24362.94,24381.08,24335.18,24371.59,9504.0,231627591.36
2025-09-25 13:30:00,24371.48,24372.47,24217.02,24245.7,66797.0,1619540022.9
2025-09-25 14:00:00,24245.93,24435.91,24239.5,24413.91,43203.0,1054754153.73
2025-09-25 14:30:00,24413.98,24450.73,24403.41,24427.63,29248.0,714459322.24
2025-09-25 15:00:00,24427.71,24447.9,24376.9,24391.41,28822.0,703009219.02
2025-09-25 15:30:00,24391.1,24490.2,24390.91,24471.48,24472.0,598866058.56
2025-09-25 16:00:00,24471.41,24485.18,24427.24,24428.71,21105.0,515567924.54999995
2025-09-25 16:30:00,24428.49,24466.45,24407.19,24418.73,19404.0,473821036.92
2025-09-25 17:00:00,24418.49,24438.16,24358.41,24389.22,23802.0,580512214.44
2025-09-25 17:30:00,24389.16,24399.48,24305.78,24310.94,23594.0,573592318.36
2025-09-25 18:00:00,24311.13,24382.67,24247.94,24377.4,32554.0,793581879.6
2025-09-25 18:30:00,24377.49,24434.41,24361.53,24421.76,22183.0,541747902.0799999
2025-09-25 19:00:00,24421.93,24431.89,24387.41,24402.18,17028.0,415520321.04
2025-09-25 19:30:00,24402.4,24440.2,24387.24,24423.68,18158.0,443485181.44
2025-09-25 20:00:00,24423.88,24438.42,24404.97,24418.43,3379.0,82509874.97
2025-09-25 20:30:00,24418.5,24441.64,24414.52,24428.81,2246.0,54867107.260000005
2025-09-25 22:00:00,24427.7,24460.12,24423.1,24447.21,1891.0,46229674.11
2025-09-25 22:30:00,24447.39,24461.31,24425.68,24433.88,2584.0,63137145.92
2025-09-25 23:00:00,24433.9,24438.32,24422.44,24429.49,2242.0,54770916.580000006
2025-09-25 23:30:00,24429.69,24431.63,24413.1,24413.1,1974.0,48191459.4
2025-09-26 00:00:00,24413.35,24428.9,24405.73,24411.19,3139.0,76626725.41
2025-09-26 00:30:00,24410.91,24425.81,24403.19,24422.89,2137.0,52191715.93
2025-09-26 01:00:00,24422.66,24422.66,24392.42,24395.09,2879.0,70233464.11
2025-09-26 01:30:00,24395.29,24414.54,24389.91,24393.78,2822.0,68839247.16
2025-09-26 02:00:00,24393.81,24407.66,24391.21,24407.66,1995.0,48693281.7
2025-09-26 02:30:00,24407.67,24418.89,24399.45,24400.97,1852.0,45190596.440000005
2025-09-26 03:00:00,24400.76,24402.5,24378.58,24385.99,2017.0,49186541.830000006
2025-09-26 03:30:00,24385.95,24392.42,24375.59,24391.26,1617.0,39440667.419999994
2025-09-26 04:00:00,24391.02,24410.95,24372.23,24397.63,3000.0,73192890.0
2025-09-26 04:30:00,24397.67,24400.99,24375.99,24377.72,1876.0,45732602.72
2025-09-26 05:00:00,24377.8,24403.43,24374.83,24401.2,2152.0,52511382.4
2025-09-26 05:30:00,24401.27,24414.42,24391.21,24412.45,2249.0,54903600.050000004
2025-09-26 06:00:00,24412.44,24468.88,24408.27,24462.26,4174.0,102105473.24
2025-09-26 06:30:00,24462.46,24462.78,24438.08,24446.77,3352.0,81945573.04
2025-09-26 07:00:00,24448.04,24467.88,24427.05,24467.08,6336.0,155023418.88000003
2025-09-26 07:30:00,24467.24,24468.69,24430.71,24442.58,4172.0,101974443.76
2025-09-26 08:00:00,24442.84,24455.63,24426.61,24433.33,4773.0,116620284.09
2025-09-26 08:30:00,24433.59,24437.42,24381.35,24381.59,5132.0,125126319.88
2025-09-26 09:00:00,24381.83,24412.5,24366.39,24388.59,6449.0,157282016.91
2025-09-26 09:30:00,24388.55,24416.48,24387.94,24411.09,3692.0,90125744.28
2025-09-26 10:00:00,24411.3,24423.09,24383.61,24388.89,3921.0,95628837.69
2025-09-26 10:30:00,24388.83,24396.39,24379.59,24395.31,3161.0,77113574.91000001
2025-09-26 11:00:00,24395.01,24424.41,24387.92,24402.38,4418.0,107809714.84
2025-09-26 11:30:00,24402.18,24450.12,24396.34,24436.48,4052.0,99016616.96
2025-09-26 12:00:00,24436.39,24448.28,24424.73,24441.91,4559.0,111430667.69
2025-09-26 12:30:00,24443.14,24542.79,24438.44,24490.37,15328.0,375388391.35999995
2025-09-26 13:00:00,24490.15,24493.04,24448.19,24449.66,9147.0,223641040.02
2025-09-26 13:30:00,24450.18,24510.49,24393.03,24501.36,60637.0,1485688966.32
2025-09-26 14:00:00,24501.64,24528.9,24316.25,24363.25,57372.0,1397768379.0
2025-09-26 14:30:00,24362.89,24437.91,24335.18,24361.15,43837.0,1067919732.5500001
2025-09-26 15:00:00,24361.52,24429.08,24342.03,24427.48,34956.0,853886990.88
2025-09-26 15:30:00,24427.66,24432.23,24371.41,24376.49,27389.0,667647684.61
2025-09-26 16:00:00,24376.68,24475.61,24364.16,24456.89,26350.0,644439051.5
2025-09-26 16:30:00,24456.73,24494.9,24437.68,24486.15,18328.0,448782157.20000005
2025-09-26 17:00:00,24486.24,24511.98,24479.24,24504.42,12402.0,303903816.84
2025-09-26 17:30:00,24504.65,24508.98,24460.74,24487.22,12025.0,294458820.5
2025-09-26 18:00:00,24487.24,24524.65,24467.03,24510.89,11972.0,293444375.08
2025-09-26 18:30:00,24510.98,24532.2,24499.43,24521.17,11083.0,271768127.10999995
2025-09-26 19:00:00,24520.97,24530.22,24502.66,24520.68,9046.0,221814071.28
2025-09-26 19:30:00,24520.9,24530.7,24495.81,24520.74,13003.0,318843182.22
2025-09-26 20:00:00,24520.9,24540.99,24516.68,24534.74,2903.0,71224350.22
2025-09-26 20:30:00,24534.77,24537.43,24521.44,24522.31,950.0,23296194.5
2025-09-28 22:00:00,24533.64,24561.27,24529.33,24551.43,3370.0,82738319.1
2025-09-28 22:30:00,24551.47,24574.42,24545.49,24561.05,1927.0,47329143.35
2025-09-28 23:00:00,24560.97,24578.7,24560.2,24569.56,1654.0,40638052.24
2025-09-28 23:30:00,24569.56,24582.46,24563.11,24576.75,2095.0,51488291.25
2025-09-29 00:00:00,24576.95,24602.22,24569.86,24596.69,2878.0,70789273.82
2025-09-29 00:30:00,24596.73,24611.56,24592.64,24597.99,1607.0,39528969.93
2025-09-29 01:00:00,24598.07,24599.56,24580.26,24588.98,2108.0,51833569.839999996
2025-09-29 01:30:00,24588.8,24609.56,24586.9,24597.83,2084.0,51261877.720000006
2025-09-29 02:00:00,24598.11,24610.91,24591.2,24608.19,1431.0,35214319.89
2025-09-29 02:30:00,24608.47,24618.6,24606.01,24618.03,1203.0,29615490.09
2025-09-29 03:00:00,24617.84,24620.24,24609.98,24618.58,1006.0,24766291.48
2025-09-29 03:30:00,24618.44,24622.82,24615.92,24619.61,935.0,23019335.35
2025-09-29 04:00:00,24619.8,24638.76,24618.37,24638.23,960.0,23652700.8
2025-09-29 04:30:00,24638.21,24638.95,24633.1,24633.1,693.0,17070738.3
2025-09-29 05:00:00,24633.34,24640.37,24628.34,24639.39,1079.0,26585901.81
2025-09-29 05:30:00,24639.34,24642.4,24626.44,24631.11,1431.0,35247118.410000004
2025-09-29 06:00:00,24631.08,24644.87,24618.72,24639.05,2074.0,51101389.699999996
2025-09-29 06:30:00,24638.91,24659.85,24638.91,24649.5,2207.0,54401446.5
2025-09-29 07:00:00,24649.58,24660.28,24628.77,24658.48,4141.0,102110765.67999999
2025-09-29 07:30:00,24658.73,24669.34,24651.74,24658.51,3154.0,77772940.53999999
2025-09-29 08:00:00,24658.31,24681.96,24657.04,24680.52,4189.0,103386698.28
2025-09-29 08:30:00,24680.71,24699.82,24677.29,24698.93,2201.0,54362344.93
2025-09-29 09:00:00,24699.16,24700.78,24688.92,24695.22,2081.0,51390752.82
2025-09-29 09:30:00,24694.8,24703.09,24676.99,24676.99,2282.0,56312891.18000001
2025-09-29 10:00:00,24677.07,24706.7,24671.07,24703.73,2295.0,56695060.35
2025-09-29 10:30:00,24703.72,24704.48,24689.17,24694.18,2005.0,49511830.9
2025-09-29 11:00:00,24694.4,24698.44,24663.78,24664.92,3321.0,81912199.32
2025-09-29 11:30:00,24664.76,24683.17,24659.46,24681.93,3451.0,85177340.43
2025-09-29 12:00:00,24682.03,24695.94,24669.63,24691.25,2850.0,70370062.5
2025-09-29 12:30:00,24691.45,24714.32,24688.24,24704.77,3381.0,83526827.37
2025-09-29 13:00:00,24704.69,24713.5,24652.25,24656.27,4831.0,119114440.37
2025-09-29 13:30:00,24656.06,24760.03,24653.62,24746.37,43444.0,1075081298.28
2025-09-29 14:00:00,24746.63,24779.09,24723.13,24762.32,25218.0,624456185.76
2025-09-29 14:30:00,24762.13,24766.29,24728.09,24734.61,17128.0,423654400.08
2025-09-29 15:00:00,24734.39,24747.8,24668.64,24673.13,19572.0,482902500.36
2025-09-29 15:30:00,24673.31,24680.13,24637.33,24655.37,21153.0,521535041.60999995
2025-09-29 16:00:00,24655.14,24673.23,24631.95,24654.56,15617.0,385030263.52000004
2025-09-29 16:30:00,24654.63,24671.86,24629.11,24640.89,11833.0,291575651.37
2025-09-29 17:00:00,24640.8,24647.29,24606.71,24638.56,14975.0,368962436.0
2025-09-29 17:30:00,24638.38,24655.35,24621.63,24651.05,10550.0,260068577.5
2025-09-29 18:00:00,24651.29,24675.48,24646.43,24666.12,7466.0,184157251.92
2025-09-29 18:30:00,24666.06,24669.74,24639.89,24647.86,7218.0,177908253.48000002
2025-09-29 19:00:00,24647.64,24647.89,24585.84,24613.07,14349.0,353172941.43
2025-09-29 19:30:00,24613.3,24653.25,24605.63,24643.13,13558.0,334111556.54
2025-09-29 20:00:00,24642.92,24651.02,24629.15,24634.54,2749.0,67720350.46000001
2025-09-29 20:30:00,24634.57,24634.57,24610.45,24616.26,1225.0,30154918.499999996
2025-09-29 22:00:00,24621.28,24631.45,24615.2,24618.05,1558.0,38354921.9
2025-09-29 22:30:00,24618.11,24644.11,24617.37,24641.47,1213.0,29890103.110000003
2025-09-29 23:00:00,24641.38,24643.03,24632.8,24638.58,972.0,23948699.76
2025-09-29 23:30:00,24638.54,24648.6,24629.16,24630.89,1176.0,28965926.64
2025-09-30 00:00:00,24630.66,24634.81,24613.22,24626.23,3091.0,76119676.92999999
2025-09-30 00:30:00,24626.19,24647.87,24624.44,24644.59,1827.0,45025665.93
2025-09-30 01:00:00,24644.42,24644.72,24625.91,24634.63,2604.0,64148576.52
2025-09-30 01:30:00,24634.52,24638.59,24618.23,24627.17,2412.0,59400734.04
2025-09-30 02:00:00,24627.24,24637.33,24625.29,24633.66,1388.0,34191520.08
2025-09-30 02:30:00,24633.63,24660.0,24627.44,24655.93,1473.0,36318184.89
2025-09-30 03:00:00,24655.93,24658.16,24646.36,24655.52,1144.0,28205914.88
2025-09-30 03:30:00,24655.52,24663.58,24647.72,24648.75,1447.0,35666741.25
2025-09-30 04:00:00,24648.94,24650.73,24632.25,24636.43,1231.0,30327445.330000002
2025-09-30 04:30:00,24636.14,24640.43,24629.77,24629.98,1381.0,34014002.38
2025-09-30 05:00:00,24630.01,24647.13,24623.5,24643.71,1844.0,45443001.24
2025-09-30 05:30:00,24643.89,24648.52,24633.69,24644.72,1652.0,40713077.440000005
2025-09-30 06:00:00,24644.94,24660.18,24638.06,24655.68,2245.0,55352001.6
2025-09-30 06:30:00,24656.02,24663.97,24618.34,24620.37,2694.0,66327276.779999994
2025-09-30 07:00:00,24620.72,24626.18,24593.61,24612.71,6390.0,157275216.9
2025-09-30 07:30:00,24612.79,24615.98,24563.28,24598.97,9083.0,223432444.51000002
2025-09-30 08:00:00,24598.14,24605.89,24572.11,24596.64,8826.0,217089944.64
2025-09-30 08:30:00,24596.72,24619.92,24594.05,24609.4,3946.0,97108692.4
2025-09-30 09:00:00,24609.41,24614.28,24595.26,24612.68,4326.0,106474453.68
2025-09-30 09:30:00,24613.07,24628.33,24595.2,24603.0,3240.0,79713720.0
2025-09-30 10:00:00,24602.99,24620.08,24588.49,24597.96,3310.0,81419247.6
2025-09-30 10:30:00,24598.08,24622.23,24582.4,24616.32,3248.0,79953807.36
2025-09-30 11:00:00,24616.17,24626.16,24603.22,24614.34,3521.0,86667091.14
2025-09-30 11:30:00,24614.18,24623.41,24599.12,24612.42,3042.0,74870981.64
2025-09-30 12:00:00,24612.55,24628.16,24597.87,24624.9,3584.0,88255641.60000001
2025-09-30 12:30:00,24624.92,24654.05,24621.12,24642.6,3689.0,90906551.39999999
2025-09-30 13:00:00,24642.67,24646.16,24622.11,24629.79,4670.0,115021119.3
2025-09-30 13:30:00,24629.71,24639.82,24532.12,24595.69,45582.0,1121120741.58
2025-09-30 14:00:00,24596.61,24621.13,24556.52,24592.85,38820.0,954694437.0
2025-09-30 14:30:00,24592.95,24663.65,24562.06,24651.86,31966.0,788021356.76
2025-09-30 15:00:00,24652.09,24671.44,24565.89,24589.24,25793.0,634230267.32
2025-09-30 15:30:00,24589.0,24629.67,24572.35,24620.48,19907.0,490119895.36
2025-09-30 16:00:00,24620.24,24652.95,24594.86,24619.99,15493.0,381437505.07000005
2025-09-30 16:30:00,24620.15,24633.4,24580.72,24592.66,12292.0,302292976.71999997
2025-09-30 17:00:00,24592.46,24595.7,24542.27,24557.57,13976.0,343216598.32
2025-09-30 17:30:00,24557.48,24606.4,24541.25,24578.38,14327.0,352134450.26
2025-09-30 18:00:00,24578.17,24640.47,24571.46,24635.31,13583.0,334621415.73
2025-09-30 18:30:00,24635.09,24660.19,24623.53,24646.23,10436.0,257208056.28
2025-09-30 19:00:00,24646.58,24674.2,24630.46,24670.2,11275.0,278156505.0
2025-09-30 19:30:00,24670.01,24722.21,24645.06,24705.41,19468.0,480964921.88
2025-09-30 20:00:00,24705.26,24709.71,24657.64,24663.04,5256.0,129628938.24000001
2025-09-30 20:30:00,24662.97,24663.29,24643.83,24646.96,1996.0,49195332.16
2025-09-30 22:00:00,24652.96,24681.45,24646.95,24680.56,2583.0,63749886.480000004
2025-09-30 22:30:00,24680.51,24686.84,24633.97,24645.78,2828.0,69698265.84
2025-09-30 23:00:00,24645.69,24658.38,24631.11,24648.54,3096.0,76311879.84
2025-09-30 23:30:00,24648.85,24654.8,24639.89,24640.8,1643.0,40484834.4
2025-10-01 00:00:00,24640.89,24647.03,24596.68,24601.2,4147.0,102021176.4
2025-10-01 00:30:00,24601.23,24621.38,24598.74,24604.57,2815.0,69261864.55
2025-10-01 01:00:00,24604.88,24619.86,24594.54,24617.97,2734.0,67305529.98
2025-10-01 01:30:00,24618.15,24622.16,24605.49,24615.71,2312.0,56911521.519999996
2025-10-01 02:00:00,24615.45,24616.94,24597.58,24610.4,2313.0,56923855.2
2025-10-01 02:30:00,24610.43,24610.67,24593.21,24597.17,1765.0,43414005.05
2025-10-01 03:00:00,24597.44,24598.5,24574.78,24579.57,2203.0,54148792.71
2025-10-01 03:30:00,24579.57,24583.73,24572.97,24581.94,1643.0,40388127.419999994
2025-10-01 04:00:00,24581.8,24592.05,24579.78,24588.98,1708.0,41997977.839999996
2025-10-01 04:30:00,24588.99,24591.96,24580.58,24584.42,1565.0,38474617.3
2025-10-01 05:00:00,24584.48,24590.31,24569.58,24573.97,1734.0,42611263.980000004
2025-10-01 05:30:00,24573.98,24583.98,24568.89,24571.96,1731.0,42534062.76
2025-10-01 06:00:00,24571.91,24579.71,24558.98,24559.7,2353.0,57788974.1
2025-10-01 06:30:00,24559.87,24563.29,24444.56,24462.94,8656.0,211751208.64
2025-10-01 07:00:00,24462.73,24498.35,24447.74,24482.75,12171.0,297979550.25
2025-10-01 07:30:00,24482.87,24498.17,24465.44,24482.65,6199.0,151767947.35000002
2025-10-01 08:00:00,24482.55,24490.45,24464.7,24489.42,7651.0,187368552.42
2025-10-01 08:30:00,24489.72,24541.26,24489.72,24528.95,6336.0,155415427.20000002
2025-10-01 09:00:00,24528.92,24575.61,24523.03,24569.64,4617.0,113438027.88
2025-10-01 09:30:00,24569.71,24571.21,24547.47,24554.93,4246.0,104260232.78
2025-10-01 10:00:00,24554.94,24572.66,24550.22,24550.89,3248.0,79741290.72
2025-10-01 10:30:00,24551.13,24560.55,24530.55,24541.26,3563.0,87440509.38
2025-10-01 11:00:00,24541.36,24589.55,24540.49,24589.19,4932.0,121273885.08
2025-10-01 11:30:00,24589.34,24612.05,24583.55,24607.95,3871.0,95257374.45
2025-10-01 12:00:00,24607.72,24613.82,24556.53,24588.35,11083.0,272512683.05
2025-10-01 12:30:00,24588.61,24603.24,24573.99,24586.41,6036.0,148403570.76
2025-10-01 13:00:00,24586.18,24603.45,24568.12,24574.43,5147.0,126484591.21000001
2025-10-01 13:30:00,24574.21,24650.47,24535.5,24588.34,55897.0,1374414440.98
2025-10-01 14:00:00,24587.36,24702.0,24566.8,24692.71,31510.0,778067292.1
2025-10-01 14:30:00,24692.94,24720.78,24684.07,24706.53,19789.0,488917522.16999996
2025-10-01 15:00:00,24706.32,24729.19,24685.37,24697.71,15255.0,376763566.05
2025-10-01 15:30:00,24697.95,24745.21,24697.95,24738.21,11376.0,281421876.96
2025-10-01 16:00:00,24738.28,24756.54,24737.36,24751.83,9083.0,224820871.89000002
2025-10-01 16:30:00,24751.99,24764.04,24737.23,24761.54,7516.0,186107734.64000002
2025-10-01 17:00:00,24761.3,24796.2,24758.96,24790.45,8747.0,216842066.15
2025-10-01 17:30:00,24790.69,24793.18,24770.99,24789.73,7985.0,197945994.04999998
2025-10-01 18:00:00,24789.8,24831.52,24782.09,24820.79,9526.0,236442845.54000002
2025-10-01 18:30:00,24820.71,24842.29,24818.58,24832.04,6667.0,165555210.68
2025-10-01 19:00:00,24831.96,24843.34,24816.28,24831.95,6928.0,172035749.6
2025-10-01 19:30:00,24831.77,24842.94,24810.99,24822.19,12211.0,303103762.09
2025-10-01 20:00:00,24822.41,24822.46,24802.98,24810.48,3201.0,79418346.48
2025-10-01 20:30:00,24810.3,24823.88,24808.82,24818.66,1289.0,31991252.74
2025-10-01 22:00:00,24817.36,24832.17,24815.47,24828.68,1196.0,29695101.28
2025-10-01 22:30:00,24828.69,24832.64,24823.47,24824.83,925.0,22962967.75
2025-10-01 23:00:00,24825.06,24840.8,24823.47,24836.2,1265.0,31417793.0
2025-10-01 23:30:00,24836.2,24840.01,24817.24,24835.05,1632.0,40530801.6
2025-10-02 00:00:00,24834.98,24860.02,24832.11,24856.92,2827.0,70270512.83999999
2025-10-02 00:30:00,24856.8,24876.02,24850.65,24872.85,1811.0,45044731.349999994
2025-10-02 01:00:00,24873.05,24883.33,24859.69,24880.06,2044.0,50854842.64
2025-10-02 01:30:00,24880.25,24889.02,24869.57,24886.37,1608.0,40017282.96
2025-10-02 02:00:00,24886.38,24887.97,24865.47,24866.82,1425.0,35435218.5
2025-10-02 02:30:00,24866.91,24873.3,24864.86,24870.51,1417.0,35241512.669999994
2025-10-02 03:00:00,24870.41,24880.35,24860.96,24865.47,1468.0,36502509.96
2025-10-02 03:30:00,24865.44,24878.32,24856.29,24876.69,1485.0,36941884.65
2025-10-02 04:00:00,24876.85,24887.46,24864.47,24874.77,1722.0,42834353.94
2025-10-02 04:30:00,24874.86,24883.39,24869.71,24880.14,1151.0,28637041.14
2025-10-02 05:00:00,24879.97,24888.67,24874.4,24879.63,1399.0,34806602.370000005
2025-10-02 05:30:00,24879.59,24887.46,24877.4,24881.65,1223.0,30430257.950000003
2025-10-02 06:00:00,24881.72,24888.93,24870.02,24875.34,2214.0,55074002.76
2025-10-02 06:30:00,24875.51,24886.23,24869.2,24875.7,2655.0,66044983.5
2025-10-02 07:00:00,24875.91,24899.35,24866.82,24885.54,5157.0,128334729.78
2025-10-02 07:30:00,24885.37,24900.56,24876.84,24890.05,3795.0,94457739.75
2025-10-02 08:00:00,24890.15,24925.21,24886.81,24922.77,4528.0,112850302.56
2025-10-02 08:30:00,24922.79,24926.8,24913.58,24926.29,2851.0,71064852.79
2025-10-02 09:00:00,24926.37,24929.03,24907.47,24907.73,2927.0,72904925.71
2025-10-02 09:30:00,24907.56,24911.28,24889.03,24908.67,2903.0,72309869.00999999
2025-10-02 10:00:00,24908.53,24936.73,24906.52,24919.97,3006.0,74909429.82000001
2025-10-02 10:30:00,24920.17,24931.0,24917.96,24923.83,1774.0,44214874.42
2025-10-02 11:00:00,24924.03,24948.27,24920.67,24947.45,2261.0,56406184.45
2025-10-02 11:30:00,24947.32,24963.91,24943.65,24962.01,2244.0,56014750.44
2025-10-02 12:00:00,24962.21,24976.78,24956.31,24969.01,2668.0,66617318.67999999
2025-10-02 12:30:00,24968.97,24976.53,24962.28,24974.87,2419.0,60414210.53
2025-10-02 13:00:00,24975.06,24993.51,24974.48,24977.06,5139.0,128357111.34
2025-10-02 13:30:00,24976.77,24980.87,24828.13,24877.45,48317.0,1202003751.65
2025-10-02 14:00:00,24877.57,24905.12,24855.33,24889.91,32579.0,810888377.89
2025-10-02 14:30:00,24890.1,24904.65,24833.07,24835.66,28361.0,704364153.26
2025-10-02 15:00:00,24835.87,24866.44,24807.94,24854.18,26894.0,668428316.92
2025-10-02 15:30:00,24854.36,24895.12,24813.99,24890.42,22298.0,555006585.16
2025-10-02 16:00:00,24890.62,24890.62,24854.9,24874.19,17227.0,428507671.13
2025-10-02 16:30:00,24874.12,24892.14,24847.18,24889.1,12228.0,304343914.8
2025-10-02 17:00:00,24889.19,24908.87,24871.49,24899.85,9882.0,246060317.7
2025-10-02 17:30:00,24899.69,24919.36,24892.39,24897.69,9654.0,240362299.26
2025-10-02 18:00:00,24897.61,24926.91,24891.61,24918.92,8796.0,219186820.32
2025-10-02 18:30:00,24918.84,24929.08,24909.88,24924.1,7476.0,186332571.6
2025-10-02 19:00:00,24923.94,24936.67,24921.13,24933.36,6992.0,174334053.12
2025-10-02 19:30:00,24933.44,24937.94,24903.12,24920.29,12864.0,320574610.56
2025-10-02 20:00:00,24920.4,24936.46,24920.22,24924.84,2169.0,54061977.96
2025-10-02 20:30:00,24924.82,24926.21,24910.99,24918.24,1278.0,31845510.720000003
2025-10-02 22:00:00,24910.64,24919.15,24901.49,24901.76,1478.0,36804801.28
2025-10-02 22:30:00,24901.45,24916.79,24885.23,24915.67,1608.0,40064397.36
2025-10-02 23:00:00,24915.8,24929.33,24909.23,24928.82,1199.0,29889655.18
2025-10-02 23:30:00,24929.08,24936.83,24926.54,24935.85,1063.0,26506808.549999997
2025-10-03 00:00:00,24936.08,24948.31,24927.6,24944.89,2080.0,51885371.199999996
2025-10-03 00:30:00,24944.78,24968.85,24942.97,24957.43,1648.0,41129844.64
2025-10-03 01:00:00,24957.34,24959.68,24949.73,24954.33,1880.0,46914140.400000006
2025-10-03 01:30:00,24954.48,24973.44,24952.46,24972.63,1330.0,33213597.900000002
2025-10-03 02:00:00,24972.72,24973.1,24958.16,24968.3,1292.0,32259043.599999998
2025-10-03 02:30:00,24968.3,24975.8,24964.77,24969.74,976.0,24370466.240000002
2025-10-03 03:00:00,24969.73,24974.31,24967.84,24968.99,708.0,17678044.92
2025-10-03 03:30:00,24968.82,24986.5,24967.57,24982.07,877.0,21909275.39
2025-10-03 04:00:00,24981.97,24988.25,24978.59,24980.55,635.0,15862649.25
2025-10-03 04:30:00,24980.59,24986.92,24979.58,24985.94,607.0,15166465.58
2025-10-03 05:00:00,24985.79,24999.21,24984.92,24998.82,1023.0,25573792.86
2025-10-03 05:30:00,24998.95,25003.56,24983.27,24983.37,912.0,22784833.439999998
2025-10-03 06:00:00,24983.38,24993.87,24968.0,24992.28,1946.0,48634976.879999995
2025-10-03 06:30:00,24992.48,25003.2,24988.72,24995.37,1742.0,43541934.54
2025-10-03 07:00:00,24995.26,25005.12,24987.7,24989.94,2830.0,70721530.2
2025-10-03 07:30:00,24989.93,24998.16,24984.92,24993.91,2047.0,51162533.77
2025-10-03 08:00:00,24993.85,24997.71,24985.66,24991.36,2916.0,72874805.76
2025-10-03 08:30:00,24991.25,24994.61,24984.89,24994.15,1519.0,37966113.85
2025-10-03 09:00:00,24994.35,24997.85,24983.87,24987.84,1483.0,37056966.72
2025-10-03 09:30:00,24987.9,25004.32,24986.24,25003.87,1260.0,31504876.2
2025-10-03 10:00:00,25004.13,25007.6,24989.43,24989.97,1322.0,33036740.34
2025-10-03 10:30:00,24989.68,24992.39,24969.44,24973.85,1630.0,40707375.5
2025-10-03 11:00:00,24973.94,24982.34,24953.12,24957.08,2681.0,66909931.480000004
2025-10-03 11:30:00,24957.31,24976.09,24941.39,24949.91,4072.0,101596033.52
2025-10-03 12:00:00,24949.71,24959.97,24940.88,24949.83,3551.0,88596846.33000001
2025-10-03 12:30:00,24950.03,24956.08,24915.89,24932.63,4291.0,106985915.33
2025-10-03 13:00:00,24932.63,24949.88,24928.69,24945.14,4285.0,106889924.89999999
2025-10-03 13:30:00,24945.45,24979.54,24913.98,24919.73,33407.0,832493420.11
2025-10-03 14:00:00,24919.19,24920.93,24864.77,24902.65,33703.0,839294012.95
2025-10-03 14:30:00,24902.5,24939.33,24891.04,24928.77,19567.0,487781242.59000003
2025-10-03 15:00:00,24928.97,24954.51,24912.05,24946.19,14413.0,359549436.46999997
2025-10-03 15:30:00,24946.01,24963.73,24916.32,24957.29,11838.0,295444399.02
2025-10-03 16:00:00,24957.21,24967.46,24940.45,24954.48,8209.0,204851326.32
2025-10-03 16:30:00,24954.55,24956.65,24920.55,24930.23,8448.0,210610583.04
2025-10-03 17:00:00,24930.04,24930.04,24835.52,24839.71,28284.0,702566357.64
2025-10-03 17:30:00,24839.79,24872.03,24737.08,24785.91,35203.0,872538389.73
2025-10-03 18:00:00,24785.73,24858.16,24738.46,24851.39,32080.0,797232591.1999999
2025-10-03 18:30:00,24851.63,24855.25,24791.7,24821.72,21899.0,543570846.28
2025-10-03 19:00:00,24821.54,24842.26,24807.79,24816.73,14924.0,370364878.52
2025-10-03 19:30:00,24816.54,24837.44,24791.74,24807.22,16635.0,412668104.70000005
2025-10-03 20:00:00,24807.42,24817.42,24785.49,24793.69,3713.0,92058970.97
2025-10-03 20:30:00,24793.53,24798.35,24789.03,24796.67,945.0,23432853.15
2025-10-05 22:00:00,24828.99,24868.03,24820.83,24859.55,5132.0,127579210.6
2025-10-05 22:30:00,24859.35,24879.15,24858.15,24873.82,1984.0,49349658.88
2025-10-05 23:00:00,24874.03,24887.25,24873.47,24887.11,1962.0,48828509.82
2025-10-05 23:30:00,24887.13,24907.28,24885.24,24888.54,3747.0,93257359.38000001
2025-10-06 00:00:00,24888.78,24895.24,24875.92,24879.73,4199.0,104469986.27
2025-10-06 00:30:00,24879.71,24885.47,24871.63,24884.78,1990.0,49520712.199999996
2025-10-06 01:00:00,24884.74,24886.48,24876.62,24884.52,1627.0,40487114.04
2025-10-06 01:30:00,24884.66,24898.03,24884.66,24896.34,1468.0,36547827.12
2025-10-06 02:00:00,24896.28,24902.09,24893.99,24898.28,1035.0,25769719.799999997
2025-10-06 02:30:00,24898.41,24903.47,24898.04,24902.14,627.0,15613641.78
2025-10-06 03:00:00,24901.97,24915.96,24901.95,24911.22,860.0,21423649.2
2025-10-06 03:30:00,24911.14,24919.39,24905.27,24909.5,1164.0,28994658.0
2025-10-06 04:00:00,24909.65,24918.97,24889.22,24918.67,2044.0,50933761.48
2025-10-06 04:30:00,24918.93,24929.37,24918.93,24922.2,1035.0,25794477.0
2025-10-06 05:00:00,24922.28,24923.21,24905.46,24905.72,1474.0,36711031.28
2025-10-06 05:30:00,24905.9,24913.12,24901.26,24909.21,1402.0,34922712.42
2025-10-06 06:00:00,24909.39,24917.12,24903.05,24911.37,2553.0,63598727.61
2025-10-06 06:30:00,24911.21,24926.82,24910.21,24920.8,2025.0,50464620.0
2025-10-06 07:00:00,24921.07,24925.27,24900.02,24905.51,3931.0,97903559.80999999
2025-10-06 07:30:00,24905.61,24912.79,24865.03,24900.97,6881.0,171343574.57000002
2025-10-06 08:00:00,24901.23,24934.54,24898.34,24921.33,6220.0,155010672.60000002
2025-10-06 08:30:00,24921.28,24929.77,24914.47,24927.45,3155.0,78646104.75
2025-10-06 09:00:00,24927.43,24946.62,24924.3,24946.6,2392.0,59672267.199999996
2025-10-06 09:30:00,24946.39,24959.35,24941.04,24954.07,1865.0,46539340.55
2025-10-06 10:00:00,24954.1,24962.53,24944.45,24953.55,1897.0,47336884.35
2025-10-06 10:30:00,24953.51,25003.71,24953.51,24990.36,5526.0,138096729.36
2025-10-06 11:00:00,24990.12,24990.42,24948.12,24972.12,9294.0,232090883.28
2025-10-06 11:30:00,24972.13,25005.28,24967.28,25004.0,4319.0,107992276.0
2025-10-06 12:00:00,25003.86,25058.24,24998.61,25029.78,6221.0,155710261.38
2025-10-06 12:30:00,25029.78,25030.27,25003.83,25007.57,4883.0,122111964.31
2025-10-06 13:00:00,25007.79,25036.49,24996.36,25032.76,7418.0,185693013.67999998
2025-10-06 13:30:00,25032.98,25040.57,24936.08,24974.67,61954.0,1547280705.1799998
2025-10-06 14:00:00,24974.85,25002.58,24954.69,24962.1,33363.0,832810542.3
2025-10-06 14:30:00,24961.94,24976.96,24930.07,24971.19,22886.0,571490654.3399999
2025-10-06 15:00:00,24971.1,24995.59,24962.99,24980.43,13831.0,345504327.33
2025-10-06 15:30:00,24980.62,25035.04,24977.69,25026.73,11416.0,285705149.68
2025-10-06 16:00:00,25026.63,25030.15,25002.13,25021.94,10607.0,265407717.57999998
2025-10-06 16:30:00,25021.85,25023.6,25007.01,25021.35,7897.0,197593600.95
2025-10-06 17:00:00,25021.44,25050.66,25002.39,25039.89,8793.0,220175752.76999998
2025-10-06 17:30:00,25039.93,25050.18,25027.12,25046.11,10115.0,253341402.65
2025-10-06 18:00:00,25046.34,25058.65,25037.38,25053.69,7605.0,190533312.45
2025-10-06 18:30:00,25053.85,25070.85,25046.86,25057.16,7588.0,190133730.08
2025-10-06 19:00:00,25056.93,25057.56,25036.78,25042.94,7524.0,188423080.56
2025-10-06 19:30:00,25042.73,25048.81,24999.89,25002.72,15071.0,376815993.12
2025-10-06 20:00:00,25002.88,25008.39,24994.22,24999.01,2876.0,71897152.75999999
2025-10-06 20:30:00,24998.78,25006.63,24996.98,25002.02,1117.0,27927256.34
2025-10-06 22:00:00,25008.88,25018.34,25006.11,25014.2,1206.0,30167125.2
2025-10-06 22:30:00,25014.24,25014.83,24958.38,24964.32,2545.0,63534194.4
2025-10-06 23:00:00,24964.06,24974.27,24954.63,24969.11,2949.0,73633905.39
2025-10-06 23:30:00,24969.24,24975.54,24962.91,24966.1,2115.0,52803301.5
2025-10-07 00:00:00,24965.88,24971.55,24952.17,24964.87,3265.0,81510300.55
2025-10-07 00:30:00,24965.04,24967.68,24946.59,24954.29,2732.0,68175120.28
2025-10-07 01:00:00,24954.7,24964.36,24950.16,24962.6,2122.0,52970637.199999996
2025-10-07 01:30:00,24962.62,24971.55,24957.69,24970.4,1665.0,41575716.0
2025-10-07 02:00:00,24970.56,24977.12,24962.78,24969.05,1277.0,31885476.849999998
2025-10-07 02:30:00,24969.27,24976.17,24964.99,24974.89,932.0,23276597.48
2025-10-07 03:00:00,24974.84,24985.4,24970.53,24983.97,877.0,21910941.69
2025-10-07 03:30:00,24984.01,24987.22,24976.99,24981.96,1055.0,26355967.8
2025-10-07 04:00:00,24981.88,25002.71,24980.97,25002.62,1011.0,25277648.82
2025-10-07 04:30:00,25002.71,25005.73,24996.16,25003.63,929.0,23228372.27
2025-10-07 05:00:00,25003.59,25005.61,24991.72,25004.41,1161.0,29030120.01
2025-10-07 05:30:00,25004.61,25008.32,24993.64,24994.47,1175.0,29368502.25
2025-10-07 06:00:00,24994.33,25000.13,24966.7,24969.39,2407.0,60101321.73
2025-10-07 06:30:00,24969.32,24986.77,24961.04,24983.85,2470.0,61710109.5
2025-10-07 07:00:00,24984.03,24988.26,24958.88,24975.98,4831.0,120658959.38
2025-10-07 07:30:00,24976.09,24986.54,24970.78,24982.86,3004.0,75048511.44
2025-10-07 08:00:00,24982.62,24987.02,24957.32,24961.43,4004.0,99945565.72
2025-10-07 08:30:00,24961.35,24995.99,24950.78,24995.03,2744.0,68586362.32
2025-10-07 09:00:00,24995.16,25011.19,24991.33,25004.91,2026.0,50659947.66
2025-10-07 09:30:00,25004.91,25014.27,25002.03,25012.07,1858.0,46472426.06
2025-10-07 10:00:00,25011.71,25012.67,24995.03,25009.37,2295.0,57396504.15
2025-10-07 10:30:00,25009.54,25017.86,24995.58,24996.26,1735.0,43368511.099999994
2025-10-07 11:00:00,24996.49,25006.14,24992.33,25005.78,2116.0,52912230.48
2025-10-07 11:30:00,25005.96,25033.9,25002.36,25033.73,1808.0,45260983.839999996
2025-10-07 12:00:00,25033.55,25037.85,25018.7,25035.86,2354.0,58934414.440000005
2025-10-07 12:30:00,25035.93,25079.74,25032.12,25076.55,2765.0,69336660.75
2025-10-07 13:00:00,25076.7,25096.29,25054.25,25060.58,5093.0,127633533.94000001
2025-10-07 13:30:00,25060.77,25085.66,25039.36,25062.47,35495.0,889592372.6500001
2025-10-07 14:00:00,25062.7,25079.67,25029.77,25035.84,21399.0,535741940.16
2025-10-07 14:30:00,25035.64,25053.11,24995.36,25008.38,20452.0,511471387.76000005
2025-10-07 15:00:00,25008.67,25013.45,24875.95,24896.62,50792.0,1264549123.04
2025-10-07 15:30:00,24896.77,24900.56,24808.56,24852.15,41547.0,1032532276.0500001
2025-10-07 16:00:00,24852.31,24884.78,24819.81,24858.04,29659.0,737264608.36
2025-10-07 16:30:00,24857.83,24912.3,24833.44,24846.11,20937.0,520203005.07
2025-10-07 17:00:00,24845.89,24885.76,24836.12,24871.94,16700.0,415361398.0
2025-10-07 17:30:00,24871.71,24879.41,24835.67,24837.62,15919.0,395390072.78
2025-10-07 18:00:00,24837.85,24872.4,24813.15,24855.37,15452.0,384065177.24
2025-10-07 18:30:00,24855.57,24874.87,24849.86,24874.87,10696.0,266061609.51999998
2025-10-07 19:00:00,24875.1,24879.66,24852.93,24855.36,10652.0,264759294.72
2025-10-07 19:30:00,24855.34,24893.4,24849.44,24867.35,11894.0,295772260.9
2025-10-07 20:00:00,24867.44,24890.63,24866.85,24876.67,3073.0,76446006.91
2025-10-07 20:30:00,24876.73,24887.62,24873.01,24875.51,941.0,23407854.91
2025-10-07 22:00:00,24882.26,24898.96,24878.84,24898.82,1569.0,39066248.58
2025-10-07 22:30:00,24898.81,24906.88,24895.83,24905.01,1240.0,30882212.4
2025-10-07 23:00:00,24904.81,24904.81,24861.76,24869.03,2665.0,66275964.949999996
2025-10-07 23:30:00,24868.94,24870.13,24854.5,24857.68,2179.0,54164884.72
2025-10-08 00:00:00,24857.48,24871.06,24851.98,24864.8,3223.0,80139250.39999999
2025-10-08 00:30:00,24864.8,24891.88,24862.47,24886.55,2103.0,52336414.65
2025-10-08 01:00:00,24886.27,24908.89,24884.52,24903.84,3072.0,76504596.48
2025-10-08 01:30:00,24903.82,24908.82,24893.91,24897.51,1886.0,46956703.86
2025-10-08 02:00:00,24897.47,24914.59,24896.51,24914.46,1577.0,39290103.42
2025-10-08 02:30:00,24914.46,24915.88,24898.76,24912.25,1258.0,31339610.5
2025-10-08 03:00:00,24912.23,24914.42,24904.07,24911.82,1113.0,27726855.66
2025-10-08 03:30:00,24911.98,24915.48,24906.13,24910.74,970.0,24163417.8
2025-10-08 04:00:00,24910.78,24917.76,24910.32,24914.57,966.0,24067474.62
2025-10-08 04:30:00,24914.75,24917.46,24906.57,24913.0,936.0,23318568.0
2025-10-08 05:00:00,24912.8,24913.12,24887.76,24893.91,1947.0,48468442.77
2025-10-08 05:30:00,24894.12,24896.99,24883.33,24883.67,1903.0,47353624.01
2025-10-08 06:00:00,24883.62,24889.73,24864.51,24865.79,2987.0,74274114.73
2025-10-08 06:30:00,24865.58,24880.75,24851.77,24876.98,2853.0,70974023.94
2025-10-08 07:00:00,24877.18,24896.43,24865.08,24895.87,5795.0,144271566.65
2025-10-08 07:30:00,24895.78,24916.07,24891.03,24907.77,3092.0,77014824.84
2025-10-08 08:00:00,24907.76,24920.01,24904.37,24918.47,2660.0,66283130.2
2025-10-08 08:30:00,24918.65,24935.68,24895.97,24910.9,3096.0,77124146.4
2025-10-08 09:00:00,24911.1,24920.51,24896.69,24904.03,3130.0,77949613.89999999
2025-10-08 09:30:00,24904.12,24919.39,24900.62,24911.47,2446.0,60933455.620000005
2025-10-08 10:00:00,24911.64,24915.42,24882.43,24906.66,2991.0,74495820.06
2025-10-08 10:30:00,24906.75,24923.63,24905.52,24920.95,1754.0,43711346.300000004
2025-10-08 11:00:00,24921.18,24927.88,24882.39,24883.63,2953.0,73481359.39
2025-10-08 11:30:00,24883.89,24916.16,24882.02,24912.38,3461.0,86221747.18
2025-10-08 12:00:00,24912.22,24912.62,24866.43,24886.87,4283.0,106590464.21
2025-10-08 12:30:00,24887.11,24897.14,24869.9,24886.31,4195.0,104398070.45
2025-10-08 13:00:00,24886.58,24923.43,24878.94,24904.19,4178.0,104049705.82
2025-10-08 13:30:00,24903.97,25006.79,24898.09,24997.83,37919.0,947892715.7700001
2025-10-08 14:00:00,24997.6,25055.38,24997.49,25041.98,22279.0,557910272.42
2025-10-08 14:30:00,25041.79,25050.76,24998.24,25018.79,17933.0,448661961.07
2025-10-08 15:00:00,25018.95,25071.94,25015.93,25062.01,13524.0,338938623.23999995
2025-10-08 15:30:00,25061.94,25085.78,25055.27,25079.71,9632.0,241567766.72
2025-10-08 16:00:00,25079.78,25101.21,25072.32,25078.58,8972.0,225005019.76000002
2025-10-08 16:30:00,25078.35,25078.57,25058.8,25076.45,7919.0,198580407.55
2025-10-08 17:00:00,25076.49,25091.66,25064.71,25091.66,7738.0,194159265.08
2025-10-08 17:30:00,25091.89,25111.03,25086.21,25098.82,7252.0,182016642.64
2025-10-08 18:00:00,25098.6,25122.79,25090.95,25108.2,10091.0,253366846.20000002
2025-10-08 18:30:00,25108.41,25118.17,25091.46,25095.99,9089.0,228097453.11
2025-10-08 19:00:00,25096.21,25141.98,25093.73,25137.29,8115.0,203989108.35
2025-10-08 19:30:00,25137.2,25169.4,25128.54,25155.04,11118.0,279673734.72
2025-10-08 20:00:00,25154.95,25189.66,25146.47,25185.06,2852.0,71827791.12
2025-10-08 20:30:00,25185.25,25188.66,25176.45,25178.86,1403.0,35325940.58
2025-10-08 22:00:00,25178.0,25194.08,25170.36,25190.93,1797.0,45268101.21
2025-10-08 22:30:00,25191.16,25197.18,25186.01,25193.75,1201.0,30257693.75
2025-10-08 23:00:00,25193.93,25219.95,25191.21,25216.73,1973.0,49752608.29
2025-10-08 23:30:00,25216.64,25220.01,25202.39,25207.9,1597.0,40257016.300000004
2025-10-09 00:00:00,25208.01,25208.01,25185.99,25194.69,2054.0,51749893.26
2025-10-09 00:30:00,25195.0,25197.11,25187.78,25191.07,1009.0,25417789.63
2025-10-09 01:00:00,25191.12,25197.64,25156.34,25171.95,3150.0,79291642.5
2025-10-09 01:30:00,25171.76,25171.76,25149.51,25160.22,2788.0,70146693.36
2025-10-09 02:00:00,25160.13,25164.18,25148.0,25159.33,1854.0,46645397.82
2025-10-09 02:30:00,25159.39,25166.35,25135.05,25138.18,1606.0,40371917.08
2025-10-09 03:00:00,25137.87,25172.75,25137.72,25150.65,2108.0,53017570.2
2025-10-09 03:30:00,25150.91,25162.25,25147.59,25154.42,1626.0,40901086.919999994
2025-10-09 04:00:00,25154.63,25168.62,25152.49,25163.57,1075.0,27050837.75
2025-10-09 04:30:00,25163.33,25170.06,25156.18,25168.58,858.0,21594641.64
2025-10-09 05:00:00,25168.49,25187.63,25164.4,25185.3,1232.0,31028289.599999998
2025-10-09 05:30:00,25185.32,25192.1,25168.83,25183.28,1669.0,42030894.32
2025-10-09 06:00:00,25183.41,25195.1,25174.77,25175.98,1893.0,47658130.14
2025-10-09 06:30:00,25176.23,25186.98,25154.31,25164.91,2806.0,70612737.46
2025-10-09 07:00:00,25164.71,25176.67,25159.92,25161.66,4841.0,121807596.06
2025-10-09 07:30:00,25161.83,25173.53,25151.75,25165.37,3389.0,85285438.92999999
2025-10-09 08:00:00,25165.23,25171.34,25139.97,25154.36,4107.0,103308956.52
2025-10-09 08:30:00,25154.29,25154.55,25122.18,25127.79,3660.0,91967711.4
2025-10-09 09:00:00,25128.05,25153.55,25123.43,25148.9,2789.0,70140282.10000001
2025-10-09 09:30:00,25148.71,25166.13,25147.2,25148.39,2389.0,60079503.71
2025-10-09 10:00:00,25148.46,25160.13,25136.12,25136.58,2892.0,72694989.36
2025-10-09 10:30:00,25136.43,25148.92,25131.35,25145.67,2073.0,52126973.91
2025-10-09 11:00:00,25145.39,25163.83,25144.19,25162.64,2574.0,64768635.36
2025-10-09 11:30:00,25162.55,25168.52,25139.63,25140.59,2440.0,61343039.6
2025-10-09 12:00:00,25140.77,25154.63,25138.99,25153.79,3357.0,84441273.03
2025-10-09 12:30:00,25153.65,25161.97,25144.62,25160.7,3205.0,80640043.5
2025-10-09 13:00:00,25160.78,25165.16,25142.46,25156.44,4232.0,106462054.08
2025-10-09 13:30:00,25156.69,25162.73,25082.02,25107.45,46127.0,1158131346.15
2025-10-09 14:00:00,25107.53,25116.7,25073.79,25080.25,28992.0,727126608.0
2025-10-09 14:30:00,25080.41,25088.2,25022.17,25079.46,29133.0,730639908.18
2025-10-09 15:00:00,25079.27,25100.44,25050.04,25054.76,21104.0,528755655.03999996
2025-10-09 15:30:00,25054.54,25102.03,25024.39,25090.79,21632.0,542763969.28
2025-10-09 16:00:00,25090.96,25101.54,25062.5,25082.28,16405.0,411474803.4
2025-10-09 16:30:00,25082.47,25089.13,25023.87,25031.71,18964.0,474701348.44
2025-10-09 17:00:00,25031.78,25059.22,24998.07,25003.95,24518.0,613046846.1
2025-10-09 17:30:00,25004.04,25045.9,24988.64,25043.53,18516.0,463706001.47999996
2025-10-09 18:00:00,25043.32,25062.53,25010.89,25041.53,15850.0,396908250.5
2025-10-09 18:30:00,25041.3,25070.61,25033.3,25063.45,11780.0,295247441.0
2025-10-09 19:00:00,25063.54,25098.45,25061.54,25092.98,12822.0,321742189.56
2025-10-09 19:30:00,25092.95,25123.35,25090.99,25123.12,13805.0,346824671.59999996
2025-10-09 20:00:00,25123.32,25126.63,25101.73,25103.8,2809.0,70516574.2
2025-10-09 20:30:00,25104.0,25114.58,25096.68,25114.58,1233.0,30966277.14
2025-10-09 22:00:00,25120.69,25138.26,25117.61,25128.23,2662.0,66891348.26
2025-10-09 22:30:00,25128.41,25150.76,25128.41,25148.89,1705.0,42878857.449999996
2025-10-09 23:00:00,25149.13,25154.03,25140.15,25147.22,1477.0,37142443.940000005
2025-10-09 23:30:00,25147.27,25165.92,25142.45,25165.27,1716.0,43183603.32
2025-10-10 00:00:00,25165.6,25176.16,25152.72,25155.15,2634.0,66258665.1
2025-10-10 00:30:00,25155.0,25170.33,25151.96,25166.63,1465.0,36869112.95
2025-10-10 01:00:00,25166.7,25179.61,25163.49,25177.89,1350.0,33990151.5
2025-10-10 01:30:00,25178.12,25183.13,25171.16,25181.88,1124.0,28304433.12
2025-10-10 02:00:00,25181.72,25181.87,25173.99,25179.72,1031.0,25960291.32
2025-10-10 02:30:00,25179.63,25185.35,25166.83,25168.48,984.0,24765784.32
2025-10-10 03:00:00,25168.32,25171.97,25154.72,25156.73,1311.0,32980473.03
2025-10-10 03:30:00,25156.75,25160.08,25140.78,25147.25,1480.0,37217930.0
2025-10-10 04:00:00,25147.26,25156.07,25145.57,25154.48,1313.0,33027832.24
2025-10-10 04:30:00,25154.57,25156.8,25130.53,25137.69,1206.0,30316054.139999997
2025-10-10 05:00:00,25137.5,25153.07,25126.92,25147.7,1653.0,41569148.1
2025-10-10 05:30:00,25147.97,25163.79,25147.97,25163.7,1305.0,32838628.5
2025-10-10 06:00:00,25163.8,25184.21,25162.01,25168.88,2117.0,53282518.96
2025-10-10 06:30:00,25169.2,25174.93,25124.99,25133.91,5899.0,148264935.09
2025-10-10 07:00:00,25134.11,25154.37,25128.37,25148.09,5902.0,148424027.18
2025-10-10 07:30:00,25148.41,25156.22,25133.64,25148.72,3548.0,89227658.56
2025-10-10 08:00:00,25148.54,25165.42,25143.42,25157.64,4796.0,120656041.44
2025-10-10 08:30:00,25157.43,25172.3,25152.65,25166.72,2175.0,54737616.0
2025-10-10 09:00:00,25166.47,25169.16,25120.35,25132.43,8015.0,201436426.45
2025-10-10 09:30:00,25132.18,25137.58,25081.51,25086.44,5655.0,141863818.2
2025-10-10 10:00:00,25086.25,25124.1,25084.16,25116.22,3678.0,92377457.16000001
2025-10-10 10:30:00,25116.06,25131.25,25104.93,25130.56,3329.0,83659634.24000001
2025-10-10 11:00:00,25130.44,25144.46,25130.02,25141.46,2616.0,65770059.36
2025-10-10 11:30:00,25141.26,25153.69,25133.12,25152.9,2796.0,70327508.4
2025-10-10 12:00:00,25152.87,25164.62,25146.85,25156.07,2446.0,61531747.22
2025-10-10 12:30:00,25156.01,25160.43,25119.01,25127.88,4378.0,110009858.64
2025-10-10 13:00:00,25127.72,25147.76,25125.94,25145.0,4543.0,114233735.0
2025-10-10 13:30:00,25144.88,25216.74,25124.02,25185.68,42173.0,1062155682.64
2025-10-10 14:00:00,25185.83,25199.37,25132.7,25164.21,38445.0,967438053.4499999
2025-10-10 14:30:00,25164.42,25185.78,24957.77,25023.33,42878.0,1072950343.7400001
2025-10-10 15:00:00,25023.19,25024.84,24634.62,24651.92,215347.0,5308717016.24
2025-10-10 15:30:00,24652.12,24737.59,24500.5,24656.73,250554.0,6177842328.42
2025-10-10 16:00:00,24656.54,24676.38,24572.75,24617.3,148182.0,3647840748.6
2025-10-10 16:30:00,24617.45,24662.89,24475.79,24486.78,87291.0,2137475512.9799998
2025-10-10 17:00:00,24486.66,24548.47,24431.99,24542.75,86885.0,2132396833.75
2025-10-10 17:30:00,24542.55,24579.25,24476.75,24510.4,62201.0,1524571390.4
2025-10-10 18:00:00,24510.27,24549.44,24470.28,24498.46,61410.0,1504450428.6
2025-10-10 18:30:00,24498.66,24517.83,24403.55,24420.21,47164.0,1151754784.44
2025-10-10 19:00:00,24420.43,24466.67,24344.52,24363.48,50768.0,1236885152.6399999
2025-10-10 19:30:00,24363.55,24386.34,24218.79,24237.39,82324.0,1995318894.36
2025-10-10 20:00:00,24237.51,24279.79,24227.85,24276.53,14927.0,362375763.31
2025-10-10 20:30:00,24276.34,24277.47,24018.61,24037.25,19611.0,471394509.75
2025-10-12 22:00:00,24567.2,24594.23,24459.17,24531.17,10229.0,250929337.92999998
2025-10-12 22:30:00,24531.49,24555.32,24512.28,24530.26,3099.0,76019275.74
2025-10-12 23:00:00,24530.12,24579.57,24494.75,24576.94,6889.0,169310539.66
2025-10-12 23:30:00,24576.78,24635.71,24564.56,24628.02,10230.0,251944644.6
2025-10-13 00:00:00,24628.0,24647.8,24597.87,24628.68,12332.0,303720881.76
2025-10-13 00:30:00,24628.54,24675.26,24619.73,24667.8,6627.0,163473510.6
2025-10-13 01:00:00,24668.04,24689.43,24663.29,24681.55,7866.0,194145072.29999998
2025-10-13 01:30:00,24681.61,24695.8,24665.39,24690.2,4395.0,108513429.0
2025-10-13 02:00:00,24690.39,24692.77,24671.26,24684.7,3651.0,90123839.7
2025-10-13 02:30:00,24684.8,24689.5,24643.72,24645.42,3456.0,85174571.52
2025-10-13 03:00:00,24645.25,24682.53,24633.15,24657.18,4640.0,114409315.2
2025-10-13 03:30:00,24656.97,24658.27,24601.43,24615.06,6420.0,158028685.20000002
2025-10-13 04:00:00,24615.31,24642.82,24611.67,24636.63,4861.0,119758658.43
2025-10-13 04:30:00,24636.59,24660.09,24633.44,24656.31,2919.0,71971768.89
2025-10-13 05:00:00,24655.99,24670.82,24640.41,24666.57,4412.0,108828906.84
2025-10-13 05:30:00,24666.39,24679.8,24652.92,24676.24,3954.0,97569852.96000001
2025-10-13 06:00:00,24676.13,24683.37,24626.72,24652.42,7704.0,189922243.67999998
2025-10-13 06:30:00,24652.42,24691.89,24651.23,24689.88,5325.0,131473611.0
2025-10-13 07:00:00,24690.09,24777.53,24673.11,24774.58,13292.0,329303717.36
2025-10-13 07:30:00,24774.46,24787.25,24734.09,24745.34,9411.0,232878394.74
2025-10-13 08:00:00,24745.52,24749.75,24697.4,24698.77,11691.0,288753320.07
2025-10-13 08:30:00,24698.86,24723.99,24682.56,24715.78,7542.0,186406412.76
2025-10-13 09:00:00,24715.62,24721.53,24694.58,24700.67,6636.0,163913646.11999997
2025-10-13 09:30:00,24700.49,24703.09,24677.6,24687.33,6301.0,155554866.33
2025-10-13 10:00:00,24687.14,24704.87,24666.57,24699.02,6778.0,167409957.56
2025-10-13 10:30:00,24698.88,24719.26,24669.1,24691.76,6813.0,168224960.88
2025-10-13 11:00:00,24692.03,24706.95,24576.6,24605.56,29777.0,732679760.12
2025-10-13 11:30:00,24605.7,24657.07,24577.57,24637.95,16547.0,407684158.65000004
2025-10-13 12:00:00,24637.88,24670.07,24607.59,24654.65,15568.0,383823591.20000005
2025-10-13 12:30:00,24654.45,24676.11,24621.51,24627.88,8877.0,218621690.76000002
2025-10-13 13:00:00,24627.72,24729.18,24626.17,24664.88,30384.0,749417713.9200001
2025-10-13 13:30:00,24664.67,24733.58,24565.42,24729.65,108786.0,2690239704.9
2025-10-13 14:00:00,24729.43,24754.56,24629.63,24666.22,67778.0,1671827059.16
2025-10-13 14:30:00,24666.13,24730.35,24585.38,24599.72,59456.0,1462600952.3200002
2025-10-13 15:00:00,24599.63,24727.4,24587.46,24719.66,40071.0,990541495.86
2025-10-13 15:30:00,24719.86,24743.02,24693.88,24734.65,22227.0,549777065.5500001
2025-10-13 16:00:00,24734.69,24771.6,24711.06,24750.46,26243.0,649526321.78
2025-10-13 16:30:00,24750.24,24797.68,24729.2,24789.62,16506.0,409177467.71999997
2025-10-13 17:00:00,24789.85,24800.02,24734.39,24745.17,17196.0,425517943.32
2025-10-13 17:30:00,24745.34,24768.75,24730.38,24768.16,15844.0,392426727.04
2025-10-13 18:00:00,24768.08,24795.04,24762.76,24792.18,10772.0,267061362.96
2025-10-13 18:30:00,24792.1,24805.74,24733.89,24744.91,14052.0,347715475.32
2025-10-13 19:00:00,24744.85,24792.28,24727.18,24758.41,15275.0,378184712.75
2025-10-13 19:30:00,24758.21,24791.82,24750.74,24764.64,17507.0,433554552.48
2025-10-13 20:00:00,24764.44,24770.97,24741.27,24757.73,3688.0,91306508.24
2025-10-13 20:30:00,24757.69,24757.73,24742.33,24746.83,1240.0,30686069.200000003
2025-10-13 22:00:00,24749.59,24772.79,24741.95,24742.53,2130.0,52701588.9
2025-10-13 22:30:00,24742.63,24775.35,24742.63,24775.34,2275.0,56363898.5
2025-10-13 23:00:00,24775.47,24776.96,24752.22,24765.52,3013.0,74618511.76
2025-10-13 23:30:00,24765.43,24766.25,24743.67,24756.36,2930.0,72536134.8
2025-10-14 00:00:00,24756.12,24843.5,24749.29,24842.78,6670.0,165701342.6
2025-10-14 00:30:00,24842.88,24888.52,24835.47,24851.66,6844.0,170084761.04
2025-10-14 01:00:00,24851.42,24851.98,24812.41,24838.78,7938.0,197170235.64
2025-10-14 01:30:00,24838.45,24857.31,24830.74,24850.16,4173.0,103699717.67999999
2025-10-14 02:00:00,24849.96,24864.96,24832.6,24833.07,3828.0,95060991.96
2025-10-14 02:30:00,24833.04,24836.78,24795.81,24798.85,4324.0,107230227.39999999
2025-10-14 03:00:00,24798.55,24802.91,24753.1,24769.06,5814.0,144007314.84
2025-10-14 03:30:00,24769.04,24773.39,24749.17,24755.74,4906.0,121451660.44000001
2025-10-14 04:00:00,24755.9,24761.32,24614.12,24628.43,19030.0,468679022.9
2025-10-14 04:30:00,24628.27,24653.06,24594.44,24650.68,13992.0,344912314.56
2025-10-14 05:00:00,24650.68,24659.07,24630.74,24635.44,10911.0,268797285.84
2025-10-14 05:30:00,24635.66,24641.46,24496.02,24550.43,21536.0,528718060.48
2025-10-14 06:00:00,24550.62,24593.66,24535.25,24556.35,16042.0,393932966.7
2025-10-14 06:30:00,24556.06,24574.95,24510.25,24530.55,13990.0,343182394.5
2025-10-14 07:00:00,24530.3,24570.1,24473.35,24550.8,24339.0,597541921.1999999
2025-10-14 07:30:00,24550.96,24562.65,24443.93,24491.48,34700.0,849854356.0
2025-10-14 08:00:00,24491.59,24507.62,24430.13,24503.55,25122.0,615578183.1
2025-10-14 08:30:00,24503.42,24540.88,24481.59,24535.58,12616.0,309540877.28000003
2025-10-14 09:00:00,24535.43,24556.6,24505.81,24514.09,9447.0,231584608.23
2025-10-14 09:30:00,24514.2,24526.21,24473.42,24483.13,10202.0,249776892.26000002
2025-10-14 10:00:00,24482.92,24487.31,24419.68,24421.67,14153.0,345639895.51
2025-10-14 10:30:00,24421.42,24423.23,24346.37,24402.13,27047.0,660004410.11
2025-10-14 11:00:00,24402.34,24479.4,24390.38,24460.92,16944.0,414465828.47999996
2025-10-14 11:30:00,24460.84,24508.52,24452.17,24497.83,13327.0,326482580.41
2025-10-14 12:00:00,24497.67,24507.64,24451.92,24499.25,13527.0,331401354.75
2025-10-14 12:30:00,24499.24,24501.29,24402.37,24465.14,16006.0,391589030.84
2025-10-14 13:00:00,24465.07,24500.5,24449.69,24482.8,13480.0,330028144.0
2025-10-14 13:30:00,24482.79,24485.72,24266.75,24421.7,145550.0,3554578435.0
2025-10-14 14:00:00,24421.53,24569.44,24401.76,24566.05,71737.0,1762294728.85
2025-10-14 14:30:00,24566.23,24588.53,24515.29,24533.86,44368.0,1088518300.48
2025-10-14 15:00:00,24533.99,24612.15,24528.98,24548.53,39308.0,964953617.24
2025-10-14 15:30:00,24548.72,24682.67,24546.7,24649.71,51976.0,1281193326.96
2025-10-14 16:00:00,24649.53,24722.04,24606.14,24715.21,37696.0,931664556.16
2025-10-14 16:30:00,24715.29,24791.72,24713.25,24736.77,25484.0,630391846.6800001
2025-10-14 17:00:00,24736.54,24782.16,24702.77,24771.45,23619.0,585076877.5500001
2025-10-14 17:30:00,24771.54,24779.92,24725.24,24744.29,20700.0,512206803.0
2025-10-14 18:00:00,24744.46,24771.53,24728.07,24762.47,18933.0,468827844.51000005
2025-10-14 18:30:00,24762.28,24773.16,24728.5,24745.53,16040.0,396918301.2
2025-10-14 19:00:00,24745.7,24773.36,24738.83,24747.96,12697.0,314224848.12
2025-10-14 19:30:00,24748.03,24749.2,24530.94,24600.03,103305.0,2541306099.15
2025-10-14 20:00:00,24599.95,24633.0,24538.54,24559.78,12120.0,297664533.59999996
2025-10-14 20:30:00,24559.5,24606.4,24556.83,24598.36,3381.0,83167055.16
2025-10-14 22:00:00,24602.48,24661.81,24597.05,24622.41,7290.0,179497368.9
2025-10-14 22:30:00,24622.41,24629.87,24604.48,24624.92,2838.0,69885522.96
2025-10-14 23:00:00,24624.73,24664.11,24615.23,24638.55,3832.0,94414923.6
2025-10-14 23:30:00,24638.24,24648.08,24618.73,24619.32,3886.0,95670677.52
2025-10-15 00:00:00,24619.1,24628.61,24587.33,24616.97,8624.0,212296749.28
2025-10-15 00:30:00,24616.73,24645.26,24602.02,24643.48,5931.0,146160479.88
2025-10-15 01:00:00,24643.22,24660.34,24609.64,24651.77,5800.0,142980266.0
2025-10-15 01:30:00,24651.78,24656.62,24638.38,24646.7,4083.0,100632476.10000001
2025-10-15 02:00:00,24646.64,24701.11,24646.21,24691.41,4036.0,99654530.76
2025-10-15 02:30:00,24691.21,24696.09,24653.08,24658.84,3670.0,90497942.8
2025-10-15 03:00:00,24658.75,24674.56,24634.83,24674.35,3603.0,88901683.05
2025-10-15 03:30:00,24674.53,24676.21,24642.57,24654.45,4059.0,100072412.55
2025-10-15 04:00:00,24654.5,24688.12,24648.24,24679.63,2988.0,73742734.44
2025-10-15 04:30:00,24679.45,24693.7,24676.76,24689.86,2463.0,60811125.18
2025-10-15 05:00:00,24698.12,24764.9,24696.87,24741.66,7584.0,187640749.44
2025-10-15 05:30:00,24741.84,24742.36,24721.58,24730.96,3738.0,92444328.48
2025-10-15 06:00:00,24731.18,24741.04,24714.41,24736.84,5612.0,138823146.08
2025-10-15 06:30:00,24737.03,24754.0,24727.79,24748.47,4864.0,120376558.08000001
2025-10-15 07:00:00,24748.32,24772.02,24735.92,24737.37,8155.0,201733252.35
2025-10-15 07:30:00,24737.33,24753.21,24724.91,24747.75,5500.0,136112625.0
2025-10-15 08:00:00,24747.94,24782.48,24746.19,24774.42,7735.0,191630138.7
2025-10-15 08:30:00,24774.26,24778.86,24756.63,24777.17,5302.0,131368555.33999999
2025-10-15 09:00:00,24777.13,24838.76,24773.48,24795.46,6511.0,161443240.06
2025-10-15 09:30:00,24795.39,24824.41,24791.77,24819.28,5107.0,126752062.96
2025-10-15 10:00:00,24819.46,24822.59,24797.71,24813.14,3782.0,93843295.48
2025-10-15 10:30:00,24813.21,24826.62,24794.92,24812.68,3561.0,88357953.48
2025-10-15 11:00:00,24812.49,24817.42,24788.54,24794.86,5731.0,142099342.66
2025-10-15 11:30:00,24794.66,24819.03,24784.94,24807.42,4748.0,117785630.16
2025-10-15 12:00:00,24807.18,24871.43,24802.71,24840.62,5598.0,139057790.76
2025-10-15 12:30:00,24841.27,24869.45,24831.44,24865.81,7130.0,177293225.3
2025-10-15 13:00:00,24866.07,24866.85,24837.92,24846.84,6397.0,158945235.48
2025-10-15 13:30:00,24846.67,24868.78,24741.68,24859.75,79909.0,1986517762.75
2025-10-15 14:00:00,24859.95,24958.72,24859.74,24946.54,32478.0,810213726.12
2025-10-15 14:30:00,24946.7,24960.2,24921.2,24945.58,27611.0,688772409.38
2025-10-15 15:00:00,24945.73,24955.25,24893.03,24899.13,28855.0,718464396.15
2025-10-15 15:30:00,24899.0,24905.12,24723.5,24780.41,56042.0,1388743737.22
2025-10-15 16:00:00,24780.5,24838.0,24770.28,24805.04,41666.0,1033526796.64
2025-10-15 16:30:00,24804.8,24813.53,24738.76,24748.54,33482.0,828630616.28
2025-10-15 17:00:00,24748.73,24749.75,24509.98,24593.49,97629.0,2401037835.21
2025-10-15 17:30:00,24593.17,24759.41,24584.88,24749.5,50003.0,1237549248.5
2025-10-15 18:00:00,24749.67,24768.65,24705.77,24737.79,33299.0,823743669.21
2025-10-15 18:30:00,24737.71,24804.2,24732.02,24798.02,19315.0,478973756.3
2025-10-15 19:00:00,24797.79,24801.65,24749.27,24788.54,19632.0,486648617.28000003
2025-10-15 19:30:00,24788.45,24793.75,24691.32,24771.17,30007.0,743308498.1899999
2025-10-15 20:00:00,24771.0,24808.85,24766.68,24776.77,7182.0,177946762.14000002
2025-10-15 20:30:00,24776.5,24799.69,24758.06,24787.11,2784.0,69007314.24
2025-10-15 22:00:00,24791.35,24839.2,24785.5,24822.26,5390.0,133791981.39999999
2025-10-15 22:30:00,24822.07,24828.75,24792.32,24824.53,3248.0,80630073.44
2025-10-15 23:00:00,24824.67,24826.67,24783.14,24787.5,3726.0,92358225.0
2025-10-15 23:30:00,24787.82,24800.57,24773.16,24790.9,4639.0,115004985.10000001
2025-10-16 00:00:00,24790.69,24803.9,24757.16,24763.14,7355.0,182132894.7
2025-10-16 00:30:00,24763.14,24764.76,24722.05,24761.02,8298.0,205466943.96
2025-10-16 01:00:00,24760.79,24790.46,24753.52,24777.39,6085.0,150770418.15
2025-10-16 01:30:00,24777.16,24793.23,24767.02,24785.03,4690.0,116241790.69999999
2025-10-16 02:00:00,24785.21,24796.69,24761.44,24762.46,3839.0,95063083.94
2025-10-16 02:30:00,24762.46,24788.84,24743.5,24785.06,4699.0,116464996.94000001
2025-10-16 03:00:00,24784.87,24794.98,24756.32,24770.83,4024.0,99677819.92
2025-10-16 03:30:00,24770.93,24773.76,24755.02,24763.39,3343.0,82784012.77
2025-10-16 04:00:00,24763.16,24786.53,24758.49,24776.26,2829.0,70092039.53999999
2025-10-16 04:30:00,24776.11,24788.0,24764.73,24776.87,2924.0,72447567.88
2025-10-16 05:00:00,24776.93,24788.92,24766.98,24783.78,3366.0,83422203.47999999
2025-10-16 05:30:00,24784.02,24823.24,24776.35,24800.98,7472.0,185312922.56
2025-10-16 06:00:00,24801.01,24849.92,24801.01,24848.64,6328.0,157242193.92
2025-10-16 06:30:00,24848.88,24874.51,24846.29,24871.94,4162.0,103517014.28
2025-10-16 07:00:00,24871.68,24889.12,24842.55,24847.55,9424.0,234163311.2
2025-10-16 07:30:00,24847.68,24903.59,24820.15,24887.36,13286.0,330653464.96
2025-10-16 08:00:00,24887.22,24903.97,24860.22,24860.81,9858.0,245077864.98000002
2025-10-16 08:30:00,24860.93,24880.94,24853.54,24867.17,5994.0,149053816.98
2025-10-16 09:00:00,24867.32,24887.2,24861.01,24885.89,4619.0,114947925.91
2025-10-16 09:30:00,24885.81,24892.77,24853.67,24888.88,5459.0,135868395.92000002
2025-10-16 10:00:00,24888.8,24916.79,24886.42,24913.22,4244.0,105731705.68
2025-10-16 10:30:00,24913.04,24919.25,24890.15,24901.02,3899.0,97089076.98
2025-10-16 11:00:00,24900.88,24933.18,24893.42,24929.26,4283.0,106772020.58
2025-10-16 11:30:00,24929.39,24930.38,24906.46,24914.42,3375.0,84086167.5
2025-10-16 12:00:00,24914.17,24922.35,24878.72,24893.29,7217.0,179654873.93
2025-10-16 12:30:00,24893.49,24947.43,24875.9,24928.45,8061.0,200948235.45000002
2025-10-16 13:00:00,24928.25,24937.42,24892.96,24893.43,7649.0,190409846.07
2025-10-16 13:30:00,24893.23,24974.51,24875.03,24909.23,72159.0,1797425127.57
2025-10-16 14:00:00,24909.43,24961.47,24862.79,24929.47,70854.0,1766352667.38
2025-10-16 14:30:00,24929.87,25028.93,24929.79,24956.22,46658.0,1164407312.76
2025-10-16 15:00:00,24956.33,24980.76,24867.2,24886.96,46508.0,1157442735.68
2025-10-16 15:30:00,24887.05,24920.99,24794.91,24820.84,77662.0,1927636076.08
2025-10-16 16:00:00,24821.02,24846.63,24720.16,24727.39,74019.0,1830296680.4099998
2025-10-16 16:30:00,24727.22,24783.74,24582.97,24777.57,131667.0,3262388309.19
2025-10-16 17:00:00,24777.82,24814.21,24677.05,24779.49,109995.0,2725620002.55
2025-10-16 17:30:00,24779.56,24805.94,24678.64,24715.66,63566.0,1571075643.56
2025-10-16 18:00:00,24715.77,24721.84,24511.24,24546.05,86453.0,2122079660.6499999
2025-10-16 18:30:00,24545.96,24650.22,24490.24,24647.39,89807.0,2213508153.73
2025-10-16 19:00:00,24647.6,24668.2,24544.02,24587.05,67948.0,1670640873.3999999
2025-10-16 19:30:00,24586.92,24696.8,24560.73,24682.89,65155.0,1608213697.95
2025-10-16 20:00:00,24682.71,24705.29,24596.74,24620.19,11070.0,272545503.3
2025-10-16 20:30:00,24620.4,24653.65,24612.37,24644.82,4406.0,108585076.92
2025-10-16 22:00:00,24647.73,24712.77,24644.37,24666.07,8022.0,197871213.54
2025-10-16 22:30:00,24666.27,24677.85,24594.72,24596.38,5399.0,132795855.62
2025-10-16 23:00:00,24596.53,24622.41,24577.86,24580.59,9277.0,228034133.43
2025-10-16 23:30:00,24580.4,24615.65,24575.02,24614.37,8246.0,202970095.01999998
2025-10-17 00:00:00,24614.14,24648.89,24600.04,24629.74,10274.0,253045948.76000002
2025-10-17 00:30:00,24629.5,24645.77,24621.1,24631.98,5700.0,140402286.0
2025-10-17 01:00:00,24632.21,24689.66,24632.01,24673.51,6867.0,169432993.17
2025-10-17 01:30:00,24673.51,24678.55,24584.12,24612.16,8234.0,202656525.44
2025-10-17 02:00:00,24612.34,24621.34,24583.49,24597.87,8217.0,202120697.79
2025-10-17 02:30:00,24597.6,24626.42,24595.33,24619.43,4019.0,98945489.17
2025-10-17 03:00:00,24618.76,24622.13,24594.98,24614.95,3956.0,97376742.2
2025-10-17 03:30:00,24615.1,24622.09,24560.38,24586.21,6839.0,168145090.19
2025-10-17 04:00:00,24585.99,24594.48,24569.39,24574.93,4385.0,107761068.05
2025-10-17 04:30:00,24575.1,24583.55,24554.66,24560.56,4936.0,121230924.16000001
2025-10-17 05:00:00,24560.35,24564.79,24504.94,24528.11,8082.0,198236185.02
2025-10-17 05:30:00,24528.35,24532.81,24470.99,24515.72,8326.0,204117884.72
2025-10-17 06:00:00,24515.87,24545.39,24482.92,24491.93,9740.0,238551398.2
2025-10-17 06:30:00,24492.16,24502.23,24424.99,24436.06,14697.0,359136773.82
2025-10-17 07:00:00,24436.33,24443.21,24305.84,24347.02,42881.0,1044024564.62
2025-10-17 07:30:00,24346.82,24370.22,24284.8,24328.3,37500.0,912311250.0
2025-10-17 08:00:00,24328.48,24346.66,24264.85,24334.57,34836.0,847719080.52
2025-10-17 08:30:00,24334.74,24382.43,24320.4,24345.81,21855.0,532077677.55
2025-10-17 09:00:00,24345.59,24415.74,24339.68,24388.93,15007.0,366004672.51
2025-10-17 09:30:00,24389.07,24415.35,24347.82,24350.41,15366.0,374168400.06
2025-10-17 10:00:00,24350.54,24402.54,24337.83,24342.29,18413.0,448214585.77000004
2025-10-17 10:30:00,24342.41,24430.84,24342.41,24429.84,24957.0,609695516.88
2025-10-17 11:00:00,24430.0,24584.92,24424.36,24560.52,49026.0,1204104053.52
2025-10-17 11:30:00,24560.17,24589.43,24525.73,24585.56,22682.0,557649671.9200001
2025-10-17 12:00:00,24585.79,24655.42,24566.97,24623.71,25810.0,635537955.1
2025-10-17 12:30:00,24624.07,24649.41,24585.03,24591.11,21165.0,520470843.15000004
2025-10-17 13:00:00,24590.95,24627.46,24572.34,24591.05,24336.0,598447792.8
2025-10-17 13:30:00,24591.22,24743.04,24526.0,24675.06,157497.0,3886247924.82
2025-10-17 14:00:00,24675.15,24814.45,24629.86,24762.16,118938.0,2945161786.08
2025-10-17 14:30:00,24762.32,24767.95,24602.38,24618.07,101878.0,2508039735.46
2025-10-17 15:00:00,24617.97,24709.85,24556.48,24590.15,93859.0,2308006888.85
2025-10-17 15:30:00,24590.07,24726.59,24530.68,24703.41,72524.0,1791590106.84
2025-10-17 16:00:00,24703.19,24809.36,24702.61,24801.33,39028.0,967946307.24
2025-10-17 16:30:00,24801.6,24826.3,24723.36,24756.92,44745.0,1107748385.3999999
2025-10-17 17:00:00,24757.09,24762.14,24682.36,24713.66,54126.0,1337651561.16
2025-10-17 17:30:00,24713.82,24800.64,24687.62,24789.7,48926.0,1212860862.2
2025-10-17 18:00:00,24789.54,24883.37,24789.13,24868.83,26752.0,665290940.1600001
2025-10-17 18:30:00,24869.07,24881.36,24831.8,24850.66,20610.0,512172102.6
2025-10-17 19:00:00,24850.46,24907.41,24849.43,24878.93,19589.0,487353359.77
2025-10-17 19:30:00,24879.1,24879.31,24833.86,24842.37,25948.0,644609816.76
2025-10-17 20:00:00,24842.15,24892.51,24830.83,24885.43,5793.0,144161295.99
2025-10-17 20:30:00,24885.34,24897.33,24879.93,24885.44,1857.0,46212262.08
2025-10-19 22:00:00,24935.42,24958.67,24905.85,24909.4,6595.0,164277493.0
2025-10-19 22:30:00,24909.48,24926.04,24900.44,24920.14,3313.0,82560423.82
2025-10-19 23:00:00,24920.44,24924.01,24848.31,24855.09,5453.0,135534805.77
2025-10-19 23:30:00,24854.79,24876.08,24850.84,24872.55,4621.0,114936053.55
2025-10-20 00:00:00,24872.34,24876.81,24816.49,24836.38,8932.0,221838546.16
2025-10-20 00:30:00,24836.22,24917.09,24825.09,24908.12,7531.0,187583051.72
2025-10-20 01:00:00,24908.28,24937.66,24903.75,24923.93,5281.0,131623274.33
2025-10-20 01:30:00,24923.84,24928.91,24892.31,24908.15,4951.0,123320250.65
2025-10-20 02:00:00,24907.78,24910.63,24888.43,24899.88,3836.0,95515939.68
2025-10-20 02:30:00,24899.94,24919.99,24896.29,24913.55,3010.0,74989785.5
2025-10-20 03:00:00,24913.62,24927.47,24912.61,24926.27,1731.0,43147373.37
2025-10-20 03:30:00,24926.59,24959.92,24921.49,24956.73,2509.0,62616435.57
2025-10-20 04:00:00,24956.74,24980.97,24954.81,24977.83,2916.0,72835352.28
2025-10-20 04:30:00,24977.55,24979.46,24946.13,24973.37,2786.0,69575808.82
2025-10-20 05:00:00,24973.3,24982.9,24957.46,24979.08,2983.0,74512595.64
2025-10-20 05:30:00,24979.24,24987.89,24962.61,24973.16,3829.0,95622229.64
2025-10-20 06:00:00,24973.02,24973.72,24948.04,24967.93,4779.0,119321737.47
2025-10-20 06:30:00,24967.75,24985.8,24958.49,24971.71,4202.0,104931125.42
2025-10-20 07:00:00,24971.48,24995.45,24959.6,24994.08,7365.0,184081399.20000002
2025-10-20 07:30:00,24993.94,25013.03,24972.59,24981.73,5880.0,146892572.4
2025-10-20 08:00:00,24981.72,24993.85,24950.68,24960.93,8088.0,201884001.84
2025-10-20 08:30:00,24961.0,24970.98,24927.07,24933.59,7298.0,181965339.82
2025-10-20 09:00:00,24933.85,24959.6,24920.2,24952.27,6957.0,173592942.39000002
2025-10-20 09:30:00,24952.48,24956.83,24928.15,24947.62,5481.0,136737905.22
2025-10-20 10:00:00,24947.79,24955.66,24923.1,24931.91,4940.0,123163635.4
2025-10-20 10:30:00,24931.67,24963.29,24900.43,24901.84,7375.0,183651070.0
2025-10-20 11:00:00,24901.63,24944.33,24898.92,24940.68,6641.0,165631055.88
2025-10-20 11:30:00,24940.6,24950.2,24922.75,24944.92,5458.0,136149373.35999998
2025-10-20 12:00:00,24944.72,24955.64,24936.2,24948.11,4790.0,119501446.9
2025-10-20 12:30:00,24947.93,24993.58,24947.41,24991.88,4984.0,124559529.92
2025-10-20 13:00:00,24991.69,25012.02,24978.91,24978.91,5928.0,148074978.48
2025-10-20 13:30:00,24979.11,25099.97,24975.45,25081.87,50812.0,1274459978.44
2025-10-20 14:00:00,25081.97,25143.26,25073.45,25141.96,31299.0,786918206.04
2025-10-20 14:30:00,25141.78,25183.29,25127.24,25175.75,20022.0,504068866.5
2025-10-20 15:00:00,25175.96,25185.76,25151.24,25178.75,15577.0,392209388.75
2025-10-20 15:30:00,25178.95,25204.45,25157.36,25176.76,20661.0,520177038.35999995
2025-10-20 16:00:00,25176.94,25188.47,25157.73,25172.97,17077.0,429878808.69
2025-10-20 16:30:00,25172.78,25181.75,25151.25,25177.29,11030.0,277705508.7
2025-10-20 17:00:00,25177.05,25211.2,25174.48,25198.29,8796.0,221644158.84
2025-10-20 17:30:00,25198.45,25214.87,25192.85,25197.89,6960.0,175377314.4
2025-10-20 18:00:00,25197.75,25214.64,25191.81,25196.72,6337.0,159671614.64000002
2025-10-20 18:30:00,25196.95,25198.66,25166.28,25187.01,7620.0,191925016.2
2025-10-20 19:00:00,25187.2,25195.44,25156.79,25181.28,7828.0,197119059.84
2025-10-20 19:30:00,25181.46,25194.09,25158.23,25159.57,11402.0,286869417.14
2025-10-20 20:00:00,25159.48,25182.59,25149.26,25180.19,3197.0,80501067.42999999
2025-10-20 20:30:00,25179.99,25189.69,25175.76,25188.15,991.0,24961456.650000002
2025-10-20 22:00:00,25190.01,25192.68,25172.52,25186.87,2320.0,58433538.4
2025-10-20 22:30:00,25187.24,25189.82,25176.32,25185.01,1674.0,42159706.739999995
2025-10-20 23:00:00,25185.19,25209.72,25184.56,25203.93,2445.0,61623608.85
2025-10-20 23:30:00,25204.25,25208.15,25182.04,25188.8,2099.0,52871291.199999996
2025-10-21 00:00:00,25188.51,25204.24,25176.49,25199.64,3909.0,98505392.75999999
2025-10-21 00:30:00,25199.9,25207.93,25195.99,25206.65,1913.0,48220321.45
2025-10-21 01:00:00,25206.75,25225.18,25202.81,25206.01,2226.0,56108578.26
2025-10-21 01:30:00,25206.17,25215.46,25195.89,25209.98,1948.0,49109041.04
2025-10-21 02:00:00,25209.91,25230.66,25208.28,25230.37,1637.0,41302115.69
2025-10-21 02:30:00,25230.2,25233.35,25208.83,25213.01,1595.0,40214750.949999996
2025-10-21 03:00:00,25212.81,25221.21,25209.56,25209.89,1211.0,30529176.79
2025-10-21 03:30:00,25210.12,25214.97,25183.04,25193.95,2678.0,67469398.10000001
2025-10-21 04:00:00,25193.93,25195.36,25180.47,25189.94,2178.0,54863689.32
2025-10-21 04:30:00,25189.91,25190.5,25160.31,25172.73,2691.0,67739816.42999999
2025-10-21 05:00:00,25172.91,25182.22,25156.24,25162.97,3621.0,91115114.37
2025-10-21 05:30:00,25162.83,25171.36,25141.47,25162.21,3267.0,82204940.07
2025-10-21 06:00:00,25162.55,25163.16,25131.46,25144.51,4050.0,101835265.5
2025-10-21 06:30:00,25144.3,25159.11,25138.78,25143.98,3492.0,87802778.16
2025-10-21 07:00:00,25143.81,25154.38,25127.31,25152.89,6536.0,164399289.04
2025-10-21 07:30:00,25152.8,25156.33,25128.65,25142.86,5670.0,142560016.20000002
2025-10-21 08:00:00,25143.11,25150.02,25118.88,25129.85,6788.0,170581421.79999998
2025-10-21 08:30:00,25129.64,25140.26,25122.87,25133.58,3749.0,94225791.42
2025-10-21 09:00:00,25133.36,25155.48,25131.6,25154.11,3060.0,76971576.60000001
2025-10-21 09:30:00,25153.84,25161.39,25145.54,25147.26,3160.0,79465341.6
2025-10-21 10:00:00,25147.48,25152.47,25123.31,25140.05,3797.0,95456769.85
2025-10-21 10:30:00,25140.22,25151.88,25130.91,25143.06,2941.0,73945739.46000001
2025-10-21 11:00:00,25142.91,25168.59,25136.6,25167.96,3405.0,85696903.8
2025-10-21 11:30:00,25168.07,25171.66,25148.7,25170.71,4110.0,103451618.1
2025-10-21 12:00:00,25170.45,25178.59,25162.96,25171.56,3034.0,76370513.04
2025-10-21 12:30:00,25171.35,25174.0,25154.68,25162.17,3458.0,87010783.86
2025-10-21 13:00:00,25161.92,25169.14,25136.01,25163.61,6021.0,151510095.81
2025-10-21 13:30:00,25163.83,25167.97,25078.67,25099.07,48313.0,1212611368.91
2025-10-21 14:00:00,25099.23,25149.7,25069.57,25085.52,34283.0,860006882.16
2025-10-21 14:30:00,25085.29,25165.51,25067.47,25161.7,28158.0,708503148.6
2025-10-21 15:00:00,25161.94,25166.96,25106.48,25139.7,28384.0,713565244.8000001
2025-10-21 15:30:00,25139.53,25190.53,25121.27,25186.48,18396.0,463330486.08
2025-10-21 16:00:00,25186.09,25205.72,25180.04,25200.03,11952.0,301190758.56
2025-10-21 16:30:00,25200.2,25211.24,25141.96,25149.7,17395.0,437479031.5
2025-10-21 17:00:00,25149.51,25173.75,25114.43,25148.38,28086.0,706317400.6800001
2025-10-21 17:30:00,25148.25,25178.75,25136.99,25177.29,15162.0,381738070.98
2025-10-21 18:00:00,25177.3,25187.53,25154.33,25179.91,9834.0,247619234.94
2025-10-21 18:30:00,25179.75,25184.63,25160.53,25174.21,7671.0,193111364.91
2025-10-21 19:00:00,25174.04,25188.79,25166.01,25173.26,7051.0,177496656.26
2025-10-21 19:30:00,25173.04,25198.45,25151.46,25156.23,10209.0,256819952.07
2025-10-21 20:00:00,25156.46,25163.05,25093.26,25121.97,9162.0,230167489.14000002
2025-10-21 20:30:00,25122.05,25134.52,25119.26,25129.06,2109.0,52997187.54
2025-10-21 22:00:00,25145.48,25151.17,25126.13,25143.37,3524.0,88605235.88
2025-10-21 22:30:00,25143.46,25147.02,25130.6,25138.22,2086.0,52438326.92
2025-10-21 23:00:00,25138.29,25138.9,25115.0,25123.44,2671.0,67104708.239999995
2025-10-21 23:30:00,25123.27,25124.86,25108.31,25113.15,2411.0,60547804.650000006
2025-10-22 00:00:00,25113.38,25123.25,25094.77,25107.01,5248.0,131761588.47999999
2025-10-22 00:30:00,25107.14,25112.25,25088.7,25093.91,3499.0,87803591.09
2025-10-22 01:00:00,25093.74,25115.85,25084.39,25113.4,3022.0,75892694.8
2025-10-22 01:30:00,25113.42,25135.89,25107.29,25134.03,2401.0,60346806.029999994
2025-10-22 02:00:00,25134.13,25149.85,25121.28,25149.24,2215.0,55705566.6
2025-10-22 02:30:00,25149.34,25149.88,25137.87,25141.49,1368.0,34393558.32
2025-10-22 03:00:00,25141.45,25141.88,25114.26,25120.11,1888.0,47426767.68
2025-10-22 03:30:00,25120.04,25159.89,25112.28,25158.42,2284.0,57461831.279999994
2025-10-22 04:00:00,25158.5,25200.34,25157.29,25188.11,3468.0,87352365.48
2025-10-22 04:30:00,25187.99,25192.96,25179.15,25185.0,2061.0,51906285.0
2025-10-22 05:00:00,25185.17,25193.44,25171.63,25179.36,2275.0,57283044.0
2025-10-22 05:30:00,25179.63,25184.61,25165.77,25175.01,2238.0,56341672.379999995
2025-10-22 06:00:00,25175.0,25197.55,25161.54,25184.59,4075.0,102627204.25
2025-10-22 06:30:00,25184.5,25205.41,25174.16,25185.95,3409.0,85858903.55
2025-10-22 07:00:00,25185.81,25188.47,25138.94,25169.73,7592.0,191088590.16
2025-10-22 07:30:00,25169.86,25173.26,25160.88,25165.43,3829.0,96358431.47
2025-10-22 08:00:00,25165.17,25166.43,25123.37,25134.82,6327.0,159028006.14
2025-10-22 08:30:00,25135.09,25142.59,25118.92,25134.68,4958.0,124617743.44
2025-10-22 09:00:00,25134.56,25134.56,25099.2,25125.14,4865.0,122233806.1
2025-10-22 09:30:00,25125.24,25141.54,25114.31,25139.58,4209.0,105812492.22000001
2025-10-22 10:00:00,25139.77,25156.63,25131.13,25153.27,3247.0,81672667.69
2025-10-22 10:30:00,25153.21,25172.34,25150.26,25154.3,3234.0,81349006.2
2025-10-22 11:00:00,25154.42,25157.88,25094.62,25103.9,8356.0,209768188.4
2025-10-22 11:30:00,25104.1,25114.67,25074.3,25091.9,7780.0,195214982.0
2025-10-22 12:00:00,25091.76,25130.46,25086.16,25120.69,7947.0,199634123.42999998
2025-10-22 12:30:00,25120.83,25135.16,25110.73,25128.09,3731.0,93752903.79
2025-10-22 13:00:00,25128.09,25145.52,25118.1,25132.8,3948.0,99224294.39999999
2025-10-22 13:30:00,25132.75,25156.67,25040.67,25125.72,48444.0,1217190379.68
2025-10-22 14:00:00,25125.52,25147.95,24981.67,24989.43,41244.0,1030664050.92
2025-10-22 14:30:00,24989.66,25041.2,24916.06,25036.91,60998.0,1527201436.18
2025-10-22 15:00:00,25037.01,25056.21,24890.75,24894.7,48067.0,1196613544.9
2025-10-22 15:30:00,24894.92,24996.12,24871.5,24966.24,46676.0,1165324218.24
2025-10-22 16:00:00,24966.43,24976.22,24875.51,24896.51,37114.0,924009072.14
2025-10-22 16:30:00,24896.28,24920.2,24734.79,24859.98,123301.0,3065260393.98
2025-10-22 17:00:00,24860.17,24877.72,24744.23,24778.25,58531.0,1450295750.75
2025-10-22 17:30:00,24778.11,24795.82,24674.48,24742.93,50227.0,1242763145.1100001
2025-10-22 18:00:00,24743.18,24810.62,24696.96,24785.43,51861.0,1285397185.23
2025-10-22 18:30:00,24785.29,24828.7,24758.98,24827.22,40330.0,1001281782.6
2025-10-22 19:00:00,24827.28,24884.35,24792.42,24876.21,33675.0,837706371.75
2025-10-22 19:30:00,24876.04,24924.78,24875.74,24906.46,27714.0,690257632.4399999
2025-10-22 20:00:00,24906.63,24943.16,24886.7,24890.57,8210.0,204351579.7
2025-10-22 20:30:00,24890.77,24912.44,24885.35,24906.18,2912.0,72526796.16
2025-10-22 22:00:00,24875.53,24930.04,24872.15,24911.42,4207.0,104802343.94
2025-10-22 22:30:00,24911.34,24927.05,24905.69,24915.98,3059.0,76217982.82
2025-10-22 23:00:00,24915.8,24936.02,24909.96,24916.37,2924.0,72855465.88
2025-10-22 23:30:00,24916.58,24921.74,24863.4,24867.52,4052.0,100763191.04
2025-10-23 00:00:00,24867.24,24901.47,24821.96,24898.22,7916.0,197094309.52
2025-10-23 00:30:00,24898.17,24926.06,24885.28,24920.13,5035.0,125472854.55000001
2025-10-23 01:00:00,24919.75,24951.51,24917.2,24942.84,4495.0,112118065.8
2025-10-23 01:30:00,24942.7,24975.98,24940.99,24969.49,4412.0,110165389.88000001
2025-10-23 02:00:00,24969.9,24978.67,24961.77,24973.8,3319.0,82888042.2
2025-10-23 02:30:00,24973.78,24982.71,24966.36,24970.02,2194.0,54784223.88
2025-10-23 03:00:00,24969.94,24984.25,24961.18,24961.86,2395.0,59783654.7
2025-10-23 03:30:00,24961.73,24970.09,24946.03,24957.15,3394.0,84704567.10000001
2025-10-23 04:00:00,24957.0,24965.65,24933.45,24952.02,3068.0,76552797.36
2025-10-23 04:30:00,24951.84,24952.96,24932.84,24942.69,3043.0,75900605.67
2025-10-23 05:00:00,24942.8,24949.65,24925.45,24936.99,3346.0,83439168.54
2025-10-23 05:30:00,24936.9,24965.5,24932.58,24963.7,3658.0,91317214.60000001
2025-10-23 06:00:00,24963.85,24967.76,24944.24,24956.69,4939.0,123261091.91
2025-10-23 06:30:00,24956.82,24983.07,24948.45,24975.48,4121.0,102923953.08
2025-10-23 07:00:00,24975.25,24998.38,24940.44,24958.57,8067.0,201340784.19
2025-10-23 07:30:00,24958.42,24975.12,24954.11,24964.92,6369.0,159001575.48
2025-10-23 08:00:00,24964.68,24988.78,24961.52,24965.77,7123.0,177831179.71
2025-10-23 08:30:00,24965.9,24976.91,24944.37,24958.85,4621.0,115334845.85
2025-10-23 09:00:00,24958.89,24966.58,24905.04,24923.11,7035.0,175334078.85
2025-10-23 09:30:00,24922.78,24938.25,24900.37,24933.83,5532.0,137933947.56
2025-10-23 10:00:00,24934.16,24941.72,24925.16,24928.85,4270.0,106446189.5
2025-10-23 10:30:00,24929.08,24938.07,24908.14,24922.75,4819.0,120102732.25
2025-10-23 11:00:00,24922.83,24926.41,24860.83,24890.05,10064.0,250493463.2
2025-10-23 11:30:00,24890.02,24890.49,24835.03,24844.56,8630.0,214408552.8
2025-10-23 12:00:00,24844.42,24846.87,24812.58,24842.47,10116.0,251306426.52
2025-10-23 12:30:00,24842.57,24883.58,24809.13,24880.84,9388.0,233581325.92
2025-10-23 13:00:00,24880.63,24891.83,24813.82,24889.16,10722.0,266861573.52
2025-10-23 13:30:00,24888.92,25052.2,24871.44,25030.13,20472.0,512416821.36
2025-10-23 14:00:00,25030.42,25046.85,24955.4,25017.93,17129.0,428532122.97
2025-10-23 14:30:00,25018.41,25069.77,25004.75,25060.81,11034.0,276520977.54
2025-10-23 15:00:00,25061.19,25064.82,25012.19,25050.47,9855.0,246872381.85000002
2025-10-23 15:30:00,25050.71,25089.4,24986.86,25064.4,10298.0,258113191.20000002
2025-10-23 16:00:00,25064.7,25096.56,25055.99,25072.06,5861.0,146947343.66
2025-10-23 16:30:00,25071.62,25112.68,25069.84,25111.64,4103.0,103033058.92
2025-10-23 17:00:00,25111.72,25118.24,25061.46,25074.97,7929.0,198819437.13
2025-10-23 17:30:00,25075.41,25154.05,25072.26,25150.03,5317.0,133722709.50999999
2025-10-23 18:00:00,25150.43,25153.47,25116.07,25145.22,4047.0,101762705.34
2025-10-23 18:30:00,25145.47,25154.15,25122.06,25144.5,3236.0,81367602.0
2025-10-23 19:00:00,25144.93,25153.05,25133.25,25145.79,3001.0,75462515.79
2025-10-23 19:30:00,25145.72,25145.72,25101.47,25122.29,5230.0,131389576.7
2025-10-23 20:00:00,25122.66,25150.22,25117.98,25143.47,2547.0,64040418.09
2025-10-23 20:30:00,25143.46,25165.53,25136.3,25147.61,1695.0,42625198.95
2025-10-23 22:00:00,25151.75,25173.7,25151.75,25165.41,1958.0,49273872.78
2025-10-23 22:30:00,25165.71,25176.3,25162.34,25165.06,1329.0,33444364.740000002
2025-10-23 23:00:00,25165.06,25174.9,25164.04,25170.66,1263.0,31790543.58
2025-10-23 23:30:00,25170.65,25177.9,25168.18,25171.17,890.0,22402341.299999997
2025-10-24 00:00:00,25171.55,25178.65,25158.76,25165.89,1823.0,45877417.47
2025-10-24 00:30:00,25165.89,25177.44,25165.89,25174.36,1465.0,36880437.4
2025-10-24 01:00:00,25174.27,25194.34,25173.55,25177.09,1343.0,33812831.87
2025-10-24 01:30:00,25177.02,25193.02,25170.8,25191.73,1331.0,33530192.63
2025-10-24 02:00:00,25191.36,25201.84,25185.51,25198.31,994.0,25047120.14
2025-10-24 02:30:00,25198.25,25198.74,25178.25,25183.64,1519.0,38253949.16
2025-10-24 03:00:00,25183.68,25201.35,25178.64,25200.04,1157.0,29156446.28
2025-10-24 03:30:00,25200.19,25203.47,25197.85,25203.06,1018.0,25656715.080000002
2025-10-24 04:00:00,25202.98,25208.04,25193.57,25202.17,908.0,22883570.36
2025-10-24 04:30:00,25201.72,25208.8,25197.63,25206.0,773.0,19484238.0
2025-10-24 05:00:00,25205.93,25218.41,25200.4,25216.44,1081.0,27258971.639999997
2025-10-24 05:30:00,25216.44,25220.97,25208.93,25220.32,949.0,23934083.68
2025-10-24 06:00:00,25220.22,25254.5,25218.69,25252.16,1771.0,44721575.36
2025-10-24 06:30:00,25251.89,25252.1,25228.51,25234.07,1471.0,37119316.97
2025-10-24 07:00:00,25234.54,25239.63,25213.15,25218.12,2352.0,59313018.239999995
2025-10-24 07:30:00,25218.35,25239.61,25207.45,25210.89,2407.0,60682612.23
2025-10-24 08:00:00,25211.06,25220.03,25197.88,25218.87,2578.0,65014246.86
2025-10-24 08:30:00,25219.3,25244.94,25208.98,25226.9,1947.0,49116774.300000004
2025-10-24 09:00:00,25226.5,25254.12,25224.73,25250.85,1506.0,38027780.1
2025-10-24 09:30:00,25250.91,25266.66,25249.19,25250.34,1469.0,37092749.46
2025-10-24 10:00:00,25250.42,25264.18,25241.73,25248.85,1444.0,36459339.4
2025-10-24 10:30:00,25248.91,25259.89,25238.39,25240.17,1442.0,36396325.14
2025-10-24 11:00:00,25239.97,25254.86,25234.81,25243.85,1594.0,40238696.9
2025-10-24 11:30:00,25243.85,25259.39,25237.73,25247.84,1350.0,34084584.0
2025-10-24 12:00:00,25247.91,25257.59,25238.07,25249.19,1927.0,48655189.129999995
2025-10-24 12:30:00,25242.75,25394.08,25232.1,25331.85,10048.0,254534428.79999998
2025-10-24 13:00:00,25332.09,25366.89,25327.69,25339.32,3287.0,83290344.84
2025-10-24 13:30:00,25339.79,25405.95,25304.21,25384.87,19477.0,494421112.99
2025-10-24 14:00:00,25385.35,25417.36,25368.43,25373.93,10587.0,268633796.91
2025-10-24 14:30:00,25373.86,25410.64,25306.05,25342.53,9874.0,250232141.22
2025-10-24 15:00:00,25342.19,25418.4,25330.9,25409.72,7007.0,178045908.04000002
2025-10-24 15:30:00,25410.02,25421.31,25375.33,25398.0,5568.0,141416064.0
2025-10-24 16:00:00,25397.65,25432.68,25396.43,25410.64,3962.0,100676955.67999999
2025-10-24 16:30:00,25410.61,25435.6,25394.49,25425.03,3986.0,101344169.58
2025-10-24 17:00:00,25424.81,25431.54,25412.39,25420.22,3337.0,84827274.14
2025-10-24 17:30:00,25419.69,25441.49,25415.31,25422.72,2924.0,74336033.28
2025-10-24 18:00:00,25422.35,25428.16,25408.22,25419.18,2971.0,75520383.78
2025-10-24 18:30:00,25419.04,25426.83,25402.33,25417.21,3007.0,76429550.47
2025-10-24 19:00:00,25417.3,25440.22,25416.49,25434.23,2860.0,72741897.8
2025-10-24 19:30:00,25434.49,25435.22,25371.57,25382.14,4831.0,122621118.34
2025-10-24 20:00:00,25381.86,25396.3,25371.17,25391.6,2268.0,57588148.8
2025-10-24 20:30:00,25391.67,25399.02,25383.01,25386.47,867.0,22010069.490000002
2025-10-26 22:00:00,25614.05,25634.85,25583.05,25624.75,5400.0,138373650.0
2025-10-26 22:30:00,25625.06,25635.57,25600.0,25604.72,3034.0,77684720.48
2025-10-26 23:00:00,25604.8,25625.06,25602.37,25603.98,2555.0,65418168.9
2025-10-26 23:30:00,25604.06,25617.83,25592.11,25600.22,1885.0,48256414.7
2025-10-27 00:00:00,25599.83,25626.25,25590.01,25613.56,3137.0,80349737.72
2025-10-27 00:30:00,25613.47,25626.05,25604.3,25605.27,1882.0,48189118.14
2025-10-27 01:00:00,25605.58,25610.79,25593.98,25606.53,1799.0,46066147.47
2025-10-27 01:30:00,25606.48,25614.51,25596.83,25600.71,1328.0,33997742.879999995
2025-10-27 02:00:00,25600.55,25612.17,25595.23,25607.8,1240.0,31753672.0
2025-10-27 02:30:00,25607.81,25633.12,25607.51,25632.75,1021.0,26171037.75
2025-10-27 03:00:00,25632.93,25654.9,25630.27,25651.68,1225.0,31423308.0
2025-10-27 03:30:00,25651.49,25655.1,25638.75,25643.43,1015.0,26028081.45
2025-10-27 04:00:00,25643.35,25649.9,25635.94,25649.17,1071.0,27470261.069999997
2025-10-27 04:30:00,25649.43,25651.02,25640.59,25645.03,822.0,21080214.66
2025-10-27 05:00:00,25644.89,25664.93,25643.86,25663.1,1172.0,30077153.2
2025-10-27 05:30:00,25663.11,25671.21,25654.9,25665.55,1023.0,26255857.65
2025-10-27 06:00:00,25665.59,25684.52,25663.35,25681.13,1472.0,37802623.36
2025-10-27 06:30:00,25680.94,25684.84,25664.92,25666.04,1400.0,35932456.0
2025-10-27 07:00:00,25666.06,25698.84,25662.11,25690.17,1765.0,45343150.05
2025-10-27 07:30:00,25690.12,25696.66,25674.63,25675.21,1662.0,42672199.019999996
2025-10-27 08:00:00,25675.19,25681.06,25654.48,25659.21,2981.0,76490105.00999999
2025-10-27 08:30:00,25659.34,25689.43,25651.28,25685.3,2050.0,52654865.0
2025-10-27 09:00:00,25685.23,25687.41,25672.96,25674.93,1772.0,45495975.96
2025-10-27 09:30:00,25674.49,25721.51,25674.15,25721.51,1816.0,46710262.16
2025-10-27 10:00:00,25721.89,25729.76,25712.01,25725.88,1555.0,40003743.4
2025-10-27 10:30:00,25725.7,25733.73,25718.1,25718.87,1276.0,32817278.119999997
2025-10-27 11:00:00,25718.58,25728.18,25708.49,25715.86,1783.0,45851378.38
2025-10-27 11:30:00,25715.69,25717.23,25693.61,25702.56,1613.0,41458229.28
2025-10-27 12:00:00,25702.22,25727.9,25700.43,25719.14,1891.0,48634893.74
2025-10-27 12:30:00,25718.92,25719.46,25707.11,25712.36,1650.0,42425394.0
2025-10-27 13:00:00,25712.43,25723.84,25696.4,25697.47,2359.0,60620331.730000004
2025-10-27 13:30:00,25697.45,25740.8,25678.26,25730.5,14527.0,373786973.5
2025-10-27 14:00:00,25730.83,25757.7,25705.5,25751.45,9211.0,237196605.95000002
2025-10-27 14:30:00,25751.13,25772.97,25733.64,25739.83,5874.0,151195761.42000002
2025-10-27 15:00:00,25740.15,25782.31,25737.76,25779.81,4939.0,127326481.59
2025-10-27 15:30:00,25779.82,25789.27,25769.44,25773.96,3051.0,78636351.96
2025-10-27 16:00:00,25774.03,25790.98,25770.38,25783.78,2577.0,66444801.059999995
2025-10-27 16:30:00,25783.97,25797.97,25781.26,25794.79,2527.0,65183434.330000006
2025-10-27 17:00:00,25795.03,25796.93,25773.49,25781.48,2463.0,63499785.24
2025-10-27 17:30:00,25781.72,25809.77,25776.92,25808.06,2382.0,61474798.92
2025-10-27 18:00:00,25807.81,25815.28,25800.98,25811.49,1801.0,46486493.49
2025-10-27 18:30:00,25811.05,25827.02,25804.31,25822.96,2035.0,52549723.6
2025-10-27 19:00:00,25822.99,25823.63,25801.75,25807.47,2503.0,64596097.410000004
2025-10-27 19:30:00,25807.72,25862.34,25805.11,25842.53,4036.0,104300451.08
2025-10-27 20:00:00,25842.25,25879.94,25841.82,25878.09,2038.0,52739547.42
2025-10-27 20:30:00,25878.19,25893.57,25878.17,25885.13,1044.0,27024075.720000003
2025-10-27 22:00:00,25884.14,25884.14,25870.16,25877.96,1386.0,35866852.56
2025-10-27 22:30:00,25877.97,25882.26,25873.58,25879.58,803.0,20781302.740000002
2025-10-27 23:00:00,25879.64,25901.09,25878.17,25896.99,1447.0,37472944.53
2025-10-27 23:30:00,25896.68,25901.9,25877.46,25878.66,1553.0,40189558.98
2025-10-28 00:00:00,25878.33,25879.48,25861.36,25867.88,1890.0,48890293.2
2025-10-28 00:30:00,25867.82,25873.54,25857.96,25859.33,1439.0,37211575.870000005
2025-10-28 01:00:00,25859.16,25861.38,25845.58,25852.67,1670.0,43173958.9
2025-10-28 01:30:00,25852.64,25865.06,25850.04,25852.94,1635.0,42269556.9
2025-10-28 02:00:00,25853.05,25864.7,25852.39,25861.46,1234.0,31913041.64
2025-10-28 02:30:00,25861.17,25863.69,25847.68,25860.79,1096.0,28343425.84
2025-10-28 03:00:00,25860.86,25868.21,25851.01,25862.45,1034.0,26741773.3
2025-10-28 03:30:00,25862.53,25872.26,25856.46,25865.57,1014.0,26227687.98
2025-10-28 04:00:00,25865.49,25866.82,25848.61,25852.53,1099.0,28411930.47
2025-10-28 04:30:00,25852.55,25854.78,25840.09,25841.24,989.0,25556986.360000003
2025-10-28 05:00:00,25841.43,25846.24,25830.38,25836.47,1220.0,31520493.400000002
2025-10-28 05:30:00,25836.4,25850.76,25830.08,25844.81,1140.0,29463083.400000002
2025-10-28 06:00:00,25845.05,25853.97,25837.74,25849.93,1441.0,37249749.13
2025-10-28 06:30:00,25850.21,25868.39,25841.3,25841.43,1737.0,44886563.910000004
2025-10-28 07:00:00,25841.6,25864.19,25840.48,25856.97,1933.0,49981523.010000005
2025-10-28 07:30:00,25856.99,25859.36,25836.03,25841.92,1612.0,41657175.04
2025-10-28 08:00:00,25842.07,25845.67,25826.61,25834.0,2941.0,75977794.0
2025-10-28 08:30:00,25834.17,25856.85,25830.05,25851.85,1880.0,48601478.0
2025-10-28 09:00:00,25852.11,25861.14,25848.48,25853.46,1278.0,33040721.88
2025-10-28 09:30:00,25853.47,25864.73,25846.71,25859.5,1191.0,30798664.5
2025-10-28 10:00:00,25859.34,25872.9,25851.21,25869.24,1468.0,37976044.32
2025-10-28 10:30:00,25869.29,25872.48,25854.85,25861.31,1130.0,29223280.3
2025-10-28 11:00:00,25861.25,25886.26,25861.25,25879.02,1751.0,45314164.02
2025-10-28 11:30:00,25878.96,25887.14,25874.04,25877.35,1372.0,35503724.199999996
2025-10-28 12:00:00,25877.04,25908.21,25876.05,25902.77,1629.0,42195612.33
2025-10-28 12:30:00,25902.91,25903.29,25885.48,25896.21,1670.0,43246670.699999996
2025-10-28 13:00:00,25896.24,25945.14,25893.75,25934.65,4221.0,109470157.65
2025-10-28 13:30:00,25935.34,25977.49,25913.47,25947.46,13480.0,349771760.8
2025-10-28 14:00:00,25948.75,25960.01,25917.56,25929.5,7845.0,203416927.5
2025-10-28 14:30:00,25929.29,25935.15,25892.79,25918.78,6190.0,160437248.2
2025-10-28 15:00:00,25918.48,25938.44,25916.08,25929.0,4141.0,107371989.0
2025-10-28 15:30:00,25928.55,25944.57,25890.39,25944.44,4340.0,112598869.6
2025-10-28 16:00:00,25944.29,25979.15,25944.29,25975.95,3341.0,86785648.95
2025-10-28 16:30:00,25975.54,26030.48,25961.02,25989.4,8003.0,207993168.20000002
2025-10-28 17:00:00,25988.99,26022.19,25984.51,26011.45,4867.0,126597727.15
2025-10-28 17:30:00,26011.84,26038.41,26009.12,26033.63,3651.0,95048783.13000001
2025-10-28 18:00:00,26033.66,26066.47,26028.0,26062.41,2990.0,77926605.9
2025-10-28 18:30:00,26062.13,26076.08,26057.61,26075.43,2821.0,73558788.03
2025-10-28 19:00:00,26075.06,26112.58,26062.43,26107.69,3151.0,82265331.19
2025-10-28 19:30:00,26108.06,26113.09,26040.1,26042.83,5875.0,153001626.25
2025-10-28 20:00:00,26042.45,26055.39,26033.06,26046.88,2884.0,75119201.92
2025-10-28 20:30:00,26046.95,26059.85,26044.21,26053.93,1536.0,40018836.480000004
2025-10-28 22:00:00,26064.86,26074.7,26058.01,26071.86,1006.0,26228291.16
2025-10-28 22:30:00,26071.63,26073.75,26055.95,26059.44,1012.0,26372153.279999997
2025-10-28 23:00:00,26059.16,26072.93,26051.66,26062.49,1156.0,30128238.44
2025-10-28 23:30:00,26062.51,26075.8,26061.07,26070.21,1326.0,34569098.46
2025-10-29 00:00:00,26070.15,26073.7,26052.62,26071.88,1933.0,50396944.04
2025-10-29 00:30:00,26071.97,26080.44,26053.56,26061.38,1424.0,37111405.120000005
2025-10-29 01:00:00,26061.3,26084.1,26059.29,26079.54,1578.0,41153514.120000005
2025-10-29 01:30:00,26079.52,26107.36,26075.37,26100.42,2738.0,71462949.96
2025-10-29 02:00:00,26100.55,26137.27,26099.53,26131.36,2153.0,56260818.08
2025-10-29 02:30:00,26131.34,26135.97,26123.0,26124.49,1155.0,30173785.950000003
2025-10-29 03:00:00,26124.47,26131.61,26117.33,26121.45,1014.0,26487150.3
2025-10-29 03:30:00,26121.62,26135.22,26109.24,26129.69,1272.0,33236965.68
2025-10-29 04:00:00,26129.52,26129.52,26105.76,26122.15,1247.0,32574321.05
2025-10-29 04:30:00,26122.12,26134.14,26122.01,26130.74,878.0,22942789.720000003
2025-10-29 05:00:00,26130.5,26144.08,26130.07,26142.27,1140.0,29802187.8
2025-10-29 05:30:00,26142.43,26148.69,26134.84,26145.92,1204.0,31479687.68
2025-10-29 06:00:00,26146.11,26175.95,26142.45,26172.48,1384.0,36222712.32
2025-10-29 06:30:00,26172.19,26177.81,26159.25,26166.85,1203.0,31478720.549999997
2025-10-29 07:00:00,26166.74,26170.36,26147.28,26162.23,1647.0,43089192.81
2025-10-29 07:30:00,26162.06,26184.64,26159.44,26178.22,1605.0,42016043.1
2025-10-29 08:00:00,26177.75,26194.4,26169.41,26174.2,2861.0,74884386.2
2025-10-29 08:30:00,26173.87,26184.63,26145.7,26153.75,2631.0,68810516.25
2025-10-29 09:00:00,26153.41,26154.14,26116.8,26121.17,3103.0,81053990.50999999
2025-10-29 09:30:00,26121.41,26126.1,26111.5,26122.24,2658.0,69432913.92
2025-10-29 10:00:00,26122.17,26148.87,26115.43,26144.98,1968.0,51453320.64
2025-10-29 10:30:00,26145.35,26157.45,26131.91,26134.89,2109.0,55118483.01
2025-10-29 11:00:00,26134.41,26175.73,26132.36,26173.73,1993.0,52164243.89
2025-10-29 11:30:00,26173.52,26181.22,26155.95,26160.07,1765.0,46172523.55
2025-10-29 12:00:00,26159.75,26172.68,26146.75,26149.19,1822.0,47643824.18
2025-10-29 12:30:00,26149.11,26157.14,26128.83,26145.53,2422.0,63324473.66
2025-10-29 13:00:00,26145.26,26160.19,26143.24,26148.77,2546.0,66574768.42
2025-10-29 13:30:00,26149.15,26203.69,26139.56,26203.69,12498.0,327493717.62
2025-10-29 14:00:00,26204.05,26211.08,26150.56,26182.67,7802.0,204277191.33999997
2025-10-29 14:30:00,26182.24,26192.98,26128.78,26144.11,6478.0,169361544.58
2025-10-29 15:00:00,26144.45,26162.4,26121.2,26138.47,5625.0,147028893.75
2025-10-29 15:30:00,26138.0,26143.64,26103.49,26121.98,5699.0,148869164.02
2025-10-29 16:00:00,26121.97,26140.35,26088.24,26133.91,5663.0,147996332.33
2025-10-29 16:30:00,26134.15,26150.94,26125.43,26138.0,3405.0,88999890.0
2025-10-29 17:00:00,26138.15,26151.23,26103.61,26113.23,3433.0,89646718.59
2025-10-29 17:30:00,26112.75,26151.33,26107.04,26136.23,3547.0,92705207.81
2025-10-29 18:00:00,26137.06,26171.57,26090.28,26134.17,16971.0,443522999.07
2025-10-29 18:30:00,26133.82,26168.62,25935.12,26071.83,59626.0,1554558935.5800002
2025-10-29 19:00:00,26072.13,26127.99,25998.74,26079.64,35653.0,929817404.92
2025-10-29 19:30:00,26079.37,26170.76,26036.98,26170.76,21687.0,567565272.12
2025-10-29 20:00:00,26172.29,26264.24,26046.14,26135.48,11722.0,306360096.56
2025-10-29 20:30:00,26135.81,26162.33,26104.03,26109.95,5825.0,152090458.75
2025-10-29 22:00:00,26061.84,26138.54,26045.06,26071.02,4040.0,105326920.8
2025-10-29 22:30:00,26071.15,26101.79,26071.15,26089.83,2235.0,58310770.050000004
2025-10-29 23:00:00,26089.86,26128.83,26080.91,26117.17,3595.0,93891226.14999999
2025-10-29 23:30:00,26117.34,26137.47,26055.43,26125.5,4111.0,107401930.5
2025-10-30 00:00:00,26125.54,26200.52,26125.54,26187.23,5280.0,138268574.4
2025-10-30 00:30:00,26187.43,26207.39,26166.21,26179.23,4689.0,122754409.47
2025-10-30 01:00:00,26179.58,26198.28,26150.78,26173.53,4807.0,125816158.71
2025-10-30 01:30:00,26173.32,26201.56,26157.12,26188.25,3475.0,91004168.75
2025-10-30 02:00:00,26188.4,26257.42,26186.28,26244.53,3572.0,93745461.16
2025-10-30 02:30:00,26244.09,26261.94,26232.86,26246.74,2759.0,72414755.66000001
2025-10-30 03:00:00,26246.86,26282.27,26246.86,26265.93,2752.0,72283839.36
2025-10-30 03:30:00,26265.92,26288.6,26257.82,26267.81,3214.0,84424741.34
2025-10-30 04:00:00,26267.87,26272.3,26031.58,26049.63,17207.0,448235983.41
2025-10-30 04:30:00,26049.29,26193.81,26041.28,26097.48,14106.0,368131052.88
2025-10-30 05:00:00,26097.2,26182.55,26087.24,26179.35,6163.0,161343334.04999998
2025-10-30 05:30:00,26179.43,26217.86,26144.73,26171.32,5427.0,142031753.64
2025-10-30 06:00:00,26171.06,26173.9,26101.84,26109.66,5692.0,148616184.72
2025-10-30 06:30:00,26109.38,26148.84,26106.98,26113.39,4257.0,111164701.23
2025-10-30 07:00:00,26113.31,26175.28,26079.9,26129.87,5892.0,153957194.04
2025-10-30 07:30:00,26130.27,26174.83,26125.87,26159.54,3901.0,102048365.54
2025-10-30 08:00:00,26159.4,26180.15,26122.39,26145.25,6726.0,175852951.5
2025-10-30 08:30:00,26145.19,26173.09,26130.41,26159.15,3825.0,100058748.75
2025-10-30 09:00:00,26159.08,26179.87,26109.46,26131.49,4637.0,121171719.13000001
2025-10-30 09:30:00,26131.49,26136.21,26084.28,26095.06,4387.0,114479028.22
2025-10-30 10:00:00,26094.92,26119.35,26086.59,26113.45,4037.0,105419997.65
2025-10-30 10:30:00,26113.23,26132.84,26107.03,26120.51,3874.0,101190855.74
2025-10-30 11:00:00,26120.44,26166.73,26112.99,26163.55,3624.0,94816705.2
2025-10-30 11:30:00,26163.65,26175.14,26145.2,26148.39,3281.0,85792867.59
2025-10-30 12:00:00,26148.6,26160.76,26042.9,26047.92,7165.0,186633346.79999998
2025-10-30 12:30:00,26048.0,26063.98,25974.61,25976.13,10297.0,267476210.61
2025-10-30 13:00:00,25976.06,26016.77,25968.5,26013.8,7537.0,196066010.6
2025-10-30 13:30:00,26014.09,26038.63,25832.27,26016.47,41506.0,1079839603.82
2025-10-30 14:00:00,26016.07,26071.09,25900.68,25913.82,38218.0,990374372.76
2025-10-30 14:30:00,25913.42,25991.9,25873.04,25910.51,23608.0,611695320.0799999
2025-10-30 15:00:00,25910.17,25970.03,25909.89,25950.41,13910.0,360970203.1
2025-10-30 15:30:00,25950.68,25956.34,25860.32,25884.09,11198.0,289850039.82
2025-10-30 16:00:00,25884.05,25989.89,25878.64,25976.89,8936.0,232129489.04
2025-10-30 16:30:00,25977.29,25978.18,25932.45,25967.94,8648.0,224570745.11999997
2025-10-30 17:00:00,25967.48,25968.09,25893.89,25955.63,9106.0,236351966.78
2025-10-30 17:30:00,25955.23,25969.8,25923.44,25962.34,7152.0,185682655.68
2025-10-30 18:00:00,25961.97,25961.97,25878.44,25891.48,7758.0,200866101.84
2025-10-30 18:30:00,25891.19,25917.61,25870.19,25881.4,7605.0,196828047.0
2025-10-30 19:00:00,25881.11,25885.83,25774.47,25818.38,8940.0,230816317.20000002
2025-10-30 19:30:00,25818.81,25851.85,25759.61,25760.38,12030.0,309897371.40000004
2025-10-30 20:00:00,25760.09,25922.06,25743.38,25920.55,9008.0,233492314.4
2025-10-30 20:30:00,25921.7,26038.99,25826.37,26038.99,12354.0,321685682.46000004
2025-10-30 22:00:00,26052.58,26072.78,26041.84,26058.59,3250.0,84690417.5
2025-10-30 22:30:00,26059.09,26063.62,26026.57,26040.02,2543.0,66219770.86
2025-10-30 23:00:00,26040.1,26052.62,26018.46,26034.31,2768.0,72062970.08
2025-10-30 23:30:00,26034.57,26066.85,26020.48,26063.24,2484.0,64741088.160000004
2025-10-31 00:00:00,26063.49,26090.49,26029.47,26086.9,3481.0,90808498.9
2025-10-31 00:30:00,26086.75,26091.45,26068.16,26086.37,3121.0,81415560.77
2025-10-31 01:00:00,26086.21,26093.28,26062.04,26086.35,2907.0,75833019.45
2025-10-31 01:30:00,26086.62,26100.87,26081.92,26099.42,2688.0,70155240.96
2025-10-31 02:00:00,26099.5,26105.45,26080.08,26081.84,2477.0,64604717.68
2025-10-31 02:30:00,26081.87,26082.11,26056.64,26076.37,2532.0,66025368.839999996
2025-10-31 03:00:00,26076.19,26084.65,26052.37,26055.65,2272.0,59198436.800000004
2025-10-31 03:30:00,26055.68,26088.18,26054.1,26081.4,2218.0,57848545.2
2025-10-31 04:00:00,26081.04,26099.33,26080.14,26089.35,1740.0,45395469.0
2025-10-31 04:30:00,26089.35,26094.15,26078.26,26083.8,1654.0,43142605.199999996
2025-10-31 05:00:00,26083.85,26085.82,26068.98,26068.98,2284.0,59541550.32
2025-10-31 05:30:00,26069.58,26074.75,26051.73,26056.15,2176.0,56698182.400000006
2025-10-31 06:00:00,26055.85,26076.95,26049.87,26075.08,2592.0,67586607.36
2025-10-31 06:30:00,26074.77,26083.26,26046.13,26051.73,2396.0,62419945.08
2025-10-31 07:00:00,26052.19,26067.15,26035.58,26064.04,2743.0,71493661.72
2025-10-31 07:30:00,26063.94,26110.39,26063.93,26108.65,2265.0,59136092.25
2025-10-31 08:00:00,26108.65,26109.11,26049.19,26070.21,4975.0,129699294.75
2025-10-31 08:30:00,26069.81,26092.04,26054.91,26088.98,2859.0,74588393.82
2025-10-31 09:00:00,26089.41,26101.17,26078.01,26081.26,2233.0,58239453.58
2025-10-31 09:30:00,26081.57,26087.63,26068.43,26072.69,2481.0,64686343.88999999
2025-10-31 10:00:00,26072.74,26078.92,26053.16,26061.84,2534.0,66040702.56
2025-10-31 10:30:00,26061.9,26086.97,26057.03,26071.91,2374.0,61894714.339999996
2025-10-31 11:00:00,26072.31,26095.45,26058.08,26094.98,3057.0,79772353.86
2025-10-31 11:30:00,26095.19,26121.66,26082.65,26111.64,2263.0,59090641.32
2025-10-31 12:00:00,26111.64,26163.61,26107.14,26154.24,2890.0,75585753.60000001
2025-10-31 12:30:00,26154.2,26159.94,26095.27,26102.59,4953.0,129286128.27
2025-10-31 13:00:00,26102.3,26107.9,26082.1,26088.72,4119.0,107459437.68
2025-10-31 13:30:00,26089.06,26089.95,25972.46,25994.3,21918.0,569743067.4
2025-10-31 14:00:00,25994.75,26008.83,25952.36,25998.1,16617.0,432010427.7
2025-10-31 14:30:00,25997.78,26072.61,25991.62,26056.25,8499.0,221452068.75
2025-10-31 15:00:00,26055.86,26073.72,26023.41,26028.15,7159.0,186335525.85000002
2025-10-31 15:30:00,26028.45,26048.17,25942.25,25944.1,13748.0,356679486.79999995
2025-10-31 16:00:00,25943.63,25944.97,25847.84,25897.62,14270.0,369559037.4
2025-10-31 16:30:00,25898.02,25929.08,25824.05,25842.52,11968.0,309283279.36
2025-10-31 17:00:00,25842.24,25851.42,25786.29,25802.75,13064.0,337087126.0
2025-10-31 17:30:00,25803.0,25873.58,25782.32,25840.55,11665.0,301430015.75
2025-10-31 18:00:00,25840.03,25909.58,25837.67,25904.65,7889.0,204361783.85000002
2025-10-31 18:30:00,25905.0,25916.3,25865.03,25908.0,6945.0,179931060.0
2025-10-31 19:00:00,25908.25,25989.19,25890.84,25979.34,6557.0,170346532.38
2025-10-31 19:30:00,25979.75,26011.92,25886.29,25888.68,10178.0,263494985.04
2025-10-31 20:00:00,25888.38,25891.72,25861.57,25871.07,4386.0,113470513.02
2025-10-31 20:30:00,25871.28,25882.43,25868.18,25882.26,1506.0,38978683.559999995
2025-11-02 23:00:00,25922.1,25980.13,25917.3,25959.9,3080.0,79956492.0
2025-11-02 23:30:00,25959.92,25996.18,25955.61,25984.71,2809.0,72991050.39
2025-11-03 00:00:00,25984.73,26017.2,25982.53,26007.84,2574.0,66944180.160000004
2025-11-03 00:30:00,26007.92,26020.08,26004.65,26018.87,1573.0,40927682.51
2025-11-03 01:00:00,26018.95,26026.0,26004.74,26010.4,2330.0,60604232.0
2025-11-03 01:30:00,26010.4,26013.0,25992.03,25993.72,2264.0,58849782.080000006
2025-11-03 02:00:00,25993.65,26018.37,25987.96,26008.21,2245.0,58388431.449999996
2025-11-03 02:30:00,26007.76,26008.32,25973.65,25987.36,2816.0,73180405.76
2025-11-03 03:00:00,25987.11,25989.28,25955.66,25968.2,2411.0,62609330.2
2025-11-03 03:30:00,25968.37,25984.6,25963.69,25981.16,2017.0,52403999.72
2025-11-03 04:00:00,25980.89,25989.75,25969.83,25983.09,1646.0,42768166.14
2025-11-03 04:30:00,25983.03,25989.73,25974.77,25988.01,1517.0,39423811.169999994
2025-11-03 05:00:00,25987.96,25991.08,25960.14,25980.88,1962.0,50974486.56
2025-11-03 05:30:00,25981.01,25990.74,25960.68,25971.13,1970.0,51163126.1
2025-11-03 06:00:00,25971.24,25985.28,25937.81,25946.18,2457.0,63749764.26
2025-11-03 06:30:00,25946.18,25964.4,25936.07,25952.46,2483.0,64439958.18
2025-11-03 07:00:00,25952.51,25953.69,25928.14,25941.38,3087.0,80081040.06
2025-11-03 07:30:00,25941.29,25943.8,25921.53,25935.46,2796.0,72515546.16
2025-11-03 08:00:00,25935.73,25972.6,25923.97,25969.6,4416.0,114681753.6
2025-11-03 08:30:00,25969.2,26001.09,25962.69,25990.74,2988.0,77660331.12
2025-11-03 09:00:00,25990.64,26053.66,25987.05,26051.52,3368.0,87741519.36
2025-11-03 09:30:00,26051.66,26060.44,26030.64,26034.42,2966.0,77218089.72
2025-11-03 10:00:00,26034.83,26048.47,26027.15,26044.52,2610.0,67976197.2
2025-11-03 10:30:00,26044.33,26064.81,26034.06,26040.6,2149.0,55961249.4
2025-11-03 11:00:00,26040.96,26081.26,26040.96,26064.01,2731.0,71180811.31
2025-11-03 11:30:00,26064.07,26076.42,26053.09,26055.88,2061.0,53701168.68
2025-11-03 12:00:00,26055.97,26084.48,26053.86,26055.78,2660.0,69308374.8
2025-11-03 12:30:00,26055.97,26076.24,26047.39,26056.03,2478.0,64566842.339999996
2025-11-03 13:00:00,26055.84,26063.08,26037.01,26047.27,3237.0,84315012.99
2025-11-03 13:30:00,26047.12,26095.2,26047.12,26091.76,2996.0,78170912.96
2025-11-03 14:00:00,26092.12,26156.73,26092.12,26138.03,8010.0,209365620.29999998
2025-11-03 14:30:00,26137.7,26169.47,26024.71,26042.09,19945.0,519409485.05
2025-11-03 15:00:00,26042.12,26060.13,25940.4,25949.19,15781.0,409504167.39
2025-11-03 15:30:00,25949.69,26016.95,25921.68,25992.85,13960.0,362860186.0
2025-11-03 16:00:00,25993.25,26010.58,25953.28,25958.83,10995.0,285417335.85
2025-11-03 16:30:00,25959.23,26032.81,25950.29,26024.39,8790.0,228754388.1
2025-11-03 17:00:00,26024.52,26050.0,25990.39,26007.25,7546.0,196250708.5
2025-11-03 17:30:00,26007.25,26066.29,26006.34,26056.76,5137.0,133853576.11999999
2025-11-03 18:00:00,26057.08,26067.0,26043.85,26046.86,3974.0,103510221.64
2025-11-03 18:30:00,26047.25,26071.15,26030.62,26036.43,4141.0,107816856.63
2025-11-03 19:00:00,26036.09,26045.36,25994.29,26003.06,6563.0,170658082.78
2025-11-03 19:30:00,26002.65,26032.45,25973.39,26023.33,6299.0,163920955.67000002
2025-11-03 20:00:00,26023.71,26031.51,25995.15,26006.02,4744.0,123372558.88
2025-11-03 20:30:00,26006.25,26018.67,25978.91,26018.67,5931.0,154316731.76999998
2025-11-03 21:00:00,26018.38,26085.2,26004.54,26013.62,4247.0,110479844.14
2025-11-03 21:30:00,26013.66,26027.18,26013.1,26016.09,1324.0,34445303.160000004
2025-11-03 23:00:00,26000.3,26008.61,25985.22,25995.66,1078.0,28023321.48
2025-11-03 23:30:00,25995.4,25995.8,25972.4,25978.92,737.0,19146464.04
2025-11-04 00:00:00,25978.63,25978.63,25895.38,25896.82,3731.0,96621035.42
2025-11-04 00:30:00,25896.56,25929.85,25894.59,25925.49,2982.0,77309811.18
2025-11-04 01:00:00,25925.94,25942.06,25903.98,25931.49,3694.0,95790924.06
2025-11-04 01:30:00,25931.48,25932.12,25902.07,25920.78,3924.0,101713140.72
2025-11-04 02:00:00,25920.62,25920.62,25888.26,25888.95,3735.0,96695228.25
2025-11-04 02:30:00,25888.74,25893.5,25854.1,25854.56,3463.0,89534341.28
2025-11-04 03:00:00,25854.33,25888.51,25851.09,25876.94,2779.0,71912016.25999999
2025-11-04 03:30:00,25876.95,25878.22,25837.01,25840.43,3635.0,93929963.05
2025-11-04 04:00:00,25840.45,25853.53,25822.49,25832.99,2670.0,68974083.3
2025-11-04 04:30:00,25833.34,25842.0,25819.74,25836.95,2801.0,72369296.95
2025-11-04 05:00:00,25837.18,25840.87,25784.54,25785.76,3260.0,84061577.6
2025-11-04 05:30:00,25786.06,25800.11,25720.56,25733.41,5791.0,149022177.31
2025-11-04 06:00:00,25733.37,25736.35,25665.18,25674.34,8010.0,205651463.4
2025-11-04 06:30:00,25674.66,25706.96,25651.62,25683.32,5734.0,147268156.88
2025-11-04 07:00:00,25682.79,25700.6,25644.97,25678.61,5704.0,146470791.44
2025-11-04 07:30:00,25678.29,25709.84,25673.21,25700.23,4285.0,110125485.55
2025-11-04 08:00:00,25700.6,25700.88,25637.43,25674.47,7776.0,199644678.72
2025-11-04 08:30:00,25674.48,25698.36,25663.19,25673.55,5347.0,137276471.85
2025-11-04 09:00:00,25674.04,25697.09,25633.55,25639.9,5990.0,153583001.0
2025-11-04 09:30:00,25639.69,25663.01,25579.78,25585.48,5944.0,152080093.12
2025-11-04 10:00:00,25585.57,25627.97,25555.97,25626.19,5949.0,152450204.31
2025-11-04 10:30:00,25626.1,25683.22,25624.69,25667.05,4448.0,114167038.39999999
2025-11-04 11:00:00,25666.75,25682.05,25656.57,25678.79,3426.0,87975534.54
2025-11-04 11:30:00,25678.69,25703.11,25671.91,25676.56,4128.0,105992839.68
2025-11-04 12:00:00,25676.83,25695.17,25636.66,25692.19,5440.0,139765513.6
2025-11-04 12:30:00,25691.89,25701.0,25655.86,25665.95,4266.0,109490942.7
2025-11-04 13:00:00,25666.09,25677.24,25615.86,25623.79,4562.0,116895729.98
2025-11-04 13:30:00,25623.96,25646.1,25596.13,25627.02,5148.0,131927898.96000001
2025-11-04 14:00:00,25626.71,25662.33,25595.46,25653.1,5506.0,141245968.6
2025-11-04 14:30:00,25653.44,25790.9,25574.19,25785.58,28054.0,723388661.32
2025-11-04 15:00:00,25785.21,25800.69,25736.3,25773.1,13743.0,354199713.29999995
2025-11-04 15:30:00,25772.7,25798.85,25672.53,25697.71,11101.0,285270278.71
2025-11-04 16:00:00,25697.43,25730.93,25648.14,25680.11,11754.0,301844012.94
2025-11-04 16:30:00,25680.56,25705.52,25632.95,25666.06,11344.0,291155784.64
2025-11-04 17:00:00,25665.7,25666.9,25554.4,25622.43,11611.0,297502034.73
2025-11-04 17:30:00,25621.98,25639.93,25573.44,25590.34,10425.0,266779294.5
2025-11-04 18:00:00,25589.95,25593.61,25522.29,25536.5,8753.0,223520984.5
2025-11-04 18:30:00,25536.39,25594.65,25512.91,25579.65,9339.0,238888351.35000002
2025-11-04 19:00:00,25579.23,25597.61,25550.76,25571.3,10559.0,270007356.7
2025-11-04 19:30:00,25570.96,25575.59,25484.89,25514.83,10317.0,263236501.11
2025-11-04 20:00:00,25515.28,25549.53,25491.99,25530.44,9371.0,239245753.23999998
2025-11-04 20:30:00,25530.68,25552.56,25454.48,25488.54,9915.0,252718874.1
2025-11-04 21:00:00,25488.85,25502.21,25437.89,25452.43,5341.0,135941428.63
2025-11-04 21:30:00,25452.58,25494.34,25433.1,25486.29,3150.0,80281813.5
2025-11-04 23:00:00,25463.39,25486.07,25424.2,25432.12,4237.0,107755892.44
2025-11-04 23:30:00,25432.25,25449.72,25416.36,25418.19,3148.0,80016462.11999999
2025-11-05 00:00:00,25418.27,25418.27,25365.12,25366.79,6684.0,169551624.36
2025-11-05 00:30:00,25366.54,25368.65,25322.44,25324.31,6357.0,160986638.67000002
2025-11-05 01:00:00,25323.92,25325.26,25231.68,25233.62,9916.0,250216575.92
2025-11-05 01:30:00,25233.19,25269.33,25198.15,25253.38,12836.0,324152385.68
2025-11-05 02:00:00,25253.11,25278.24,25212.11,25213.59,10534.0,265599957.06
2025-11-05 02:30:00,25213.34,25338.8,25211.93,25330.62,8526.0,215968866.12
2025-11-05 03:00:00,25330.55,25386.9,25330.55,25381.51,7121.0,180741732.70999998
2025-11-05 03:30:00,25381.49,25433.7,25364.87,25429.37,7627.0,193949804.98999998
2025-11-05 04:00:00,25429.41,25430.16,25367.87,25390.19,5593.0,142007332.67
2025-11-05 04:30:00,25390.27,25406.63,25354.74,25376.28,4625.0,117365295.0
2025-11-05 05:00:00,25376.28,25445.44,25373.48,25435.74,5117.0,130154681.58000001
2025-11-05 05:30:00,25435.74,25447.99,25378.75,25395.42,4507.0,114457157.94
2025-11-05 06:00:00,25395.15,25466.03,25369.44,25452.4,5715.0,145460466.0
2025-11-05 06:30:00,25452.12,25463.41,25433.26,25440.72,3592.0,91383066.24000001
2025-11-05 07:00:00,25440.98,25447.42,25383.72,25408.86,4307.0,109435960.02
2025-11-05 07:30:00,25408.48,25417.49,25387.18,25387.92,4267.0,108330254.63999999
2025-11-05 08:00:00,25388.34,25444.14,25368.04,25432.86,6936.0,176402316.96
2025-11-05 08:30:00,25432.65,25451.32,25424.89,25427.18,4520.0,114930853.6
2025-11-05 09:00:00,25427.64,25465.68,25414.34,25428.9,5231.0,133018575.9
2025-11-05 09:30:00,25428.83,25439.46,25394.32,25431.95,4054.0,103101125.3
2025-11-05 10:00:00,25431.82,25450.1,25402.42,25407.03,4597.0,116796116.91
2025-11-05 10:30:00,25406.91,25409.14,25325.0,25327.12,4278.0,108349419.36
2025-11-05 11:00:00,25326.75,25381.96,25317.71,25361.95,5063.0,128407552.85000001
2025-11-05 11:30:00,25361.57,25397.77,25348.35,25395.12,4174.0,105999230.88
2025-11-05 12:00:00,25394.75,25435.51,25372.24,25417.78,4476.0,113769983.28
2025-11-05 12:30:00,25417.48,25449.35,25413.57,25442.68,3611.0,91873517.48
2025-11-05 13:00:00,25442.29,25478.27,25422.5,25476.09,5014.0,127737115.26
2025-11-05 13:30:00,25475.75,25510.45,25453.94,25501.75,4903.0,125035080.25
2025-11-05 14:00:00,25501.43,25503.14,25444.77,25456.76,4912.0,125043605.11999999
2025-11-05 14:30:00,25457.14,25604.85,25402.82,25601.1,25593.0,655208952.3
2025-11-05 15:00:00,25601.53,25631.1,25532.41,25602.73,23503.0,601740963.1899999
2025-11-05 15:30:00,25602.43,25649.35,25588.7,25634.3,16505.0,423094121.5
2025-11-05 16:00:00,25633.82,25658.73,25572.28,25654.39,14860.0,381224235.4
2025-11-05 16:30:00,25654.73,25701.89,25640.04,25688.28,8482.0,217887990.95999998
2025-11-05 17:00:00,25687.99,25706.89,25653.43,25702.11,6959.0,178860983.49
2025-11-05 17:30:00,25702.4,25742.96,25699.41,25726.6,4396.0,113094133.6
2025-11-05 18:00:00,25726.83,25748.48,25719.75,25744.11,3680.0,94738324.8
2025-11-05 18:30:00,25743.87,25787.2,25739.41,25779.53,3313.0,85407582.89
2025-11-05 19:00:00,25779.15,25782.85,25738.18,25767.91,4762.0,122706787.42
2025-11-05 19:30:00,25768.02,25791.98,25765.02,25778.27,3416.0,88058570.32000001
2025-11-05 20:00:00,25778.11,25791.92,25743.68,25748.77,3370.0,86773354.9
2025-11-05 20:30:00,25748.61,25748.61,25645.77,25656.32,7431.0,190652113.92
2025-11-05 21:00:00,25655.99,25678.26,25610.0,25635.28,6072.0,155657420.16
2025-11-05 21:30:00,25634.89,25651.49,25633.79,25642.87,1765.0,45259665.55
2025-11-05 23:00:00,25671.13,25673.64,25621.38,25654.08,2672.0,68547701.76
2025-11-05 23:30:00,25654.01,25692.56,25643.93,25691.52,2745.0,70523222.4
2025-11-06 00:00:00,25691.58,25693.02,25570.43,25591.35,6160.0,157642716.0
2025-11-06 00:30:00,25590.97,25630.6,25590.58,25617.46,5195.0,133082704.69999999
2025-11-06 01:00:00,25617.04,25617.04,25537.73,25549.9,6475.0,165435602.5
2025-11-06 01:30:00,25549.61,25602.97,25548.41,25594.04,5061.0,129531436.44
2025-11-06 02:00:00,25594.12,25597.15,25560.12,25583.04,4270.0,109239580.8
2025-11-06 02:30:00,25583.28,25638.83,25579.94,25635.82,3712.0,95160163.84
2025-11-06 03:00:00,25635.51,25653.43,25624.61,25632.37,2927.0,75025946.99
2025-11-06 03:30:00,25632.28,25655.31,25620.59,25640.69,3233.0,82896350.77
2025-11-06 04:00:00,25640.75,25658.61,25625.28,25653.96,2484.0,63724436.64
2025-11-06 04:30:00,25653.95,25661.9,25645.34,25658.72,1982.0,50855583.04
2025-11-06 05:00:00,25658.68,25662.38,25637.63,25645.78,2606.0,66832902.68
2025-11-06 05:30:00,25645.7,25648.96,25608.21,25612.64,2667.0,68308910.88
2025-11-06 06:00:00,25612.69,25632.33,25597.04,25600.05,3275.0,83840163.75
2025-11-06 06:30:00,25600.34,25621.86,25591.16,25600.42,2883.0,73806010.86
2025-11-06 07:00:00,25600.55,25633.64,25590.0,25619.75,3090.0,79165027.5
2025-11-06 07:30:00,25619.83,25621.75,25562.16,25564.3,3885.0,99317305.5
2025-11-06 08:00:00,25564.83,25576.82,25548.07,25563.55,6292.0,160845856.6
2025-11-06 08:30:00,25563.57,25602.04,25548.55,25590.58,4834.0,123704863.72000001
2025-11-06 09:00:00,25590.95,25657.75,25590.24,25655.06,3705.0,95051997.30000001
2025-11-06 09:30:00,25654.63,25665.41,25634.04,25646.51,2967.0,76093195.17
2025-11-06 10:00:00,25646.82,25690.03,25644.96,25687.48,2619.0,67275510.12
2025-11-06 10:30:00,25687.45,25695.89,25660.91,25670.94,2992.0,76807452.47999999
2025-11-06 11:00:00,25670.8,25690.93,25661.54,25687.39,3065.0,78731850.35
2025-11-06 11:30:00,25687.47,25694.13,25666.21,25666.39,2730.0,70069244.7
2025-11-06 12:00:00,25665.82,25706.08,25665.45,25689.77,3949.0,101448901.73
2025-11-06 12:30:00,25689.76,25709.69,25687.63,25696.8,2697.0,69304269.6
2025-11-06 13:00:00,25696.42,25732.1,25693.3,25730.57,2773.0,71350870.61
2025-11-06 13:30:00,25730.48,25740.7,25680.49,25685.29,2862.0,73511299.98
2025-11-06 14:00:00,25685.27,25692.63,25585.73,25593.45,6160.0,157655652.0
2025-11-06 14:30:00,25593.29,25602.91,25429.99,25433.0,27922.0,710140226.0
2025-11-06 15:00:00,25433.41,25466.06,25327.11,25427.14,29015.0,737768467.1
2025-11-06 15:30:00,25427.42,25435.67,25209.92,25219.94,29628.0,747216382.3199999
2025-11-06 16:00:00,25220.44,25290.72,25198.04,25254.19,27588.0,696712593.7199999
2025-11-06 16:30:00,25253.85,25253.85,25122.5,25143.02,22700.0,570746554.0
2025-11-06 17:00:00,25142.6,25230.65,25120.46,25167.55,22624.0,569390651.1999999
2025-11-06 17:30:00,25167.19,25277.5,25152.08,25259.26,15080.0,380909640.79999995
2025-11-06 18:00:00,25258.83,25270.41,25147.54,25245.4,15785.0,398498639.0
2025-11-06 18:30:00,25245.08,25291.92,25229.55,25250.91,12296.0,310485189.36
2025-11-06 19:00:00,25251.25,25355.7,25242.37,25350.81,12737.0,322893266.97
2025-11-06 19:30:00,25350.49,25357.45,25274.98,25322.94,10998.0,278501694.12
2025-11-06 20:00:00,25323.27,25333.71,25268.98,25272.99,11659.0,294657790.41
2025-11-06 20:30:00,25273.44,25290.43,25147.22,25178.93,16727.0,421167962.11
2025-11-06 21:00:00,25179.2,25214.75,25161.97,25199.66,4455.0,112264485.3
2025-11-06 21:30:00,25199.89,25238.46,25197.27,25233.62,3165.0,79864407.3
2025-11-06 23:00:00,25215.08,25237.18,25197.05,25231.58,2266.0,57174760.28
2025-11-06 23:30:00,25231.66,25260.11,25220.61,25241.94,3455.0,87210902.69999999
2025-11-07 00:00:00,25242.06,25268.31,25205.85,25247.29,6630.0,167389532.70000002
2025-11-07 00:30:00,25247.47,25274.37,25245.63,25248.27,3296.0,83218297.92
2025-11-07 01:00:00,25248.55,25257.66,25170.16,25173.9,9155.0,230467054.5
2025-11-07 01:30:00,25174.17,25197.32,25125.62,25196.65,9217.0,232237523.05
2025-11-07 02:00:00,25196.59,25198.94,25132.68,25133.03,6162.0,154869730.85999998
2025-11-07 02:30:00,25133.47,25194.83,25133.12,25193.42,5248.0,132215068.16
2025-11-07 03:00:00,25193.78,25205.89,25141.39,25157.38,4671.0,117510121.98
2025-11-07 03:30:00,25157.09,25166.81,25128.26,25148.57,4515.0,113545793.55
2025-11-07 04:00:00,25148.77,25189.55,25087.64,25177.6,5895.0,148421952.0
2025-11-07 04:30:00,25177.71,25180.66,25156.26,25175.67,3453.0,86931588.50999999
2025-11-07 05:00:00,25175.3,25236.64,25172.61,25213.4,4208.0,106097987.2
2025-11-07 05:30:00,25213.73,25256.32,25211.69,25256.14,3478.0,87840854.92
2025-11-07 06:00:00,25256.43,25261.26,25240.55,25254.8,3238.0,81775042.39999999
2025-11-07 06:30:00,25254.46,25264.12,25231.31,25249.32,2982.0,75293472.24
2025-11-07 07:00:00,25249.11,25272.02,25237.24,25254.21,3514.0,88743293.94
2025-11-07 07:30:00,25253.89,25271.94,25250.5,25259.44,3033.0,76611881.52
2025-11-07 08:00:00,25259.67,25278.13,25213.62,25224.99,6000.0,151349940.0
2025-11-07 08:30:00,25225.18,25241.81,25195.85,25237.5,5209.0,131462137.5
2025-11-07 09:00:00,25237.41,25253.78,25197.38,25201.99,5286.0,133217719.14000002
2025-11-07 09:30:00,25202.29,25208.84,25166.54,25185.23,5289.0,133204681.47
2025-11-07 10:00:00,25185.7,25203.0,25111.2,25144.85,5624.0,141414636.4
2025-11-07 10:30:00,25144.75,25172.76,25136.17,25144.35,4544.0,114255926.39999999
2025-11-07 11:00:00,25144.42,25145.46,25024.2,25050.97,8306.0,208073356.82000002
2025-11-07 11:30:00,25051.26,25115.72,25010.48,25105.63,7819.0,196300920.97
2025-11-07 12:00:00,25105.21,25121.26,25072.31,25086.8,7472.0,187448569.6
2025-11-07 12:30:00,25086.83,25087.12,24988.96,25018.28,7484.0,187236807.51999998
2025-11-07 13:00:00,25018.65,25073.09,24995.91,25005.01,9090.0,227295540.89999998
2025-11-07 13:30:00,25004.98,25067.68,24993.06,25037.55,7872.0,197095593.6
2025-11-07 14:00:00,25037.25,25049.9,25002.02,25035.61,6843.0,171318679.23
2025-11-07 14:30:00,25035.94,25036.86,24845.03,24931.61,44729.0,1115165983.69
2025-11-07 15:00:00,24935.18,24969.93,24810.55,24891.26,39646.0,986838893.9599999
2025-11-07 15:30:00,24890.89,24903.25,24750.35,24750.35,28610.0,708107513.5
2025-11-07 16:00:00,24750.06,24787.69,24698.46,24720.46,18517.0,457748757.82
2025-11-07 16:30:00,24720.16,24747.58,24646.28,24673.56,17796.0,439090673.76000005
2025-11-07 17:00:00,24673.23,24783.69,24636.75,24752.46,15243.0,377301747.78
2025-11-07 17:30:00,24752.14,24779.1,24680.89,24763.83,17966.0,444906969.78000003
2025-11-07 18:00:00,24763.5,24843.79,24743.86,24841.39,12901.0,320478772.39
2025-11-07 18:30:00,24841.72,24876.2,24778.99,24844.09,12491.0,310327528.19
2025-11-07 19:00:00,24844.36,24884.74,24822.54,24871.54,10842.0,269657236.68
2025-11-07 19:30:00,24871.81,25039.24,24871.81,25037.01,16966.0,424777911.65999997
2025-11-07 20:00:00,25036.62,25047.94,24946.63,24978.84,20344.0,508169520.96
2025-11-07 20:30:00,24979.2,25098.93,24978.34,25090.05,16655.0,417874782.75
2025-11-07 21:00:00,25089.63,25145.24,25086.67,25126.56,4410.0,110808129.60000001
2025-11-07 21:30:00,25126.74,25147.25,25126.74,25147.25,1448.0,36413218.0
2025-11-09 23:00:00,25268.89,25317.42,25232.3,25236.95,5015.0,126563304.25
2025-11-09 23:30:00,25236.93,25288.59,25229.67,25267.54,4041.0,102106129.14
2025-11-10 00:00:00,25267.38,25268.48,25201.47,25249.1,7568.0,191085188.79999998
2025-11-10 00:30:00,25249.15,25279.1,25235.58,25262.68,6021.0,152106596.28
2025-11-10 01:00:00,25262.27,25336.96,25259.01,25320.0,6176.0,156376320.0
2025-11-10 01:30:00,25319.62,25367.99,25308.42,25359.11,3955.0,100295280.05
2025-11-10 02:00:00,25359.24,25363.87,25341.75,25351.51,3395.0,86068376.44999999
2025-11-10 02:30:00,25351.77,25382.17,25351.77,25363.53,2717.0,68912711.00999999
2025-11-10 03:00:00,25363.47,25411.34,25363.08,25409.74,3054.0,77601345.96000001
2025-11-10 03:30:00,25409.82,25418.63,25390.23,25390.43,2565.0,65126452.95
2025-11-10 04:00:00,25390.27,25416.36,25388.37,25399.08,2608.0,66240800.64000001
2025-11-10 04:30:00,25398.89,25407.55,25388.63,25397.54,2393.0,60776313.22
2025-11-10 05:00:00,25397.94,25427.38,25397.94,25422.92,2354.0,59845553.67999999
2025-11-10 05:30:00,25422.71,25423.7,25402.9,25415.76,2744.0,69740845.44
2025-11-10 06:00:00,25416.0,25423.18,25400.66,25406.09,2462.0,62549793.58
2025-11-10 06:30:00,25405.83,25435.72,25400.24,25403.13,2718.0,69045707.34
2025-11-10 07:00:00,25403.12,25419.64,25396.72,25412.42,3660.0,93009457.19999999
2025-11-10 07:30:00,25412.6,25432.01,25408.5,25422.06,2740.0,69656444.4
2025-11-10 08:00:00,25422.55,25426.07,25390.13,25421.81,4066.0,103365079.46000001
2025-11-10 08:30:00,25422.05,25466.56,25417.03,25464.19,3280.0,83522543.2
2025-11-10 09:00:00,25464.48,25501.19,25450.43,25471.97,4481.0,114139897.57000001
2025-11-10 09:30:00,25472.18,25491.52,25461.86,25485.23,3403.0,86726237.69
2025-11-10 10:00:00,25485.24,25487.8,25467.74,25470.08,2881.0,73379300.48
2025-11-10 10:30:00,25470.17,25490.07,25459.01,25461.74,2714.0,69103162.36
2025-11-10 11:00:00,25461.83,25475.59,25438.7,25443.24,3024.0,76940357.76
2025-11-10 11:30:00,25443.15,25478.18,25437.1,25477.89,2538.0,64662884.82
2025-11-10 12:00:00,25478.24,25483.53,25445.76,25449.62,3544.0,90193453.28
2025-11-10 12:30:00,25449.7,25478.48,25449.38,25471.56,3299.0,84030676.44
2025-11-10 13:00:00,25471.89,25483.25,25451.94,25480.66,2863.0,72951129.58
2025-11-10 13:30:00,25480.57,25490.91,25456.81,25487.9,2841.0,72411123.9
2025-11-10 14:00:00,25487.82,25489.02,25453.9,25470.47,3939.0,100328181.33
2025-11-10 14:30:00,25470.79,25586.07,25457.59,25567.08,18485.0,472607473.8
2025-11-10 15:00:00,25566.64,25597.75,25543.48,25573.2,12842.0,328411034.40000004
2025-11-10 15:30:00,25573.61,25596.42,25450.33,25455.92,12213.0,310893150.96
2025-11-10 16:00:00,25456.29,25471.1,25407.34,25417.47,15144.0,384922165.68
2025-11-10 16:30:00,25417.77,25458.55,25386.93,25456.3,13860.0,352824318.0
2025-11-10 17:00:00,25455.9,25509.31,25442.09,25485.3,9518.0,242569085.4
2025-11-10 17:30:00,25485.76,25581.28,25485.76,25568.67,5342.0,136587835.14
2025-11-10 18:00:00,25569.05,25589.5,25561.81,25564.63,3991.0,102028438.33
2025-11-10 18:30:00,25565.04,25615.17,25565.04,25580.42,4279.0,109458617.17999999
2025-11-10 19:00:00,25580.73,25630.48,25576.4,25620.56,3964.0,101559899.84
2025-11-10 19:30:00,25620.92,25650.22,25610.64,25636.33,3526.0,90393699.58000001
2025-11-10 20:00:00,25636.36,25662.0,25630.88,25643.49,4187.0,107369292.63000001
2025-11-10 20:30:00,25643.89,25693.7,25632.24,25647.01,6780.0,173886727.79999998
2025-11-10 21:00:00,25646.73,25679.38,25642.2,25663.45,2956.0,75861158.2
2025-11-10 21:30:00,25663.65,25673.5,25651.37,25654.37,1197.0,30708280.89
2025-11-10 23:00:00,25666.13,25672.43,25639.35,25659.15,2744.0,70408707.60000001
2025-11-10 23:30:00,25659.63,25682.41,25643.32,25679.39,2939.0,75471727.21
2025-11-11 00:00:00,25679.49,25706.37,25666.76,25685.5,3852.0,98940546.0
2025-11-11 00:30:00,25685.66,25692.1,25667.39,25676.05,2802.0,71944292.1
2025-11-11 01:00:00,25676.11,25704.36,25673.24,25696.67,4168.0,107103720.55999999
2025-11-11 01:30:00,25697.01,25699.64,25670.72,25680.96,3910.0,100412553.6
2025-11-11 02:00:00,25680.94,25689.65,25658.68,25669.89,3985.0,102294511.64999999
2025-11-11 02:30:00,25670.13,25691.59,25660.92,25672.98,2993.0,76839229.14
2025-11-11 03:00:00,25672.89,25683.08,25661.53,25664.51,2709.0,69525157.58999999
2025-11-11 03:30:00,25664.57,25679.78,25655.7,25675.04,2583.0,66318628.32
2025-11-11 04:00:00,25675.11,25678.02,25646.3,25652.43,2530.0,64900647.9
2025-11-11 04:30:00,25652.52,25661.75,25621.08,25627.36,2176.0,55765135.36
2025-11-11 05:00:00,25627.43,25632.64,25594.61,25618.3,4222.0,108160462.6
2025-11-11 05:30:00,25618.68,25618.99,25590.13,25590.75,3477.0,88979037.75
2025-11-11 06:00:00,25590.67,25631.74,25589.91,25625.52,3180.0,81489153.6
2025-11-11 06:30:00,25624.93,25641.41,25614.55,25621.21,2911.0,74583342.31
2025-11-11 07:00:00,25621.65,25627.44,25590.28,25598.5,3379.0,86497331.5
2025-11-11 07:30:00,25598.26,25614.03,25582.98,25590.18,3245.0,83040134.1
2025-11-11 08:00:00,25590.86,25619.34,25573.28,25578.07,4875.0,124693091.25
2025-11-11 08:30:00,25578.44,25586.32,25568.02,25571.19,3712.0,94920257.28
2025-11-11 09:00:00,25571.62,25591.49,25560.99,25571.53,3943.0,100828542.78999999
2025-11-11 09:30:00,25571.7,25577.78,25534.05,25540.24,3498.0,89339759.52000001
2025-11-11 10:00:00,25540.19,25566.76,25533.54,25566.5,2655.0,67879057.5
2025-11-11 10:30:00,25566.56,25569.73,25547.38,25557.6,2754.0,70385630.39999999
2025-11-11 11:00:00,25557.72,25581.43,25553.83,25566.5,3028.0,77415362.0
2025-11-11 11:30:00,25566.37,25566.37,25545.46,25559.53,2714.0,69368564.42
2025-11-11 12:00:00,25559.25,25575.56,25551.78,25556.55,3013.0,77001885.14999999
2025-11-11 12:30:00,25556.61,25562.47,25519.92,25528.31,3510.0,89604368.10000001
2025-11-11 13:00:00,25528.66,25562.81,25509.45,25517.81,3731.0,95206949.11
2025-11-11 13:30:00,25518.03,25549.75,25517.6,25533.46,3241.0,82753943.86
2025-11-11 14:00:00,25533.45,25562.29,25520.79,25541.17,3179.0,81195379.42999999
2025-11-11 14:30:00,25541.45,25581.88,25496.86,25563.62,18048.0,461372213.76
2025-11-11 15:00:00,25563.32,25563.32,25468.63,25481.2,15860.0,404131832.0
2025-11-11 15:30:00,25480.82,25487.57,25423.35,25449.95,14300.0,363934285.0
2025-11-11 16:00:00,25450.26,25527.45,25443.58,25446.82,10551.0,268489397.82
2025-11-11 16:30:00,25447.19,25475.63,25415.51,25446.93,10777.0,274241564.61
2025-11-11 17:00:00,25446.58,25532.23,25443.61,25499.91,7983.0,203565781.53
2025-11-11 17:30:00,25500.22,25566.85,25497.24,25553.86,6085.0,155495238.1
2025-11-11 18:00:00,25553.51,25606.81,25545.82,25577.78,6729.0,172112881.62
2025-11-11 18:30:00,25577.42,25630.37,25543.02,25625.43,7624.0,195368278.32
2025-11-11 19:00:00,25625.79,25625.79,25577.63,25597.85,6202.0,158757865.7
2025-11-11 19:30:00,25598.05,25612.78,25581.15,25598.13,4401.0,112657370.13000001
2025-11-11 20:00:00,25598.32,25616.31,25582.95,25594.03,4076.0,104321266.28
2025-11-11 20:30:00,25593.76,25623.67,25555.57,25582.03,6206.0,158762078.18
2025-11-11 21:00:00,25582.33,25622.75,25562.35,25601.47,3232.0,82743951.04
2025-11-11 21:30:00,25601.5,25607.73,25593.4,25595.05,1158.0,29639067.9
2025-11-11 23:00:00,25606.54,25611.81,25568.01,25598.77,3031.0,77589871.87
2025-11-11 23:30:00,25599.06,25609.82,25588.01,25588.32,2127.0,54426356.64
2025-11-12 00:00:00,25588.67,25622.92,25587.75,25618.5,3838.0,98323803.0
2025-11-12 00:30:00,25618.27,25637.36,25611.77,25622.99,2711.0,69463925.89
2025-11-12 01:00:00,25623.05,25658.69,25617.73,25643.21,4051.0,103880643.71
2025-11-12 01:30:00,25643.19,25676.66,25638.87,25669.01,2998.0,76955691.97999999
2025-11-12 02:00:00,25669.36,25698.88,25667.59,25695.12,2327.0,59792544.239999995
2025-11-12 02:30:00,25695.01,25695.09,25648.9,25663.36,3166.0,81250197.76
2025-11-12 03:00:00,25663.59,25665.05,25648.45,25653.9,2552.0,65468752.800000004
2025-11-12 03:30:00,25654.18,25672.42,25648.73,25667.26,2077.0,53310899.019999996
2025-11-12 04:00:00,25667.13,25669.53,25641.36,25646.9,2604.0,66784527.6
2025-11-12 04:30:00,25647.06,25655.59,25632.85,25655.1,1995.0,51181924.5
2025-11-12 05:00:00,25654.77,25671.13,25651.55,25659.18,2279.0,58477271.22
2025-11-12 05:30:00,25659.4,25691.62,25658.13,25681.32,1861.0,47792936.519999996
2025-11-12 06:00:00,25681.43,25702.34,25679.32,25699.24,1739.0,44690978.36
2025-11-12 06:30:00,25698.96,25713.06,25691.0,25709.52,1660.0,42677803.2
2025-11-12 07:00:00,25709.39,25730.31,25709.39,25729.87,1548.0,39829838.76
2025-11-12 07:30:00,25729.65,25751.05,25715.84,25716.83,2136.0,54931148.88
2025-11-12 08:00:00,25717.67,25742.61,25702.64,25742.37,3215.0,82761719.55
2025-11-12 08:30:00,25742.38,25748.59,25717.71,25731.76,2836.0,72975271.36
2025-11-12 09:00:00,25731.45,25744.58,25708.92,25731.83,3182.0,81878683.06
2025-11-12 09:30:00,25732.13,25763.27,25730.63,25757.4,2310.0,59499594.0
2025-11-12 10:00:00,25757.46,25767.83,25742.13,25743.31,2304.0,59312586.24
2025-11-12 10:30:00,25743.38,25748.38,25716.33,25734.89,2271.0,58443935.19
2025-11-12 11:00:00,25735.17,25742.04,25683.39,25683.39,2335.0,59970715.65
2025-11-12 11:30:00,25683.06,25703.63,25667.73,25674.67,4023.0,103289197.41
2025-11-12 12:00:00,25674.94,25733.52,25659.54,25729.5,3650.0,93912675.0
2025-11-12 12:30:00,25729.07,25741.22,25707.34,25729.91,2754.0,70860172.14
2025-11-12 13:00:00,25729.79,25749.75,25725.89,25730.61,2549.0,65587324.89
2025-11-12 13:30:00,25730.28,25747.96,25726.71,25739.41,1951.0,50217588.91
2025-11-12 14:00:00,25738.99,25739.85,25711.8,25717.24,2618.0,67327734.32000001
2025-11-12 14:30:00,25717.8,25719.28,25502.24,25533.69,21823.0,557221716.87
2025-11-12 15:00:00,25533.3,25599.45,25515.2,25552.99,17211.0,439792510.89000005
2025-11-12 15:30:00,25553.4,25561.86,25470.28,25495.46,16292.0,415372034.32
2025-11-12 16:00:00,25495.73,25527.7,25437.18,25521.96,13760.0,351182169.59999996
2025-11-12 16:30:00,25521.53,25547.22,25427.95,25472.11,13173.0,335544105.03000003
2025-11-12 17:00:00,25471.98,25515.82,25456.49,25496.47,13068.0,333187869.96000004
2025-11-12 17:30:00,25496.05,25567.56,25490.68,25548.58,10436.0,266624980.88000003
2025-11-12 18:00:00,25548.89,25566.95,25523.25,25549.95,8210.0,209765089.5
2025-11-12 18:30:00,25549.72,25576.63,25526.25,25552.65,7005.0,178996313.25
2025-11-12 19:00:00,25553.1,25564.11,25508.02,25519.87,7216.0,184151381.92
2025-11-12 19:30:00,25520.33,25541.4,25492.55,25520.85,7212.0,184056370.2
2025-11-12 20:00:00,25520.61,25544.98,25485.16,25542.4,7237.0,184850348.8
2025-11-12 20:30:00,25542.12,25590.9,25532.94,25564.64,8481.0,216813711.84
2025-11-12 21:00:00,25564.92,25593.7,25559.2,25582.24,3791.0,96982271.84
2025-11-12 21:30:00,25582.11,25586.56,25562.76,25564.79,1418.0,36250872.22
2025-11-12 23:00:00,25572.73,25577.56,25470.35,25503.86,6221.0,158659513.06
2025-11-12 23:30:00,25503.88,25508.4,25445.21,25483.31,5465.0,139266289.15
2025-11-13 00:00:00,25483.57,25541.97,25480.9,25510.22,4994.0,127398038.68
2025-11-13 00:30:00,25510.11,25522.02,25491.53,25507.38,4915.0,125368772.7
2025-11-13 01:00:00,25507.22,25662.53,25500.13,25607.65,11680.0,299097352.0
2025-11-13 01:30:00,25607.92,25655.84,25605.88,25633.83,5898.0,151188329.34
2025-11-13 02:00:00,25634.23,25644.18,25605.55,25625.66,4724.0,121055617.84
2025-11-13 02:30:00,25625.74,25625.74,25589.73,25601.71,3541.0,90655655.11
2025-11-13 03:00:00,25601.99,25624.06,25576.06,25622.85,3453.0,88475701.05
2025-11-13 03:30:00,25622.51,25635.54,25601.44,25618.66,3687.0,94455999.42
2025-11-13 04:00:00,25618.69,25625.57,25607.41,25614.05,2678.0,68594425.89999999
2025-11-13 04:30:00,25613.94,25638.84,25611.48,25631.64,2046.0,52442335.44
2025-11-13 05:00:00,25631.72,25651.7,25629.16,25644.46,2281.0,58495013.26
2025-11-13 05:30:00,25644.5,25651.3,25634.95,25638.72,1949.0,49969865.28
2025-11-13 06:00:00,25638.86,25652.6,25627.78,25649.97,2508.0,64330124.760000005
2025-11-13 06:30:00,25650.31,25663.27,25648.02,25654.21,2085.0,53489027.85
2025-11-13 07:00:00,25654.13,25661.73,25636.08,25656.83,3337.0,85616841.71000001
2025-11-13 07:30:00,25657.27,25663.6,25607.03,25608.98,3474.0,88965596.52
2025-11-13 08:00:00,25609.11,25629.34,25585.95,25606.2,5694.0,145801702.8
2025-11-13 08:30:00,25606.09,25629.25,25597.89,25620.18,4020.0,102993123.6
2025-11-13 09:00:00,25619.96,25626.54,25496.71,25501.32,7008.0,178713250.56
2025-11-13 09:30:00,25501.61,25524.95,25475.16,25511.28,5689.0,145133671.92
2025-11-13 10:00:00,25511.46,25554.21,25505.41,25543.71,4244.0,108407505.24
2025-11-13 10:30:00,25543.38,25571.41,25531.02,25539.89,3687.0,94165574.42999999
2025-11-13 11:00:00,25539.77,25569.35,25512.87,25521.46,4530.0,115612213.8
2025-11-13 11:30:00,25521.48,25537.43,25490.78,25533.13,5200.0,132772276.0
2025-11-13 12:00:00,25532.85,25534.76,25493.46,25518.35,4776.0,121875639.6
2025-11-13 12:30:00,25518.36,25557.74,25511.7,25528.17,4597.0,117352997.49
2025-11-13 13:00:00,25528.34,25539.15,25489.47,25514.19,5527.0,141016928.13
2025-11-13 13:30:00,25514.1,25518.0,25434.63,25440.68,6583.0,167475996.44
2025-11-13 14:00:00,25440.44,25451.51,25377.57,25420.26,7621.0,193727801.45999998
2025-11-13 14:30:00,25420.57,25443.79,25224.49,25323.75,40252.0,1019331585.0
2025-11-13 15:00:00,25324.05,25440.01,25267.4,25326.34,31826.0,806036096.84
2025-11-13 15:30:00,25325.95,25328.04,25139.94,25200.59,22998.0,579563168.82
2025-11-13 16:00:00,25200.22,25218.91,25123.88,25166.82,23146.0,582511215.72
2025-11-13 16:30:00,25166.43,25204.86,25103.47,25136.43,24480.0,615339806.4
2025-11-13 17:00:00,25135.99,25190.61,25094.5,25177.23,21992.0,553697642.16
2025-11-13 17:30:00,25176.9,25197.56,25069.24,25079.22,22135.0,555128534.7
2025-11-13 18:00:00,25079.53,25107.62,25002.3,25015.49,16366.0,409403509.34000003
2025-11-13 18:30:00,25015.14,25020.98,24955.01,25012.62,20363.0,509331981.06
2025-11-13 19:00:00,25012.12,25065.81,24960.03,25063.83,19922.0,499321621.26000005
2025-11-13 19:30:00,25063.47,25073.31,24943.69,24994.94,19408.0,485101795.52
2025-11-13 20:00:00,24995.33,25021.93,24956.7,25013.25,21810.0,545538982.5
2025-11-13 20:30:00,25013.57,25084.92,24975.16,25038.58,22682.0,567925071.5600001
2025-11-13 21:00:00,25039.11,25107.92,25034.47,25069.78,6195.0,155307287.1
2025-11-13 21:30:00,25070.16,25076.73,25020.61,25028.47,3523.0,88175299.81
2025-11-13 23:00:00,25036.18,25087.9,25036.18,25080.79,4907.0,123071436.53
2025-11-13 23:30:00,25081.02,25092.49,25043.01,25049.08,4497.0,112645712.76
2025-11-14 00:00:00,25048.79,25083.21,25036.2,25080.47,5222.0,130970214.34
2025-11-14 00:30:00,25080.21,25082.36,25043.29,25047.51,5012.0,125538120.11999999
2025-11-14 01:00:00,25047.17,25084.21,25044.51,25050.71,5665.0,141912272.15
2025-11-14 01:30:00,25051.11,25090.23,25048.57,25059.03,4987.0,124969382.61
2025-11-14 02:00:00,25059.3,25082.36,25059.3,25074.71,3961.0,99320926.31
2025-11-14 02:30:00,25074.6,25096.0,25070.16,25074.84,3540.0,88764933.6
2025-11-14 03:00:00,25074.85,25084.88,25056.53,25074.08,3346.0,83897871.68
2025-11-14 03:30:00,25074.24,25076.14,25027.78,25051.26,3443.0,86251488.17999999
2025-11-14 04:00:00,25051.36,25059.13,24991.95,24999.8,5108.0,127698978.39999999
2025-11-14 04:30:00,24999.5,25017.91,24963.24,24976.64,5014.0,125232872.96
2025-11-14 05:00:00,24976.34,25013.79,24913.52,24999.79,6328.0,158198671.12
2025-11-14 05:30:00,24999.72,25059.09,24986.68,25042.1,5381.0,134751540.1
2025-11-14 06:00:00,25042.17,25043.98,24982.54,24989.34,5484.0,137041540.56
2025-11-14 06:30:00,24989.39,25012.23,24945.86,25009.79,5989.0,149783632.31
2025-11-14 07:00:00,25009.4,25013.76,24874.23,24912.03,11270.0,280758578.09999996
2025-11-14 07:30:00,24911.75,24957.99,24906.56,24939.35,7484.0,186646095.39999998
2025-11-14 08:00:00,24939.66,24952.47,24864.81,24887.93,10831.0,269561169.83
2025-11-14 08:30:00,24888.21,24926.88,24841.6,24924.5,9829.0,244982910.5
2025-11-14 09:00:00,24924.92,24976.33,24915.97,24917.51,7735.0,192736939.85
2025-11-14 09:30:00,24917.19,24923.28,24872.52,24882.06,6363.0,158324547.78
2025-11-14 10:00:00,24882.04,24927.16,24869.06,24915.77,5931.0,147775431.87
2025-11-14 10:30:00,24915.82,24935.18,24872.47,24885.58,5204.0,129504558.32000001
2025-11-14 11:00:00,24885.15,24885.15,24760.06,24784.63,8408.0,208389169.04000002
2025-11-14 11:30:00,24784.98,24791.84,24719.06,24770.97,8708.0,215705606.76000002
2025-11-14 12:00:00,24770.53,24774.65,24676.85,24710.87,11112.0,274587187.44
2025-11-14 12:30:00,24710.49,24717.5,24614.72,24667.39,11277.0,278174157.03
2025-11-14 13:00:00,24667.31,24709.59,24614.17,24652.26,11430.0,281775331.79999995
2025-11-14 13:30:00,24652.18,24682.92,24600.79,24660.57,10902.0,268849534.14
2025-11-14 14:00:00,24660.6,24706.41,24642.4,24664.96,8639.0,213080589.44
2025-11-14 14:30:00,24665.44,24912.55,24569.54,24896.55,57888.0,1441211486.3999999
2025-11-14 15:00:00,24896.28,24970.01,24805.33,24953.33,50800.0,1267629164.0
2025-11-14 15:30:00,24953.61,25120.94,24919.51,25084.12,30271.0,759321396.52
2025-11-14 16:00:00,25083.78,25209.34,25011.28,25182.46,19368.0,487733885.28
2025-11-14 16:30:00,25182.75,25207.98,25119.02,25190.15,18885.0,475715982.75
2025-11-14 17:00:00,25189.85,25235.05,25165.63,25205.59,16096.0,405709176.64
2025-11-14 17:30:00,25205.25,25226.21,25102.55,25145.29,17530.0,440796933.7
2025-11-14 18:00:00,25145.74,25165.99,25063.6,25108.02,20488.0,514413113.76
2025-11-14 18:30:00,25107.47,25139.56,25030.31,25114.9,18000.0,452068200.0
2025-11-14 19:00:00,25114.6,25162.74,25066.6,25145.55,15646.0,393427275.3
2025-11-14 19:30:00,25145.14,25183.25,25125.39,25169.64,12916.0,325091070.24
2025-11-14 20:00:00,25170.0,25192.96,25064.78,25082.37,12148.0,304700630.76
2025-11-14 20:30:00,25082.09,25104.66,25013.79,25048.55,13901.0,348199893.55
2025-11-14 21:00:00,25048.13,25103.49,25018.68,25095.97,6355.0,159484889.35
2025-11-14 21:30:00,25095.64,25097.7,25071.71,25074.25,1945.0,48769416.25
2025-11-16 23:00:00,25091.73,25099.37,24971.93,25083.64,7728.0,193846369.92
2025-11-16 23:30:00,25083.22,25137.28,25081.43,25119.77,5076.0,127507952.52
2025-11-17 00:00:00,25119.5,25133.89,25062.96,25129.26,8794.0,220986712.44
2025-11-17 00:30:00,25129.71,25192.61,25127.61,25180.52,7415.0,186713555.8
2025-11-17 01:00:00,25180.86,25205.63,25156.23,25187.69,7212.0,181653620.28
2025-11-17 01:30:00,25187.59,25195.42,25147.78,25148.72,5510.0,138569447.20000002
2025-11-17 02:00:00,25149.18,25196.01,25149.18,25156.3,5397.0,135768551.1
2025-11-17 02:30:00,25155.96,25208.1,25154.95,25201.13,3983.0,100376100.79
2025-11-17 03:00:00,25200.66,25218.85,25193.24,25194.44,3267.0,82310235.47999999
2025-11-17 03:30:00,25194.13,25217.22,25186.26,25215.08,3334.0,84067076.72
2025-11-17 04:00:00,25215.15,25234.4,25207.22,25232.28,2503.0,63156396.839999996
2025-11-17 04:30:00,25232.33,25233.75,25216.72,25224.96,2097.0,52896741.12
2025-11-17 05:00:00,25225.25,25235.83,25210.62,25221.98,2973.0,74984946.53999999
2025-11-17 05:30:00,25221.9,25226.97,25191.95,25195.97,2801.0,70573911.97
2025-11-17 06:00:00,25196.12,25220.75,25189.03,25211.61,3289.0,82920985.29
2025-11-17 06:30:00,25212.0,25217.31,25179.05,25188.08,3139.0,79065383.12
2025-11-17 07:00:00,25187.87,25276.03,25181.6,25270.63,3984.0,100678189.92
2025-11-17 07:30:00,25270.31,25276.86,25259.58,25263.37,3279.0,82838590.22999999
2025-11-17 08:00:00,25263.31,25301.8,25252.2,25281.16,5139.0,129919881.24
2025-11-17 08:30:00,25281.5,25310.69,25277.87,25305.69,4237.0,107220208.53
2025-11-17 09:00:00,25305.23,25310.72,25250.64,25260.46,6289.0,158863032.94
2025-11-17 09:30:00,25259.94,25269.74,25213.82,25233.03,5107.0,128865084.21
2025-11-17 10:00:00,25233.37,25239.4,25169.25,25175.47,5421.0,136476222.87
2025-11-17 10:30:00,25175.76,25195.74,25119.46,25147.9,6201.0,155942127.9
2025-11-17 11:00:00,25148.09,25176.18,25120.21,25159.03,6025.0,151583155.75
2025-11-17 11:30:00,25158.96,25193.83,25141.11,25152.13,5621.0,141380122.73000002
2025-11-17 12:00:00,25152.54,25153.41,25089.96,25098.97,7259.0,182193423.23000002
2025-11-17 12:30:00,25099.33,25111.64,25061.68,25080.68,7182.0,180129443.76
2025-11-17 13:00:00,25080.79,25088.76,25005.64,25047.12,7543.0,188930426.16
2025-11-17 13:30:00,25046.69,25047.13,24960.29,25027.79,7383.0,184780173.57
2025-11-17 14:00:00,25027.32,25027.32,24939.33,24946.43,7847.0,195754636.21
2025-11-17 14:30:00,24946.75,25203.55,24905.06,25147.99,35753.0,899116086.47
2025-11-17 15:00:00,25147.64,25164.72,25003.99,25085.68,35517.0,890968096.5600001
2025-11-17 15:30:00,25086.1,25103.56,25007.28,25025.99,29511.0,738541990.8900001
2025-11-17 16:00:00,25026.37,25044.1,24894.15,25012.94,22458.0,561740606.52
2025-11-17 16:30:00,25013.35,25148.12,25008.96,25143.6,16373.0,411676162.79999995
2025-11-17 17:00:00,25144.08,25146.4,25070.99,25096.66,13614.0,341665929.24
2025-11-17 17:30:00,25097.02,25112.2,24945.56,24949.38,16127.0,402358651.26
2025-11-17 18:00:00,24949.1,24962.61,24904.17,24931.14,16213.0,404208572.82
2025-11-17 18:30:00,24930.68,24999.75,24836.78,24845.09,15033.0,373496237.97
2025-11-17 19:00:00,24845.49,24861.17,24775.04,24816.64,19542.0,484966778.88
2025-11-17 19:30:00,24816.96,24834.62,24703.17,24705.58,17409.0,430099442.22
2025-11-17 20:00:00,24705.26,24760.3,24680.73,24735.24,20975.0,518821659.00000006
2025-11-17 20:30:00,24735.59,24838.99,24709.55,24835.46,20303.0,504234344.38
2025-11-17 21:00:00,24835.11,24874.62,24833.77,24847.3,5621.0,139666673.29999998
2025-11-17 21:30:00,24846.87,24856.32,24826.04,24854.13,2578.0,64073947.14
2025-11-17 23:00:00,24852.53,24904.21,24833.26,24874.26,5238.0,130291373.88
2025-11-17 23:30:00,24874.16,24893.22,24858.09,24870.14,4309.0,107165433.25999999
2025-11-18 00:00:00,24870.21,24888.5,24813.86,24815.71,6813.0,169069432.23
2025-11-18 00:30:00,24816.09,24842.43,24781.65,24803.91,7448.0,184739521.68
2025-11-18 01:00:00,24803.52,24906.97,24803.51,24866.5,9393.0,233571034.5
2025-11-18 01:30:00,24866.58,24909.85,24859.28,24886.0,7495.0,186520570.0
2025-11-18 02:00:00,24885.59,24904.13,24859.77,24875.91,6298.0,156668481.18
2025-11-18 02:30:00,24876.35,24885.09,24788.52,24790.64,7364.0,182558272.96
2025-11-18 03:00:00,24790.28,24791.24,24751.94,24752.32,7783.0,192647306.56
2025-11-18 03:30:00,24752.61,24771.17,24712.38,24735.91,8083.0,199940360.53
2025-11-18 04:00:00,24735.61,24735.61,24556.56,24603.16,13179.0,324245045.64
2025-11-18 04:30:00,24603.69,24692.39,24603.69,24682.06,9809.0,242106326.54000002
2025-11-18 05:00:00,24681.59,24718.54,24642.74,24679.43,8457.0,208713939.51
2025-11-18 05:30:00,24679.78,24706.44,24660.1,24661.08,6525.0,160913547.0
2025-11-18 06:00:00,24661.37,24699.17,24649.06,24673.9,7500.0,185054250.0
2025-11-18 06:30:00,24673.56,24673.56,24592.65,24612.4,7922.0,194979432.8
2025-11-18 07:00:00,24611.92,24647.41,24556.04,24631.18,9577.0,235892810.86
2025-11-18 07:30:00,24630.94,24693.28,24627.06,24651.94,7809.0,192506999.45999998
2025-11-18 08:00:00,24652.3,24730.16,24648.25,24721.55,13028.0,322072353.4
2025-11-18 08:30:00,24721.39,24808.54,24714.68,24756.69,9502.0,235238068.38
2025-11-18 09:00:00,24756.76,24809.27,24732.14,24752.1,8375.0,207298837.5
2025-11-18 09:30:00,24752.11,24800.91,24719.24,24789.25,7266.0,180118690.5
2025-11-18 10:00:00,24788.92,24798.19,24741.51,24749.79,6276.0,155329682.04
2025-11-18 10:30:00,24750.12,24787.61,24740.08,24777.1,5742.0,142270108.2
2025-11-18 11:00:00,24776.9,24786.56,24732.63,24748.12,5924.0,146607862.88
2025-11-18 11:30:00,24748.51,24755.49,24712.34,24752.1,6414.0,158759969.39999998
2025-11-18 12:00:00,24751.73,24752.8,24655.37,24675.34,9512.0,234711834.08
2025-11-18 12:30:00,24675.61,24711.78,24613.19,24647.32,9684.0,238684646.88
2025-11-18 13:00:00,24647.72,24722.04,24647.72,24667.31,10073.0,248473813.63000003
2025-11-18 13:30:00,24667.26,24718.67,24660.6,24682.67,9992.0,246629238.64
2025-11-18 14:00:00,24682.32,24709.28,24645.98,24669.01,9821.0,242274347.20999998
2025-11-18 14:30:00,24668.88,24782.29,24472.37,24474.41,74556.0,1824714111.96
2025-11-18 15:00:00,24473.9,24559.74,24380.43,24496.47,65054.0,1593593359.38
2025-11-18 15:30:00,24496.1,24541.4,24388.71,24408.51,64054.0,1563462699.54
2025-11-18 16:00:00,24408.26,24615.21,24330.37,24596.74,45667.0,1123259325.5800002
2025-11-18 16:30:00,24597.08,24644.88,24566.44,24601.79,40186.0,988647532.94
2025-11-18 17:00:00,24601.51,24640.28,24478.65,24484.81,35912.0,879298496.72
2025-11-18 17:30:00,24484.61,24729.28,24442.23,24698.87,37174.0,918155793.38
2025-11-18 18:00:00,24699.26,24741.78,24673.6,24679.94,30831.0,760907230.14
2025-11-18 18:30:00,24679.54,24754.92,24644.14,24661.54,29534.0,728353922.36
2025-11-18 19:00:00,24661.26,24725.72,24645.45,24662.54,28180.0,694990377.2
2025-11-18 19:30:00,24662.87,24761.5,24637.66,24727.05,26267.0,649505422.35
2025-11-18 20:00:00,24727.38,24746.97,24597.48,24645.92,25094.0,618464716.4799999
2025-11-18 20:30:00,24645.66,24661.38,24530.67,24535.52,27650.0,678407128.0
2025-11-18 21:00:00,24535.95,24544.86,24475.46,24498.57,11400.0,279283698.0
2025-11-18 21:30:00,24498.32,24512.78,24476.16,24482.26,4318.0,105714398.67999999
2025-11-18 23:00:00,24499.78,24582.37,24494.41,24572.33,4594.0,112885284.02000001
2025-11-18 23:30:00,24572.73,24581.72,24537.27,24543.92,4351.0,106790595.91999999
2025-11-19 00:00:00,24544.25,24553.22,24451.09,24470.29,10720.0,262321508.8
2025-11-19 00:30:00,24470.71,24530.54,24461.13,24508.79,9464.0,231951188.56
2025-11-19 01:00:00,24509.17,24578.78,24463.61,24548.13,12270.0,301205555.1
2025-11-19 01:30:00,24548.25,24561.34,24477.13,24503.55,9792.0,239938761.6
2025-11-19 02:00:00,24503.87,24585.71,24503.87,24578.13,8090.0,198837071.70000002
2025-11-19 02:30:00,24578.14,24600.73,24576.16,24598.92,5338.0,131309034.96
2025-11-19 03:00:00,24599.42,24608.49,24522.63,24547.31,6405.0,157225520.55
2025-11-19 03:30:00,24547.04,24547.11,24488.86,24495.16,6399.0,156744528.84
2025-11-19 04:00:00,24494.99,24506.89,24444.74,24497.51,6400.0,156784064.0
2025-11-19 04:30:00,24497.53,24514.68,24451.7,24474.62,5990.0,146602973.79999998
2025-11-19 05:00:00,24474.97,24509.37,24465.48,24469.38,6337.0,155062461.06
2025-11-19 05:30:00,24469.53,24510.91,24398.2,24487.45,7151.0,175109754.95000002
2025-11-19 06:00:00,24487.76,24524.62,24473.46,24501.02,6951.0,170306590.02
2025-11-19 06:30:00,24500.61,24516.73,24483.3,24504.25,4711.0,115439521.75
2025-11-19 07:00:00,24504.52,24578.59,24484.49,24549.15,6036.0,148178669.4
2025-11-19 07:30:00,24549.45,24569.94,24532.35,24560.43,5464.0,134198189.52
2025-11-19 08:00:00,24560.02,24591.77,24524.15,24588.9,9050.0,222529545.0
2025-11-19 08:30:00,24588.61,24603.57,24540.26,24542.54,6854.0,168214569.16
2025-11-19 09:00:00,24542.25,24588.94,24521.63,24582.69,6691.0,164482778.79
2025-11-19 09:30:00,24582.69,24634.59,24569.42,24629.7,5522.0,136005203.4
2025-11-19 10:00:00,24629.39,24659.68,24615.76,24651.17,4594.0,113247474.97999999
2025-11-19 10:30:00,24651.16,24661.57,24629.03,24652.2,4535.0,111797727.0
2025-11-19 11:00:00,24652.02,24682.98,24647.98,24659.29,5069.0,124997941.01
2025-11-19 11:30:00,24659.0,24678.24,24639.18,24642.87,5372.0,132381497.64
2025-11-19 12:00:00,24643.17,24661.52,24625.53,24652.1,5932.0,146236257.2
2025-11-19 12:30:00,24651.98,24674.4,24648.37,24648.83,5374.0,132462812.42000002
2025-11-19 13:00:00,24648.65,24661.36,24594.41,24639.61,7130.0,175680419.3
2025-11-19 13:30:00,24639.33,24659.86,24609.57,24618.57,6729.0,165658357.53
2025-11-19 14:00:00,24618.44,24630.72,24559.3,24562.65,7653.0,187977960.45000002
2025-11-19 14:30:00,24563.14,24855.09,24526.24,24847.51,46072.0,1144774480.72
2025-11-19 15:00:00,24847.16,24940.5,24834.51,24908.24,25014.0,623054715.36
2025-11-19 15:30:00,24908.65,24923.14,24702.28,24723.73,23593.0,583306961.89
2025-11-19 16:00:00,24723.39,24740.23,24615.73,24660.11,31624.0,779851318.64
2025-11-19 16:30:00,24660.52,24677.6,24602.26,24668.72,29140.0,718846500.8000001
2025-11-19 17:00:00,24668.4,24674.41,24535.24,24586.36,31968.0,785976756.48
2025-11-19 17:30:00,24586.11,24610.27,24463.64,24586.81,34197.0,840795141.57
2025-11-19 18:00:00,24587.18,24640.71,24548.24,24552.66,27359.0,671736224.9399999
2025-11-19 18:30:00,24552.33,24666.14,24540.92,24640.74,25596.0,630704381.0400001
2025-11-19 19:00:00,24641.21,24653.77,24530.77,24546.78,27020.0,663253995.6
2025-11-19 19:30:00,24547.07,24652.73,24524.38,24612.22,23471.0,577673415.62
2025-11-19 20:00:00,24611.89,24758.58,24597.77,24724.49,21431.0,529870545.19000006
2025-11-19 20:30:00,24724.14,24783.2,24644.64,24679.76,24765.0,611194256.4
2025-11-19 21:00:00,24679.28,24862.43,24629.71,24804.09,19113.0,474080572.17
2025-11-19 21:30:00,24803.67,24929.29,24802.86,24912.21,14679.0,365686330.59
2025-11-19 23:00:00,24915.74,25047.83,24910.2,25000.31,7616.0,190402360.96
2025-11-19 23:30:00,24999.73,25064.29,24990.59,25062.51,5808.0,145563058.07999998
2025-11-20 00:00:00,25062.24,25101.14,25042.29,25098.24,5425.0,136157952.0
2025-11-20 00:30:00,25098.52,25114.78,25073.01,25080.76,4534.0,113716165.83999999
2025-11-20 01:00:00,25080.45,25106.51,25056.62,25105.28,5546.0,139233882.88
2025-11-20 01:30:00,25105.55,25120.57,25084.83,25110.43,4316.0,108376615.88
2025-11-20 02:00:00,25109.99,25124.02,25083.61,25087.43,4770.0,119667041.1
2025-11-20 02:30:00,25087.64,25124.06,25084.42,25122.27,3294.0,82752757.38
2025-11-20 03:00:00,25122.0,25149.52,25117.1,25141.18,3921.0,98578566.78
2025-11-20 03:30:00,25140.99,25143.12,25093.23,25123.01,4813.0,120917047.13
2025-11-20 04:00:00,25122.67,25135.58,25104.59,25118.0,4027.0,101150186.0
2025-11-20 04:30:00,25117.57,25141.75,25114.71,25140.97,2357.0,59257266.29
2025-11-20 05:00:00,25141.14,25162.23,25132.59,25137.77,3517.0,88409537.09
2025-11-20 05:30:00,25137.39,25138.98,25112.46,25122.4,3293.0,82728063.2
2025-11-20 06:00:00,25122.6,25138.43,25086.93,25097.0,4017.0,100814649.0
2025-11-20 06:30:00,25097.43,25133.97,25097.43,25129.32,3373.0,84761196.36
2025-11-20 07:00:00,25129.35,25156.27,25116.75,25141.33,4324.0,108711110.92
2025-11-20 07:30:00,25141.42,25158.18,25089.95,25103.9,4386.0,110105705.4
2025-11-20 08:00:00,25104.27,25122.14,25075.54,25108.86,7468.0,187512966.48000002
2025-11-20 08:30:00,25108.94,25138.3,25086.01,25086.01,5943.0,149086157.42999998
2025-11-20 09:00:00,25086.3,25097.7,25028.48,25029.02,6926.0,173350992.52
2025-11-20 09:30:00,25028.75,25048.21,25001.48,25014.65,6562.0,164146133.3
2025-11-20 10:00:00,25014.99,25043.05,24977.99,25029.4,6180.0,154681692.0
2025-11-20 10:30:00,25029.69,25077.87,25027.53,25065.23,4386.0,109936098.78
2025-11-20 11:00:00,25065.38,25068.07,25001.66,25020.15,6219.0,155600312.85000002
2025-11-20 11:30:00,25019.78,25080.74,25017.7,25041.36,6588.0,164972479.68
2025-11-20 12:00:00,25040.97,25067.01,25016.13,25048.24,6235.0,156175776.4
2025-11-20 12:30:00,25047.89,25111.69,25046.29,25109.67,4940.0,124041769.8
2025-11-20 13:00:00,25109.3,25134.68,25075.42,25090.65,7120.0,178645428.0
2025-11-20 13:30:00,25089.63,25221.09,25087.84,25183.64,14475.0,364533189.0
2025-11-20 14:00:00,25183.96,25203.81,25156.18,25166.03,9294.0,233893082.82
2025-11-20 14:30:00,25166.32,25249.16,25103.99,25231.54,60294.0,1521310472.76
2025-11-20 15:00:00,25232.22,25257.33,25114.78,25216.18,37905.0,955819302.9
2025-11-20 15:30:00,25216.46,25267.23,25115.53,25119.98,24781.0,622498224.38
2025-11-20 16:00:00,25119.68,25122.34,24844.48,24863.09,45701.0,1136268076.09
2025-11-20 16:30:00,24862.75,24885.44,24469.53,24511.21,76184.0,1867362022.6399999
2025-11-20 17:00:00,24510.8,24599.38,24308.23,24405.01,100569.0,2454387450.69
2025-11-20 17:30:00,24404.55,24453.77,24261.07,24346.0,76362.0,1859109252.0
2025-11-20 18:00:00,24346.3,24550.39,24316.19,24456.58,64162.0,1569183085.96
2025-11-20 18:30:00,24456.99,24477.71,24192.38,24230.84,54992.0,1332502353.28
2025-11-20 19:00:00,24231.23,24324.9,24157.28,24299.57,51816.0,1259106519.12
2025-11-20 19:30:00,24299.86,24352.54,24214.67,24347.41,49107.0,1195628262.87
2025-11-20 20:00:00,24346.8,24346.8,24193.59,24243.61,45959.0,1114212071.99
2025-11-20 20:30:00,24243.88,24263.12,24051.74,24089.87,46214.0,1113289252.18
2025-11-20 21:00:00,24089.49,24091.56,24035.38,24067.91,11876.0,285830499.16
2025-11-20 21:30:00,24067.8,24074.07,24024.29,24026.99,4504.0,108217562.96000001
2025-11-20 23:00:00,24056.62,24083.21,23970.9,24078.38,10198.0,245551319.24
2025-11-20 23:30:00,24077.98,24118.16,24051.0,24088.11,9587.0,230932710.57
2025-11-21 00:00:00,24087.79,24145.4,24064.61,24134.6,9920.0,239415232.0
2025-11-21 00:30:00,24134.66,24157.01,24116.43,24134.38,6477.0,156318379.26000002
2025-11-21 01:00:00,24134.71,24184.9,24116.76,24179.2,8623.0,208497241.6
2025-11-21 01:30:00,24179.49,24185.92,24128.62,24156.62,8469.0,204582414.78
2025-11-21 02:00:00,24157.01,24167.12,24108.65,24132.9,8212.0,198179374.8
2025-11-21 02:30:00,24132.72,24166.62,24120.92,24123.44,6772.0,163363935.67999998
2025-11-21 03:00:00,24123.17,24142.91,24110.56,24137.99,6101.0,147265876.99
2025-11-21 03:30:00,24138.33,24187.49,24131.07,24142.5,7446.0,179765055.0
2025-11-21 04:00:00,24142.46,24153.67,24069.31,24101.67,6468.0,155889601.56
2025-11-21 04:30:00,24102.0,24124.07,24048.8,24121.39,7013.0,169163308.07
2025-11-21 05:00:00,24121.0,24156.8,24100.97,24118.35,7417.0,178885801.95
2025-11-21 05:30:00,24118.02,24130.95,24078.34,24091.8,6090.0,146719062.0
2025-11-21 06:00:00,24091.73,24134.46,24083.51,24085.16,6202.0,149376162.32
2025-11-21 06:30:00,24084.74,24151.31,24079.82,24126.23,5218.0,125890668.14
2025-11-21 07:00:00,24125.86,24145.97,24105.36,24143.89,5403.0,130449437.67
2025-11-21 07:30:00,24143.74,24148.1,24010.58,24027.99,9019.0,216708441.81
2025-11-21 08:00:00,24028.27,24128.33,24028.27,24098.38,14258.0,343594702.04
2025-11-21 08:30:00,24095.33,24163.45,24059.37,24156.13,9224.0,222816143.12
2025-11-21 09:00:00,24156.26,24165.91,24056.9,24081.85,9304.0,224057532.39999998
2025-11-21 09:30:00,24082.18,24093.98,23980.49,23984.28,10109.0,242457086.51999998
2025-11-21 10:00:00,23983.96,23988.51,23856.4,23863.16,16285.0,388611560.6
2025-11-21 10:30:00,23862.91,24046.48,23861.45,24043.61,12263.0,294846789.43
2025-11-21 11:00:00,24043.72,24105.29,24030.6,24035.18,9796.0,235448623.28
2025-11-21 11:30:00,24034.73,24058.53,23962.4,24008.61,9519.0,228537958.59
2025-11-21 12:00:00,24008.31,24028.02,23908.3,23918.57,14306.0,342179062.42
2025-11-21 12:30:00,23919.02,24211.06,23919.02,24140.84,24971.0,602820915.64
2025-11-21 13:00:00,24141.37,24241.49,24094.36,24143.71,16390.0,395715406.9
2025-11-21 13:30:00,24144.16,24227.38,24144.16,24193.12,13367.0,323389435.03999996
2025-11-21 14:00:00,24193.31,24216.08,24130.53,24153.31,15645.0,377878534.95000005
2025-11-21 14:30:00,24153.0,24248.29,24052.62,24127.38,93819.0,2263606664.2200003
2025-11-21 15:00:00,24127.08,24178.89,23979.47,23997.6,88005.0,2111908787.9999998
2025-11-21 15:30:00,23997.84,24057.25,23879.67,23974.14,84039.0,2014762751.46
2025-11-21 16:00:00,23974.49,24126.89,23887.12,24125.19,66175.0,1596484448.25
2025-11-21 16:30:00,24124.87,24322.19,24089.87,24321.34,48131.0,1170610415.54
2025-11-21 17:00:00,24320.97,24340.44,24256.28,24306.87,41555.0,1010071982.8499999
2025-11-21 17:30:00,24307.14,24365.15,24282.43,24299.81,32946.0,800581540.26
2025-11-21 18:00:00,24300.11,24310.79,24156.19,24216.77,37303.0,903358171.3100001
2025-11-21 18:30:00,24217.06,24507.07,24200.88,24427.47,43176.0,1054680444.72
2025-11-21 19:00:00,24427.22,24544.5,24420.83,24529.01,32249.0,791036043.4899999
2025-11-21 19:30:00,24529.38,24542.72,24379.15,24410.65,30040.0,733295926.0
2025-11-21 20:00:00,24410.32,24446.37,24340.46,24340.48,27510.0,669606604.8
2025-11-21 20:30:00,24340.18,24405.52,24236.9,24265.4,37208.0,902867003.2
2025-11-21 21:00:00,24264.98,24307.02,24254.18,24272.66,8256.0,200395080.96
2025-11-21 21:30:00,24272.94,24308.33,24270.37,24299.5,3068.0,74550866.0
2025-11-23 23:00:00,24438.81,24492.73,24424.36,24442.79,4284.0,104712912.36
2025-11-23 23:30:00,24442.66,24453.11,24414.7,24428.85,4034.0,98545980.89999999
2025-11-24 00:00:00,24428.64,24428.64,24362.45,24390.11,4594.0,112048165.34
2025-11-24 00:30:00,24390.06,24429.79,24386.94,24403.88,3627.0,88512872.76
2025-11-24 01:00:00,24403.4,24439.93,24372.54,24428.19,5350.0,130690816.5
2025-11-24 01:30:00,24428.13,24437.36,24386.21,24406.99,4999.0,122010543.01
2025-11-24 02:00:00,24407.02,24448.95,24390.88,24442.78,4847.0,118474154.66
2025-11-24 02:30:00,24442.58,24473.92,24417.47,24472.22,3897.0,95368241.34
2025-11-24 03:00:00,24472.67,24479.56,24457.54,24471.69,3076.0,75274918.44
2025-11-24 03:30:00,24471.74,24471.92,24433.17,24441.46,3195.0,78090464.7
2025-11-24 04:00:00,24441.21,24447.95,24389.89,24407.92,4148.0,101244052.16
2025-11-24 04:30:00,24407.66,24433.56,24400.83,24410.4,3787.0,92442184.80000001
2025-11-24 05:00:00,24409.92,24467.95,24403.98,24461.07,3582.0,87619552.74
2025-11-24 05:30:00,24461.25,24461.84,24435.98,24452.58,3191.0,78028182.78
2025-11-24 06:00:00,24452.83,24457.9,24433.24,24439.17,3104.0,75859183.67999999
2025-11-24 06:30:00,24438.86,24448.07,24420.41,24434.42,2727.0,66632663.339999996
2025-11-24 07:00:00,24434.05,24450.98,24409.87,24443.13,3335.0,81517838.55
2025-11-24 07:30:00,24442.92,24482.51,24430.45,24471.21,2969.0,72655022.49
2025-11-24 08:00:00,24470.96,24513.05,24414.69,24502.32,7027.0,172177802.64
2025-11-24 08:30:00,24501.95,24520.07,24481.88,24509.17,4976.0,121957629.91999999
2025-11-24 09:00:00,24509.02,24519.81,24326.41,24330.48,8136.0,197952785.28
2025-11-24 09:30:00,24330.11,24406.16,24324.74,24381.89,8525.0,207855612.25
2025-11-24 10:00:00,24382.11,24396.21,24341.9,24353.93,6286.0,153088803.98
2025-11-24 10:30:00,24354.14,24385.59,24320.53,24360.34,6297.0,153397060.98
2025-11-24 11:00:00,24360.03,24385.83,24336.14,24368.2,5803.0,141408664.6
2025-11-24 11:30:00,24367.75,24419.2,24351.36,24411.87,5153.0,125794366.11
2025-11-24 12:00:00,24411.57,24443.97,24379.61,24437.88,5568.0,136070115.84
2025-11-24 12:30:00,24437.1,24472.27,24420.64,24461.51,5490.0,134293689.9
2025-11-24 13:00:00,24460.87,24514.64,24455.35,24507.64,4645.0,113837987.8
2025-11-24 13:30:00,24507.56,24519.43,24447.13,24454.73,4524.0,110633198.52
2025-11-24 14:00:00,24453.91,24529.97,24450.64,24477.54,5822.0,142508237.88
2025-11-24 14:30:00,24477.86,24677.64,24474.31,24639.46,52558.0,1295000738.68
2025-11-24 15:00:00,24639.73,24724.49,24619.43,24694.06,37208.0,918816584.48
2025-11-24 15:30:00,24694.54,24771.09,24666.13,24733.82,17339.0,428859704.98
2025-11-24 16:00:00,24734.14,24836.67,24734.14,24819.26,9590.0,238016703.39999998
2025-11-24 16:30:00,24819.01,24844.17,24789.52,24801.54,10016.0,248412224.64000002
2025-11-24 17:00:00,24801.87,24846.87,24784.26,24838.26,9693.0,240757254.17999998
2025-11-24 17:30:00,24838.64,24893.63,24836.77,24875.55,7262.0,180646244.1
2025-11-24 18:00:00,24875.74,24908.67,24875.74,24886.26,4818.0,119902000.67999999
2025-11-24 18:30:00,24885.92,24895.17,24869.76,24880.32,5731.0,142589113.92
2025-11-24 19:00:00,24880.79,24915.25,24878.52,24887.67,5009.0,124662339.02999999
2025-11-24 19:30:00,24887.92,24894.68,24851.32,24871.64,7310.0,181811688.4
2025-11-24 20:00:00,24872.05,24918.41,24870.65,24893.32,6326.0,157475142.32
2025-11-24 20:30:00,24892.93,24949.94,24883.55,24893.94,9961.0,247968536.33999997
2025-11-24 21:00:00,24893.42,24929.37,24882.79,24919.93,4820.0,120114062.6
2025-11-24 21:30:00,24920.26,24932.13,24912.59,24921.22,1494.0,37232302.68
2025-11-24 23:00:00,24926.11,24941.35,24911.54,24921.89,2811.0,70055432.78999999
2025-11-24 23:30:00,24922.11,24946.24,24918.27,24918.69,2223.0,55394247.87
2025-11-25 00:00:00,24918.65,24918.65,24878.58,24886.01,3292.0,81924744.92
2025-11-25 00:30:00,24886.35,24922.88,24884.34,24917.38,3078.0,76695695.64
2025-11-25 01:00:00,24916.95,24921.41,24890.89,24902.14,3614.0,89996333.96
2025-11-25 01:30:00,24902.26,24906.65,24879.89,24883.5,2662.0,66239877.0
2025-11-25 02:00:00,24883.42,24915.52,24880.87,24893.61,2951.0,73461043.11
2025-11-25 02:30:00,24893.17,24911.49,24888.87,24907.19,2490.0,62018903.099999994
2025-11-25 03:00:00,24907.26,24918.52,24901.1,24909.23,2141.0,53330661.43
2025-11-25 03:30:00,24909.02,24911.21,24875.57,24883.56,3544.0,88187336.64
2025-11-25 04:00:00,24883.96,24913.36,24880.93,24895.27,2318.0,57707235.86
2025-11-25 04:30:00,24894.87,24899.26,24887.29,24894.52,1925.0,47921951.0
2025-11-25 05:00:00,24894.76,24915.24,24873.51,24878.36,2465.0,61325157.4
2025-11-25 05:30:00,24878.34,24896.31,24876.79,24880.9,2028.0,50458465.2
2025-11-25 06:00:00,24880.92,24898.27,24865.44,24871.35,2271.0,56482835.849999994
2025-11-25 06:30:00,24871.01,24887.97,24854.5,24861.37,2183.0,54272370.71
2025-11-25 07:00:00,24861.87,24863.26,24841.23,24854.23,2151.0,53461448.73
2025-11-25 07:30:00,24854.11,24895.41,24850.48,24874.27,2879.0,71613023.33
2025-11-25 08:00:00,24874.23,24890.9,24845.88,24879.82,5120.0,127384678.4
2025-11-25 08:30:00,24880.02,24881.22,24816.3,24826.04,4147.0,102953587.88000001
2025-11-25 09:00:00,24826.5,24858.99,24788.43,24788.43,4939.0,122430055.77
2025-11-25 09:30:00,24788.59,24832.71,24782.23,24817.18,4307.0,106887594.26
2025-11-25 10:00:00,24817.05,24835.23,24803.94,24820.95,3600.0,89355420.0
2025-11-25 10:30:00,24820.49,24853.52,24795.78,24846.73,4197.0,104281725.81
2025-11-25 11:00:00,24846.92,24857.06,24823.67,24826.11,3578.0,88827821.58
2025-11-25 11:30:00,24826.07,24834.9,24804.57,24834.59,3863.0,95936021.17
2025-11-25 12:00:00,24834.03,24893.91,24826.06,24891.47,4582.0,114052715.54
2025-11-25 12:30:00,24891.0,24935.06,24841.43,24870.89,8865.0,220480439.85
2025-11-25 13:00:00,24869.08,24909.78,24863.12,24898.99,5665.0,141052778.35000002
2025-11-25 13:30:00,24899.02,24917.74,24834.25,24843.64,5539.0,137608921.96
2025-11-25 14:00:00,24844.18,24852.34,24801.86,24817.29,4329.0,107434048.41
2025-11-25 14:30:00,24817.0,24839.34,24563.3,24780.23,36938.0,915332135.74
2025-11-25 15:00:00,24779.69,24782.86,24617.77,24743.03,47485.0,1174922779.55
2025-11-25 15:30:00,24742.6,24833.76,24724.3,24779.53,27864.0,690456823.92
2025-11-25 16:00:00,24779.22,24842.15,24735.63,24814.57,18539.0,460037313.23
2025-11-25 16:30:00,24814.24,24873.15,24800.82,24860.22,11866.0,294991370.52000004
2025-11-25 17:00:00,24859.82,24978.27,24853.98,24952.42,8115.0,202488888.29999998
2025-11-25 17:30:00,24952.72,25021.96,24939.0,24948.24,7748.0,193298963.52
2025-11-25 18:00:00,24947.77,24984.45,24945.54,24984.45,7375.0,184260318.75
2025-11-25 18:30:00,24984.9,25011.08,24962.62,24985.93,5481.0,136947882.33
2025-11-25 19:00:00,24985.64,24994.82,24916.73,24945.26,6733.0,167956435.57999998
2025-11-25 19:30:00,24945.27,24984.37,24901.36,24978.31,6676.0,166755197.56
2025-11-25 20:00:00,24978.38,25017.06,24977.63,25011.71,5372.0,134362906.12
2025-11-25 20:30:00,25011.87,25098.07,25010.96,25040.87,6899.0,172756962.13
2025-11-25 21:00:00,25040.53,25060.39,25029.29,25030.4,2711.0,67857414.4
2025-11-25 21:30:00,25030.65,25039.1,25022.54,25027.53,1126.0,28180998.779999997
2025-11-25 23:00:00,25040.21,25057.42,25030.37,25046.09,2270.0,56854624.3
2025-11-25 23:30:00,25046.38,25053.6,25026.72,25050.2,1614.0,40431022.800000004
2025-11-26 00:00:00,25050.16,25078.03,25031.55,25072.43,2836.0,71105411.48
2025-11-26 00:30:00,25072.68,25090.78,25063.98,25084.94,1882.0,47209857.08
2025-11-26 01:00:00,25084.61,25121.23,25076.61,25112.45,2697.0,67728277.65
2025-11-26 01:30:00,25112.52,25134.95,25103.12,25130.36,2869.0,72099002.84
2025-11-26 02:00:00,25129.92,25138.48,25121.21,25127.73,2076.0,52165167.48
2025-11-26 02:30:00,25127.75,25147.36,25126.71,25146.24,1744.0,43855042.56
2025-11-26 03:00:00,25146.25,25160.39,25132.88,25141.12,1637.0,41156013.44
2025-11-26 03:30:00,25141.12,25152.96,25139.08,25145.16,1602.0,40282546.32
2025-11-26 04:00:00,25145.19,25152.27,25133.05,25133.57,1480.0,37197683.6
2025-11-26 04:30:00,25133.75,25136.73,25125.29,25132.62,1279.0,32144620.98
2025-11-26 05:00:00,25132.42,25164.85,25131.45,25154.33,1855.0,46661282.150000006
2025-11-26 05:30:00,25154.7,25165.93,25154.34,25163.09,1500.0,37744635.0
2025-11-26 06:00:00,25163.25,25165.93,25150.21,25162.0,1724.0,43379288.0
2025-11-26 06:30:00,25162.44,25184.76,25161.96,25175.04,1709.0,43024143.36
2025-11-26 07:00:00,25174.71,25193.02,25172.49,25192.28,1629.0,41038224.12
2025-11-26 07:30:00,25192.69,25199.03,25175.86,25176.22,2034.0,51208431.480000004
2025-11-26 08:00:00,25175.79,25188.1,25145.98,25170.45,3567.0,89782995.15
2025-11-26 08:30:00,25170.19,25173.92,25135.43,25135.73,3332.0,83752252.36
2025-11-26 09:00:00,25135.44,25139.21,25102.92,25108.65,4373.0,109800126.45
2025-11-26 09:30:00,25108.82,25136.2,25104.53,25113.73,2917.0,73256750.41
2025-11-26 10:00:00,25114.01,25154.46,25113.96,25138.35,2368.0,59527612.8
2025-11-26 10:30:00,25138.47,25168.67,25124.85,25162.02,2304.0,57973294.08
2025-11-26 11:00:00,25161.66,25179.89,25152.27,25169.95,2278.0,57337146.1
2025-11-26 11:30:00,25170.07,25174.54,25138.89,25144.44,3378.0,84937918.32
2025-11-26 12:00:00,25144.08,25149.95,25085.21,25106.97,7293.0,183105132.21
2025-11-26 12:30:00,25106.76,25148.55,25089.21,25141.47,3833.0,96367254.51
2025-11-26 13:00:00,25141.52,25175.12,25134.71,25162.87,3261.0,82056119.07
2025-11-26 13:30:00,25163.3,25185.59,25139.32,25180.71,4539.0,114295242.69
2025-11-26 14:00:00,25180.32,25194.39,25142.6,25186.87,4120.0,103769904.39999999
2025-11-26 14:30:00,25187.32,25248.12,25124.36,25135.8,24891.0,625655197.8
2025-11-26 15:00:00,25135.13,25190.43,25104.32,25157.98,23890.0,601024142.2
2025-11-26 15:30:00,25158.3,25239.3,25158.3,25236.89,11471.0,289492365.19
2025-11-26 16:00:00,25236.41,25306.57,25232.06,25291.66,6212.0,157111791.92
2025-11-26 16:30:00,25292.06,25343.61,25277.69,25322.91,5416.0,137148880.56
2025-11-26 17:00:00,25323.29,25329.31,25281.98,25306.92,5841.0,147817719.72
2025-11-26 17:30:00,25307.32,25337.32,25301.08,25306.82,4643.0,117499565.26
2025-11-26 18:00:00,25307.08,25327.48,25249.87,25315.47,8531.0,215966274.57000002
2025-11-26 18:30:00,25315.82,25317.03,25255.17,25284.94,6000.0,151709640.0
2025-11-26 19:00:00,25284.54,25315.07,25266.04,25313.27,4976.0,125958831.52
2025-11-26 19:30:00,25312.95,25323.09,25275.83,25300.45,4367.0,110487065.15
2025-11-26 20:00:00,25300.29,25328.16,25287.06,25313.66,3915.0,99102978.9
2025-11-26 20:30:00,25314.06,25318.82,25263.54,25264.32,5890.0,148806844.8
2025-11-26 21:00:00,25264.69,25299.2,25261.61,25282.15,2699.0,68236522.85000001
2025-11-26 21:30:00,25282.43,25284.5,25270.21,25281.08,1071.0,27076036.680000003
2025-11-26 23:00:00,25295.3,25304.93,25282.13,25286.86,1137.0,28751159.82
2025-11-26 23:30:00,25286.73,25301.75,25286.73,25292.69,1660.0,41985865.4
2025-11-27 00:00:00,25292.27,25301.85,25283.94,25294.87,2031.0,51373880.97
2025-11-27 00:30:00,25295.0,25300.32,25284.77,25299.19,1357.0,34331000.83
2025-11-27 01:00:00,25299.43,25308.12,25273.54,25285.0,2153.0,54438605.0
2025-11-27 01:30:00,25284.96,25303.7,25274.94,25302.94,1909.0,48303312.46
2025-11-27 02:00:00,25303.19,25306.89,25294.54,25300.31,1738.0,43971938.78
2025-11-27 02:30:00,25300.57,25301.67,25283.87,25284.97,1388.0,35095538.36
2025-11-27 03:00:00,25285.18,25291.52,25274.19,25278.37,1500.0,37917555.0
2025-11-27 03:30:00,25278.83,25285.1,25275.81,25282.63,1324.0,33474202.12
2025-11-27 04:00:00,25282.4,25287.41,25277.82,25287.39,1113.0,28144865.07
2025-11-27 04:30:00,25287.55,25294.94,25284.94,25294.22,943.0,23852449.46
2025-11-27 05:00:00,25294.23,25305.69,25292.49,25300.93,983.0,24870814.19
2025-11-27 05:30:00,25301.08,25305.93,25289.7,25293.14,1036.0,26203693.04
2025-11-27 06:00:00,25293.32,25296.4,25277.22,25288.23,1254.0,31711440.419999998
2025-11-27 06:30:00,25288.29,25288.54,25267.69,25271.58,1351.0,34141904.580000006
2025-11-27 07:00:00,25271.8,25287.07,25269.74,25281.84,1364.0,34484429.76
2025-11-27 07:30:00,25281.8,25294.81,25265.63,25291.57,1423.0,35989904.11
2025-11-27 08:00:00,25291.51,25294.62,25262.36,25288.93,2456.0,62109612.08
2025-11-27 08:30:00,25288.72,25297.82,25269.82,25270.31,2109.0,53295083.79
2025-11-27 09:00:00,25270.15,25284.65,25266.04,25284.56,1963.0,49633591.28
2025-11-27 09:30:00,25284.57,25295.53,25272.07,25272.64,1635.0,41320766.4
2025-11-27 10:00:00,25272.49,25282.9,25268.59,25273.66,1424.0,35989691.839999996
2025-11-27 10:30:00,25273.63,25288.15,25269.28,25286.57,1065.0,26930197.05
2025-11-27 11:00:00,25286.59,25290.24,25276.05,25280.84,1104.0,27910047.36
2025-11-27 11:30:00,25280.94,25293.91,25274.86,25274.91,1199.0,30304617.09
2025-11-27 12:00:00,25275.05,25284.15,25272.13,25273.6,1146.0,28963545.599999998
2025-11-27 12:30:00,25273.73,25277.53,25263.29,25266.12,1094.0,27641135.279999997
2025-11-27 13:00:00,25266.07,25274.02,25259.45,25267.72,1287.0,32519555.64
2025-11-27 13:30:00,25267.85,25283.79,25267.37,25269.63,1600.0,40431408.0
2025-11-27 14:00:00,25269.67,25277.28,25260.35,25270.21,1305.0,32977624.049999997
2025-11-27 14:30:00,25270.73,25286.6,25256.5,25265.48,1553.0,39237290.44
2025-11-27 15:00:00,25265.2,25275.9,25262.47,25272.35,1134.0,28658844.9
2025-11-27 15:30:00,25272.85,25272.9,25259.5,25269.96,967.0,24436051.32
2025-11-27 16:00:00,25269.68,25273.09,25255.4,25270.6,1009.0,25498035.4
2025-11-27 16:30:00,25270.67,25271.11,25259.73,25265.2,706.0,17837231.2
2025-11-27 17:00:00,25265.39,25268.51,25263.7,25265.35,413.0,10434589.549999999
2025-11-27 17:30:00,25265.35,25271.61,25264.7,25270.3,526.0,13292177.799999999
2025-11-27 23:00:00,25284.06,25298.78,25276.28,25293.71,2094.0,52965028.739999995
2025-11-27 23:30:00,25293.54,25303.19,25284.48,25299.41,777.0,19657641.57
2025-11-28 00:00:00,25299.39,25322.12,25296.05,25311.12,1204.0,30474588.48
2025-11-28 00:30:00,25312.35,25316.04,25302.39,25312.39,735.0,18604606.65
2025-11-28 01:00:00,25312.51,25337.49,25306.74,25328.61,704.0,17831341.44
2025-11-28 01:30:00,25328.58,25328.58,25304.03,25313.51,565.0,14302133.149999999
2025-11-28 02:00:00,25313.13,25322.18,25309.43,25317.38,410.0,10380125.8
2025-11-28 02:30:00,25317.46,25320.4,25314.87,25318.21,238.0,6025733.9799999995
2025-11-28 13:30:00,25341.93,25366.73,25335.13,25342.39,1257.0,31855384.23
2025-11-28 14:00:00,25342.75,25357.48,25319.13,25329.93,1864.0,47214989.52
2025-11-28 14:30:00,25330.87,25391.93,25302.99,25339.98,6458.0,163645590.84
2025-11-28 15:00:00,25340.41,25373.75,25323.96,25340.76,4625.0,117201015.0
2025-11-28 15:30:00,25341.2,25392.53,25331.54,25381.23,5298.0,134469756.54
2025-11-28 16:00:00,25380.94,25407.88,25340.34,25361.11,5068.0,128530105.48
2025-11-28 16:30:00,25361.47,25405.0,25346.1,25398.72,4464.0,113379886.08
2025-11-28 17:00:00,25399.09,25411.45,25377.4,25392.13,4237.0,107586454.81
2025-11-28 17:30:00,25392.32,25461.98,25366.61,25457.99,5857.0,149107447.43
2025-11-28 18:00:00,25458.5,25470.5,25439.08,25454.87,2946.0,74990047.02
2025-11-30 23:00:00,25491.62,25515.65,25453.07,25482.12,4351.0,110872704.11999999
2025-11-30 23:30:00,25481.82,25483.97,25427.94,25451.82,3764.0,95800650.48
2025-12-01 00:00:00,25451.91,25454.71,25341.87,25375.25,5608.0,142304402.0
2025-12-01 00:30:00,25375.04,25380.39,25292.42,25305.42,6305.0,159550673.1
2025-12-01 01:00:00,25305.35,25313.43,25250.8,25293.96,8883.0,224686246.67999998
2025-12-01 01:30:00,25294.38,25328.92,25281.37,25302.37,5127.0,129725250.99
2025-12-01 02:00:00,25302.71,25312.06,25265.93,25280.42,3697.0,93461712.74
2025-12-01 02:30:00,25280.26,25295.95,25252.69,25267.25,3610.0,91214772.5
2025-12-01 03:00:00,25267.22,25268.84,25226.2,25240.96,3207.0,80947758.72
2025-12-01 03:30:00,25240.73,25254.14,25222.66,25245.12,2831.0,71468934.72
2025-12-01 04:00:00,25244.68,25252.39,25229.49,25233.94,2402.0,60611923.879999995
2025-12-01 04:30:00,25234.01,25246.84,25211.61,25214.66,2301.0,58018932.66
2025-12-01 05:00:00,25214.63,25218.68,25189.3,25190.6,3051.0,76856520.6
2025-12-01 05:30:00,25190.42,25241.63,25179.0,25237.09,2855.0,72051891.95
2025-12-01 06:00:00,25236.56,25252.78,25217.78,25246.59,2810.0,70942917.9
2025-12-01 06:30:00,25247.0,25254.1,25233.23,25251.34,2386.0,60249697.24
2025-12-01 07:00:00,25251.85,25268.85,25222.67,25260.34,3494.0,88259627.96
2025-12-01 07:30:00,25260.07,25267.57,25246.44,25263.24,2891.0,73036026.84
2025-12-01 08:00:00,25263.67,25326.74,25252.71,25315.48,4837.0,122450976.75999999
2025-12-01 08:30:00,25315.68,25318.94,25291.04,25292.53,3564.0,90142576.92
2025-12-01 09:00:00,25292.22,25325.0,25283.05,25303.0,4195.0,106146085.0
2025-12-01 09:30:00,25303.02,25303.27,25257.0,25266.03,4087.0,103262264.61
2025-12-01 10:00:00,25266.02,25308.69,25266.02,25297.4,3212.0,81255248.80000001
2025-12-01 10:30:00,25297.2,25317.78,25289.65,25297.82,3321.0,84014060.22
2025-12-01 11:00:00,25297.53,25303.82,25272.65,25285.08,3412.0,86272692.96000001
2025-12-01 11:30:00,25284.63,25290.96,25266.42,25282.08,3219.0,81383015.52000001
2025-12-01 12:00:00,25281.72,25293.35,25230.38,25241.39,4700.0,118634533.0
2025-12-01 12:30:00,25241.3,25241.3,25197.34,25211.77,4447.0,112116741.19
2025-12-01 13:00:00,25211.81,25247.25,25200.92,25232.66,4337.0,109434046.42
2025-12-01 13:30:00,25232.11,25257.5,25221.09,25253.02,3511.0,88663353.22
2025-12-01 14:00:00,25253.25,25286.25,25233.17,25241.25,3540.0,89354025.0
2025-12-01 14:30:00,25242.0,25367.13,25196.42,25350.02,26793.0,679203085.86
2025-12-01 15:00:00,25353.17,25375.43,25296.06,25310.61,20071.0,508009253.31
2025-12-01 15:30:00,25311.0,25407.0,25254.85,25400.62,15798.0,401278994.76
2025-12-01 16:00:00,25400.64,25405.75,25305.12,25367.09,9989.0,253391862.01
2025-12-01 16:30:00,25367.19,25440.17,25361.13,25422.19,6463.0,164303613.97
2025-12-01 17:00:00,25422.46,25454.22,25402.11,25440.61,6116.0,155594770.76
2025-12-01 17:30:00,25440.21,25483.11,25428.52,25437.95,4722.0,120117999.9
2025-12-01 18:00:00,25438.37,25471.1,25434.16,25449.12,4274.0,108769538.88
2025-12-01 18:30:00,25449.39,25479.95,25448.96,25474.2,3179.0,80982481.8
2025-12-01 19:00:00,25473.74,25475.25,25379.12,25384.1,5545.0,140754834.5
2025-12-01 19:30:00,25383.72,25402.44,25339.85,25361.7,7794.0,197669089.8
2025-12-01 20:00:00,25361.45,25400.98,25354.35,25388.85,6091.0,154643485.35
2025-12-01 20:30:00,25389.12,25408.5,25352.91,25389.35,7146.0,181432295.1
2025-12-01 21:00:00,25388.85,25399.12,25371.31,25386.09,2739.0,69532500.51
2025-12-01 21:30:00,25386.27,25394.51,25380.09,25387.6,915.0,23229654.0
2025-12-01 23:00:00,25400.61,25412.76,25369.56,25405.6,3123.0,79341688.8
2025-12-01 23:30:00,25405.26,25415.25,25386.26,25389.09,2108.0,53520201.72
2025-12-02 00:00:00,25389.16,25399.86,25374.73,25392.63,2675.0,67925285.25
2025-12-02 00:30:00,25392.8,25408.64,25391.51,25399.24,1873.0,47572776.52
2025-12-02 01:00:00,25399.09,25434.88,25391.36,25427.89,2960.0,75266554.39999999
2025-12-02 01:30:00,25427.88,25427.88,25403.12,25403.85,2657.0,67498029.45
2025-12-02 02:00:00,25403.76,25403.84,25376.95,25392.17,2514.0,63835915.379999995
2025-12-02 02:30:00,25391.85,25422.43,25385.42,25414.7,1716.0,43611625.2
2025-12-02 03:00:00,25414.54,25416.4,25356.93,25363.1,1879.0,47657264.9
2025-12-02 03:30:00,25363.39,25397.38,25339.68,25381.31,3004.0,76245455.24000001
2025-12-02 04:00:00,25381.25,25390.17,25375.8,25378.84,1781.0,45199714.04
2025-12-02 04:30:00,25378.68,25387.22,25357.63,25362.19,1579.0,40046898.01
2025-12-02 05:00:00,25362.37,25374.2,25350.68,25362.39,2081.0,52779133.589999996
2025-12-02 05:30:00,25362.66,25367.39,25353.88,25363.93,1678.0,42560674.54
2025-12-02 06:00:00,25363.5,25364.1,25325.28,25329.58,2051.0,51950968.580000006
2025-12-02 06:30:00,25330.01,25377.67,25330.01,25360.41,2133.0,54093754.53
2025-12-02 07:00:00,25360.98,25376.6,25359.61,25374.84,2204.0,55926147.36
2025-12-02 07:30:00,25374.93,25378.34,25341.87,25348.72,2180.0,55260209.6
2025-12-02 08:00:00,25348.4,25354.72,25316.06,25349.56,3910.0,99116779.60000001
2025-12-02 08:30:00,25349.97,25417.17,25347.34,25412.28,3048.0,77456629.44
2025-12-02 09:00:00,25411.86,25441.73,25409.67,25436.35,2638.0,67101091.3
2025-12-02 09:30:00,25436.76,25441.92,25414.56,25432.49,2473.0,62894547.77
2025-12-02 10:00:00,25432.64,25449.34,25427.86,25443.84,2157.0,54882362.88
2025-12-02 10:30:00,25443.57,25490.33,25441.87,25481.01,2050.0,52236070.5
2025-12-02 11:00:00,25480.78,25493.26,25469.6,25492.35,2050.0,52259317.5
2025-12-02 11:30:00,25492.74,25499.25,25468.17,25471.49,2222.0,56597650.78
2025-12-02 12:00:00,25471.81,25485.49,25453.8,25477.86,2823.0,71923998.78
2025-12-02 12:30:00,25477.43,25491.35,25448.83,25489.67,2488.0,63418298.95999999
2025-12-02 13:00:00,25489.03,25495.49,25476.32,25486.69,2023.0,51559573.87
2025-12-02 13:30:00,25486.76,25504.69,25471.89,25497.2,2503.0,63819491.6
2025-12-02 14:00:00,25497.02,25512.76,25474.57,25482.67,2572.0,65541427.239999995
2025-12-02 14:30:00,25482.4,25602.44,25460.85,25587.15,20138.0,515274026.70000005
2025-12-02 15:00:00,25587.49,25642.99,25556.63,25562.24,12245.0,313009628.8
2025-12-02 15:30:00,25562.71,25659.52,25520.94,25637.34,11471.0,294085927.14
2025-12-02 16:00:00,25637.87,25653.0,25434.07,25450.45,19071.0,485365531.95
2025-12-02 16:30:00,25450.13,25522.42,25404.64,25498.23,16254.0,414448230.42
2025-12-02 17:00:00,25497.9,25603.36,25493.15,25593.91,7676.0,196458853.16
2025-12-02 17:30:00,25594.01,25612.0,25496.37,25496.37,6684.0,170417737.07999998
2025-12-02 18:00:00,25496.33,25574.37,25487.16,25552.39,7826.0,199973004.14
2025-12-02 18:30:00,25551.9,25576.23,25520.34,25566.84,6940.0,177433869.6
2025-12-02 19:00:00,25566.59,25599.72,25553.84,25574.73,5590.0,142962740.7
2025-12-02 19:30:00,25574.63,25632.81,25569.17,25624.0,4835.0,123892040.0
2025-12-02 20:00:00,25624.47,25629.75,25605.84,25623.46,4092.0,104851198.32
2025-12-02 20:30:00,25623.83,25636.95,25582.59,25590.46,5708.0,146070345.68
2025-12-02 21:00:00,25590.14,25596.71,25578.58,25588.7,2137.0,54683051.9
2025-12-02 21:30:00,25589.0,25596.49,25577.6,25591.69,960.0,24568022.4
2025-12-02 23:00:00,25617.94,25624.29,25602.17,25619.58,1259.0,32255051.220000003
2025-12-02 23:30:00,25619.77,25622.24,25610.37,25615.1,1344.0,34426694.4
2025-12-03 00:00:00,25615.5,25629.43,25567.8,25572.55,2814.0,71961155.7
2025-12-03 00:30:00,25572.61,25630.26,25568.33,25618.49,2552.0,65378386.480000004
2025-12-03 01:00:00,25618.54,25633.55,25616.25,25627.56,2189.0,56098728.84
2025-12-03 01:30:00,25627.58,25640.3,25626.6,25631.08,1846.0,47314973.68
2025-12-03 02:00:00,25631.24,25664.99,25628.45,25657.26,1650.0,42334479.0
2025-12-03 02:30:00,25657.27,25657.31,25638.09,25646.8,1505.0,38598434.0
2025-12-03 03:00:00,25646.42,25656.17,25634.32,25655.78,1326.0,34019564.28
2025-12-03 03:30:00,25656.19,25668.23,25655.83,25659.44,1257.0,32253916.08
2025-12-03 04:00:00,25659.24,25664.22,25655.0,25657.08,880.0,22578230.400000002
2025-12-03 04:30:00,25657.08,25657.69,25648.75,25650.95,845.0,21675052.75
2025-12-03 05:00:00,25651.1,25668.56,25649.76,25663.98,1184.0,30386152.32
2025-12-03 05:30:00,25663.71,25664.74,25646.94,25651.72,1069.0,27421688.68
2025-12-03 06:00:00,25651.82,25656.04,25641.38,25642.24,1336.0,34258032.64
2025-12-03 06:30:00,25642.67,25657.23,25629.31,25648.51,1728.0,44320625.279999994
2025-12-03 07:00:00,25648.74,25667.81,25644.93,25660.49,1376.0,35308834.24
2025-12-03 07:30:00,25660.46,25663.01,25635.21,25642.34,1631.0,41822656.54
2025-12-03 08:00:00,25642.87,25655.96,25605.0,25611.33,2845.0,72864233.85000001
2025-12-03 08:30:00,25611.75,25658.39,25605.09,25650.85,2462.0,63152392.699999996
2025-12-03 09:00:00,25650.84,25652.38,25606.68,25611.29,2901.0,74298352.29
2025-12-03 09:30:00,25611.21,25631.47,25605.63,25629.1,2592.0,66430627.199999996
2025-12-03 10:00:00,25629.09,25641.67,25626.73,25637.83,1689.0,43302294.870000005
2025-12-03 10:30:00,25637.89,25637.91,25597.73,25615.95,2082.0,53332407.9
2025-12-03 11:00:00,25616.52,25632.67,25602.34,25630.74,1919.0,49185390.06
2025-12-03 11:30:00,25630.51,25636.25,25624.17,25625.68,1690.0,43307399.2
2025-12-03 12:00:00,25625.97,25646.0,25607.02,25638.77,2295.0,58840977.15
2025-12-03 12:30:00,25638.76,25655.56,25637.38,25646.78,1566.0,40162857.48
2025-12-03 13:00:00,25646.47,25668.49,25631.8,25653.71,2451.0,62877243.21
2025-12-03 13:30:00,25653.72,25661.62,25638.5,25640.83,2250.0,57691867.50000001
2025-12-03 14:00:00,25640.57,25644.5,25415.17,25487.96,20798.0,530098592.08
2025-12-03 14:30:00,25487.37,25530.16,25421.36,25489.3,40540.0,1033336222.0
2025-12-03 15:00:00,25491.93,25567.73,25480.73,25518.24,19219.0,490435054.56
2025-12-03 15:30:00,25517.88,25597.42,25490.12,25555.11,16113.0,411769487.43
2025-12-03 16:00:00,25555.59,25591.25,25514.6,25559.0,10058.0,257072422.0
2025-12-03 16:30:00,25559.42,25613.34,25522.13,25552.35,7390.0,188831866.5
2025-12-03 17:00:00,25552.62,25623.13,25547.35,25612.35,6364.0,162996995.39999998
2025-12-03 17:30:00,25611.91,25628.49,25590.38,25617.25,3962.0,101495544.5
2025-12-03 18:00:00,25617.72,25629.83,25600.38,25618.71,3369.0,86309433.99
2025-12-03 18:30:00,25619.0,25645.98,25614.36,25620.75,3278.0,83984818.5
2025-12-03 19:00:00,25620.28,25648.34,25617.36,25640.43,2736.0,70152216.48
2025-12-03 19:30:00,25640.75,25663.62,25632.91,25661.5,2672.0,68567528.0
2025-12-03 20:00:00,25661.13,25676.31,25651.09,25674.0,2723.0,69910302.0
2025-12-03 20:30:00,25673.88,25673.88,25632.67,25649.5,4263.0,109343818.5
2025-12-03 21:00:00,25649.12,25652.99,25633.58,25633.58,2057.0,52728274.06
2025-12-03 21:30:00,25633.51,25641.25,25627.7,25636.34,799.0,20483435.66
2025-12-03 23:00:00,25647.18,25651.66,25628.33,25644.79,1282.0,32876620.78
2025-12-03 23:30:00,25644.72,25650.86,25635.19,25641.3,1172.0,30051603.599999998
2025-12-04 00:00:00,25640.95,25659.02,25635.61,25649.53,2114.0,54223106.419999994
2025-12-04 00:30:00,25649.53,25653.75,25616.14,25626.77,1657.0,42463557.89
2025-12-04 01:00:00,25626.35,25656.05,25622.21,25652.0,2289.0,58717428.0
2025-12-04 01:30:00,25651.75,25651.75,25627.25,25634.53,1934.0,49577181.019999996
2025-12-04 02:00:00,25635.0,25643.09,25613.19,25629.98,2080.0,53310358.4
2025-12-04 02:30:00,25629.74,25649.89,25628.7,25642.52,1292.0,33130135.84
2025-12-04 03:00:00,25642.59,25642.62,25619.81,25622.89,1470.0,37665648.3
2025-12-04 03:30:00,25622.8,25626.41,25608.0,25624.45,1518.0,38897915.1
2025-12-04 04:00:00,25624.9,25627.96,25613.0,25621.25,1237.0,31693486.25
2025-12-04 04:30:00,25621.36,25636.29,25619.28,25633.36,1102.0,28247962.72
2025-12-04 05:00:00,25633.46,25642.76,25623.75,25625.95,1286.0,32954971.7
2025-12-04 05:30:00,25625.95,25634.08,25622.68,25633.22,1244.0,31887725.68
2025-12-04 06:00:00,25633.41,25648.55,25633.21,25647.57,1310.0,33598316.7
2025-12-04 06:30:00,25647.23,25657.27,25643.95,25648.6,1196.0,30675725.599999998
2025-12-04 07:00:00,25648.54,25664.1,25645.55,25659.26,1408.0,36128238.08
2025-12-04 07:30:00,25659.4,25659.61,25647.0,25651.02,1235.0,31679009.7
2025-12-04 08:00:00,25650.58,25651.76,25598.5,25613.14,3243.0,83063413.02
2025-12-04 08:30:00,25612.58,25643.85,25605.72,25628.82,2676.0,68582722.32
2025-12-04 09:00:00,25628.61,25646.04,25606.49,25640.23,2743.0,70331150.89
2025-12-04 09:30:00,25640.35,25686.5,25639.86,25679.11,2437.0,62579991.07
2025-12-04 10:00:00,25679.29,25685.66,25665.51,25673.44,1744.0,44774479.36
2025-12-04 10:30:00,25673.77,25673.77,25633.23,25636.4,2128.0,54554259.2
2025-12-04 11:00:00,25636.23,25645.36,25618.96,25631.86,2638.0,67616846.68
2025-12-04 11:30:00,25631.69,25649.23,25625.19,25648.09,2159.0,55374226.31
2025-12-04 12:00:00,25647.66,25662.08,25644.28,25654.8,1879.0,48205369.199999996
2025-12-04 12:30:00,25655.16,25666.04,25647.73,25651.06,2029.0,52046000.74
2025-12-04 13:00:00,25650.85,25652.78,25627.98,25646.44,1874.0,48061428.559999995
2025-12-04 13:30:00,25646.94,25658.07,25611.56,25624.75,3555.0,91095986.25
2025-12-04 14:00:00,25624.95,25724.57,25624.95,25703.56,4009.0,103045572.04
2025-12-04 14:30:00,25704.09,25704.83,25532.23,25546.94,30887.0,789068335.78
2025-12-04 15:00:00,25547.23,25590.43,25513.9,25583.46,15436.0,394906288.56
2025-12-04 15:30:00,25583.78,25631.83,25559.47,25562.7,10937.0,279579249.90000004
2025-12-04 16:00:00,25562.25,25590.06,25498.69,25576.1,9797.0,250569051.7
2025-12-04 16:30:00,25575.69,25643.72,25557.69,25636.06,7295.0,187015057.70000002
2025-12-04 17:00:00,25635.81,25645.47,25590.51,25593.95,5613.0,143658841.35
2025-12-04 17:30:00,25593.94,25618.04,25579.52,25611.06,4688.0,120064649.28
2025-12-04 18:00:00,25610.7,25619.21,25568.09,25614.81,4230.0,108350646.30000001
2025-12-04 18:30:00,25614.44,25625.14,25585.94,25597.1,4065.0,104052211.5
2025-12-04 19:00:00,25597.06,25604.71,25481.95,25525.21,7771.0,198356406.91
2025-12-04 19:30:00,25525.61,25604.38,25517.71,25582.52,7206.0,184347639.12
2025-12-04 20:00:00,25582.59,25586.93,25545.44,25557.19,6252.0,159783551.88
2025-12-04 20:30:00,25556.75,25626.09,25554.45,25620.47,5520.0,141424994.4
2025-12-04 21:00:00,25620.81,25630.93,25610.98,25626.6,2105.0,53943993.0
2025-12-04 21:30:00,25626.23,25627.8,25618.87,25623.61,655.0,16783464.55
2025-12-04 23:00:00,25630.19,25641.27,25621.73,25625.83,1513.0,38771880.79
2025-12-04 23:30:00,25625.94,25627.76,25602.49,25616.0,1611.0,41267376.0
2025-12-05 00:00:00,25615.9,25637.69,25605.29,25632.7,2254.0,57776105.800000004
2025-12-05 00:30:00,25632.7,25650.37,25628.22,25647.81,1845.0,47320209.45
2025-12-05 01:00:00,25648.09,25664.94,25646.2,25661.13,2118.0,54350273.34
2025-12-05 01:30:00,25660.83,25676.89,25658.37,25675.33,1520.0,39026501.6
2025-12-05 02:00:00,25675.16,25706.55,25673.11,25705.41,1428.0,36707325.48
2025-12-05 02:30:00,25704.92,25704.92,25676.18,25682.56,1386.0,35596028.160000004
2025-12-05 03:00:00,25682.74,25692.6,25676.47,25687.02,1304.0,33495874.080000002
2025-12-05 03:30:00,25687.31,25700.08,25677.37,25694.26,1311.0,33685174.86
2025-12-05 04:00:00,25694.22,25710.33,25691.18,25698.81,1397.0,35901237.57
2025-12-05 04:30:00,25698.91,25707.81,25693.11,25705.1,1178.0,30280607.799999997
2025-12-05 05:00:00,25705.35,25714.06,25704.94,25706.59,1210.0,31104973.9
2025-12-05 05:30:00,25706.57,25717.46,25701.38,25716.88,1092.0,28082832.96
2025-12-05 06:00:00,25716.88,25723.41,25711.22,25713.54,1116.0,28696310.64
2025-12-05 06:30:00,25714.08,25717.11,25696.91,25706.02,1342.0,34497478.84
2025-12-05 07:00:00,25706.02,25722.41,25699.28,25718.11,1481.0,38088520.910000004
2025-12-05 07:30:00,25717.78,25723.15,25708.52,25718.25,1206.0,31016209.5
2025-12-05 08:00:00,25718.74,25748.01,25715.13,25730.65,2617.0,67337111.05
2025-12-05 08:30:00,25730.62,25741.3,25717.29,25718.26,1941.0,49919142.66
2025-12-05 09:00:00,25717.82,25729.0,25705.52,25721.07,2086.0,53654152.019999996
2025-12-05 09:30:00,25721.26,25721.42,25699.52,25711.19,1458.0,37486915.019999996
2025-12-05 10:00:00,25711.07,25726.73,25705.66,25718.94,1414.0,36366581.16
2025-12-05 10:30:00,25718.86,25724.38,25706.93,25709.55,1191.0,30620074.05
2025-12-05 11:00:00,25709.08,25719.95,25697.93,25715.91,1591.0,40914012.81
2025-12-05 11:30:00,25715.75,25718.06,25708.33,25712.2,1301.0,33451572.2
2025-12-05 12:00:00,25712.51,25726.51,25682.43,25704.17,2332.0,59942124.44
2025-12-05 12:30:00,25703.8,25710.09,25687.2,25696.26,1676.0,43066931.76
2025-12-05 13:00:00,25696.08,25702.68,25669.75,25681.15,1778.0,45661084.7
2025-12-05 13:30:00,25680.63,25681.81,25571.04,25609.97,4926.0,126154712.22
2025-12-05 14:00:00,25609.55,25679.34,25607.34,25675.88,2981.0,76539798.28
2025-12-05 14:30:00,25675.48,25796.43,25664.33,25783.6,20077.0,517657337.2
2025-12-05 15:00:00,25783.9,25860.05,25760.87,25829.23,9058.0,233961165.34
2025-12-05 15:30:00,25828.94,25854.84,25708.0,25735.73,9565.0,246162257.45
2025-12-05 16:00:00,25736.09,25760.17,25677.76,25692.25,12927.0,332123715.75
2025-12-05 16:30:00,25692.6,25755.57,25646.18,25724.2,10947.0,281602817.40000004
2025-12-05 17:00:00,25723.22,25732.28,25680.71,25686.35,7689.0,197502345.14999998
2025-12-05 17:30:00,25686.62,25734.37,25660.12,25724.71,5633.0,144907291.43
2025-12-05 18:00:00,25724.35,25741.66,25694.52,25739.33,4212.0,108414057.96000001
2025-12-05 18:30:00,25739.31,25752.97,25715.38,25721.6,3882.0,99851251.19999999
2025-12-05 19:00:00,25722.09,25735.6,25701.44,25716.81,4375.0,112511043.75
2025-12-05 19:30:00,25716.85,25738.06,25697.56,25731.99,3540.0,91091244.60000001
2025-12-05 20:00:00,25732.43,25734.35,25706.2,25719.69,3502.0,90070354.38
2025-12-05 20:30:00,25720.1,25734.08,25672.22,25720.61,5378.0,138325440.58
2025-12-05 21:00:00,25721.06,25737.93,25718.24,25726.92,1898.0,48829694.16
2025-12-05 21:30:00,25726.69,25734.58,25725.19,25730.1,635.0,16338613.5
2025-12-07 23:00:00,25754.4,25768.04,25721.24,25747.56,2870.0,73895497.2
2025-12-07 23:30:00,25747.82,25757.33,25742.0,25747.18,1668.0,42946296.24
2025-12-08 00:00:00,25747.43,25748.15,25702.39,25733.32,3603.0,92717151.96
2025-12-08 00:30:00,25733.27,25751.72,25727.64,25748.07,1887.0,48586608.089999996
2025-12-08 01:00:00,25748.24,25766.0,25744.84,25751.14,2084.0,53665375.76
2025-12-08 01:30:00,25751.13,25772.85,25750.69,25769.48,1584.0,40818856.32
2025-12-08 02:00:00,25769.72,25783.43,25763.73,25777.7,1501.0,38692327.7
2025-12-08 02:30:00,25777.74,25784.32,25771.27,25783.91,1203.0,31018043.73
2025-12-08 03:00:00,25783.84,25792.33,25778.84,25785.5,977.0,25192433.5
2025-12-08 03:30:00,25785.46,25795.34,25782.7,25790.62,971.0,25042692.02
2025-12-08 04:00:00,25790.76,25800.33,25788.85,25797.79,801.0,20664029.79
2025-12-08 04:30:00,25797.69,25804.41,25795.55,25799.88,791.0,20407705.080000002
2025-12-08 05:00:00,25799.98,25805.23,25792.53,25802.25,822.0,21209449.5
2025-12-08 05:30:00,25802.25,25805.44,25792.85,25795.87,820.0,21152613.4
2025-12-08 06:00:00,25795.85,25811.93,25787.36,25808.4,1068.0,27563371.200000003
2025-12-08 06:30:00,25808.17,25812.08,25790.34,25790.42,917.0,23649815.139999997
2025-12-08 07:00:00,25790.12,25815.49,25776.97,25811.71,1703.0,43957342.129999995
2025-12-08 07:30:00,25811.38,25820.95,25800.13,25804.88,1505.0,38836344.4
2025-12-08 08:00:00,25804.94,25806.11,25781.92,25784.86,2568.0,66215520.480000004
2025-12-08 08:30:00,25785.22,25792.84,25768.84,25774.3,2378.0,61291285.4
2025-12-08 09:00:00,25774.8,25796.69,25771.9,25794.35,2147.0,55380469.449999996
2025-12-08 09:30:00,25794.14,25797.51,25768.92,25773.98,1928.0,49692233.44
2025-12-08 10:00:00,25774.24,25790.16,25762.59,25789.68,2132.0,54983597.76
2025-12-08 10:30:00,25789.65,25798.76,25784.81,25793.55,1663.0,42894673.65
2025-12-08 11:00:00,25793.78,25797.43,25771.8,25773.87,1910.0,49228091.699999996
2025-12-08 11:30:00,25774.09,25785.01,25771.88,25775.22,1659.0,42761089.980000004
2025-12-08 12:00:00,25774.84,25790.82,25765.26,25785.46,1903.0,49069730.379999995
2025-12-08 12:30:00,25785.36,25811.26,25784.18,25803.86,1656.0,42731192.160000004
2025-12-08 13:00:00,25804.16,25833.11,25799.36,25808.48,2065.0,53294511.199999996
2025-12-08 13:30:00,25808.81,25814.56,25785.26,25810.6,2162.0,55802517.199999996
2025-12-08 14:00:00,25810.44,25823.54,25782.56,25792.44,2585.0,66673457.4
2025-12-08 14:30:00,25791.99,25861.3,25723.52,25744.98,19085.0,491342943.3
2025-12-08 15:00:00,25745.34,25778.69,25659.08,25701.74,9975.0,256374856.50000003
2025-12-08 15:30:00,25702.18,25724.98,25651.53,25663.28,7541.0,193526794.48
2025-12-08 16:00:00,25663.94,25672.04,25628.13,25663.38,8772.0,225119169.36
2025-12-08 16:30:00,25662.97,25671.21,25633.15,25641.25,5568.0,142770480.0
2025-12-08 17:00:00,25641.27,25647.96,25595.81,25618.75,5954.0,152534037.5
2025-12-08 17:30:00,25618.59,25691.0,25614.35,25681.84,5581.0,143330349.04
2025-12-08 18:00:00,25682.23,25697.5,25630.09,25632.57,7127.0,182683326.39
2025-12-08 18:30:00,25632.1,25643.25,25566.92,25593.75,6669.0,170684718.75
2025-12-08 19:00:00,25594.23,25610.99,25569.59,25600.0,5440.0,139264000.0
2025-12-08 19:30:00,25599.62,25623.52,25587.84,25593.22,3953.0,101169998.66000001
2025-12-08 20:00:00,25593.5,25618.25,25584.14,25616.83,3434.0,87968194.22
2025-12-08 20:30:00,25617.08,25673.75,25591.65,25671.37,4475.0,114879380.75
2025-12-08 21:00:00,25671.09,25686.38,25657.84,25682.28,2381.0,61149508.68
2025-12-08 21:30:00,25682.63,25708.58,25676.57,25708.08,2912.0,74861928.96000001
2025-12-08 23:00:00,25714.87,25728.26,25699.18,25702.13,2339.0,60117282.07
2025-12-08 23:30:00,25702.13,25732.08,25696.76,25730.86,1670.0,42970536.2
2025-12-09 00:00:00,25730.84,25731.09,25717.85,25720.99,1638.0,42130981.620000005
2025-12-09 00:30:00,25721.11,25729.47,25715.77,25723.61,1199.0,30842608.39
2025-12-09 01:00:00,25723.38,25732.78,25707.9,25709.57,1890.0,48591087.3
2025-12-09 01:30:00,25709.52,25717.91,25689.66,25696.09,2036.0,52317239.24
2025-12-09 02:00:00,25696.13,25712.1,25679.68,25701.6,1872.0,48113395.199999996
2025-12-09 02:30:00,25701.43,25702.65,25689.03,25696.35,1583.0,40677322.05
2025-12-09 03:00:00,25695.91,25703.15,25689.54,25697.94,1286.0,33047550.84
2025-12-09 03:30:00,25698.01,25705.81,25689.79,25702.83,1681.0,43206457.230000004
2025-12-09 04:00:00,25702.44,25703.53,25693.24,25696.92,1169.0,30039699.479999997
2025-12-09 04:30:00,25697.1,25698.74,25687.47,25691.72,1136.0,29185793.92
2025-12-09 05:00:00,25691.93,25693.52,25670.37,25672.11,1510.0,38764886.1
2025-12-09 05:30:00,25671.75,25683.08,25667.18,25667.38,1293.0,33187922.34
2025-12-09 06:00:00,25667.36,25668.47,25651.16,25659.6,1576.0,40439529.599999994
2025-12-09 06:30:00,25659.84,25691.64,25658.29,25687.76,1772.0,45518710.72
2025-12-09 07:00:00,25687.55,25698.28,25685.08,25691.21,1653.0,42467570.129999995
2025-12-09 07:30:00,25691.04,25700.75,25680.49,25695.76,1541.0,39597166.16
2025-12-09 08:00:00,25695.35,25716.33,25690.67,25698.73,2564.0,65891543.72
2025-12-09 08:30:00,25698.72,25708.75,25686.72,25699.48,2304.0,59211601.92
2025-12-09 09:00:00,25699.21,25700.23,25665.53,25671.63,2580.0,66232805.400000006
2025-12-09 09:30:00,25671.76,25680.49,25655.55,25661.35,1888.0,48448628.8
2025-12-09 10:00:00,25661.61,25697.34,25659.95,25693.57,1789.0,45965796.73
2025-12-09 10:30:00,25693.87,25696.72,25608.48,25673.09,5572.0,143050457.48
2025-12-09 11:00:00,25673.02,25676.1,25635.96,25672.35,3495.0,89724863.25
2025-12-09 11:30:00,25672.59,25686.28,25663.3,25676.7,2162.0,55513025.4
2025-12-09 12:00:00,25677.09,25680.92,25663.3,25668.62,2283.0,58601459.46
2025-12-09 12:30:00,25668.43,25677.32,25650.57,25669.34,2383.0,61170037.22
2025-12-09 13:00:00,25668.37,25670.51,25642.88,25654.81,2309.0,59236956.29000001
2025-12-09 13:30:00,25654.45,25656.51,25612.48,25621.45,2927.0,74993984.15
2025-12-09 14:00:00,25621.01,25630.01,25594.02,25622.43,3311.0,84835865.73
2025-12-09 14:30:00,25622.83,25658.85,25563.94,25635.88,19862.0,509179848.56
2025-12-09 15:00:00,25636.79,25674.84,25624.01,25661.96,9708.0,249126307.67999998
2025-12-09 15:30:00,25662.37,25690.28,25641.46,25689.66,6328.0,162564168.48
2025-12-09 16:00:00,25689.32,25714.81,25684.32,25695.28,4307.0,110669570.96
2025-12-09 16:30:00,25695.71,25721.08,25674.21,25714.76,3951.0,101599016.75999999
2025-12-09 17:00:00,25714.36,25737.55,25695.57,25712.97,3477.0,89403996.69
2025-12-09 17:30:00,25713.22,25723.97,25694.94,25723.06,3701.0,95201045.06
2025-12-09 18:00:00,25722.62,25736.63,25709.31,25731.19,3279.0,84372572.00999999
2025-12-09 18:30:00,25731.31,25740.38,25696.01,25726.69,3373.0,86776125.36999999
2025-12-09 19:00:00,25726.86,25729.1,25702.69,25715.95,3249.0,83551121.55
2025-12-09 19:30:00,25716.06,25721.72,25688.71,25707.2,2802.0,72031574.4
2025-12-09 20:00:00,25706.94,25718.17,25699.06,25702.06,2543.0,65360338.580000006
2025-12-09 20:30:00,25701.82,25725.81,25692.09,25707.56,3766.0,96814670.96000001
2025-12-09 21:00:00,25707.84,25708.35,25679.44,25684.7,1553.0,39888339.1
2025-12-09 21:30:00,25684.44,25689.39,25679.03,25680.53,857.0,22008214.209999997
2025-12-09 23:00:00,25689.21,25695.61,25677.08,25682.68,1403.0,36032800.04
2025-12-09 23:30:00,25682.56,25687.65,25676.4,25678.71,994.0,25524637.74
2025-12-10 00:00:00,25678.44,25699.92,25668.43,25678.38,1728.0,44372240.64
2025-12-10 00:30:00,25678.7,25683.71,25658.16,25658.89,1439.0,36923142.71
2025-12-10 01:00:00,25658.72,25671.61,25647.73,25661.58,1995.0,51194852.1
2025-12-10 01:30:00,25661.4,25667.13,25652.87,25663.31,1579.0,40522366.49
2025-12-10 02:00:00,25663.45,25680.73,25662.31,25676.3,1132.0,29065571.599999998
2025-12-10 02:30:00,25676.17,25686.24,25675.55,25681.44,1062.0,27273689.279999997
2025-12-10 03:00:00,25681.92,25692.56,25673.68,25675.8,1095.0,28115001.0
2025-12-10 03:30:00,25675.55,25682.2,25671.23,25681.17,1141.0,29302214.97
2025-12-10 04:00:00,25681.26,25692.7,25681.26,25691.04,867.0,22274131.68
2025-12-10 04:30:00,25691.07,25716.89,25691.07,25701.55,1121.0,28811437.55
2025-12-10 05:00:00,25701.28,25701.61,25676.46,25685.94,1455.0,37373042.699999996
2025-12-10 05:30:00,25686.12,25694.42,25682.87,25689.4,1185.0,30441939.0
2025-12-10 06:00:00,25689.43,25714.85,25689.08,25709.95,1372.0,35274051.4
2025-12-10 06:30:00,25709.88,25720.8,25705.79,25711.51,1140.0,29311121.4
2025-12-10 07:00:00,25711.31,25725.39,25705.98,25722.4,1146.0,29477870.400000002
2025-12-10 07:30:00,25722.72,25737.64,25719.14,25735.95,1130.0,29081623.5
2025-12-10 08:00:00,25736.32,25753.02,25730.24,25737.29,2106.0,54202732.74
2025-12-10 08:30:00,25737.54,25746.09,25713.49,25728.7,2246.0,57786660.2
2025-12-10 09:00:00,25729.14,25739.89,25712.2,25721.95,2428.0,62452894.6
2025-12-10 09:30:00,25722.2,25726.84,25713.91,25717.66,1769.0,45494540.54
2025-12-10 10:00:00,25717.52,25741.07,25640.11,25640.58,3451.0,88485641.58000001
2025-12-10 10:30:00,25640.29,25679.02,25624.19,25659.34,3380.0,86728569.2
2025-12-10 11:00:00,25658.76,25700.93,25647.1,25674.34,3742.0,96073380.28
2025-12-10 11:30:00,25674.75,25681.38,25663.85,25673.93,2263.0,58100103.59
2025-12-10 12:00:00,25674.24,25676.49,25640.53,25655.82,2841.0,72888184.62
2025-12-10 12:30:00,25655.61,25660.7,25636.04,25656.39,1974.0,50645713.86
2025-12-10 13:00:00,25656.31,25722.93,25653.37,25715.15,2357.0,60610608.550000004
2025-12-10 13:30:00,25716.83,25723.46,25677.55,25681.2,2898.0,74424117.60000001
2025-12-10 14:00:00,25681.03,25690.29,25648.55,25655.44,3432.0,88049470.08
2025-12-10 14:30:00,25655.08,25680.2,25575.85,25638.94,19678.0,504523061.32
2025-12-10 15:00:00,25638.67,25664.69,25613.48,25643.9,10222.0,262131945.8
2025-12-10 15:30:00,25643.55,25650.12,25560.62,25576.05,8551.0,218700803.54999998
2025-12-10 16:00:00,25576.66,25660.19,25535.35,25656.05,6992.0,179387101.6
2025-12-10 16:30:00,25655.6,25665.86,25618.55,25659.29,4559.0,116980703.11
2025-12-10 17:00:00,25658.85,25663.71,25625.34,25633.44,3674.0,94177258.56
2025-12-10 17:30:00,25633.45,25690.99,25626.86,25674.54,3643.0,93532349.22
2025-12-10 18:00:00,25674.91,25677.14,25605.84,25616.27,4114.0,105385334.78
2025-12-10 18:30:00,25615.89,25641.94,25604.8,25624.97,4648.0,119104860.56
2025-12-10 19:00:00,25625.76,25751.45,25616.76,25678.86,21197.0,544314795.42
2025-12-10 19:30:00,25678.57,25846.27,25623.36,25836.97,28518.0,736818710.46
2025-12-10 20:00:00,25837.59,25878.24,25800.73,25848.16,14955.0,386559232.8
2025-12-10 20:30:00,25848.45,25874.28,25802.82,25814.32,7679.0,198228163.28
2025-12-10 21:00:00,25813.86,25819.1,25770.76,25808.33,3753.0,96858662.49000001
2025-12-10 21:30:00,25808.14,25822.9,25798.64,25812.47,1673.0,43184262.31
2025-12-10 23:00:00,25792.47,25805.5,25731.55,25744.52,1943.0,50021602.36
2025-12-10 23:30:00,25744.13,25753.39,25742.06,25745.29,948.0,24406534.92
2025-12-11 00:00:00,25745.2,25748.52,25726.46,25744.18,1537.0,39568804.660000004
2025-12-11 00:30:00,25744.24,25744.24,25687.26,25699.63,1732.0,44511759.160000004
2025-12-11 01:00:00,25699.33,25699.33,25674.34,25687.17,1994.0,51220216.98
2025-12-11 01:30:00,25687.19,25697.42,25667.52,25675.54,1639.0,42082210.06
2025-12-11 02:00:00,25675.51,25676.68,25619.94,25624.47,2550.0,65342398.5
2025-12-11 02:30:00,25624.47,25626.31,25539.9,25565.14,4657.0,119056856.98
2025-12-11 03:00:00,25564.94,25566.06,25399.04,25487.29,9847.0,250973344.63
2025-12-11 03:30:00,25486.86,25512.37,25449.66,25501.3,4578.0,116744951.39999999
2025-12-11 04:00:00,25501.71,25547.8,25491.63,25523.22,3180.0,81163839.60000001
2025-12-11 04:30:00,25522.86,25539.26,25509.85,25523.54,2461.0,62813431.940000005
2025-12-11 05:00:00,25523.4,25527.15,25502.2,25503.79,2799.0,71385108.21000001
2025-12-11 05:30:00,25503.78,25535.97,25499.25,25528.87,2441.0,62315971.669999994
2025-12-11 06:00:00,25529.09,25538.02,25486.12,25487.65,2804.0,71467370.60000001
2025-12-11 06:30:00,25488.04,25529.05,25487.51,25524.07,2655.0,67766405.85
2025-12-11 07:00:00,25524.03,25536.9,25489.91,25535.49,2647.0,67592442.03
2025-12-11 07:30:00,25535.7,25557.16,25532.3,25554.38,2534.0,64754798.92
2025-12-11 08:00:00,25553.89,25556.92,25492.4,25501.24,5259.0,134111021.16000001
2025-12-11 08:30:00,25501.01,25558.39,25488.84,25551.62,4039.0,103202993.17999999
2025-12-11 09:00:00,25551.51,25608.57,25543.98,25599.56,3935.0,100734268.60000001
2025-12-11 09:30:00,25599.53,25637.8,25592.9,25619.06,2953.0,75653084.18
2025-12-11 10:00:00,25619.13,25631.6,25595.59,25620.3,3054.0,78244396.2
2025-12-11 10:30:00,25620.55,25622.95,25604.67,25612.66,2581.0,66106275.46
2025-12-11 11:00:00,25612.66,25627.8,25606.58,25621.8,2299.0,58904518.199999996
2025-12-11 11:30:00,25621.75,25644.99,25609.94,25638.41,2434.0,62403889.94
2025-12-11 12:00:00,25638.32,25695.65,25632.81,25693.73,3029.0,77826308.17
2025-12-11 12:30:00,25693.72,25717.3,25688.07,25709.34,2977.0,76536705.18
2025-12-11 13:00:00,25708.89,25715.62,25681.56,25689.12,2535.0,65121919.199999996
2025-12-11 13:30:00,25685.39,25697.15,25649.16,25660.39,3836.0,98433256.03999999
2025-12-11 14:00:00,25660.81,25697.07,25656.19,25660.64,3225.0,82755564.0
2025-12-11 14:30:00,25660.19,25666.29,25417.89,25430.2,32425.0,824574235.0
2025-12-11 15:00:00,25430.53,25645.54,25406.89,25615.64,18061.0,462644074.03999996
2025-12-11 15:30:00,25616.02,25626.51,25473.22,25546.65,16728.0,427344361.20000005
2025-12-11 16:00:00,25547.14,25577.98,25473.18,25484.37,12725.0,324288608.25
2025-12-11 16:30:00,25483.9,25605.54,25481.87,25517.39,10127.0,258414608.53
2025-12-11 17:00:00,25517.32,25653.83,25511.68,25621.35,7932.0,203228548.2
2025-12-11 17:30:00,25621.08,25663.84,25596.19,25609.75,5667.0,145130453.25
2025-12-11 18:00:00,25609.44,25661.3,25599.94,25640.31,6205.0,159098123.55
2025-12-11 18:30:00,25639.95,25703.3,25629.85,25654.57,5522.0,141664535.54
2025-12-11 19:00:00,25654.23,25718.15,25652.72,25715.07,4074.0,104763195.17999999
2025-12-11 19:30:00,25715.22,25739.8,25706.27,25706.77,3325.0,85475010.25
2025-12-11 20:00:00,25706.85,25725.08,25692.44,25696.16,3323.0,85388339.67999999
2025-12-11 20:30:00,25695.85,25736.77,25677.75,25731.58,4849.0,124772431.42
2025-12-11 21:00:00,25732.22,25849.06,25726.05,25835.48,5371.0,138762363.07999998
2025-12-11 21:30:00,25835.67,25877.09,25804.09,25851.98,2885.0,74582962.3
2025-12-11 23:00:00,25723.43,25751.03,25668.69,25683.28,2906.0,74635611.67999999
2025-12-11 23:30:00,25683.73,25711.5,25683.7,25691.23,1665.0,42775897.95
2025-12-12 00:00:00,25690.71,25695.14,25660.77,25689.42,3365.0,86444898.3
2025-12-12 00:30:00,25689.67,25704.14,25662.02,25666.08,2373.0,60905607.84
2025-12-12 01:00:00,25666.25,25697.61,25665.43,25697.61,2336.0,60029616.96
2025-12-12 01:30:00,25697.39,25699.03,25680.0,25697.35,1733.0,44533507.55
2025-12-12 02:00:00,25696.92,25722.02,25693.79,25708.42,1771.0,45529611.82
2025-12-12 02:30:00,25708.79,25718.72,25706.53,25714.15,1434.0,36874091.1
2025-12-12 03:00:00,25714.31,25716.7,25684.16,25687.8,1418.0,36425300.4
2025-12-12 03:30:00,25687.84,25702.24,25686.55,25689.0,1357.0,34859973.0
2025-12-12 04:00:00,25688.92,25692.79,25676.83,25679.35,1171.0,30070518.849999998
2025-12-12 04:30:00,25679.01,25687.67,25673.48,25678.3,1382.0,35487410.6
2025-12-12 05:00:00,25678.01,25694.96,25677.68,25693.06,1888.0,48508497.28
2025-12-12 05:30:00,25693.3,25717.95,25692.65,25711.42,1522.0,39132781.239999995
2025-12-12 06:00:00,25711.74,25724.57,25709.26,25720.71,1744.0,44856918.24
2025-12-12 06:30:00,25721.24,25723.1,25696.48,25700.38,1762.0,45284069.56
2025-12-12 07:00:00,25700.0,25700.0,25682.84,25686.51,1677.0,43076277.269999996
2025-12-12 07:30:00,25686.68,25696.38,25678.34,25686.52,1728.0,44386306.56
2025-12-12 08:00:00,25686.8,25702.81,25674.07,25695.42,2897.0,74439631.74
2025-12-12 08:30:00,25695.39,25706.64,25675.83,25686.82,2475.0,63574879.5
2025-12-12 09:00:00,25686.59,25691.6,25615.15,25615.24,3709.0,95006925.16000001
2025-12-12 09:30:00,25615.67,25623.94,25589.41,25616.64,4083.0,104592741.12
2025-12-12 10:00:00,25616.85,25651.48,25609.78,25614.87,3039.0,77843589.92999999
2025-12-12 10:30:00,25614.67,25622.83,25595.18,25613.22,2685.0,68771495.7
2025-12-12 11:00:00,25613.46,25617.72,25593.95,25600.07,2564.0,65638579.48
2025-12-12 11:30:00,25600.0,25611.39,25562.83,25582.54,3418.0,87441121.72
2025-12-12 12:00:00,25582.63,25612.37,25568.1,25604.14,2535.0,64906494.9
2025-12-12 12:30:00,25604.17,25625.32,25581.2,25597.82,3135.0,80249165.7
2025-12-12 13:00:00,25597.53,25629.53,25589.34,25617.85,2584.0,66196524.4
2025-12-12 13:30:00,25618.25,25655.92,25607.51,25655.42,2698.0,69218323.16
2025-12-12 14:00:00,25655.24,25662.2,25587.2,25589.54,3997.0,102281391.38000001
2025-12-12 14:30:00,25590.09,25648.84,25528.97,25589.01,20603.0,527210373.03
2025-12-12 15:00:00,25588.69,25588.93,25349.61,25354.65,20534.0,520632383.1
2025-12-12 15:30:00,25354.19,25429.62,25243.0,25271.7,23816.0,601870807.2
2025-12-12 16:00:00,25271.26,25309.17,25163.22,25251.85,36429.0,919899643.65
2025-12-12 16:30:00,25252.31,25253.34,25146.55,25202.78,20864.0,525830801.91999996
2025-12-12 17:00:00,25202.48,25324.1,25189.75,25247.53,11851.0,299208478.03
2025-12-12 17:30:00,25247.21,25334.35,25219.05,25303.63,9582.0,242459382.66
2025-12-12 18:00:00,25303.85,25397.27,25290.94,25366.55,11426.0,289838200.3
2025-12-12 18:30:00,25366.85,25372.06,25302.05,25305.85,7542.0,190856720.7
2025-12-12 19:00:00,25305.85,25313.59,25243.48,25254.85,8232.0,207897925.2
2025-12-12 19:30:00,25254.86,25293.59,25253.51,25271.81,6715.0,169700204.15
2025-12-12 20:00:00,25271.36,25289.77,25231.86,25235.85,6329.0,159717694.64999998
2025-12-12 20:30:00,25236.35,25249.6,25172.43,25235.83,10222.0,257960654.26000002
2025-12-12 21:00:00,25236.1,25251.28,25224.48,25229.05,2367.0,59717161.35
2025-12-12 21:30:00,25228.6,25236.49,25224.56,25229.46,663.0,16727131.979999999
2025-12-14 23:00:00,25251.35,25270.88,25159.0,25198.02,5303.0,133625100.06
2025-12-14 23:30:00,25198.14,25229.39,25195.93,25223.41,2873.0,72466856.92999999
2025-12-15 00:00:00,25223.1,25243.04,25217.15,25236.13,3480.0,87821732.4
2025-12-15 00:30:00,25236.16,25271.69,25236.16,25264.41,2317.0,58537637.97
2025-12-15 01:00:00,25264.13,25270.51,25250.23,25267.75,3165.0,79972428.75
2025-12-15 01:30:00,25267.56,25296.02,25266.86,25293.75,2928.0,74060100.0
2025-12-15 02:00:00,25293.37,25307.44,25290.47,25303.86,2235.0,56554127.1
2025-12-15 02:30:00,25303.86,25315.39,25285.01,25292.69,2164.0,54733381.16
2025-12-15 03:00:00,25293.02,25304.34,25277.14,25280.55,1986.0,50207172.3
2025-12-15 03:30:00,25280.12,25290.45,25277.37,25286.53,1830.0,46274349.9
2025-12-15 04:00:00,25286.58,25291.64,25264.36,25283.49,1874.0,47381260.260000005
2025-12-15 04:30:00,25283.71,25306.99,25278.25,25300.78,1712.0,43314935.36
2025-12-15 05:00:00,25300.27,25304.09,25284.45,25297.51,1831.0,46319740.809999995
2025-12-15 05:30:00,25297.22,25312.76,25293.38,25307.5,1828.0,46262110.0
2025-12-15 06:00:00,25307.1,25307.1,25279.38,25293.62,2035.0,51472516.699999996
2025-12-15 06:30:00,25293.31,25310.17,25283.03,25303.13,1927.0,48759131.510000005
2025-12-15 07:00:00,25303.27,25313.05,25271.25,25277.38,2100.0,53082498.0
2025-12-15 07:30:00,25276.99,25287.1,25265.75,25280.38,2483.0,62771183.54
2025-12-15 08:00:00,25279.98,25290.39,25258.51,25278.51,4131.0,104425524.80999999
2025-12-15 08:30:00,25278.69,25320.47,25275.38,25314.13,3020.0,76448672.60000001
2025-12-15 09:00:00,25313.89,25351.1,25303.22,25345.57,3176.0,80497530.32
2025-12-15 09:30:00,25345.11,25364.65,25343.68,25355.99,2426.0,61513631.74
2025-12-15 10:00:00,25355.57,25372.86,25347.7,25367.37,2149.0,54514478.129999995
2025-12-15 10:30:00,25367.55,25372.59,25354.05,25366.88,1848.0,46877994.24
2025-12-15 11:00:00,25367.3,25382.14,25358.47,25374.87,1601.0,40625166.87
2025-12-15 11:30:00,25374.95,25388.32,25374.95,25387.06,1576.0,40010006.56
2025-12-15 12:00:00,25386.53,25386.67,25356.41,25363.88,2353.0,59681209.64
2025-12-15 12:30:00,25364.21,25392.71,25362.84,25383.53,2104.0,53406947.12
2025-12-15 13:00:00,25383.28,25387.89,25367.09,25380.6,1952.0,49542931.199999996
2025-12-15 13:30:00,25380.66,25416.03,25378.81,25414.45,2163.0,54971455.35
2025-12-15 14:00:00,25414.22,25441.13,25406.6,25441.13,2895.0,73652071.35000001
2025-12-15 14:30:00,25441.62,25443.62,25244.56,25255.57,29131.0,735720009.67
2025-12-15 15:00:00,25255.04,25266.87,25064.5,25098.45,24346.0,611046863.7
2025-12-15 15:30:00,25097.9,25223.39,25085.09,25179.75,19663.0,495109424.25
2025-12-15 16:00:00,25180.06,25292.39,25148.52,25280.84,14357.0,362957019.88
2025-12-15 16:30:00,25281.11,25286.84,25146.8,25190.6,13764.0,346723418.4
2025-12-15 17:00:00,25191.08,25205.38,25155.07,25177.22,10221.0,257336365.62
2025-12-15 17:30:00,25177.39,25215.88,25108.75,25157.1,9674.0,243369785.39999998
2025-12-15 18:00:00,25156.63,25190.24,25112.12,25126.2,7867.0,197667815.4
2025-12-15 18:30:00,25125.88,25197.37,25107.82,25180.78,7191.0,181074988.98
2025-12-15 19:00:00,25180.18,25210.95,25152.29,25165.28,6401.0,161082957.28
2025-12-15 19:30:00,25165.49,25183.62,25136.39,25179.84,6084.0,153194146.56
2025-12-15 20:00:00,25179.84,25186.0,25135.61,25148.24,5529.0,139044618.96
2025-12-15 20:30:00,25148.71,25155.37,25110.84,25113.11,7210.0,181065523.1
2025-12-15 21:00:00,25112.84,25136.71,25106.42,25113.46,2709.0,68032363.14
2025-12-15 21:30:00,25113.1,25128.98,25112.7,25126.78,1194.0,30001375.32
2025-12-15 23:00:00,25138.84,25152.53,25115.55,25122.26,1766.0,44365911.16
2025-12-15 23:30:00,25122.29,25124.75,25065.74,25088.04,2742.0,68791405.68
2025-12-16 00:00:00,25087.71,25097.87,25022.2,25065.02,5154.0,129185113.08
2025-12-16 00:30:00,25065.3,25075.5,25026.72,25033.77,3525.0,88244039.25
2025-12-16 01:00:00,25033.58,25043.98,25012.45,25024.22,4366.0,109255744.52000001
2025-12-16 01:30:00,25023.97,25031.93,24893.84,24933.08,10562.0,263343190.96
2025-12-16 02:00:00,24933.44,24967.09,24907.25,24957.96,5251.0,131054247.96
2025-12-16 02:30:00,24957.61,24961.02,24919.46,24931.51,4208.0,104911794.08
2025-12-16 03:00:00,24931.82,24947.07,24900.09,24912.61,3333.0,83033729.13
2025-12-16 03:30:00,24912.93,24950.3,24884.89,24942.11,3519.0,87771285.09
2025-12-16 04:00:00,24942.09,24945.2,24903.76,24933.2,3099.0,77267986.8
2025-12-16 04:30:00,24933.1,24956.92,24930.4,24945.23,2732.0,68150368.36
2025-12-16 05:00:00,24944.85,24947.08,24919.56,24923.54,3239.0,80727346.06
2025-12-16 05:30:00,24923.15,24923.33,24886.8,24894.45,3023.0,75255922.35000001
2025-12-16 06:00:00,24894.89,24917.1,24886.11,24904.06,3121.0,77725571.26
2025-12-16 06:30:00,24903.74,24915.14,24890.6,24914.68,2418.0,60243696.24
2025-12-16 07:00:00,24915.02,24927.68,24905.56,24917.5,2660.0,66280550.0
2025-12-16 07:30:00,24917.35,24918.17,24855.48,24908.06,4048.0,100827826.88000001
2025-12-16 08:00:00,24908.67,24969.24,24907.0,24965.72,4885.0,121957542.2
2025-12-16 08:30:00,24965.08,24993.21,24949.65,24985.25,3924.0,98042121.0
2025-12-16 09:00:00,24985.72,25012.95,24970.03,24994.45,3255.0,81356934.75
2025-12-16 09:30:00,24995.13,25008.83,24947.71,24964.41,3853.0,96187871.73
2025-12-16 10:00:00,24964.25,25018.3,24949.65,25015.93,3356.0,83953461.08
2025-12-16 10:30:00,25016.26,25055.04,25002.57,25027.15,2995.0,74956314.25
2025-12-16 11:00:00,25027.35,25037.57,25018.59,25030.54,2803.0,70160603.62
2025-12-16 11:30:00,25030.83,25074.74,25019.52,25074.34,2927.0,73392593.18
2025-12-16 12:00:00,25074.92,25101.38,25061.79,25091.07,3204.0,80391788.28
2025-12-16 12:30:00,25091.47,25105.16,25077.02,25079.97,3035.0,76117708.95
2025-12-16 13:00:00,25079.38,25097.68,25045.27,25071.96,4320.0,108310867.2
2025-12-16 13:30:00,25072.61,25163.95,25022.84,25033.52,11228.0,281076362.56
2025-12-16 14:00:00,25033.94,25072.05,25007.07,25013.35,6881.0,172116861.35
2025-12-16 14:30:00,25013.88,25181.68,24988.61,25174.92,47733.0,1201674456.36
2025-12-16 15:00:00,25175.28,25190.97,24961.89,25024.66,31649.0,792005464.34
2025-12-16 15:30:00,25024.25,25122.6,24977.53,25105.22,23823.0,598081656.0600001
2025-12-16 16:00:00,25104.85,25126.45,24996.58,25016.18,17435.0,436157098.3
2025-12-16 16:30:00,25015.85,25123.47,24998.22,25118.56,13536.0,340004828.16
2025-12-16 17:00:00,25119.01,25138.43,25041.54,25055.89,11556.0,289545864.84
2025-12-16 17:30:00,25056.19,25103.08,24976.58,24984.29,10955.0,273702896.95
2025-12-16 18:00:00,24984.31,25017.49,24956.61,24987.27,11735.0,293225613.45
2025-12-16 18:30:00,24987.34,25133.76,24985.69,25099.43,10340.0,259528106.20000002
2025-12-16 19:00:00,25099.09,25100.45,25009.42,25065.34,11123.0,278801776.82
2025-12-16 19:30:00,25065.89,25132.95,25057.8,25102.77,8650.0,217138960.5
2025-12-16 20:00:00,25103.14,25159.82,25095.19,25158.15,6496.0,163427342.4
2025-12-16 20:30:00,25157.89,25227.96,25156.06,25158.15,9959.0,250550015.85000002
2025-12-16 21:00:00,25157.71,25159.95,25093.97,25109.75,4764.0,119622849.0
2025-12-16 21:30:00,25110.24,25126.82,25102.81,25107.62,1713.0,43009353.059999995
2025-12-16 23:00:00,25135.59,25141.53,25081.18,25120.7,1943.0,48809520.1
2025-12-16 23:30:00,25121.01,25146.43,25097.42,25102.98,1970.0,49452870.6
2025-12-17 00:00:00,25102.59,25102.71,25054.02,25083.34,5012.0,125717700.08
2025-12-17 00:30:00,25083.5,25114.26,25067.65,25090.74,4182.0,104929474.68
2025-12-17 01:00:00,25090.91,25139.4,25090.91,25118.61,4723.0,118635195.03
2025-12-17 01:30:00,25117.9,25145.04,25097.52,25143.59,4053.0,101906970.27
2025-12-17 02:00:00,25143.22,25145.38,25114.33,25145.17,3797.0,95476210.49
2025-12-17 02:30:00,25144.7,25160.47,25133.78,25148.87,2910.0,73183211.7
2025-12-17 03:00:00,25148.77,25165.85,25143.96,25158.54,2327.0,58543922.580000006
2025-12-17 03:30:00,25158.12,25162.11,25127.7,25136.59,2582.0,64902675.38
2025-12-17 04:00:00,25136.99,25151.84,25114.11,25121.48,2241.0,56297236.68
2025-12-17 04:30:00,25121.82,25125.65,25097.41,25100.3,2487.0,62424446.1
2025-12-17 05:00:00,25100.72,25115.37,25077.93,25093.88,3075.0,77163681.0
2025-12-17 05:30:00,25094.09,25143.09,25093.52,25138.59,2421.0,60860526.39
2025-12-17 06:00:00,25138.18,25198.89,25137.8,25188.28,3120.0,78587433.6
2025-12-17 06:30:00,25188.21,25203.07,25177.76,25179.62,2196.0,55294445.519999996
2025-12-17 07:00:00,25179.56,25218.08,25167.9,25191.19,3331.0,83911853.89
2025-12-17 07:30:00,25191.22,25214.86,25183.2,25198.78,2545.0,64130895.099999994
2025-12-17 08:00:00,25198.43,25206.08,25174.45,25197.76,4635.0,116791617.6
2025-12-17 08:30:00,25197.75,25221.85,25184.11,25201.73,3619.0,91205060.87
2025-12-17 09:00:00,25201.03,25230.76,25188.73,25218.97,3761.0,94848546.17
2025-12-17 09:30:00,25218.58,25255.72,25213.76,25250.02,3001.0,75775310.02
2025-12-17 10:00:00,25249.69,25268.35,25241.27,25255.77,2527.0,63821330.79
2025-12-17 10:30:00,25256.17,25276.96,25247.69,25268.8,2817.0,71182209.6
2025-12-17 11:00:00,25268.98,25284.64,25253.49,25262.36,2488.0,62852751.68
2025-12-17 11:30:00,25262.12,25282.95,25260.9,25279.99,2424.0,61278695.760000005
2025-12-17 12:00:00,25279.7,25284.25,25259.91,25263.45,2536.0,64068109.2
2025-12-17 12:30:00,25263.28,25293.97,25262.04,25272.94,2087.0,52744625.779999994
2025-12-17 13:00:00,25272.68,25282.51,25182.89,25230.73,7097.0,179062490.81
2025-12-17 13:30:00,25230.5,25278.34,25208.25,25250.73,4499.0,113603034.27
2025-12-17 14:00:00,25251.14,25267.41,25202.97,25207.67,4639.0,116938381.13
2025-12-17 14:30:00,25207.21,25233.05,25031.28,25119.28,40434.0,1015672967.52
2025-12-17 15:00:00,25118.88,25130.35,25062.96,25103.2,23809.0,597682088.8000001
2025-12-17 15:30:00,25102.57,25115.86,24818.93,24844.26,27706.0,688335067.56
2025-12-17 16:00:00,24843.85,24906.67,24794.5,24853.98,24137.0,599900515.26
2025-12-17 16:30:00,24854.35,24854.35,24773.99,24821.47,17999.0,446761638.53000003
2025-12-17 17:00:00,24821.94,24864.8,24769.74,24826.93,13738.0,341072364.34000003
2025-12-17 17:30:00,24827.12,24868.47,24768.69,24806.11,12458.0,309034518.38
2025-12-17 18:00:00,24806.53,24861.24,24776.93,24794.47,10479.0,259821251.13000003
2025-12-17 18:30:00,24794.73,24801.22,24719.6,24743.42,10905.0,269826995.09999996
2025-12-17 19:00:00,24743.02,24754.55,24719.53,24724.51,9851.0,243561148.01
2025-12-17 19:30:00,24723.99,24769.05,24706.33,24759.08,8345.0,206614522.60000002
2025-12-17 20:00:00,24758.73,24766.98,24724.5,24739.11,6898.0,170650380.78
2025-12-17 20:30:00,24739.39,24756.26,24672.44,24674.9,10205.0,251807354.5
2025-12-17 21:00:00,24675.24,24778.17,24675.24,24737.76,4662.0,115327437.11999999
2025-12-17 21:30:00,24737.66,24756.21,24723.49,24735.02,2505.0,61961225.1
2025-12-17 23:00:00,24771.5,24782.94,24718.28,24740.57,2705.0,66923241.85
2025-12-17 23:30:00,24740.16,24762.38,24710.35,24717.22,2639.0,65228743.580000006
2025-12-18 00:00:00,24717.84,24768.1,24686.86,24741.13,6634.0,164132656.42000002
2025-12-18 00:30:00,24740.6,24782.53,24728.4,24772.31,4004.0,99188329.24000001
2025-12-18 01:00:00,24772.48,24778.44,24744.54,24766.14,4370.0,108228031.8
2025-12-18 01:30:00,24766.55,24781.08,24735.76,24746.92,4206.0,104085545.52
2025-12-18 02:00:00,24746.78,24796.78,24741.62,24757.48,4953.0,122623798.44
2025-12-18 02:30:00,24757.12,24779.31,24744.34,24753.97,2776.0,68717020.72
2025-12-18 03:00:00,24754.14,24757.1,24687.78,24698.59,3555.0,87803487.45
2025-12-18 03:30:00,24698.93,24736.3,24693.8,24725.75,2964.0,73287123.0
2025-12-18 04:00:00,24725.89,24752.75,24724.03,24749.58,2550.0,63111429.00000001
2025-12-18 04:30:00,24749.48,24775.85,24746.65,24772.97,2200.0,54500534.0
2025-12-18 05:00:00,24773.01,24779.21,24750.72,24757.2,2509.0,62115814.800000004
2025-12-18 05:30:00,24757.61,24777.77,24754.88,24770.44,2487.0,61604084.279999994
2025-12-18 06:00:00,24770.2,24775.93,24756.46,24767.75,2387.0,59120619.25
2025-12-18 06:30:00,24767.29,24775.19,24739.1,24768.51,2599.0,64373357.489999995
2025-12-18 07:00:00,24768.51,24824.17,24767.09,24819.48,3562.0,88406987.76
2025-12-18 07:30:00,24819.51,24825.03,24808.38,24816.08,2326.0,57722202.080000006
2025-12-18 08:00:00,24815.71,24831.18,24793.71,24804.02,4449.0,110353084.98
2025-12-18 08:30:00,24804.1,24857.88,24801.84,24840.1,3844.0,95485344.39999999
2025-12-18 09:00:00,24839.5,24850.17,24815.98,24833.02,3810.0,94613806.2
2025-12-18 09:30:00,24832.99,24882.17,24832.99,24881.01,2697.0,67104083.97
2025-12-18 10:00:00,24881.21,24883.11,24850.6,24868.98,2188.0,54413328.24
2025-12-18 10:30:00,24869.42,24884.06,24855.06,24864.22,2318.0,57635261.96
2025-12-18 11:00:00,24864.37,24886.74,24859.11,24872.22,2171.0,53997589.620000005
2025-12-18 11:30:00,24871.91,24888.55,24866.24,24885.28,2080.0,51761382.4
2025-12-18 12:00:00,24885.5,24898.99,24874.85,24880.69,2671.0,66456322.989999995
2025-12-18 12:30:00,24880.47,24893.49,24870.59,24880.19,2746.0,68321001.74
2025-12-18 13:00:00,24879.77,24904.25,24850.04,24895.57,3096.0,77076684.72
2025-12-18 13:30:00,24896.27,25048.5,24896.27,25007.91,11135.0,278463077.85
2025-12-18 14:00:00,25007.26,25068.33,25005.24,25063.5,4955.0,124189642.5
2025-12-18 14:30:00,25063.86,25113.27,24946.42,25062.19,32450.0,813268065.5
2025-12-18 15:00:00,25061.64,25121.73,24959.09,25107.14,20139.0,505632692.46
2025-12-18 15:30:00,25107.21,25189.0,25092.34,25147.36,11909.0,299479910.24
2025-12-18 16:00:00,25146.8,25193.01,25125.11,25137.15,9219.0,231739385.85000002
2025-12-18 16:30:00,25136.49,25194.8,25134.87,25170.34,7071.0,177979474.14000002
2025-12-18 17:00:00,25170.01,25170.01,24975.73,25019.5,17988.0,450050766.0
2025-12-18 17:30:00,25019.94,25144.99,25003.31,25138.43,12370.0,310962379.1
2025-12-18 18:00:00,25138.69,25159.7,25101.08,25146.02,7832.0,196943628.64000002
2025-12-18 18:30:00,25146.42,25185.71,25120.8,25127.56,7002.0,175943175.12
2025-12-18 19:00:00,25127.29,25128.21,25044.04,25066.7,10787.0,270394492.90000004
2025-12-18 19:30:00,25066.27,25071.43,24982.32,24997.58,9700.0,242476526.00000003
2025-12-18 20:00:00,24997.04,25099.92,24981.03,25091.93,9145.0,229465699.85
2025-12-18 20:30:00,25092.2,25126.76,25036.29,25036.29,8920.0,223323706.8
2025-12-18 21:00:00,25035.78,25041.68,24989.96,25003.28,3598.0,89961801.44
2025-12-18 21:30:00,25003.47,25008.27,24982.59,25006.86,1409.0,35234665.74
2025-12-18 23:00:00,25019.74,25039.59,24995.79,25011.73,2430.0,60778503.9
2025-12-18 23:30:00,25012.26,25043.42,25006.91,25043.13,2258.0,56547387.54
2025-12-19 00:00:00,25042.96,25052.87,25010.35,25023.23,3755.0,93962228.64999999
2025-12-19 00:30:00,25023.69,25038.6,25007.5,25030.61,2606.0,65229769.660000004
2025-12-19 01:00:00,25030.29,25031.21,25000.07,25019.52,3006.0,75208677.12
2025-12-19 01:30:00,25019.26,25063.82,24998.52,25053.5,3540.0,88689390.0
2025-12-19 02:00:00,25053.01,25066.48,25037.49,25060.25,2549.0,63878577.25
2025-12-19 02:30:00,25060.68,25074.46,25037.98,25039.98,2546.0,63751789.08
2025-12-19 03:00:00,25039.91,25100.79,25024.5,25077.64,3767.0,94467469.88
2025-12-19 03:30:00,25077.88,25109.23,25068.57,25094.66,3468.0,87028280.88
2025-12-19 04:00:00,25094.98,25105.41,25078.4,25086.98,2397.0,60133491.06
2025-12-19 04:30:00,25086.78,25100.38,25074.77,25093.5,1980.0,49685130.0
2025-12-19 05:00:00,25093.34,25096.75,25071.7,25085.67,2080.0,52178193.599999994
2025-12-19 05:30:00,25086.02,25099.87,25075.41,25078.48,2049.0,51385805.519999996
2025-12-19 06:00:00,25078.73,25092.42,25068.03,25073.92,2045.0,51276166.4
2025-12-19 06:30:00,25073.58,25084.71,25053.49,25084.71,2466.0,61858894.86
2025-12-19 07:00:00,25084.88,25157.76,25084.88,25136.24,3064.0,77017439.36
2025-12-19 07:30:00,25136.16,25137.42,25108.2,25133.7,2537.0,63764196.9
2025-12-19 08:00:00,25133.37,25166.06,25126.47,25132.28,4588.0,115306900.64
2025-12-19 08:30:00,25132.11,25173.22,25131.16,25156.36,3088.0,77682839.68
2025-12-19 09:00:00,25156.3,25176.9,25141.92,25174.49,3450.0,86851990.5
2025-12-19 09:30:00,25174.72,25178.59,25156.75,25169.77,2359.0,59375487.43
2025-12-19 10:00:00,25169.49,25170.26,25139.76,25160.66,2587.0,65090627.42
2025-12-19 10:30:00,25160.65,25169.47,25141.78,25147.25,2434.0,61208406.5
2025-12-19 11:00:00,25147.05,25148.88,25102.52,25142.49,3377.0,84906188.73
2025-12-19 11:30:00,25142.73,25150.74,25118.42,25127.22,2459.0,61787833.980000004
2025-12-19 12:00:00,25127.59,25143.18,25100.02,25118.09,3644.0,91530319.96
2025-12-19 12:30:00,25118.44,25126.98,25066.36,25067.37,3230.0,80967605.1
2025-12-19 13:00:00,25067.44,25103.69,25060.96,25099.48,3054.0,76653811.92
2025-12-19 13:30:00,25099.31,25125.47,25079.09,25109.1,3828.0,96117634.8
2025-12-19 14:00:00,25109.36,25168.47,25085.04,25154.79,5554.0,139709703.66
2025-12-19 14:30:00,25154.25,25354.59,25143.54,25341.17,24436.0,619236830.12
2025-12-19 15:00:00,25340.44,25381.32,25250.28,25296.1,15058.0,380908673.79999995
2025-12-19 15:30:00,25295.77,25341.0,25258.33,25273.83,10982.0,277557201.06
2025-12-19 16:00:00,25273.44,25349.12,25249.75,25328.56,7402.0,187482001.12
2025-12-19 16:30:00,25328.93,25350.71,25283.19,25293.6,6093.0,154113904.79999998
2025-12-19 17:00:00,25293.85,25364.72,25290.52,25360.06,4721.0,119724843.26
2025-12-19 17:30:00,25360.24,25381.64,25344.75,25362.47,3969.0,100663643.43
2025-12-19 18:00:00,25362.29,25374.21,25348.83,25355.41,3311.0,83951762.51
2025-12-19 18:30:00,25355.72,25360.17,25325.71,25333.22,3326.0,84258289.72
2025-12-19 19:00:00,25332.84,25369.22,25332.09,25364.06,3037.0,77030650.22
2025-12-19 19:30:00,25363.81,25376.41,25355.81,25356.47,2479.0,62858689.13
2025-12-19 20:00:00,25356.06,25375.1,25354.81,25369.97,3167.0,80346694.99000001
2025-12-19 20:30:00,25369.6,25379.29,25336.95,25369.49,6710.0,170229277.9
2025-12-19 21:00:00,25369.19,25383.6,25355.77,25375.47,2490.0,63184920.300000004
2025-12-19 21:30:00,25375.43,25385.18,25371.48,25380.35,1069.0,27131594.15
2025-12-21 23:00:00,25437.61,25460.26,25426.04,25441.72,2898.0,73730104.56
2025-12-21 23:30:00,25441.49,25468.52,25439.41,25463.02,1659.0,42243150.18
2025-12-22 00:00:00,25463.32,25475.74,25439.8,25445.75,2503.0,63690712.25
2025-12-22 00:30:00,25445.44,25459.62,25445.29,25448.99,1816.0,46215365.84
2025-12-22 01:00:00,25449.19,25487.1,25447.97,25483.76,2157.0,54968470.31999999
2025-12-22 01:30:00,25483.7,25490.58,25479.79,25482.73,1468.0,37408647.64
2025-12-22 02:00:00,25482.68,25488.45,25474.99,25485.77,1376.0,35068419.52
2025-12-22 02:30:00,25485.73,25491.7,25479.94,25490.11,1074.0,27376378.14
2025-12-22 03:00:00,25489.87,25492.84,25471.17,25473.09,1059.0,26976002.31
2025-12-22 03:30:00,25473.02,25476.89,25468.03,25472.9,1169.0,29777820.1
2025-12-22 04:00:00,25472.81,25480.73,25466.16,25474.5,1020.0,25983990.0
2025-12-22 04:30:00,25474.51,25484.31,25472.22,25474.93,889.0,22647212.77
2025-12-22 05:00:00,25474.82,25476.24,25457.54,25459.29,1222.0,31111252.380000003
2025-12-22 05:30:00,25458.75,25473.52,25456.58,25468.1,902.0,22972226.2
2025-12-22 06:00:00,25467.94,25481.6,25467.94,25475.68,985.0,25093544.8
2025-12-22 06:30:00,25475.32,25492.4,25473.01,25483.77,998.0,25432802.46
2025-12-22 07:00:00,25483.82,25504.55,25483.07,25493.39,1344.0,34263116.16
2025-12-22 07:30:00,25493.05,25501.6,25487.78,25496.18,1022.0,26057095.96
2025-12-22 08:00:00,25496.6,25510.48,25489.7,25500.49,1941.0,49496451.09
2025-12-22 08:30:00,25500.46,25503.71,25475.32,25482.51,1873.0,47728741.23
2025-12-22 09:00:00,25482.07,25509.85,25477.59,25505.06,1862.0,47490421.72
2025-12-22 09:30:00,25505.16,25519.04,25502.33,25506.2,1505.0,38386831.0
2025-12-22 10:00:00,25506.37,25514.35,25500.89,25507.8,1281.0,32675491.8
2025-12-22 10:30:00,25507.76,25509.7,25500.66,25501.4,1027.0,26189937.8
2025-12-22 11:00:00,25501.39,25513.1,25498.34,25510.64,1153.0,29413767.919999998
2025-12-22 11:30:00,25510.45,25512.32,25492.96,25493.65,1323.0,33728098.95
2025-12-22 12:00:00,25494.21,25524.27,25491.51,25521.58,1682.0,42927297.56
2025-12-22 12:30:00,25521.88,25532.35,25513.96,25530.27,1591.0,40618659.57
2025-12-22 13:00:00,25530.85,25550.6,25526.73,25543.08,1364.0,34840761.120000005
2025-12-22 13:30:00,25543.03,25548.01,25525.52,25546.85,1564.0,39955273.4
2025-12-22 14:00:00,25547.06,25579.03,25543.95,25575.07,1983.0,50715363.81
2025-12-22 14:30:00,25574.72,25588.1,25469.51,25541.59,21455.0,547994813.45
2025-12-22 15:00:00,25541.23,25548.28,25472.69,25484.6,10174.0,259280320.39999998
2025-12-22 15:30:00,25484.81,25493.06,25427.2,25469.82,7936.0,202128491.52
2025-12-22 16:00:00,25470.19,25515.94,25468.19,25506.96,4297.0,109603407.11999999
2025-12-22 16:30:00,25507.04,25509.45,25484.87,25509.45,3482.0,88823904.9
2025-12-22 17:00:00,25509.95,25513.47,25489.83,25493.21,2753.0,70182807.13
2025-12-22 17:30:00,25492.98,25520.28,25480.94,25515.05,2591.0,66109494.55
2025-12-22 18:00:00,25514.81,25515.6,25467.91,25482.97,2744.0,69925269.68
2025-12-22 18:30:00,25482.56,25493.72,25472.35,25484.16,2374.0,60499395.839999996
2025-12-22 19:00:00,25484.47,25494.47,25471.06,25493.18,2443.0,62279838.74
2025-12-22 19:30:00,25493.23,25505.47,25481.73,25483.07,2208.0,56266618.56
2025-12-22 20:00:00,25483.22,25485.04,25468.56,25477.06,2104.0,53603734.24
2025-12-22 20:30:00,25476.81,25496.99,25475.29,25482.56,2929.0,74638418.24000001
2025-12-22 21:00:00,25482.96,25500.17,25482.96,25489.18,1047.0,26687171.46
2025-12-22 21:30:00,25489.04,25494.41,25486.63,25494.18,607.0,15474967.26
2025-12-22 23:00:00,25500.45,25511.71,25496.04,25509.14,1355.0,34564884.699999996
2025-12-22 23:30:00,25509.58,25517.29,25503.87,25508.74,1156.0,29488103.44
2025-12-23 00:00:00,25508.88,25514.71,25503.96,25511.11,1389.0,35434931.79
2025-12-23 00:30:00,25511.01,25518.71,25506.38,25517.54,1164.0,29702416.560000002
2025-12-23 01:00:00,25517.51,25524.86,25504.6,25506.54,1498.0,38208796.92
2025-12-23 01:30:00,25506.31,25516.26,25491.89,25506.03,1694.0,43207214.82
2025-12-23 02:00:00,25505.9,25532.5,25504.79,25519.07,1397.0,35650140.79
2025-12-23 02:30:00,25518.71,25525.69,25506.9,25517.74,1414.0,36082084.36
2025-12-23 03:00:00,25518.13,25525.77,25510.02,25513.15,1288.0,32860937.200000003
2025-12-23 03:30:00,25513.27,25516.51,25503.21,25506.92,1010.0,25761989.2
2025-12-23 04:00:00,25506.69,25507.97,25495.27,25497.99,1067.0,27206355.330000002
2025-12-23 04:30:00,25497.9,25501.71,25478.31,25483.51,1307.0,33306947.569999997
2025-12-23 05:00:00,25483.5,25493.04,25475.16,25490.72,1222.0,31149659.84
2025-12-23 05:30:00,25490.77,25491.5,25472.81,25473.11,1129.0,28759141.19
2025-12-23 06:00:00,25472.66,25475.85,25451.37,25453.38,1361.0,34642050.18
2025-12-23 06:30:00,25453.17,25465.29,25449.19,25462.66,1250.0,31828325.0
2025-12-23 07:00:00,25463.24,25470.78,25453.8,25468.53,1348.0,34331578.44
2025-12-23 07:30:00,25468.79,25474.26,25458.33,25465.83,1230.0,31322970.900000002
2025-12-23 08:00:00,25466.24,25503.3,25461.58,25492.4,1801.0,45911812.400000006
2025-12-23 08:30:00,25492.15,25499.3,25480.84,25485.73,1662.0,42357283.26
2025-12-23 09:00:00,25485.37,25513.73,25484.39,25511.88,1629.0,41558852.52
2025-12-23 09:30:00,25511.92,25523.77,25511.33,25513.81,1237.0,31560582.970000003
2025-12-23 10:00:00,25514.19,25519.76,25494.39,25501.52,1157.0,29505258.64
2025-12-23 10:30:00,25501.39,25505.89,25494.88,25502.03,1403.0,35779348.089999996
2025-12-23 11:00:00,25501.82,25504.87,25482.0,25492.52,1337.0,34083499.24
2025-12-23 11:30:00,25492.5,25499.78,25485.69,25489.17,1241.0,31632059.97
2025-12-23 12:00:00,25489.19,25496.52,25459.99,25461.19,1907.0,48554489.33
2025-12-23 12:30:00,25461.22,25480.73,25456.76,25480.14,1640.0,41787429.6
2025-12-23 13:00:00,25480.3,25481.7,25456.62,25467.3,1705.0,43421746.5
2025-12-23 13:30:00,25467.6,25473.26,25404.98,25414.78,4258.0,108216133.24
2025-12-23 14:00:00,25414.8,25441.74,25403.18,25439.68,3501.0,89064319.68
2025-12-23 14:30:00,25438.79,25545.01,25433.89,25485.72,14854.0,378564884.88
2025-12-23 15:00:00,25486.21,25487.84,25422.38,25467.88,9941.0,253176195.08
2025-12-23 15:30:00,25467.43,25533.71,25466.38,25524.49,4536.0,115779086.64
2025-12-23 16:00:00,25524.67,25547.02,25519.71,25536.43,3371.0,86083305.53
2025-12-23 16:30:00,25536.76,25571.08,25524.92,25567.67,2773.0,70899148.91
2025-12-23 17:00:00,25567.49,25571.51,25555.96,25560.55,2099.0,53651594.449999996
2025-12-23 17:30:00,25560.43,25566.66,25546.51,25550.62,2066.0,52787580.919999994
2025-12-23 18:00:00,25550.9,25576.49,25548.27,25567.18,1941.0,49625896.38
2025-12-23 18:30:00,25567.26,25575.75,25565.01,25570.01,1547.0,39556805.47
2025-12-23 19:00:00,25570.17,25587.66,25569.02,25583.01,1594.0,40779317.94
2025-12-23 19:30:00,25582.77,25596.36,25578.83,25593.29,1415.0,36214505.35
2025-12-23 20:00:00,25593.49,25601.91,25590.93,25594.17,1476.0,37776994.919999994
2025-12-23 20:30:00,25594.23,25616.38,25589.8,25606.27,2610.0,66832364.7
2025-12-23 21:00:00,25606.8,25620.05,25603.17,25613.55,1476.0,37805599.8
2025-12-23 21:30:00,25613.39,25616.05,25600.93,25610.56,776.0,19873794.560000002
2025-12-23 23:00:00,25608.18,25620.24,25603.48,25609.24,1345.0,34444427.800000004
2025-12-23 23:30:00,25609.06,25612.77,25602.35,25610.62,1041.0,26660655.419999998
2025-12-24 00:00:00,25611.3,25626.15,25610.45,25617.1,1735.0,44445668.5
2025-12-24 00:30:00,25617.15,25622.8,25613.65,25617.43,1104.0,28281642.72
2025-12-24 01:00:00,25617.68,25623.33,25611.49,25614.27,1119.0,28662368.13
2025-12-24 01:30:00,25614.1,25620.61,25604.18,25609.12,1170.0,29962670.4
2025-12-24 02:00:00,25609.03,25613.39,25600.07,25601.01,911.0,23322520.11
2025-12-24 02:30:00,25600.83,25602.34,25584.96,25594.84,1038.0,26567443.92
2025-12-24 03:00:00,25595.03,25597.86,25588.32,25597.57,989.0,25315996.73
2025-12-24 03:30:00,25597.65,25604.01,25596.02,25598.13,861.0,22039989.93
2025-12-24 04:00:00,25597.91,25603.3,25591.03,25592.59,622.0,15918590.98
2025-12-24 04:30:00,25592.26,25594.24,25582.2,25582.49,670.0,17140268.3
2025-12-24 05:00:00,25582.35,25589.13,25579.61,25588.48,728.0,18628413.44
2025-12-24 05:30:00,25588.34,25599.95,25586.79,25592.43,763.0,19527024.09
2025-12-24 06:00:00,25592.43,25601.52,25592.43,25597.93,607.0,15537943.51
2025-12-24 06:30:00,25597.56,25599.83,25592.1,25594.52,563.0,14409714.76
2025-12-24 07:00:00,25594.13,25596.42,25586.13,25588.57,542.0,13869004.94
2025-12-24 07:30:00,25588.62,25593.74,25587.34,25589.66,485.0,12410985.1
2025-12-24 08:00:00,25589.96,25598.24,25589.2,25594.01,698.0,17864618.98
2025-12-24 08:30:00,25594.19,25597.07,25589.01,25591.6,572.0,14638395.2
2025-12-24 09:00:00,25591.59,25608.56,25585.55,25603.49,880.0,22531071.200000003
2025-12-24 09:30:00,25603.5,25605.35,25598.62,25600.92,459.0,11750822.28
2025-12-24 10:00:00,25600.92,25600.92,25589.43,25595.34,656.0,16790543.04
2025-12-24 10:30:00,25595.38,25598.88,25592.99,25594.87,576.0,14742645.12
2025-12-24 11:00:00,25594.76,25602.75,25590.65,25594.19,582.0,14895818.58
2025-12-24 11:30:00,25594.12,25595.89,25587.85,25593.95,563.0,14409393.85
2025-12-24 12:00:00,25594.24,25618.0,25591.23,25607.82,785.0,20102138.7
2025-12-24 12:30:00,25608.02,25618.98,25607.86,25618.03,639.0,16369921.17
2025-12-24 13:00:00,25617.86,25617.86,25602.95,25614.35,934.0,23923802.9
2025-12-24 13:30:00,25614.36,25633.3,25610.64,25624.77,1441.0,36925293.57
2025-12-24 14:00:00,25624.76,25625.96,25593.28,25597.61,1502.0,38447610.22
2025-12-24 14:30:00,25598.28,25628.99,25585.1,25611.87,8393.0,214960424.91
2025-12-24 15:00:00,25611.86,25641.95,25605.67,25616.77,3345.0,85688095.65
2025-12-24 15:30:00,25617.21,25633.79,25610.59,25630.71,2429.0,62256994.589999996
2025-12-24 16:00:00,25630.62,25657.7,25629.96,25654.61,1955.0,50154762.550000004
2025-12-24 16:30:00,25654.86,25686.3,25652.2,25677.71,2066.0,53050148.86
2025-12-24 17:00:00,25678.09,25683.46,25665.96,25676.37,1856.0,47655342.72
2025-12-24 17:30:00,25675.85,25692.83,25666.96,25679.83,2912.0,74779664.96000001
2025-12-24 18:00:00,25679.34,25682.94,25654.34,25666.38,1711.0,43915176.18
2025-12-25 23:00:00,25681.72,25705.02,25672.88,25689.2,2590.0,66535028.0
2025-12-25 23:30:00,25689.37,25698.4,25684.62,25694.87,1264.0,32478315.68
2025-12-26 00:00:00,25694.87,25716.94,25693.28,25713.8,1512.0,38879265.6
2025-12-26 00:30:00,25714.15,25715.91,25702.56,25710.55,962.0,24733549.099999998
2025-12-26 01:00:00,25710.71,25723.5,25706.29,25706.29,1449.0,37248414.21
2025-12-26 01:30:00,25706.11,25710.39,25690.79,25697.05,1195.0,30707974.75
2025-12-26 02:00:00,25696.71,25703.49,25689.68,25692.55,917.0,23560068.349999998
2025-12-26 02:30:00,25692.06,25706.45,25691.2,25703.36,814.0,20922535.04
2025-12-26 03:00:00,25703.6,25709.66,25698.97,25698.97,700.0,17989279.0
2025-12-26 03:30:00,25698.78,25700.79,25688.68,25689.39,751.0,19292731.89
2025-12-26 04:00:00,25689.62,25690.8,25682.19,25687.33,693.0,17801319.69
2025-12-26 04:30:00,25687.24,25690.19,25681.9,25686.27,553.0,14204507.31
2025-12-26 05:00:00,25686.09,25695.63,25684.71,25692.85,680.0,17471138.0
2025-12-26 05:30:00,25692.62,25692.72,25679.58,25682.97,746.0,19159495.62
2025-12-26 06:00:00,25682.79,25687.48,25679.0,25680.91,825.0,21186750.75
2025-12-26 06:30:00,25680.8,25686.86,25675.87,25679.11,864.0,22186751.04
2025-12-26 07:00:00,25679.11,25680.56,25657.46,25670.44,1017.0,26106837.48
2025-12-26 07:30:00,25670.41,25676.97,25665.19,25667.67,882.0,22638884.939999998
2025-12-26 08:00:00,25667.5,25669.69,25652.07,25660.06,1186.0,30432831.16
2025-12-26 08:30:00,25659.79,25667.72,25651.13,25664.71,875.0,22456621.25
2025-12-26 09:00:00,25664.88,25678.82,25662.8,25669.19,1096.0,28133432.24
2025-12-26 09:30:00,25669.39,25685.51,25668.95,25683.65,626.0,16077964.9
2025-12-26 10:00:00,25683.67,25703.07,25683.67,25690.54,1100.0,28259594.0
2025-12-26 10:30:00,25690.56,25698.89,25687.51,25691.35,660.0,16956291.0
2025-12-26 11:00:00,25691.46,25695.85,25687.42,25687.45,648.0,16645467.6
2025-12-26 11:30:00,25687.3,25690.91,25674.49,25683.94,984.0,25272996.959999997
2025-12-26 12:00:00,25684.36,25693.87,25677.07,25691.03,1198.0,30777853.939999998
2025-12-26 12:30:00,25691.08,25704.46,25688.89,25698.0,882.0,22665636.0
2025-12-26 13:00:00,25697.97,25709.92,25694.65,25702.31,1217.0,31279711.270000003
2025-12-26 13:30:00,25701.97,25730.62,25698.56,25704.25,1502.0,38607783.5
2025-12-26 14:00:00,25704.45,25718.49,25699.53,25706.7,1590.0,40873653.0
2025-12-26 14:30:00,25707.03,25741.71,25670.18,25687.78,11353.0,291633366.34
2025-12-26 15:00:00,25688.16,25693.44,25640.78,25689.59,8026.0,206184649.34
2025-12-26 15:30:00,25689.88,25712.82,25681.58,25706.29,4046.0,104007649.34
2025-12-26 16:00:00,25706.66,25717.72,25663.56,25688.9,3479.0,89371683.10000001
2025-12-26 16:30:00,25689.28,25697.25,25680.29,25680.83,2563.0,65819967.29000001
2025-12-26 17:00:00,25681.32,25687.34,25656.56,25687.33,2643.0,67891613.19
2025-12-26 17:30:00,25687.16,25688.93,25666.96,25678.91,2272.0,58342483.52
2025-12-26 18:00:00,25679.14,25689.08,25661.8,25677.41,1959.0,50302046.19
2025-12-26 18:30:00,25676.91,25700.58,25676.42,25699.17,1768.0,45436132.559999995
2025-12-26 19:00:00,25698.92,25705.6,25685.17,25687.44,1726.0,44336521.44
2025-12-26 19:30:00,25687.81,25701.91,25680.33,25698.03,1744.0,44817364.32
2025-12-26 20:00:00,25698.04,25698.7,25674.64,25680.59,1767.0,45377602.53
2025-12-26 20:30:00,25680.33,25686.8,25665.55,25673.94,2505.0,64313219.699999996
2025-12-26 21:00:00,25673.54,25680.88,25667.65,25669.79,1171.0,30059324.09
2025-12-26 21:30:00,25669.54,25669.54,25661.48,25668.27,593.0,15221284.11
2025-12-28 23:00:00,25679.75,25690.26,25658.42,25675.31,1719.0,44135857.89
2025-12-28 23:30:00,25675.21,25692.94,25673.65,25685.04,1339.0,34392268.56
2025-12-29 00:00:00,25685.14,25688.52,25668.39,25675.96,2265.0,58156049.4
2025-12-29 00:30:00,25676.22,25707.98,25673.28,25706.05,1711.0,43983051.55
2025-12-29 01:00:00,25705.71,25707.24,25674.41,25674.89,1797.0,46137777.33
2025-12-29 01:30:00,25674.61,25679.27,25650.86,25656.94,1757.0,45079243.58
2025-12-29 02:00:00,25656.78,25664.17,25652.26,25653.13,1245.0,31938146.85
2025-12-29 02:30:00,25652.83,25664.52,25638.55,25660.06,1153.0,29586049.18
2025-12-29 03:00:00,25660.11,25667.8,25640.12,25646.92,1121.0,28750197.319999997
2025-12-29 03:30:00,25647.0,25668.22,25647.0,25666.9,1177.0,30209941.3
2025-12-29 04:00:00,25666.91,25675.38,25666.91,25673.31,723.0,18561803.130000003
2025-12-29 04:30:00,25673.33,25682.02,25669.77,25670.15,740.0,18995911.0
2025-12-29 05:00:00,25670.54,25670.54,25632.59,25636.63,1926.0,49376149.38
2025-12-29 05:30:00,25636.79,25651.29,25633.51,25635.03,1347.0,34530385.41
2025-12-29 06:00:00,25634.95,25657.11,25626.61,25650.44,1618.0,41502411.919999994
2025-12-29 06:30:00,25650.45,25653.9,25626.33,25630.52,1440.0,36907948.8
2025-12-29 07:00:00,25630.7,25637.03,25600.23,25625.48,1839.0,47125257.72
2025-12-29 07:30:00,25625.78,25626.96,25613.36,25614.4,1422.0,36423676.800000004
2025-12-29 08:00:00,25614.77,25618.15,25589.06,25591.36,2851.0,72960967.36
2025-12-29 08:30:00,25591.06,25597.95,25547.91,25554.71,3084.0,78810725.64
2025-12-29 09:00:00,25554.3,25586.44,25554.3,25584.27,2473.0,63269899.71
2025-12-29 09:30:00,25584.07,25585.0,25550.03,25579.38,1867.0,47756702.46
2025-12-29 10:00:00,25578.92,25584.93,25564.45,25575.98,1805.0,46164643.9
2025-12-29 10:30:00,25576.04,25579.22,25561.02,25562.65,1614.0,41258117.1
2025-12-29 11:00:00,25562.96,25571.92,25552.53,25560.95,1888.0,48259073.6
2025-12-29 11:30:00,25561.01,25591.27,25560.99,25586.6,1528.0,39096324.8
2025-12-29 12:00:00,25586.3,25592.53,25574.8,25583.6,1789.0,45769060.4
2025-12-29 12:30:00,25583.0,25589.4,25550.75,25561.43,1887.0,48234418.410000004
2025-12-29 13:00:00,25560.77,25577.77,25549.93,25563.39,2100.0,53683119.0
2025-12-29 13:30:00,25563.32,25564.18,25477.78,25510.09,2938.0,74948644.42
2025-12-29 14:00:00,25510.41,25528.55,25473.16,25523.26,3570.0,91118038.19999999
2025-12-29 14:30:00,25523.55,25634.55,25481.05,25538.23,19492.0,497791179.15999997
2025-12-29 15:00:00,25538.67,25564.15,25476.85,25559.71,8076.0,206420217.95999998
2025-12-29 15:30:00,25559.23,25587.45,25488.3,25517.2,6524.0,166474212.8
2025-12-29 16:00:00,25516.79,25531.43,25494.61,25518.55,4950.0,126316822.5
2025-12-29 16:30:00,25518.09,25533.53,25496.2,25511.17,3846.0,98115959.82
2025-12-29 17:00:00,25511.41,25523.06,25463.29,25473.45,3072.0,78254438.4
2025-12-29 17:30:00,25473.89,25520.84,25470.04,25515.16,2997.0,76468934.52
2025-12-29 18:00:00,25514.91,25524.82,25496.16,25517.04,2576.0,65731895.04
2025-12-29 18:30:00,25516.79,25544.0,25505.19,25509.63,2425.0,61860852.75
2025-12-29 19:00:00,25509.16,25527.82,25499.15,25525.9,2346.0,59883761.400000006
2025-12-29 19:30:00,25525.82,25589.05,25524.49,25580.82,2601.0,66535712.82
2025-12-29 20:00:00,25580.87,25581.32,25564.66,25565.31,2110.0,53942804.1
2025-12-29 20:30:00,25565.57,25573.82,25544.3,25556.58,2987.0,76337504.46000001
2025-12-29 21:00:00,25556.29,25559.19,25543.03,25557.95,1347.0,34426558.65
2025-12-29 21:30:00,25558.07,25562.88,25553.58,25559.38,621.0,15872374.98
2025-12-29 23:00:00,25560.5,25562.19,25526.32,25526.63,1300.0,33184619.0
2025-12-29 23:30:00,25526.71,25541.74,25523.34,25524.18,1356.0,34610788.08
2025-12-30 00:00:00,25524.59,25540.6,25519.74,25538.98,1289.0,32919745.22
2025-12-30 00:30:00,25538.94,25543.93,25517.77,25520.91,1333.0,34019373.03
2025-12-30 01:00:00,25521.37,25533.55,25513.91,25525.92,1681.0,42909071.519999996
2025-12-30 01:30:00,25525.84,25542.07,25520.51,25541.03,1560.0,39844006.8
2025-12-30 02:00:00,25541.44,25546.18,25525.29,25525.29,1312.0,33489180.48
2025-12-30 02:30:00,25525.01,25529.82,25518.46,25527.15,1254.0,32011046.1
2025-12-30 03:00:00,25527.63,25540.14,25525.8,25539.65,1252.0,31975641.8
2025-12-30 03:30:00,25539.88,25557.37,25539.31,25553.15,1273.0,32529159.950000003
2025-12-30 04:00:00,25553.41,25568.22,25546.74,25563.49,1023.0,26151450.270000003
2025-12-30 04:30:00,25563.9,25569.24,25563.58,25566.16,739.0,18893392.24
2025-12-30 05:00:00,25566.41,25571.91,25551.49,25552.22,1065.0,27213114.3
2025-12-30 05:30:00,25552.39,25564.09,25539.62,25561.56,1153.0,29472478.68
2025-12-30 06:00:00,25561.6,25561.6,25533.47,25533.54,1226.0,31304120.040000003
2025-12-30 06:30:00,25534.1,25548.71,25533.12,25543.34,1096.0,27995500.64
2025-12-30 07:00:00,25543.13,25543.13,25501.5,25512.21,1483.0,37834607.43
2025-12-30 07:30:00,25512.03,25523.06,25502.26,25520.95,1183.0,30191283.85
2025-12-30 08:00:00,25521.83,25546.81,25520.53,25539.0,1984.0,50669376.0
2025-12-30 08:30:00,25539.38,25557.47,25538.34,25555.5,1441.0,36825475.5
2025-12-30 09:00:00,25556.1,25568.2,25546.25,25566.93,1438.0,36765245.34
2025-12-30 09:30:00,25567.14,25569.96,25548.38,25556.87,1193.0,30489345.91
2025-12-30 10:00:00,25556.52,25563.14,25551.53,25556.49,1209.0,30897796.41
2025-12-30 10:30:00,25556.24,25559.59,25536.89,25545.54,1341.0,34256569.14
2025-12-30 11:00:00,25545.57,25546.13,25520.31,25524.47,1428.0,36448943.160000004
2025-12-30 11:30:00,25524.4,25553.88,25522.73,25550.4,1193.0,30481627.200000003
2025-12-30 12:00:00,25550.87,25561.15,25542.92,25546.09,1318.0,33669746.62
2025-12-30 12:30:00,25546.05,25554.56,25530.31,25544.81,1669.0,42634287.89
2025-12-30 13:00:00,25544.46,25562.4,25541.33,25553.1,1518.0,38789605.8
2025-12-30 13:30:00,25552.78,25554.08,25510.37,25532.74,2170.0,55406045.800000004
2025-12-30 14:00:00,25532.5,25541.84,25508.82,25512.61,2141.0,54622498.01
2025-12-30 14:30:00,25512.27,25591.9,25496.81,25574.05,12008.0,307093192.4
2025-12-30 15:00:00,25573.26,25578.33,25504.51,25517.63,6442.0,164384572.46
2025-12-30 15:30:00,25517.28,25570.57,25502.62,25561.99,3964.0,101327728.36
2025-12-30 16:00:00,25561.62,25610.93,25557.17,25592.14,3213.0,82227545.82
2025-12-30 16:30:00,25591.59,25594.0,25536.22,25539.5,3163.0,80781438.5
2025-12-30 17:00:00,25539.22,25541.86,25517.85,25539.61,2696.0,68854788.56
2025-12-30 17:30:00,25539.45,25556.05,25530.71,25547.58,2079.0,53113418.82
2025-12-30 18:00:00,25547.21,25556.99,25526.21,25555.37,1987.0,50778520.19
2025-12-30 18:30:00,25554.97,25562.12,25537.88,25551.38,1933.0,49390817.54
2025-12-30 19:00:00,25551.37,25561.21,25533.51,25554.45,2221.0,56756433.45
2025-12-30 19:30:00,25554.25,25559.29,25524.46,25530.37,2031.0,51852181.47
2025-12-30 20:00:00,25529.9,25536.06,25501.22,25523.46,2209.0,56381323.14
2025-12-30 20:30:00,25523.09,25533.46,25487.07,25496.37,2753.0,70191506.61
2025-12-30 21:00:00,25496.08,25509.57,25489.03,25504.15,1454.0,37083034.1
2025-12-30 21:30:00,25504.37,25506.7,25492.01,25494.86,628.0,16010772.08
2025-12-30 23:00:00,25501.99,25509.88,25478.62,25486.09,1417.0,36113789.53
2025-12-30 23:30:00,25486.06,25487.86,25465.19,25478.25,977.0,24892250.25
2025-12-31 00:00:00,25478.17,25478.17,25455.57,25468.89,1150.0,29289223.5
2025-12-31 00:30:00,25468.29,25468.65,25427.52,25436.14,1547.0,39349708.58
2025-12-31 01:00:00,25436.16,25445.45,25409.59,25439.94,2384.0,60648816.95999999
2025-12-31 01:30:00,25439.73,25443.26,25429.61,25439.08,1526.0,38820036.080000006
2025-12-31 02:00:00,25439.09,25451.87,25433.19,25449.88,1443.0,36724176.84
2025-12-31 02:30:00,25449.81,25456.44,25425.94,25446.69,1525.0,38806202.25
2025-12-31 03:00:00,25446.61,25453.9,25435.49,25436.1,1227.0,31210094.7
2025-12-31 03:30:00,25435.94,25437.56,25428.12,25437.56,925.0,23529743.0
2025-12-31 04:00:00,25437.59,25454.42,25436.46,25448.05,798.0,20307543.9
2025-12-31 04:30:00,25447.65,25450.63,25435.2,25437.43,802.0,20400818.86
2025-12-31 05:00:00,25437.61,25444.77,25434.08,25442.32,890.0,22643664.8
2025-12-31 05:30:00,25442.36,25447.33,25415.51,25420.27,1121.0,28496122.67
2025-12-31 06:00:00,25420.07,25426.56,25401.09,25406.09,1355.0,34425251.95
2025-12-31 06:30:00,25405.77,25418.08,25405.77,25416.81,1053.0,26763900.93
2025-12-31 07:00:00,25416.57,25423.37,25398.16,25421.0,1464.0,37216344.0
2025-12-31 07:30:00,25421.3,25430.23,25412.38,25418.78,1083.0,27528538.74
2025-12-31 08:00:00,25418.78,25424.59,25399.04,25399.19,1311.0,33298338.09
2025-12-31 08:30:00,25399.14,25400.56,25373.81,25379.82,1730.0,43907088.6
2025-12-31 09:00:00,25379.61,25405.13,25377.2,25391.39,1818.0,46161547.019999996
2025-12-31 09:30:00,25391.04,25401.53,25389.03,25390.21,1230.0,31229958.3
2025-12-31 10:00:00,25390.27,25408.09,25382.65,25407.09,1202.0,30539322.18
2025-12-31 10:30:00,25407.16,25412.93,25398.0,25406.39,1055.0,26803741.45
2025-12-31 11:00:00,25406.39,25420.41,25403.89,25417.31,1090.0,27704867.900000002
2025-12-31 11:30:00,25417.18,25432.36,25414.7,25430.94,1010.0,25685249.4
2025-12-31 12:00:00,25430.69,25448.68,25420.26,25442.43,1562.0,39741075.660000004
2025-12-31 12:30:00,25442.05,25451.0,25439.88,25448.84,1328.0,33796059.52
2025-12-31 13:00:00,25448.75,25469.05,25442.29,25465.99,1443.0,36747423.57
2025-12-31 13:30:00,25465.54,25534.08,25461.2,25522.73,2635.0,67252393.55
2025-12-31 14:00:00,25522.56,25535.82,25498.19,25499.49,2186.0,55741885.14
2025-12-31 14:30:00,25498.95,25511.36,25403.19,25427.19,12914.0,328366731.65999997
2025-12-31 15:00:00,25427.48,25438.34,25389.45,25423.74,7415.0,188517032.10000002
2025-12-31 15:30:00,25423.44,25429.28,25364.5,25376.43,4752.0,120588795.36
2025-12-31 16:00:00,25375.98,25419.12,25374.45,25418.2,3753.0,95394504.60000001
2025-12-31 16:30:00,25418.59,25429.31,25394.12,25427.19,2914.0,74094831.66
2025-12-31 17:00:00,25426.96,25428.35,25390.29,25409.21,2782.0,70688422.22
2025-12-31 17:30:00,25408.96,25426.58,25394.32,25403.69,2375.0,60333763.75
2025-12-31 18:00:00,25403.26,25426.62,25394.73,25424.87,2275.0,57841579.25
2025-12-31 18:30:00,25425.35,25451.19,25418.72,25436.64,2439.0,62039964.96
2025-12-31 19:00:00,25437.06,25456.3,25402.79,25403.88,2562.0,65084740.56
2025-12-31 19:30:00,25403.96,25406.9,25354.34,25358.14,4116.0,104374104.24
2025-12-31 20:00:00,25358.0,25361.54,25295.36,25300.24,4867.0,123136268.08000001
2025-12-31 20:30:00,25300.69,25336.24,25267.95,25276.84,6095.0,154062339.8
2025-12-31 21:00:00,25277.22,25294.23,25264.53,25270.88,2950.0,74549096.0
2025-12-31 21:30:00,25270.6,25271.0,25255.64,25260.32,1130.0,28544161.6
2026-01-01 23:00:00,25302.64,25323.73,25278.68,25313.31,2403.0,60827883.93
2026-01-01 23:30:00,25313.69,25334.85,25307.48,25328.87,1579.0,39994285.73
2026-01-02 00:00:00,25328.71,25339.57,25305.86,25337.37,1980.0,50167992.6
2026-01-02 00:30:00,25337.09,25345.0,25325.07,25342.16,1453.0,36822158.48
2026-01-02 01:00:00,25342.63,25367.47,25342.03,25363.51,2015.0,51107472.65
2026-01-02 01:30:00,25363.08,25387.59,25362.78,25387.37,1677.0,42574619.489999995
2026-01-02 02:00:00,25387.07,25425.9,25386.86,25422.55,1696.0,43116644.8
2026-01-02 02:30:00,25422.06,25437.35,25416.96,25432.76,1367.0,34766582.919999994
2026-01-02 03:00:00,25432.31,25437.29,25424.45,25431.58,1161.0,29526064.380000003
2026-01-02 03:30:00,25431.74,25454.2,25424.11,25453.7,1303.0,33166171.1
2026-01-02 04:00:00,25454.02,25465.47,25448.63,25457.57,1038.0,26424957.66
2026-01-02 04:30:00,25457.88,25463.1,25446.47,25454.31,903.0,22985241.93
2026-01-02 05:00:00,25454.26,25461.2,25441.61,25459.12,1115.0,28386918.799999997
2026-01-02 05:30:00,25459.32,25471.67,25450.34,25467.76,797.0,20297804.72
2026-01-02 06:00:00,25467.47,25472.19,25463.48,25467.91,715.0,18209555.65
2026-01-02 06:30:00,25467.76,25477.94,25463.22,25466.15,948.0,24141910.200000003
2026-01-02 07:00:00,25466.15,25476.17,25454.19,25464.43,1408.0,35853917.44
2026-01-02 07:30:00,25464.56,25470.62,25454.43,25464.91,1182.0,30099523.62
2026-01-02 08:00:00,25464.73,25528.03,25463.96,25514.82,2248.0,57357315.36
2026-01-02 08:30:00,25514.78,25544.89,25503.56,25536.06,2083.0,53191612.980000004
2026-01-02 09:00:00,25535.87,25563.72,25531.88,25559.12,2494.0,63744445.279999994
2026-01-02 09:30:00,25559.13,25560.35,25544.82,25555.89,1706.0,43598348.339999996
2026-01-02 10:00:00,25556.26,25559.6,25538.17,25542.41,1736.0,44341623.76
2026-01-02 10:30:00,25542.29,25561.94,25534.06,25555.79,1307.0,33401417.53
2026-01-02 11:00:00,25555.72,25566.55,25538.39,25541.45,1375.0,35119493.75
2026-01-02 11:30:00,25541.32,25554.26,25541.15,25552.22,1279.0,32681289.380000003
2026-01-02 12:00:00,25552.2,25552.21,25506.63,25522.16,2270.0,57935303.2
2026-01-02 12:30:00,25522.07,25531.99,25515.17,25529.84,1680.0,42890131.2
2026-01-02 13:00:00,25529.86,25535.17,25515.8,25524.68,1580.0,40328994.4
2026-01-02 13:30:00,25524.29,25529.96,25506.8,25520.13,1919.0,48973129.47
2026-01-02 14:00:00,25519.65,25533.68,25491.73,25515.54,3111.0,79378844.94
2026-01-02 14:30:00,25515.92,25628.98,25466.3,25561.24,23329.0,596318167.96
2026-01-02 15:00:00,25560.88,25606.92,25288.07,25319.13,21453.0,543171295.89
2026-01-02 15:30:00,25319.5,25433.14,25192.22,25205.94,20236.0,510067401.84
2026-01-02 16:00:00,25206.35,25236.52,25125.78,25206.67,23703.0,597473699.01
2026-01-02 16:30:00,25207.1,25256.64,25133.97,25172.21,16228.0,408494623.88
2026-01-02 17:00:00,25171.74,25234.83,25146.43,25216.53,10262.0,258772030.85999998
2026-01-02 17:30:00,25217.08,25230.6,25142.18,25153.94,8092.0,203545682.48
2026-01-02 18:00:00,25154.31,25193.18,25137.47,25162.2,5991.0,150746740.20000002
2026-01-02 18:30:00,25162.57,25181.56,25095.14,25124.2,6258.0,157227243.6
2026-01-02 19:00:00,25124.1,25249.08,25118.73,25240.61,7873.0,198719322.53
2026-01-02 19:30:00,25240.63,25286.6,25216.87,25228.22,6441.0,162494965.02
2026-01-02 20:00:00,25228.58,25278.59,25216.87,25261.07,5452.0,137723353.64
2026-01-02 20:30:00,25261.35,25269.08,25196.32,25213.95,7173.0,180859663.35
2026-01-02 21:00:00,25214.22,25243.38,25210.83,25223.94,2331.0,58797004.14
2026-01-02 21:30:00,25224.01,25230.4,25208.29,25213.54,686.0,17296488.44
2026-01-04 23:00:00,25274.22,25299.73,25243.88,25295.92,4380.0,110796129.6
2026-01-04 23:30:00,25296.07,25297.84,25255.32,25294.84,3156.0,79830515.04
2026-01-05 00:00:00,25295.15,25316.35,25285.86,25307.32,3599.0,91081044.67999999
2026-01-05 00:30:00,25307.68,25309.58,25273.22,25303.99,2955.0,74773290.45
2026-01-05 01:00:00,25304.49,25323.84,25287.85,25305.96,3651.0,92392059.96
2026-01-05 01:30:00,25305.69,25322.49,25289.54,25295.28,2727.0,68980228.56
2026-01-05 02:00:00,25294.93,25320.42,25294.93,25303.46,1886.0,47722325.559999995
2026-01-05 02:30:00,25303.57,25316.73,25290.68,25311.3,1761.0,44573199.3
2026-01-05 03:00:00,25311.44,25319.34,25304.88,25311.29,1382.0,34980202.78
2026-01-05 03:30:00,25311.07,25311.25,25295.79,25301.04,1471.0,37217829.84
2026-01-05 04:00:00,25301.16,25309.29,25294.73,25299.87,1246.0,31523638.02
2026-01-05 04:30:00,25299.87,25328.31,25298.38,25324.69,1218.0,30845472.419999998
2026-01-05 05:00:00,25324.77,25325.95,25303.36,25316.42,1525.0,38607540.5
2026-01-05 05:30:00,25316.65,25333.96,25312.63,25332.18,1234.0,31259910.12
2026-01-05 06:00:00,25331.86,25340.95,25315.45,25316.67,1409.0,35671188.03
2026-01-05 06:30:00,25316.23,25344.02,25305.87,25343.23,1686.0,42728685.78
2026-01-05 07:00:00,25343.59,25345.76,25298.09,25308.09,1830.0,46313804.7
2026-01-05 07:30:00,25307.57,25317.83,25290.21,25312.29,1773.0,44878690.17
2026-01-05 08:00:00,25312.77,25390.28,25302.6,25371.43,3629.0,92072919.47
2026-01-05 08:30:00,25371.78,25378.91,25342.33,25346.42,2874.0,72845611.08
2026-01-05 09:00:00,25345.98,25366.45,25330.67,25333.95,2808.0,71137731.60000001
2026-01-05 09:30:00,25333.49,25358.94,25330.31,25346.0,2382.0,60374172.0
2026-01-05 10:00:00,25345.82,25388.17,25344.82,25378.4,2115.0,53675316.0
2026-01-05 10:30:00,25378.25,25392.04,25368.23,25387.94,1871.0,47500835.739999995
2026-01-05 11:00:00,25387.64,25400.94,25378.0,25382.4,1765.0,44799936.0
2026-01-05 11:30:00,25382.09,25409.99,25381.7,25400.94,1588.0,40336692.72
2026-01-05 12:00:00,25401.16,25419.68,25390.82,25392.42,1944.0,49362864.48
2026-01-05 12:30:00,25392.37,25404.93,25377.97,25389.89,2025.0,51414527.25
2026-01-05 13:00:00,25390.48,25405.12,25353.6,25371.05,2530.0,64188756.5
2026-01-05 13:30:00,25371.38,25424.53,25371.38,25409.16,2641.0,67105591.56
2026-01-05 14:00:00,25409.59,25479.88,25409.06,25475.82,3478.0,88604901.96
2026-01-05 14:30:00,25476.32,25505.26,25371.47,25423.85,39761.0,1010877699.8499999
2026-01-05 15:00:00,25425.67,25516.45,25399.54,25506.46,17550.0,447638373.0
2026-01-05 15:30:00,25506.06,25523.28,25470.31,25497.83,8089.0,206251946.87
2026-01-05 16:00:00,25497.95,25529.68,25484.82,25516.97,5369.0,137000611.93
2026-01-05 16:30:00,25516.7,25542.55,25492.56,25493.7,4194.0,106920577.8
2026-01-05 17:00:00,25494.04,25508.05,25451.11,25464.44,5420.0,138017264.79999998
2026-01-05 17:30:00,25464.91,25470.74,25443.54,25462.66,4394.0,111882928.04
2026-01-05 18:00:00,25462.7,25467.37,25393.5,25441.77,4569.0,116243447.13
2026-01-05 18:30:00,25441.66,25461.59,25425.9,25449.31,2904.0,73904796.24000001
2026-01-05 19:00:00,25449.32,25454.16,25420.45,25421.29,3070.0,78043360.3
2026-01-05 19:30:00,25421.66,25427.06,25385.79,25413.41,3477.0,88362426.57
2026-01-05 20:00:00,25413.17,25441.13,25402.43,25436.65,3025.0,76945866.25
2026-01-05 20:30:00,25436.66,25449.09,25402.72,25423.2,3902.0,99201326.4
2026-01-05 21:00:00,25423.47,25426.2,25409.54,25420.91,1559.0,39631198.69
2026-01-05 21:30:00,25421.39,25424.51,25413.05,25413.95,841.0,21373131.95
2026-01-05 23:00:00,25422.48,25436.82,25418.18,25428.78,1645.0,41830343.1
2026-01-05 23:30:00,25428.67,25429.39,25402.36,25406.96,1606.0,40803577.76
2026-01-06 00:00:00,25407.16,25423.18,25396.17,25413.28,2178.0,55350123.839999996
2026-01-06 00:30:00,25413.39,25415.05,25394.11,25405.27,1646.0,41817074.42
2026-01-06 01:00:00,25405.0,25439.52,25397.08,25434.93,2152.0,54735969.36
2026-01-06 01:30:00,25434.5,25443.59,25432.08,25438.74,1714.0,43602000.36
2026-01-06 02:00:00,25438.87,25448.98,25433.8,25445.15,1331.0,33867494.65
2026-01-06 02:30:00,25445.39,25466.73,25442.0,25465.59,1123.0,28597857.57
2026-01-06 03:00:00,25465.39,25470.72,25462.64,25464.11,991.0,25234933.01
2026-01-06 03:30:00,25464.28,25468.86,25459.25,25462.23,965.0,24571051.95
2026-01-06 04:00:00,25462.08,25481.9,25462.08,25481.9,1022.0,26042501.8
2026-01-06 04:30:00,25481.96,25488.95,25474.55,25488.15,1040.0,26507676.0
2026-01-06 05:00:00,25488.28,25494.68,25482.51,25489.27,1084.0,27630368.68
2026-01-06 05:30:00,25488.86,25492.52,25480.53,25485.03,1178.0,30021365.34
2026-01-06 06:00:00,25484.86,25507.51,25483.99,25501.45,1056.0,26929531.2
2026-01-06 06:30:00,25501.68,25514.09,25501.44,25508.79,969.0,24718017.51
2026-01-06 07:00:00,25508.88,25509.35,25489.52,25492.48,1025.0,26129792.0
2026-01-06 07:30:00,25492.43,25497.26,25482.68,25486.82,880.0,22428401.6
2026-01-06 08:00:00,25486.96,25486.96,25387.62,25394.61,3839.0,97489907.79
2026-01-06 08:30:00,25394.16,25416.95,25367.24,25411.51,3692.0,93819294.91999999
2026-01-06 09:00:00,25411.27,25426.57,25396.79,25409.49,3016.0,76635021.84
2026-01-06 09:30:00,25408.98,25446.75,25404.01,25425.52,2464.0,62648481.28
2026-01-06 10:00:00,25425.53,25431.16,25411.77,25419.99,1965.0,49950280.35
2026-01-06 10:30:00,25419.77,25436.83,25417.4,25430.38,1473.0,37458949.74
2026-01-06 11:00:00,25430.75,25442.87,25428.53,25430.22,1321.0,33593320.620000005
2026-01-06 11:30:00,25430.4,25447.44,25428.23,25434.15,1319.0,33547643.85
2026-01-06 12:00:00,25433.88,25454.47,25429.75,25453.77,1462.0,37213411.74
2026-01-06 12:30:00,25453.66,25485.9,25450.04,25478.21,1397.0,35593059.37
2026-01-06 13:00:00,25477.88,25487.1,25457.58,25461.92,1855.0,47231861.599999994
2026-01-06 13:30:00,25462.18,25474.56,25428.9,25454.74,2395.0,60964102.300000004
2026-01-06 14:00:00,25454.29,25473.62,25430.29,25471.87,2799.0,71295764.13
2026-01-06 14:30:00,25472.33,25595.08,25446.23,25586.14,19451.0,497676009.14
2026-01-06 15:00:00,25586.64,25613.0,25560.75,25606.18,8391.0,214861456.38
2026-01-06 15:30:00,25605.73,25606.38,25510.92,25524.76,7953.0,202998416.28
2026-01-06 16:00:00,25524.19,25544.85,25476.99,25514.19,7335.0,187146583.64999998
2026-01-06 16:30:00,25514.57,25538.59,25497.26,25533.79,5490.0,140180507.1
2026-01-06 17:00:00,25533.97,25581.6,25512.86,25573.22,4037.0,103239089.14
2026-01-06 17:30:00,25573.67,25619.35,25572.31,25593.22,3383.0,86581863.26
2026-01-06 18:00:00,25593.72,25614.49,25580.02,25593.56,2637.0,67490217.72
2026-01-06 18:30:00,25593.56,25638.72,25584.46,25638.47,2769.0,70992923.43
2026-01-06 19:00:00,25638.72,25647.6,25627.81,25642.35,2448.0,62772472.8
2026-01-06 19:30:00,25642.72,25654.3,25639.99,25641.31,2022.0,51846728.82
2026-01-06 20:00:00,25641.69,25655.75,25635.23,25643.99,2079.0,53313855.21
2026-01-06 20:30:00,25643.81,25670.33,25641.73,25646.81,2905.0,74503983.05
2026-01-06 21:00:00,25647.22,25660.98,25643.43,25657.54,1337.0,34304130.980000004
2026-01-06 21:30:00,25657.47,25667.46,25653.48,25666.07,629.0,16143958.03
2026-01-06 23:00:00,25670.09,25683.4,25660.08,25664.68,1617.0,41499787.56
2026-01-06 23:30:00,25664.53,25669.85,25655.67,25664.44,1026.0,26331715.439999998
2026-01-07 00:00:00,25664.98,25681.42,25660.51,25671.52,1857.0,47672012.64
2026-01-07 00:30:00,25671.74,25676.81,25659.1,25668.42,1432.0,36757177.44
2026-01-07 01:00:00,25668.46,25674.07,25651.59,25654.5,1754.0,44997993.0
2026-01-07 01:30:00,25654.74,25667.74,25651.63,25655.96,1687.0,43281604.519999996
2026-01-07 02:00:00,25655.93,25671.71,25648.35,25648.35,1260.0,32316921.0
2026-01-07 02:30:00,25648.31,25651.97,25641.35,25646.24,1147.0,29416237.28
2026-01-07 03:00:00,25646.45,25660.95,25645.85,25656.05,1046.0,26836228.3
2026-01-07 03:30:00,25655.88,25658.83,25637.58,25639.07,1037.0,26587715.59
2026-01-07 04:00:00,25639.5,25642.85,25620.44,25620.44,1458.0,37354601.519999996
2026-01-07 04:30:00,25620.57,25633.75,25618.78,25625.68,1154.0,29572034.72
2026-01-07 05:00:00,25625.58,25628.83,25614.92,25624.09,1201.0,30774532.09
2026-01-07 05:30:00,25624.25,25633.17,25618.8,25622.32,1037.0,26570345.84
2026-01-07 06:00:00,25622.4,25638.74,25622.26,25624.72,890.0,22806000.8
2026-01-07 06:30:00,25625.18,25631.85,25607.85,25608.25,1063.0,27221569.75
2026-01-07 07:00:00,25608.44,25618.94,25604.6,25614.32,1040.0,26638892.8
2026-01-07 07:30:00,25614.25,25615.25,25605.05,25605.52,930.0,23813133.6
2026-01-07 08:00:00,25606.14,25627.02,25599.15,25609.93,1803.0,46174703.79
2026-01-07 08:30:00,25610.19,25614.81,25593.13,25593.13,1715.0,43892217.95
2026-01-07 09:00:00,25593.1,25598.04,25567.51,25584.93,2138.0,54700580.34
2026-01-07 09:30:00,25584.85,25597.49,25581.03,25593.78,1320.0,33783789.6
2026-01-07 10:00:00,25593.34,25603.8,25574.75,25575.57,1359.0,34757199.63
2026-01-07 10:30:00,25575.4,25582.5,25569.17,25580.58,1347.0,34457041.260000005
2026-01-07 11:00:00,25580.76,25590.25,25573.37,25582.6,1162.0,29726981.2
2026-01-07 11:30:00,25583.0,25609.32,25581.28,25608.44,1297.0,33214146.68
2026-01-07 12:00:00,25608.71,25622.9,25603.59,25615.64,1542.0,39499316.88
2026-01-07 12:30:00,25615.64,25618.48,25594.76,25607.07,1751.0,44837979.57
2026-01-07 13:00:00,25606.67,25615.38,25596.59,25614.7,2064.0,52868740.800000004
2026-01-07 13:30:00,25614.96,25632.73,25605.85,25628.13,2037.0,52204500.81
2026-01-07 14:00:00,25627.86,25630.25,25601.41,25629.87,2410.0,61767986.699999996
2026-01-07 14:30:00,25630.2,25716.49,25610.9,25692.75,13988.0,359390187.0
2026-01-07 15:00:00,25693.1,25714.0,25651.59,25704.59,9654.0,248152111.86
2026-01-07 15:30:00,25704.96,25747.98,25649.12,25743.0,9165.0,235934595.0
2026-01-07 16:00:00,25743.34,25765.79,25717.11,25733.06,3957.0,101825718.42
2026-01-07 16:30:00,25732.59,25808.45,25727.68,25806.84,3775.0,97420821.0
2026-01-07 17:00:00,25807.2,25827.16,25801.79,25821.71,2661.0,68711570.31
2026-01-07 17:30:00,25822.08,25833.62,25799.09,25808.47,2873.0,74147734.31
2026-01-07 18:00:00,25808.12,25809.49,25764.11,25767.23,3474.0,89515357.02
2026-01-07 18:30:00,25767.75,25816.01,25766.59,25793.15,3174.0,81867458.10000001
2026-01-07 19:00:00,25793.1,25793.46,25728.26,25738.15,4647.0,119605183.05000001
2026-01-07 19:30:00,25738.49,25760.0,25731.1,25741.39,2996.0,77121204.44
2026-01-07 20:00:00,25741.73,25752.08,25691.41,25699.6,4597.0,118141061.19999999
2026-01-07 20:30:00,25699.15,25700.99,25655.04,25671.85,5656.0,145199983.6
2026-01-07 21:00:00,25672.22,25674.25,25659.35,25669.84,1771.0,45461286.64
2026-01-07 21:30:00,25669.63,25677.59,25667.12,25674.28,911.0,23389269.08
2026-01-07 23:00:00,25689.5,25690.67,25664.53,25671.12,1584.0,40663054.08
2026-01-07 23:30:00,25671.34,25676.4,25660.44,25664.76,1075.0,27589617.0
2026-01-08 00:00:00,25664.59,25670.83,25649.59,25653.19,1516.0,38890236.04
2026-01-08 00:30:00,25653.11,25685.96,25653.11,25685.1,1345.0,34546459.5
2026-01-08 01:00:00,25685.66,25686.86,25660.21,25679.87,1717.0,44092336.79
2026-01-08 01:30:00,25679.94,25682.84,25663.95,25680.46,1681.0,43168853.26
2026-01-08 02:00:00,25680.23,25682.86,25664.0,25668.04,1751.0,44944738.04
2026-01-08 02:30:00,25668.21,25669.99,25617.85,25628.4,2192.0,56177452.800000004
2026-01-08 03:00:00,25628.84,25637.75,25621.04,25627.09,1802.0,46180016.18
2026-01-08 03:30:00,25627.06,25633.23,25612.62,25619.18,1544.0,39556013.92
2026-01-08 04:00:00,25619.34,25636.22,25616.51,25626.44,1323.0,33903780.12
2026-01-08 04:30:00,25626.43,25628.34,25616.49,25621.54,1202.0,30797091.080000002
2026-01-08 05:00:00,25622.02,25627.2,25602.7,25605.68,1442.0,36923390.56
2026-01-08 05:30:00,25605.69,25606.6,25580.62,25580.71,1588.0,40622167.48
2026-01-08 06:00:00,25581.07,25584.76,25513.44,25516.85,3267.0,83363548.94999999
2026-01-08 06:30:00,25517.29,25551.37,25513.76,25547.28,2402.0,61364566.559999995
2026-01-08 07:00:00,25547.73,25645.71,25523.19,25601.03,4163.0,106577087.89
2026-01-08 07:30:00,25600.19,25621.73,25584.44,25592.66,2967.0,75933422.22
2026-01-08 08:00:00,25593.05,25630.09,25591.17,25629.77,2982.0,76427974.14
2026-01-08 08:30:00,25629.48,25645.73,25620.7,25623.27,2465.0,63161360.550000004
2026-01-08 09:00:00,25623.51,25638.3,25605.41,25613.94,2369.0,60679423.86
2026-01-08 09:30:00,25613.94,25615.78,25595.59,25613.95,2065.0,52892806.75
2026-01-08 10:00:00,25613.88,25613.88,25588.46,25593.21,2035.0,52082182.35
2026-01-08 10:30:00,25592.73,25618.44,25590.55,25616.88,1748.0,44778306.24
2026-01-08 11:00:00,25617.37,25630.33,25608.09,25623.2,1600.0,40997120.0
2026-01-08 11:30:00,25622.93,25629.77,25584.6,25616.05,2553.0,65397775.65
2026-01-08 12:00:00,25615.39,25623.62,25591.72,25620.69,2559.0,65563345.70999999
2026-01-08 12:30:00,25620.46,25621.95,25599.54,25612.32,2043.0,52325969.76
2026-01-08 13:00:00,25611.84,25654.58,25602.78,25649.39,2341.0,60045221.99
2026-01-08 13:30:00,25649.88,25662.41,25628.4,25642.98,2664.0,68312898.72
2026-01-08 14:00:00,25642.81,25653.41,25616.94,25628.75,2896.0,74220860.0
2026-01-08 14:30:00,25628.2,25645.06,25440.21,25445.59,29459.0,749601635.8100001
2026-01-08 15:00:00,25445.23,25552.28,25411.54,25536.07,17081.0,436181611.67
2026-01-08 15:30:00,25535.73,25545.84,25452.68,25525.59,12687.0,323843160.33
2026-01-08 16:00:00,25525.97,25526.85,25456.76,25467.01,10102.0,257267735.01999998
2026-01-08 16:30:00,25466.45,25518.31,25428.43,25511.41,8225.0,209831347.25
2026-01-08 17:00:00,25510.94,25518.3,25468.25,25477.35,5764.0,146851445.4
2026-01-08 17:30:00,25477.0,25544.55,25475.48,25520.85,4437.0,113236011.44999999
2026-01-08 18:00:00,25520.86,25524.35,25462.27,25500.78,5123.0,130640495.94
2026-01-08 18:30:00,25501.09,25518.85,25467.72,25474.67,4110.0,104700893.69999999
2026-01-08 19:00:00,25474.22,25500.58,25441.32,25472.82,4262.0,108565158.84
2026-01-08 19:30:00,25472.45,25490.91,25458.46,25478.94,3513.0,89507516.22
2026-01-08 20:00:00,25479.24,25528.34,25470.94,25520.82,3620.0,92385368.4
2026-01-08 20:30:00,25521.12,25544.68,25511.94,25526.33,4419.0,112800852.27000001
2026-01-08 21:00:00,25526.63,25546.31,25526.63,25541.85,1667.0,42578263.949999996
2026-01-08 21:30:00,25541.85,25587.32,25541.69,25556.6,1620.0,41401692.0
2026-01-08 23:00:00,25567.18,25572.57,25538.52,25538.91,1633.0,41705040.03
2026-01-08 23:30:00,25539.11,25542.84,25518.23,25521.38,1451.0,37031522.38
2026-01-09 00:00:00,25520.94,25540.05,25518.19,25531.13,1968.0,50245263.84
2026-01-09 00:30:00,25530.92,25540.25,25510.8,25512.32,1855.0,47325353.6
2026-01-09 01:00:00,25512.48,25525.06,25476.94,25483.38,2590.0,66001954.2
2026-01-09 01:30:00,25483.74,25499.66,25473.92,25497.76,2217.0,56528533.919999994
2026-01-09 02:00:00,25497.45,25535.85,25495.72,25534.32,1907.0,48693948.24
2026-01-09 02:30:00,25534.29,25539.76,25519.69,25530.33,1669.0,42610120.77
2026-01-09 03:00:00,25530.33,25536.0,25515.75,25518.2,1612.0,41135338.4
2026-01-09 03:30:00,25518.59,25529.74,25513.29,25520.55,1462.0,37311044.1
2026-01-09 04:00:00,25520.63,25526.06,25504.2,25515.98,1371.0,34982408.58
2026-01-09 04:30:00,25515.79,25526.55,25512.02,25523.5,1389.0,35452141.5
2026-01-09 05:00:00,25523.79,25534.47,25519.25,25526.97,1687.0,43063998.39
2026-01-09 05:30:00,25527.15,25540.85,25513.41,25539.15,1543.0,39406908.45
2026-01-09 06:00:00,25539.25,25548.02,25518.89,25527.88,1610.0,41099886.800000004
2026-01-09 06:30:00,25528.09,25545.34,25527.24,25536.59,1264.0,32278249.76
2026-01-09 07:00:00,25537.09,25537.6,25499.77,25504.56,1500.0,38256840.0
2026-01-09 07:30:00,25504.56,25527.62,25498.67,25518.98,1461.0,37283229.78
2026-01-09 08:00:00,25519.05,25547.22,25518.29,25536.82,2721.0,69485687.22
2026-01-09 08:30:00,25536.63,25544.57,25511.88,25520.9,2510.0,64057459.0
2026-01-09 09:00:00,25520.51,25542.34,25508.42,25542.12,2304.0,58849044.48
2026-01-09 09:30:00,25542.19,25570.56,25542.19,25567.99,2131.0,54485386.690000005
2026-01-09 10:00:00,25568.17,25583.09,25563.36,25575.72,1732.0,44297147.04
2026-01-09 10:30:00,25575.93,25581.1,25568.46,25573.72,1482.0,37900253.04
2026-01-09 11:00:00,25573.63,25594.43,25567.65,25591.83,1690.0,43250192.7
2026-01-09 11:30:00,25591.7,25612.94,25584.61,25587.2,1787.0,45724326.4
2026-01-09 12:00:00,25586.68,25598.89,25567.06,25572.08,1919.0,49072821.52
2026-01-09 12:30:00,25572.35,25595.62,25559.95,25595.6,1828.0,46788756.8
2026-01-09 13:00:00,25595.88,25599.31,25572.67,25587.56,2550.0,65248278.0
2026-01-09 13:30:00,25589.4,25651.31,25584.07,25649.1,5530.0,141839523.0
2026-01-09 14:00:00,25648.42,25667.73,25547.15,25558.8,5699.0,145659601.2
2026-01-09 14:30:00,25559.3,25634.57,25493.51,25579.63,35684.0,912783516.9200001
2026-01-09 15:00:00,25580.06,25702.29,25459.94,25694.83,24006.0,616830088.98
2026-01-09 15:30:00,25695.33,25721.37,25607.15,25658.72,13464.0,345469006.08000004
2026-01-09 16:00:00,25659.09,25746.03,25657.95,25708.83,7688.0,197649485.04000002
2026-01-09 16:30:00,25708.44,25764.11,25689.96,25754.55,5507.0,141830306.85
2026-01-09 17:00:00,25754.19,25769.95,25730.19,25760.34,3669.0,94514687.46
2026-01-09 17:30:00,25759.99,25781.36,25748.98,25767.52,3281.0,84543233.12
2026-01-09 18:00:00,25767.85,25767.85,25725.49,25752.86,3477.0,89542694.22
2026-01-09 18:30:00,25752.44,25813.58,25751.71,25806.52,3023.0,78013109.96000001
2026-01-09 19:00:00,25806.6,25811.35,25793.44,25803.99,2361.0,60923220.39
2026-01-09 19:30:00,25804.22,25817.66,25797.64,25799.47,2254.0,58152005.38
2026-01-09 20:00:00,25799.11,25830.72,25794.69,25812.98,2176.0,56169044.48
2026-01-09 20:30:00,25812.57,25817.81,25776.52,25777.45,3258.0,83982932.10000001
2026-01-09 21:00:00,25777.81,25788.36,25771.72,25779.17,1674.0,43154330.58
2026-01-09 21:30:00,25779.1,25779.16,25769.19,25777.62,674.0,17374115.88
2026-01-11 23:00:00,25800.88,25808.59,25725.93,25757.94,3831.0,98678668.14
2026-01-11 23:30:00,25758.24,25767.41,25749.38,25749.49,2044.0,52631957.56
2026-01-12 00:00:00,25749.45,25757.91,25712.21,25716.88,3631.0,93377991.28
2026-01-12 00:30:00,25717.16,25717.41,25628.32,25644.66,5551.0,142353507.66
2026-01-12 01:00:00,25644.27,25652.09,25605.17,25612.17,5510.0,141123056.7
2026-01-12 01:30:00,25612.18,25641.06,25579.67,25634.81,3906.0,100129567.86
2026-01-12 02:00:00,25634.34,25634.82,25588.33,25598.5,3000.0,76795500.0
2026-01-12 02:30:00,25598.28,25620.88,25597.21,25604.17,2027.0,51899652.589999996
2026-01-12 03:00:00,25604.52,25610.11,25594.99,25602.85,1805.0,46213144.25
2026-01-12 03:30:00,25602.65,25610.03,25567.98,25594.7,2040.0,52213188.0
2026-01-12 04:00:00,25595.26,25596.53,25572.45,25585.71,1797.0,45977520.87
2026-01-12 04:30:00,25585.78,25594.78,25580.14,25583.89,1411.0,36098868.79
2026-01-12 05:00:00,25584.05,25599.76,25550.55,25560.16,2121.0,54213099.36
2026-01-12 05:30:00,25559.46,25559.46,25533.43,25555.41,2023.0,51698594.43
2026-01-12 06:00:00,25555.6,25582.29,25553.09,25567.51,1644.0,42032986.44
2026-01-12 06:30:00,25566.86,25578.46,25560.95,25574.65,1521.0,38899042.65
2026-01-12 07:00:00,25574.79,25603.66,25573.02,25590.79,2070.0,52972935.300000004
2026-01-12 07:30:00,25591.01,25592.88,25581.07,25588.81,1524.0,38997346.440000005
2026-01-12 08:00:00,25587.91,25607.24,25516.63,25534.21,4141.0,105737163.61
2026-01-12 08:30:00,25534.08,25534.53,25490.75,25517.92,4366.0,111411238.72
2026-01-12 09:00:00,25517.46,25557.81,25517.46,25537.01,3413.0,87157815.13
2026-01-12 09:30:00,25536.54,25563.26,25523.88,25554.25,2390.0,61074657.5
2026-01-12 10:00:00,25554.57,25560.9,25541.89,25559.0,2075.0,53034925.0
2026-01-12 10:30:00,25559.42,25576.62,25556.41,25561.65,1745.0,44605079.25
2026-01-12 11:00:00,25561.78,25588.02,25559.83,25574.09,2090.0,53449848.1
2026-01-12 11:30:00,25574.3,25579.57,25565.41,25574.31,1665.0,42581226.15
2026-01-12 12:00:00,25574.18,25597.26,25569.2,25585.0,2147.0,54930995.0
2026-01-12 12:30:00,25584.67,25616.67,25584.39,25608.84,1952.0,49988455.68
2026-01-12 13:00:00,25608.82,25616.83,25582.85,25608.54,2411.0,61742189.940000005
2026-01-12 13:30:00,25608.55,25613.54,25591.19,25597.81,2319.0,59361321.39
2026-01-12 14:00:00,25598.01,25607.93,25574.65,25600.54,3229.0,82664143.66
2026-01-12 14:30:00,25600.17,25779.03,25598.32,25756.22,21179.0,545490983.38
2026-01-12 15:00:00,25755.65,25788.21,25723.16,25776.55,10558.0,272148814.9
2026-01-12 15:30:00,25777.0,25777.55,25719.66,25770.82,7223.0,186142632.85999998
2026-01-12 16:00:00,25770.64,25814.67,25756.66,25796.64,4250.0,109635720.0
2026-01-12 16:30:00,25796.82,25824.51,25777.85,25814.53,3730.0,96288196.89999999
2026-01-12 17:00:00,25814.8,25828.26,25804.14,25817.51,3202.0,82667667.02
2026-01-12 17:30:00,25817.07,25827.13,25793.9,25822.42,2745.0,70882542.89999999
2026-01-12 18:00:00,25822.51,25850.55,25819.64,25844.25,2419.0,62517240.75
2026-01-12 18:30:00,25844.42,25846.55,25828.24,25834.03,1999.0,51642225.97
2026-01-12 19:00:00,25833.93,25857.28,25817.44,25851.42,2181.0,56381947.019999996
2026-01-12 19:30:00,25851.63,25871.91,25850.81,25870.75,2033.0,52595234.75
2026-01-12 20:00:00,25870.51,25875.72,25841.39,25846.53,2128.0,55001415.839999996
2026-01-12 20:30:00,25846.04,25850.67,25806.37,25807.55,3265.0,84261650.75
2026-01-12 21:00:00,25807.14,25829.06,25804.14,25825.96,1340.0,34606786.4
2026-01-12 21:30:00,25826.28,25826.28,25787.89,25797.55,1278.0,32969268.9
2026-01-12 23:00:00,25812.63,25812.63,25772.9,25785.67,1987.0,51236126.29
2026-01-12 23:30:00,25785.65,25789.65,25751.9,25753.81,1730.0,44554091.300000004
2026-01-13 00:00:00,25753.8,25756.79,25740.56,25742.47,2203.0,56710661.410000004
2026-01-13 00:30:00,25742.54,25746.11,25729.96,25733.42,1729.0,44493083.18
2026-01-13 01:00:00,25733.29,25739.69,25728.8,25731.25,1586.0,40809762.5
2026-01-13 01:30:00,25731.05,25749.62,25704.72,25737.4,2243.0,57728988.2
2026-01-13 02:00:00,25737.87,25755.21,25734.43,25737.63,2145.0,55207216.35
2026-01-13 02:30:00,25737.46,25749.71,25732.65,25736.38,1513.0,38939142.940000005
2026-01-13 03:00:00,25736.29,25750.03,25724.78,25742.98,1507.0,38794670.86
2026-01-13 03:30:00,25742.79,25744.96,25720.06,25741.24,1434.0,36912938.160000004
2026-01-13 04:00:00,25741.21,25749.69,25733.43,25742.28,1437.0,36991656.36
2026-01-13 04:30:00,25742.44,25748.78,25727.92,25743.13,1062.0,27339204.060000002
2026-01-13 05:00:00,25743.47,25763.37,25735.88,25763.04,1383.0,35630284.32
2026-01-13 05:30:00,25763.22,25765.07,25741.96,25759.4,1291.0,33255385.400000002
2026-01-13 06:00:00,25759.85,25778.8,25759.14,25776.2,1302.0,33560612.4
2026-01-13 06:30:00,25776.59,25790.45,25769.38,25774.5,1371.0,35336839.5
2026-01-13 07:00:00,25774.75,25783.2,25765.47,25773.43,1579.0,40696245.97
2026-01-13 07:30:00,25773.38,25781.52,25768.47,25775.2,1122.0,28919774.400000002
2026-01-13 08:00:00,25774.87,25781.85,25759.55,25776.69,2361.0,60858765.089999996
2026-01-13 08:30:00,25777.14,25780.47,25754.24,25763.73,1867.0,48100883.91
2026-01-13 09:00:00,25764.18,25794.64,25764.18,25781.91,1863.0,48031698.33
2026-01-13 09:30:00,25781.55,25785.29,25751.76,25768.02,1574.0,40558863.480000004
2026-01-13 10:00:00,25767.6,25772.16,25730.06,25739.09,2101.0,54077828.09
2026-01-13 10:30:00,25738.95,25753.64,25733.98,25736.53,1463.0,37652543.39
2026-01-13 11:00:00,25736.93,25753.44,25734.53,25747.28,1418.0,36509643.04
2026-01-13 11:30:00,25747.36,25758.84,25729.31,25758.84,1877.0,48349342.68
2026-01-13 12:00:00,25758.76,25775.66,25746.76,25773.7,1711.0,44098800.7
2026-01-13 12:30:00,25773.34,25777.45,25747.6,25753.66,1538.0,39609129.08
2026-01-13 13:00:00,25753.63,25769.84,25746.05,25769.05,1949.0,50223878.449999996
2026-01-13 13:30:00,25769.47,25904.12,25769.47,25829.29,8035.0,207538345.15
2026-01-13 14:00:00,25828.22,25858.93,25807.05,25809.15,3123.0,80601975.45
2026-01-13 14:30:00,25808.79,25896.56,25789.72,25804.38,24266.0,626169085.08
2026-01-13 15:00:00,25803.83,25825.45,25668.85,25698.85,15749.0,404731188.65
2026-01-13 15:30:00,25698.35,25759.9,25666.67,25750.2,11146.0,287011729.2
2026-01-13 16:00:00,25750.15,25779.66,25703.05,25761.07,7878.0,202945709.46
2026-01-13 16:30:00,25760.55,25879.63,25749.63,25862.69,6087.0,157426194.03
2026-01-13 17:00:00,25862.71,25871.38,25800.84,25823.1,4891.0,126300782.1
2026-01-13 17:30:00,25823.44,25834.92,25713.62,25732.92,8160.0,209980627.2
2026-01-13 18:00:00,25732.6,25766.65,25708.46,25730.69,7223.0,185852773.87
2026-01-13 18:30:00,25730.29,25759.95,25691.04,25696.79,5264.0,135267902.56
2026-01-13 19:00:00,25697.2,25726.64,25678.87,25722.23,6602.0,169818162.46
2026-01-13 19:30:00,25721.87,25740.1,25699.48,25720.32,4300.0,110597376.0
2026-01-13 20:00:00,25720.22,25720.59,25679.96,25682.3,4002.0,102780564.6
2026-01-13 20:30:00,25681.81,25765.09,25658.5,25757.1,5390.0,138830769.0
2026-01-13 21:00:00,25757.6,25779.62,25757.6,25767.85,1920.0,49474272.0
2026-01-13 21:30:00,25767.69,25767.69,25750.51,25752.52,969.0,24954191.88
2026-01-13 23:00:00,25761.6,25768.24,25742.49,25746.69,1835.0,47245176.15
2026-01-13 23:30:00,25746.5,25757.37,25744.21,25746.27,1397.0,35967539.19
2026-01-14 00:00:00,25746.28,25778.15,25739.61,25777.76,2604.0,67125287.03999999
2026-01-14 00:30:00,25777.97,25779.18,25762.1,25762.22,1431.0,36865736.82
2026-01-14 01:00:00,25761.82,25779.3,25754.45,25776.32,2025.0,52197048.0
2026-01-14 01:30:00,25776.32,25777.45,25734.31,25741.23,2300.0,59204829.0
2026-01-14 02:00:00,25741.44,25752.45,25731.69,25750.21,1856.0,47792389.76
2026-01-14 02:30:00,25750.23,25751.2,25741.31,25748.7,1406.0,36202672.2
2026-01-14 03:00:00,25748.74,25775.15,25745.28,25771.29,1334.0,34378900.86
2026-01-14 03:30:00,25771.28,25780.51,25768.31,25770.18,1328.0,34222799.04
2026-01-14 04:00:00,25769.87,25773.8,25751.26,25756.02,1218.0,31370832.36
2026-01-14 04:30:00,25755.95,25755.95,25728.78,25737.13,1372.0,35311342.36
2026-01-14 05:00:00,25737.12,25738.05,25715.82,25719.74,1871.0,48121633.54000001
2026-01-14 05:30:00,25719.64,25729.67,25708.3,25711.37,1516.0,38978436.92
2026-01-14 06:00:00,25711.39,25713.34,25694.46,25705.33,1935.0,49739813.550000004
2026-01-14 06:30:00,25705.63,25718.61,25691.13,25713.1,2021.0,51966175.099999994
2026-01-14 07:00:00,25713.36,25719.15,25702.44,25712.4,1684.0,43299681.6
2026-01-14 07:30:00,25712.57,25724.44,25708.65,25716.14,1260.0,32402336.4
2026-01-14 08:00:00,25715.9,25728.69,25705.4,25719.37,2599.0,66844642.629999995
2026-01-14 08:30:00,25719.37,25721.44,25696.51,25713.27,2228.0,57289165.56
2026-01-14 09:00:00,25713.69,25733.94,25710.15,25720.85,1903.0,48946777.55
2026-01-14 09:30:00,25720.98,25724.93,25691.92,25707.47,1794.0,46119201.18
2026-01-14 10:00:00,25707.99,25708.45,25613.7,25627.54,3331.0,85365335.74000001
2026-01-14 10:30:00,25627.35,25631.01,25570.03,25594.79,4685.0,119911591.15
2026-01-14 11:00:00,25594.51,25621.0,25572.88,25614.78,3503.0,89728574.33999999
2026-01-14 11:30:00,25615.24,25624.01,25594.02,25598.89,2751.0,70422546.39
2026-01-14 12:00:00,25598.38,25634.94,25557.24,25629.79,3871.0,99212917.09
2026-01-14 12:30:00,25629.45,25639.28,25624.75,25634.98,2226.0,57063465.48
2026-01-14 13:00:00,25634.11,25652.99,25609.82,25652.17,3548.0,91013899.16
2026-01-14 13:30:00,25651.93,25659.16,25588.82,25609.98,5013.0,128382829.74
2026-01-14 14:00:00,25610.38,25628.5,25590.67,25595.75,3527.0,90276210.25
2026-01-14 14:30:00,25596.15,25646.16,25439.32,25442.67,35542.0,904283377.14
2026-01-14 15:00:00,25442.02,25550.98,25389.2,25468.34,30628.0,780044317.52
2026-01-14 15:30:00,25467.71,25487.95,25328.41,25345.51,15545.0,393995952.95
2026-01-14 16:00:00,25345.08,25441.0,25340.74,25430.04,9096.0,231311643.84
2026-01-14 16:30:00,25429.58,25442.68,25294.09,25313.34,9854.0,249437652.36
2026-01-14 17:00:00,25312.84,25356.7,25288.35,25344.0,7638.0,193577472.0
2026-01-14 17:30:00,25344.64,25360.48,25285.13,25301.0,7408.0,187429808.0
2026-01-14 18:00:00,25301.22,25350.67,25296.33,25348.71,6924.0,175514468.04
2026-01-14 18:30:00,25348.52,25377.46,25272.67,25366.65,6966.0,176704083.9
2026-01-14 19:00:00,25366.76,25375.96,25337.9,25364.5,7163.0,181685913.5
2026-01-14 19:30:00,25364.96,25384.7,25344.11,25351.47,5153.0,130636124.91000001
2026-01-14 20:00:00,25351.13,25444.47,25313.81,25415.26,12234.0,310930290.84
2026-01-14 20:30:00,25415.25,25496.24,25414.41,25490.22,9706.0,247408075.32000002
2026-01-14 21:00:00,25490.68,25511.04,25469.15,25473.8,3005.0,76548769.0
2026-01-14 21:30:00,25473.38,25481.46,25405.36,25463.61,3260.0,83011368.60000001
2026-01-14 23:00:00,25456.91,25473.55,25421.07,25454.05,3120.0,79416636.0
2026-01-14 23:30:00,25454.08,25468.38,25444.6,25463.62,2244.0,57140363.28
2026-01-15 00:00:00,25463.25,25465.87,25445.7,25451.55,2301.0,58564016.55
2026-01-15 00:30:00,25451.6,25467.17,25444.55,25461.14,1671.0,42545564.94
2026-01-15 01:00:00,25460.62,25500.89,25460.13,25472.64,3426.0,87269264.64
2026-01-15 01:30:00,25472.39,25489.73,25420.97,25487.79,4054.0,103327500.66
2026-01-15 02:00:00,25487.74,25491.83,25463.91,25465.47,2446.0,62288539.620000005
2026-01-15 02:30:00,25465.95,25474.2,25455.18,25466.97,2128.0,54193712.160000004
2026-01-15 03:00:00,25467.76,25485.2,25455.57,25455.57,1924.0,48976516.68
2026-01-15 03:30:00,25455.59,25473.66,25438.15,25440.14,2597.0,66068043.58
2026-01-15 04:00:00,25440.27,25457.42,25435.83,25448.8,2049.0,52144591.199999996
2026-01-15 04:30:00,25448.61,25450.6,25427.79,25437.0,1907.0,48508359.0
2026-01-15 05:00:00,25436.72,25477.31,25434.63,25468.55,2228.0,56743929.4
2026-01-15 05:30:00,25468.56,25505.66,25467.18,25480.31,2938.0,74861150.78
2026-01-15 06:00:00,25480.14,25577.67,25469.8,25557.16,4661.0,119121922.76
2026-01-15 06:30:00,25557.5,25580.58,25543.1,25557.83,2946.0,75293367.18
2026-01-15 07:00:00,25557.81,25564.92,25535.64,25540.73,2624.0,67018875.519999996
2026-01-15 07:30:00,25540.86,25559.33,25534.97,25544.8,2494.0,63708731.199999996
2026-01-15 08:00:00,25545.19,25601.44,25530.34,25569.4,4662.0,119204542.80000001
2026-01-15 08:30:00,25569.27,25597.94,25567.19,25594.68,2864.0,73303163.52
2026-01-15 09:00:00,25594.35,25662.65,25590.31,25658.28,3257.0,83569017.96
2026-01-15 09:30:00,25658.28,25686.67,25658.28,25666.3,2496.0,64063084.8
2026-01-15 10:00:00,25665.95,25684.51,25657.04,25672.18,2396.0,61510543.28
2026-01-15 10:30:00,25672.1,25683.89,25667.7,25674.04,1779.0,45674117.160000004
2026-01-15 11:00:00,25674.39,25702.0,25673.6,25687.3,2217.0,56948744.1
2026-01-15 11:30:00,25687.26,25710.98,25683.95,25697.58,1835.0,47155059.300000004
2026-01-15 12:00:00,25697.08,25699.67,25676.39,25690.49,2497.0,64149153.53
2026-01-15 12:30:00,25690.82,25708.4,25671.32,25707.51,2379.0,61158166.29
2026-01-15 13:00:00,25706.95,25727.51,25689.25,25723.51,2660.0,68424536.6
2026-01-15 13:30:00,25723.3,25769.64,25709.83,25746.76,3600.0,92688336.0
2026-01-15 14:00:00,25746.94,25804.0,25745.0,25777.33,3223.0,83080334.59
2026-01-15 14:30:00,25777.04,25810.88,25697.5,25721.49,26528.0,682339686.72
2026-01-15 15:00:00,25721.03,25773.63,25699.17,25721.46,15811.0,406682004.06
2026-01-15 15:30:00,25721.85,25782.52,25663.49,25740.0,13706.0,352792440.0
2026-01-15 16:00:00,25739.55,25784.7,25733.42,25759.51,7462.0,192217463.61999997
2026-01-15 16:30:00,25759.06,25791.08,25735.49,25777.36,5587.0,144018110.32
2026-01-15 17:00:00,25777.06,25790.24,25733.03,25736.18,4512.0,116121644.16
2026-01-15 17:30:00,25736.17,25750.72,25703.82,25710.36,5178.0,133128244.08
2026-01-15 18:00:00,25710.47,25753.88,25706.01,25752.74,4216.0,108573551.84
2026-01-15 18:30:00,25752.5,25765.14,25733.47,25740.24,3471.0,89344373.04
2026-01-15 19:00:00,25739.78,25739.78,25651.56,25658.7,6238.0,160058970.6
2026-01-15 19:30:00,25658.4,25660.13,25602.5,25613.02,8619.0,220758619.38
2026-01-15 20:00:00,25612.56,25628.12,25548.79,25576.11,8094.0,207013034.34
2026-01-15 20:30:00,25576.58,25583.65,25538.84,25575.02,7812.0,199792056.24
2026-01-15 21:00:00,25575.38,25585.13,25552.94,25558.7,2070.0,52906509.0
2026-01-15 21:30:00,25558.54,25567.78,25554.04,25565.44,850.0,21730624.0
2026-01-15 23:00:00,25582.24,25595.5,25566.65,25594.34,1840.0,47093585.6
2026-01-15 23:30:00,25594.24,25612.81,25584.81,25603.45,1342.0,34359829.9
2026-01-16 00:00:00,25603.93,25615.79,25593.75,25611.19,2075.0,53143219.25
2026-01-16 00:30:00,25611.34,25624.2,25609.78,25622.47,1299.0,33283588.53
2026-01-16 01:00:00,25622.53,25637.92,25610.81,25622.66,1916.0,49093016.56
2026-01-16 01:30:00,25622.49,25645.2,25621.61,25632.04,2050.0,52545682.0
2026-01-16 02:00:00,25631.57,25651.57,25625.22,25651.57,1692.0,43402456.44
2026-01-16 02:30:00,25651.58,25659.61,25649.54,25650.32,1344.0,34474030.08
2026-01-16 03:00:00,25650.51,25662.53,25649.04,25653.11,1140.0,29244545.400000002
2026-01-16 03:30:00,25653.16,25658.09,25647.34,25649.79,975.0,25008545.25
2026-01-16 04:00:00,25649.95,25672.52,25647.47,25665.35,1254.0,32184348.9
2026-01-16 04:30:00,25665.08,25673.39,25659.21,25672.96,1007.0,25852670.72
2026-01-16 05:00:00,25673.03,25682.71,25665.75,25681.51,1327.0,34079363.769999996
2026-01-16 05:30:00,25681.46,25683.06,25667.71,25670.82,1194.0,30650959.08
2026-01-16 06:00:00,25670.7,25683.66,25666.82,25675.62,1208.0,31016148.959999997
2026-01-16 06:30:00,25675.54,25689.81,25672.48,25686.28,983.0,25249613.24
2026-01-16 07:00:00,25686.36,25691.4,25678.09,25685.17,1039.0,26686891.63
2026-01-16 07:30:00,25685.04,25699.7,25670.32,25686.26,1285.0,33006844.099999998
2026-01-16 08:00:00,25685.85,25707.27,25675.68,25679.94,2155.0,55340270.699999996
2026-01-16 08:30:00,25679.91,25696.18,25657.85,25680.26,2036.0,52285009.36
2026-01-16 09:00:00,25679.68,25702.68,25672.29,25701.46,2173.0,55849272.58
2026-01-16 09:30:00,25701.72,25704.23,25676.67,25677.21,1642.0,42161978.82
2026-01-16 10:00:00,25677.6,25703.58,25672.9,25699.55,1461.0,37547042.55
2026-01-16 10:30:00,25699.38,25725.59,25699.38,25716.31,1747.0,44926393.57
2026-01-16 11:00:00,25716.68,25733.76,25708.63,25728.94,1636.0,42092545.839999996
2026-01-16 11:30:00,25729.14,25729.79,25687.99,25695.3,1890.0,48564117.0
2026-01-16 12:00:00,25695.04,25705.5,25682.81,25696.12,2282.0,58638545.839999996
2026-01-16 12:30:00,25696.37,25714.7,25668.48,25693.44,2462.0,63257249.279999994
2026-01-16 13:00:00,25693.43,25696.33,25665.01,25686.58,2566.0,65911764.28
2026-01-16 13:30:00,25686.12,25700.65,25672.36,25688.79,2558.0,65711924.82
2026-01-16 14:00:00,25688.7,25740.01,25685.63,25731.13,3732.0,96028577.16
2026-01-16 14:30:00,25731.52,25753.35,25589.4,25591.49,19396.0,496372540.04
2026-01-16 15:00:00,25591.93,25627.66,25527.06,25530.03,12012.0,306666720.36
2026-01-16 15:30:00,25529.55,25544.5,25455.1,25543.65,11397.0,291120979.05
2026-01-16 16:00:00,25543.15,25580.85,25524.17,25578.12,7302.0,186771432.23999998
2026-01-16 16:30:00,25578.54,25614.0,25549.39,25579.36,4972.0,127180577.92
2026-01-16 17:00:00,25577.85,25583.79,25558.89,25565.14,5075.0,129743085.5
2026-01-16 17:30:00,25564.64,25576.73,25521.94,25524.01,4506.0,115011189.05999999
2026-01-16 18:00:00,25524.52,25592.63,25517.91,25583.25,4021.0,102870248.25
2026-01-16 18:30:00,25583.01,25595.05,25573.45,25579.76,3060.0,78274065.6
2026-01-16 19:00:00,25579.51,25610.88,25534.55,25542.79,4666.0,119182658.14
2026-01-16 19:30:00,25543.14,25590.06,25540.04,25577.41,3608.0,92283295.28
2026-01-16 20:00:00,25576.97,25590.45,25565.03,25572.91,3637.0,93008673.67
2026-01-16 20:30:00,25572.46,25583.41,25542.83,25546.75,6841.0,174765316.75
2026-01-16 21:00:00,25546.36,25563.99,25532.65,25548.09,2181.0,55720384.29
2026-01-16 21:30:00,25547.77,25550.1,25541.5,25545.95,714.0,18239808.3
2026-01-18 23:00:00,25331.47,25342.28,25265.39,25309.55,9747.0,246692183.85
2026-01-18 23:30:00,25309.37,25337.3,25292.06,25336.56,4662.0,118119042.72
2026-01-19 00:00:00,25337.02,25338.85,25252.44,25256.54,6027.0,152221166.58
2026-01-19 00:30:00,25256.94,25317.84,25244.97,25298.07,4070.0,102963144.9
2026-01-19 01:00:00,25298.47,25320.44,25269.11,25277.73,4451.0,112511176.23
2026-01-19 01:30:00,25278.02,25291.65,25256.46,25268.08,3928.0,99253018.24000001
2026-01-19 02:00:00,25268.49,25293.31,25261.94,25281.42,3369.0,85173103.97999999
2026-01-19 02:30:00,25281.06,25289.02,25277.59,25286.26,1974.0,49915077.239999995
2026-01-19 03:00:00,25285.99,25287.91,25238.66,25250.58,2567.0,64818238.86000001
2026-01-19 03:30:00,25250.95,25264.04,25234.35,25256.57,2682.0,67738120.74
2026-01-19 04:00:00,25256.88,25262.02,25241.37,25258.6,1910.0,48243926.0
2026-01-19 04:30:00,25258.76,25264.14,25244.7,25249.61,1595.0,40273127.95
2026-01-19 05:00:00,25249.43,25284.59,25241.08,25284.28,2025.0,51200667.0
2026-01-19 05:30:00,25284.33,25288.4,25262.5,25263.34,1836.0,46383492.24
2026-01-19 06:00:00,25263.43,25280.07,25260.99,25269.92,1670.0,42200766.4
2026-01-19 06:30:00,25270.45,25283.62,25250.29,25254.53,1870.0,47225971.1
2026-01-19 07:00:00,25254.36,25261.92,25220.25,25229.16,3311.0,83533748.76
2026-01-19 07:30:00,25229.33,25238.88,25195.63,25221.73,3576.0,90192906.48
2026-01-19 08:00:00,25222.33,25275.31,25217.95,25251.6,4978.0,125702464.8
2026-01-19 08:30:00,25251.93,25279.88,25243.61,25260.24,3401.0,85910076.24000001
2026-01-19 09:00:00,25260.73,25265.71,25168.74,25194.16,4826.0,121587016.16
2026-01-19 09:30:00,25193.59,25205.67,25132.04,25150.5,5518.0,138780459.0
2026-01-19 10:00:00,25150.28,25182.41,25127.4,25175.24,3925.0,98812817.0
2026-01-19 10:30:00,25175.42,25178.48,25135.51,25138.44,3171.0,79713993.24
2026-01-19 11:00:00,25138.76,25183.85,25134.69,25183.59,3272.0,82400706.48
2026-01-19 11:30:00,25183.27,25186.55,25149.72,25160.46,2907.0,73141457.22
2026-01-19 12:00:00,25160.03,25177.45,25141.27,25173.18,2800.0,70484904.0
2026-01-19 12:30:00,25173.4,25218.1,25164.19,25198.01,2727.0,68714973.27
2026-01-19 13:00:00,25198.41,25213.33,25153.89,25168.84,3077.0,77444520.68
2026-01-19 13:30:00,25168.9,25203.58,25160.61,25190.49,2696.0,67913561.04
2026-01-19 14:00:00,25190.2,25216.65,25151.7,25162.67,4249.0,106916184.83
2026-01-19 14:30:00,25162.45,25186.91,25106.73,25185.75,5837.0,147009222.75
2026-01-19 15:00:00,25185.48,25212.84,25157.7,25188.14,4461.0,112364292.53999999
2026-01-19 15:30:00,25188.3,25203.12,25168.95,25196.17,4100.0,103304297.0
2026-01-19 16:00:00,25196.62,25252.82,25190.76,25205.83,3411.0,85977086.13000001
2026-01-19 16:30:00,25205.22,25252.65,25204.32,25248.22,2676.0,67564236.72
2026-01-19 17:00:00,25248.14,25280.57,25242.52,25278.35,2049.0,51795339.15
2026-01-19 17:30:00,25278.56,25286.18,25263.49,25266.39,2184.0,55181795.76
2026-01-19 23:00:00,25263.82,25276.29,25239.18,25260.38,2783.0,70299637.54
2026-01-19 23:30:00,25260.83,25272.66,25244.88,25251.13,2008.0,50704269.04
2026-01-20 00:00:00,25250.69,25252.87,25196.7,25203.88,3473.0,87533075.24000001
2026-01-20 00:30:00,25203.87,25275.98,25201.7,25233.5,3214.0,81100469.0
2026-01-20 01:00:00,25234.35,25294.86,25234.35,25292.48,4364.0,110376382.72
2026-01-20 01:30:00,25292.13,25304.34,25286.19,25291.92,2736.0,69198693.11999999
2026-01-20 02:00:00,25291.88,25307.01,25263.7,25279.59,2718.0,68709925.62
2026-01-20 02:30:00,25279.95,25310.06,25279.95,25296.43,2301.0,58207085.43
2026-01-20 03:00:00,25296.19,25303.25,25284.81,25289.75,1769.0,44737567.75
2026-01-20 03:30:00,25289.49,25292.08,25275.42,25281.82,2044.0,51676040.08
2026-01-20 04:00:00,25282.06,25283.8,25264.36,25274.85,1763.0,44559560.55
2026-01-20 04:30:00,25274.92,25282.1,25242.52,25252.89,1875.0,47349168.75
2026-01-20 05:00:00,25252.42,25284.31,25239.19,25279.38,2640.0,66737563.2
2026-01-20 05:30:00,25279.18,25284.26,25252.53,25254.85,2317.0,58515487.449999996
2026-01-20 06:00:00,25254.73,25262.28,25167.76,25175.54,3915.0,98562239.10000001
2026-01-20 06:30:00,25174.9,25187.36,25131.95,25182.74,4874.0,122740674.76
2026-01-20 07:00:00,25183.15,25192.29,25129.66,25168.91,4147.0,104375469.77
2026-01-20 07:30:00,25168.52,25172.85,25129.93,25155.79,3870.0,97352907.3
2026-01-20 08:00:00,25155.37,25162.11,25098.24,25109.22,7059.0,177245983.98000002
2026-01-20 08:30:00,25108.76,25109.08,25039.18,25073.14,6861.0,172026813.54
2026-01-20 09:00:00,25073.71,25092.29,25002.02,25014.59,7961.0,199141150.99
2026-01-20 09:30:00,25014.92,25015.18,24967.27,25005.76,7276.0,181941909.76
2026-01-20 10:00:00,25005.66,25078.37,24980.31,25066.73,5143.0,128918192.39
2026-01-20 10:30:00,25066.94,25075.13,25037.63,25046.04,4330.0,108449353.2
2026-01-20 11:00:00,25045.87,25098.67,25044.12,25072.37,4548.0,114029138.75999999
2026-01-20 11:30:00,25071.94,25092.34,25046.68,25076.57,4167.0,104494067.19
2026-01-20 12:00:00,25076.46,25125.85,25062.94,25104.6,5789.0,145330529.4
2026-01-20 12:30:00,25104.6,25153.99,25097.7,25128.21,4367.0,109734893.07
2026-01-20 13:00:00,25128.58,25147.1,25093.95,25118.18,5467.0,137321090.06
2026-01-20 13:30:00,25117.94,25121.32,25052.21,25083.23,8732.0,219026764.35999998
2026-01-20 14:00:00,25082.69,25123.1,25072.44,25116.7,5980.0,150197866.0
2026-01-20 14:30:00,25116.23,25240.58,25106.12,25196.3,46760.0,1178178988.0
2026-01-20 15:00:00,25195.84,25235.59,25127.5,25234.78,28750.0,725499925.0
2026-01-20 15:30:00,25234.45,25290.33,25186.26,25235.57,15875.0,400614673.75
2026-01-20 16:00:00,25235.91,25302.36,25208.07,25278.44,14265.0,360596946.59999996
2026-01-20 16:30:00,25278.09,25303.56,25211.84,25273.84,13030.0,329318135.2
2026-01-20 17:00:00,25274.22,25281.15,25199.77,25210.92,11184.0,281958929.28
2026-01-20 17:30:00,25211.32,25211.32,25130.77,25165.6,9397.0,236481143.2
2026-01-20 18:00:00,25165.98,25184.1,25117.96,25121.22,6783.0,170397235.26000002
2026-01-20 18:30:00,25120.74,25128.91,25045.26,25073.6,7479.0,187525454.39999998
2026-01-20 19:00:00,25073.56,25098.54,25023.78,25035.84,7509.0,187994122.56
2026-01-20 19:30:00,25035.57,25053.39,25002.32,25042.83,8450.0,211611913.5
2026-01-20 20:00:00,25043.35,25043.35,24990.01,25002.4,8539.0,213495493.60000002
2026-01-20 20:30:00,25002.77,25017.68,24973.16,25016.35,8829.0,220869354.14999998
2026-01-20 21:00:00,25016.04,25040.68,25002.22,25017.89,3846.0,96218804.94
2026-01-20 21:30:00,25017.67,25019.4,24996.73,25017.12,1718.0,42979412.16
2026-01-20 23:00:00,25019.29,25050.94,25013.88,25030.8,2462.0,61625829.6
2026-01-20 23:30:00,25030.8,25040.16,24980.17,24992.32,2572.0,64280247.04
2026-01-21 00:00:00,24992.57,25034.87,24992.57,25033.47,2950.0,73848736.5
2026-01-21 00:30:00,25033.65,25061.89,25030.97,25054.73,1984.0,49708584.32
2026-01-21 01:00:00,25055.17,25093.45,25055.03,25086.36,2012.0,50473756.32
2026-01-21 01:30:00,25086.82,25094.8,25074.07,25078.16,2103.0,52739370.48
2026-01-21 02:00:00,25078.37,25085.15,25054.22,25054.74,2355.0,59003912.7
2026-01-21 02:30:00,25054.66,25067.31,25044.69,25055.97,2567.0,64318674.99
2026-01-21 03:00:00,25056.24,25103.49,25055.52,25098.14,2257.0,56646501.98
2026-01-21 03:30:00,25098.4,25102.42,25062.47,25073.95,2365.0,59299891.75
2026-01-21 04:00:00,25073.51,25089.53,25059.25,25082.85,2144.0,53777630.4
2026-01-21 04:30:00,25082.67,25088.39,25069.91,25072.92,1798.0,45081110.16
2026-01-21 05:00:00,25072.92,25095.9,25061.57,25086.74,1849.0,46385382.260000005
2026-01-21 05:30:00,25086.9,25101.84,25086.9,25096.48,1401.0,35160168.48
2026-01-21 06:00:00,25096.43,25106.6,25085.75,25096.27,1701.0,42688755.27
2026-01-21 06:30:00,25096.56,25107.06,25068.36,25073.03,1705.0,42749516.15
2026-01-21 07:00:00,25072.79,25122.68,25069.76,25115.45,2177.0,54676334.65
2026-01-21 07:30:00,25115.05,25115.74,25080.29,25087.57,1746.0,43802897.22
2026-01-21 08:00:00,25087.04,25108.74,25070.55,25095.93,3808.0,95565301.44
2026-01-21 08:30:00,25095.95,25103.61,25080.0,25080.02,2716.0,68117334.32000001
2026-01-21 09:00:00,25080.34,25100.67,25058.52,25071.31,3145.0,78849269.95
2026-01-21 09:30:00,25071.06,25071.78,25005.26,25005.81,3588.0,89720846.28
2026-01-21 10:00:00,25005.82,25058.81,24998.35,25053.11,3545.0,88813274.95
2026-01-21 10:30:00,25053.47,25064.07,25027.97,25029.3,2364.0,59169265.199999996
2026-01-21 11:00:00,25028.94,25035.54,25010.58,25018.19,2956.0,73953769.64
2026-01-21 11:30:00,25018.61,25034.07,24917.2,24923.96,4853.0,120955977.88
2026-01-21 12:00:00,24926.79,24966.28,24903.22,24948.82,5492.0,137018919.44
2026-01-21 12:30:00,24948.87,24966.68,24910.07,24963.31,4170.0,104097002.7
2026-01-21 13:00:00,24963.7,24989.94,24947.82,24952.54,3818.0,95268797.72
2026-01-21 13:30:00,24952.1,25000.53,24918.3,24960.47,6877.0,171653152.19
2026-01-21 14:00:00,24960.14,25133.19,24949.96,25072.47,16502.0,413745899.94
2026-01-21 14:30:00,25072.01,25215.29,25004.87,25201.78,34449.0,868176119.2199999
2026-01-21 15:00:00,25201.76,25262.77,25171.44,25255.87,18323.0,462763306.01
2026-01-21 15:30:00,25256.21,25364.25,25254.15,25345.9,9532.0,241597118.8
2026-01-21 16:00:00,25346.38,25370.22,25319.43,25333.4,9721.0,246265981.4
2026-01-21 16:30:00,25333.77,25336.34,25097.35,25106.18,18177.0,456355033.86
2026-01-21 17:00:00,25106.26,25138.42,25019.48,25081.64,17506.0,439079189.84
2026-01-21 17:30:00,25082.04,25136.3,25045.7,25122.04,16380.0,411499015.2
2026-01-21 18:00:00,25121.7,25127.5,25027.8,25112.04,14859.0,373139802.36
2026-01-21 18:30:00,25111.68,25170.03,25080.39,25158.52,11666.0,293499294.32
2026-01-21 19:00:00,25158.23,25331.39,25108.7,25303.92,13288.0,336238488.96
2026-01-21 19:30:00,25304.63,25514.79,25295.54,25512.54,25215.0,643298696.1
2026-01-21 20:00:00,25513.01,25526.58,25359.92,25360.93,15889.0,402959816.77
2026-01-21 20:30:00,25361.3,25389.97,25320.8,25346.28,12905.0,327093743.4
2026-01-21 21:00:00,25345.77,25405.28,25345.2,25387.64,3451.0,87612745.64
2026-01-21 21:30:00,25387.8,25389.39,25374.84,25383.0,1614.0,40968162.0
2026-01-21 23:00:00,25411.83,25447.04,25411.83,25435.45,2305.0,58628712.25
2026-01-21 23:30:00,25435.65,25437.14,25401.5,25429.95,2081.0,52919725.95
2026-01-22 00:00:00,25430.33,25459.79,25416.95,25444.17,3057.0,77782827.69
2026-01-22 00:30:00,25444.21,25456.15,25424.74,25437.73,2416.0,61457555.68
2026-01-22 01:00:00,25437.63,25469.32,25430.8,25468.11,2510.0,63924956.1
2026-01-22 01:30:00,25467.8,25478.27,25463.48,25472.3,2059.0,52447465.699999996
2026-01-22 02:00:00,25472.7,25480.05,25455.74,25460.78,1648.0,41959365.44
2026-01-22 02:30:00,25461.05,25461.05,25443.04,25445.65,1713.0,43588398.45
2026-01-22 03:00:00,25445.94,25472.59,25445.94,25462.31,1809.0,46061318.79
2026-01-22 03:30:00,25462.59,25469.69,25454.13,25467.66,1670.0,42530992.2
2026-01-22 04:00:00,25467.71,25467.71,25444.19,25454.21,1778.0,45257585.379999995
2026-01-22 04:30:00,25453.77,25457.54,25444.75,25452.98,1379.0,35099659.42
2026-01-22 05:00:00,25453.0,25454.83,25440.13,25444.97,1548.0,39388813.56
2026-01-22 05:30:00,25444.79,25446.36,25406.09,25411.49,1996.0,50721334.04000001
2026-01-22 06:00:00,25411.48,25425.88,25361.5,25368.32,3358.0,85186818.56
2026-01-22 06:30:00,25368.28,25423.95,25364.82,25417.52,2618.0,66543067.36
2026-01-22 07:00:00,25417.45,25428.13,25377.02,25412.47,3082.0,78321232.54
2026-01-22 07:30:00,25412.87,25471.15,25411.59,25466.29,3425.0,87222043.25
2026-01-22 08:00:00,25465.89,25546.27,25460.47,25529.53,4686.0,119631377.58
2026-01-22 08:30:00,25529.54,25584.89,25518.48,25561.37,4206.0,107511122.22
2026-01-22 09:00:00,25561.07,25593.15,25550.93,25571.13,3285.0,84001162.05
2026-01-22 09:30:00,25571.16,25590.14,25567.63,25576.63,2195.0,56140702.85
2026-01-22 10:00:00,25577.01,25581.3,25548.5,25565.93,2885.0,73757708.05
2026-01-22 10:30:00,25566.18,25575.48,25561.09,25566.18,2007.0,51311323.26
2026-01-22 11:00:00,25566.37,25591.83,25544.91,25559.36,3199.0,81764392.64
2026-01-22 11:30:00,25559.39,25580.12,25550.32,25554.35,3136.0,80138441.6
2026-01-22 12:00:00,25553.95,25569.23,25538.18,25563.06,2832.0,72394585.92
2026-01-22 12:30:00,25562.6,25574.98,25549.74,25570.57,2616.0,66892611.12
2026-01-22 13:00:00,25570.28,25586.73,25556.66,25582.35,2677.0,68483950.95
2026-01-22 13:30:00,25581.78,25618.24,25557.88,25615.25,3995.0,102332923.75
2026-01-22 14:00:00,25615.21,25617.87,25583.58,25607.06,3659.0,93696232.54
2026-01-22 14:30:00,25607.38,25608.04,25432.74,25458.5,27618.0,703112853.0
2026-01-22 15:00:00,25458.2,25488.09,25415.95,25470.38,21888.0,557495677.44
2026-01-22 15:30:00,25470.65,25536.8,25450.51,25484.64,11014.0,280687824.96
2026-01-22 16:00:00,25484.35,25563.27,25482.49,25550.64,7499.0,191604249.35999998
2026-01-22 16:30:00,25550.86,25577.83,25538.76,25548.31,5260.0,134384110.6
2026-01-22 17:00:00,25547.73,25572.13,25531.49,25556.74,5733.0,146516790.42000002
2026-01-22 17:30:00,25557.12,25598.06,25557.12,25589.11,3848.0,98466895.28
2026-01-22 18:00:00,25588.86,25598.1,25560.73,25575.49,4483.0,114654921.67
2026-01-22 18:30:00,25575.1,25586.74,25544.78,25551.84,3837.0,98042410.08
2026-01-22 19:00:00,25551.4,25591.76,25548.74,25586.73,3692.0,94466207.16
2026-01-22 19:30:00,25587.27,25590.23,25512.47,25517.62,4781.0,121999741.22
2026-01-22 20:00:00,25517.27,25541.98,25486.8,25487.4,5407.0,137810371.8
2026-01-22 20:30:00,25487.03,25543.14,25462.99,25540.75,6810.0,173932507.5
2026-01-22 21:00:00,25541.15,25554.08,25507.24,25538.9,3643.0,93038212.7
2026-01-22 21:30:00,25538.92,25539.96,25487.78,25507.04,1432.0,36526081.28
2026-01-22 23:00:00,25496.85,25501.79,25460.07,25495.78,3083.0,78603489.74
2026-01-22 23:30:00,25495.82,25509.6,25481.83,25498.34,1717.0,43780649.78
2026-01-23 00:00:00,25497.98,25518.57,25477.89,25508.26,2767.0,70581355.42
2026-01-23 00:30:00,25507.6,25534.64,25503.38,25534.47,1334.0,34062982.980000004
2026-01-23 01:00:00,25534.29,25562.97,25529.65,25546.22,2405.0,61438659.1
2026-01-23 01:30:00,25545.72,25568.05,25541.81,25567.34,2314.0,59162824.76
2026-01-23 02:00:00,25567.69,25569.46,25553.8,25557.18,1481.0,37850183.58
2026-01-23 02:30:00,25557.12,25557.65,25546.17,25549.54,1302.0,33265501.080000002
2026-01-23 03:00:00,25549.41,25588.55,25548.91,25582.35,1540.0,39396819.0
2026-01-23 03:30:00,25582.36,25584.41,25570.79,25576.44,1247.0,31893820.68
2026-01-23 04:00:00,25576.18,25580.33,25567.0,25578.21,1284.0,32842421.64
2026-01-23 04:30:00,25578.19,25587.9,25570.31,25580.37,1315.0,33638186.55
2026-01-23 05:00:00,25580.82,25592.25,25574.27,25583.7,1502.0,38426717.4
2026-01-23 05:30:00,25583.41,25594.87,25579.47,25593.8,1102.0,28204367.599999998
2026-01-23 06:00:00,25593.98,25611.87,25593.98,25603.57,1489.0,38123715.73
2026-01-23 06:30:00,25603.06,25608.11,25584.5,25585.89,1407.0,35999347.23
2026-01-23 07:00:00,25586.21,25604.87,25577.53,25598.86,1716.0,43927643.76
2026-01-23 07:30:00,25599.04,25599.44,25563.42,25572.89,2090.0,53447340.1
2026-01-23 08:00:00,25572.79,25572.79,25501.6,25509.84,3839.0,97932275.76
2026-01-23 08:30:00,25510.72,25515.46,25462.3,25482.32,3860.0,98361755.2
2026-01-23 09:00:00,25482.12,25510.23,25474.11,25483.9,4065.0,103592053.5
2026-01-23 09:30:00,25483.6,25485.98,25422.06,25439.04,4406.0,112084410.24000001
2026-01-23 10:00:00,25438.37,25455.26,25431.0,25442.81,3142.0,79941309.02000001
2026-01-23 10:30:00,25442.55,25454.8,25431.26,25454.8,2521.0,64171550.8
2026-01-23 11:00:00,25455.03,25525.73,25452.48,25524.53,4937.0,126014604.61
2026-01-23 11:30:00,25524.95,25537.05,25476.85,25486.38,2811.0,71642214.18
2026-01-23 12:00:00,25486.29,25506.11,25476.67,25496.63,3095.0,78912069.85000001
2026-01-23 12:30:00,25496.77,25511.91,25463.82,25508.22,2802.0,71474032.44
2026-01-23 13:00:00,25508.41,25514.59,25452.32,25452.4,3206.0,81600394.4
2026-01-23 13:30:00,25452.75,25484.18,25440.34,25450.76,3757.0,95618505.32
2026-01-23 14:00:00,25450.41,25491.47,25436.81,25486.94,3821.0,97385597.74
2026-01-23 14:30:00,25486.52,25546.74,25443.48,25546.74,23253.0,594038345.22
2026-01-23 15:00:00,25547.27,25644.18,25545.61,25627.39,12819.0,328517512.40999997
2026-01-23 15:30:00,25627.7,25708.93,25626.31,25707.79,6377.0,163938576.83
2026-01-23 16:00:00,25708.45,25726.95,25660.12,25671.31,5354.0,137444193.74
2026-01-23 16:30:00,25670.93,25707.09,25642.1,25667.6,6573.0,168713134.79999998
2026-01-23 17:00:00,25667.96,25686.66,25645.39,25677.31,5686.0,146001184.66
2026-01-23 17:30:00,25677.69,25678.97,25562.36,25574.38,7575.0,193725928.5
2026-01-23 18:00:00,25574.08,25641.42,25569.34,25630.22,7222.0,185101448.84
2026-01-23 18:30:00,25630.7,25640.2,25592.34,25603.29,5928.0,151776303.12
2026-01-23 19:00:00,25603.41,25651.97,25601.87,25623.04,4563.0,116917931.52000001
2026-01-23 19:30:00,25622.98,25635.62,25596.29,25623.71,4344.0,111309396.24
2026-01-23 20:00:00,25623.58,25626.95,25568.04,25591.21,4988.0,127648955.47999999
2026-01-23 20:30:00,25591.02,25636.16,25574.54,25615.81,5717.0,146445585.77
2026-01-23 21:00:00,25615.34,25618.42,25551.79,25566.54,2434.0,62228958.36
2026-01-23 21:30:00,25566.57,25575.25,25555.72,25565.12,1088.0,27814850.56
2026-01-25 23:00:00,25385.18,25427.99,25268.64,25416.37,5634.0,143195828.57999998
2026-01-25 23:30:00,25416.73,25457.62,25379.72,25446.45,5393.0,137232704.85
2026-01-26 00:00:00,25446.13,25495.63,25430.44,25493.71,5539.0,141209659.69
2026-01-26 00:30:00,25493.51,25504.14,25449.76,25468.49,3852.0,98104623.48
2026-01-26 01:00:00,25468.32,25547.7,25457.53,25537.14,5394.0,137747333.16
2026-01-26 01:30:00,25536.5,25554.77,25517.84,25535.92,3844.0,98160076.47999999
2026-01-26 02:00:00,25536.39,25551.13,25528.28,25535.41,3556.0,90803917.96
2026-01-26 02:30:00,25535.84,25536.88,25484.12,25495.81,3738.0,95303337.78
2026-01-26 03:00:00,25495.51,25543.64,25495.51,25524.8,3449.0,88035035.2
2026-01-26 03:30:00,25524.61,25532.02,25509.92,25520.93,2906.0,74163822.58
2026-01-26 04:00:00,25520.86,25537.46,25509.85,25536.57,2337.0,59678964.089999996
2026-01-26 04:30:00,25536.94,25545.15,25509.71,25521.81,2566.0,65488964.46
2026-01-26 05:00:00,25521.31,25554.23,25513.18,25549.75,2312.0,59071022.0
2026-01-26 05:30:00,25549.73,25562.33,25543.75,25560.79,2051.0,52425180.29
2026-01-26 06:00:00,25560.96,25591.14,25560.17,25582.65,2421.0,61935595.650000006
2026-01-26 06:30:00,25582.67,25586.67,25554.78,25557.9,2627.0,67140603.3
2026-01-26 07:00:00,25557.19,25584.24,25555.24,25582.64,2238.0,57253948.32
2026-01-26 07:30:00,25582.65,25599.38,25567.53,25588.14,2110.0,53990975.4
2026-01-26 08:00:00,25588.62,25630.39,25588.11,25617.99,3181.0,81490826.19000001
2026-01-26 08:30:00,25617.97,25629.93,25602.75,25616.23,2594.0,66448500.62
2026-01-26 09:00:00,25615.67,25623.64,25576.84,25577.5,3344.0,85531160.0
2026-01-26 09:30:00,25577.03,25578.83,25471.29,25506.91,4626.0,117994965.66
2026-01-26 10:00:00,25506.58,25545.23,25502.98,25539.87,3270.0,83515374.89999999
2026-01-26 10:30:00,25539.86,25562.81,25536.89,25540.07,2734.0,69826551.38
2026-01-26 11:00:00,25540.68,25548.16,25530.69,25537.52,2442.0,62362623.84
2026-01-26 11:30:00,25537.93,25561.17,25536.31,25560.11,2202.0,56283362.22
2026-01-26 12:00:00,25559.81,25603.07,25557.88,25579.37,2658.0,67989965.46
2026-01-26 12:30:00,25579.03,25584.8,25564.58,25576.72,2228.0,56984932.160000004
2026-01-26 13:00:00,25576.72,25596.05,25565.69,25577.68,2919.0,74661247.92
2026-01-26 13:30:00,25577.89,25609.73,25547.28,25605.58,3173.0,81246505.34
2026-01-26 14:00:00,25605.86,25637.15,25603.54,25637.15,2994.0,76757627.10000001
2026-01-26 14:30:00,25637.66,25744.1,25593.51,25728.73,15198.0,391025238.54
2026-01-26 15:00:00,25728.25,25775.62,25692.71,25737.07,7861.0,202319107.27
2026-01-26 15:30:00,25736.74,25788.65,25724.87,25771.83,6925.0,178469922.75
2026-01-26 16:00:00,25771.4,25799.34,25741.49,25796.09,5919.0,152687056.71
2026-01-26 16:30:00,25796.44,25818.03,25778.51,25795.34,4552.0,117420387.68
2026-01-26 17:00:00,25795.76,25820.57,25792.68,25801.99,3046.0,78592861.54
2026-01-26 17:30:00,25801.49,25804.62,25770.97,25779.86,3193.0,82315092.98
2026-01-26 18:00:00,25779.61,25802.38,25762.8,25797.61,3269.0,84332387.09
2026-01-26 18:30:00,25797.36,25820.98,25775.46,25788.33,3404.0,87783475.32000001
2026-01-26 19:00:00,25787.9,25802.07,25774.43,25788.86,3039.0,78372345.54
2026-01-26 19:30:00,25788.8,25798.68,25767.07,25767.62,2795.0,72020497.89999999
2026-01-26 20:00:00,25767.89,25779.27,25756.05,25769.61,2968.0,76484202.48
2026-01-26 20:30:00,25770.02,25782.17,25729.49,25732.66,3916.0,100769096.56
2026-01-26 21:00:00,25733.1,25760.13,25723.01,25757.98,2188.0,56358460.24
2026-01-26 21:30:00,25757.5,25757.9,25741.61,25749.6,1198.0,30848020.799999997
2026-01-26 23:00:00,25751.97,25787.78,25732.18,25769.92,1843.0,47493962.559999995
2026-01-26 23:30:00,25769.63,25782.07,25763.4,25781.8,1764.0,45479095.199999996
2026-01-27 00:00:00,25781.54,25790.89,25767.23,25782.09,1976.0,50945409.84
2026-01-27 00:30:00,25782.11,25794.26,25777.53,25790.2,1354.0,34919930.800000004
2026-01-27 01:00:00,25789.54,25807.6,25787.12,25803.58,1525.0,39350459.5
2026-01-27 01:30:00,25803.61,25817.5,25802.15,25814.3,1337.0,34513719.1
2026-01-27 02:00:00,25814.07,25848.2,25813.34,25840.51,1336.0,34522921.36
2026-01-27 02:30:00,25840.54,25866.17,25835.36,25862.51,1239.0,32043649.889999997
2026-01-27 03:00:00,25862.2,25868.46,25856.71,25858.05,1089.0,28159416.45
2026-01-27 03:30:00,25858.01,25870.78,25854.6,25867.34,1101.0,28479941.34
2026-01-27 04:00:00,25867.46,25894.17,25863.78,25878.34,1369.0,35427447.46
2026-01-27 04:30:00,25878.43,25884.85,25878.43,25881.04,736.0,19048445.44
2026-01-27 05:00:00,25880.95,25881.47,25864.29,25872.37,1146.0,29649736.02
2026-01-27 05:30:00,25872.62,25900.96,25872.62,25899.63,1180.0,30561563.400000002
2026-01-27 06:00:00,25899.62,25919.27,25899.62,25915.59,1472.0,38147748.48
2026-01-27 06:30:00,25915.29,25916.16,25890.54,25893.65,1298.0,33609957.7
2026-01-27 07:00:00,25893.75,25904.83,25884.17,25890.33,1549.0,40104121.17
2026-01-27 07:30:00,25890.4,25911.89,25887.29,25897.53,1625.0,42083486.25
2026-01-27 08:00:00,25897.87,25903.02,25866.54,25872.2,2918.0,75495079.60000001
2026-01-27 08:30:00,25872.21,25881.15,25859.23,25875.98,2505.0,64819329.9
2026-01-27 09:00:00,25875.04,25885.99,25862.24,25875.06,2369.0,61298017.14
2026-01-27 09:30:00,25874.69,25879.93,25859.12,25865.96,2103.0,54396113.879999995
2026-01-27 10:00:00,25865.54,25890.72,25862.13,25888.68,1558.0,40334563.44
2026-01-27 10:30:00,25888.49,25898.81,25883.61,25897.42,1474.0,38172797.08
2026-01-27 11:00:00,25897.44,25900.6,25883.53,25896.94,1755.0,45449129.699999996
2026-01-27 11:30:00,25897.1,25934.21,25894.09,25923.63,1994.0,51691718.22
2026-01-27 12:00:00,25922.8,25924.66,25887.0,25888.59,2130.0,55142696.7
2026-01-27 12:30:00,25888.33,25909.44,25882.86,25895.79,2057.0,53267640.03
2026-01-27 13:00:00,25895.46,25909.65,25893.12,25895.03,1928.0,49925617.839999996
2026-01-27 13:30:00,25894.55,25899.37,25874.87,25882.37,2178.0,56371801.86
2026-01-27 14:00:00,25882.66,25900.52,25873.53,25874.67,2616.0,67688136.72
2026-01-27 14:30:00,25875.03,25949.17,25809.81,25943.78,14381.0,373097500.18
2026-01-27 15:00:00,25944.13,25964.94,25914.3,25933.95,8228.0,213384540.6
2026-01-27 15:30:00,25934.41,25989.57,25930.42,25969.57,4858.0,126160171.06
2026-01-27 16:00:00,25969.9,25995.45,25964.33,25979.66,3351.0,87057840.66
2026-01-27 16:30:00,25979.8,25988.82,25966.54,25969.86,2861.0,74299769.46000001
2026-01-27 17:00:00,25970.21,25978.06,25940.55,25973.28,3299.0,85685850.72
2026-01-27 17:30:00,25973.57,25981.53,25948.23,25952.07,2979.0,77311216.53
2026-01-27 18:00:00,25952.32,25975.2,25928.72,25966.44,3165.0,82183782.6
2026-01-27 18:30:00,25966.94,25986.85,25966.66,25980.67,2350.0,61054574.49999999
2026-01-27 19:00:00,25980.41,25984.82,25964.29,25982.91,2244.0,58305650.04
2026-01-27 19:30:00,25983.32,25989.53,25968.68,25982.57,2120.0,55083048.4
2026-01-27 20:00:00,25982.16,26004.06,25974.16,25986.41,2181.0,56676360.21
2026-01-27 20:30:00,25985.95,25990.01,25958.8,25965.95,3036.0,78832624.2
2026-01-27 21:00:00,25965.58,25995.89,25951.59,25985.74,2448.0,63613091.52
2026-01-27 21:30:00,25985.73,26007.88,25983.79,25999.99,1201.0,31225987.990000002
2026-01-27 23:00:00,26010.68,26038.68,26009.93,26028.21,2085.0,54268817.85
2026-01-27 23:30:00,26028.39,26033.34,26023.76,26030.12,1145.0,29804487.4
2026-01-28 00:00:00,26030.48,26063.11,26027.71,26060.67,1682.0,43834046.94
2026-01-28 00:30:00,26060.27,26100.13,26059.99,26098.4,2099.0,54780541.6
2026-01-28 01:00:00,26099.16,26120.19,26099.16,26116.01,1760.0,45964177.599999994
2026-01-28 01:30:00,26116.23,26117.31,26093.95,26097.07,1549.0,40424361.43
2026-01-28 02:00:00,26097.1,26113.47,26095.93,26105.45,1415.0,36939211.75
2026-01-28 02:30:00,26105.66,26112.96,26099.2,26106.13,1261.0,32919829.93
2026-01-28 03:00:00,26105.95,26110.29,26088.47,26094.59,1046.0,27294941.14
2026-01-28 03:30:00,26094.82,26101.49,26085.13,26091.12,1575.0,41093514.0
2026-01-28 04:00:00,26091.49,26118.96,26091.49,26117.3,1212.0,31654167.599999998
2026-01-28 04:30:00,26117.32,26118.39,26105.68,26111.78,857.0,22377795.459999997
2026-01-28 05:00:00,26111.9,26124.8,26111.9,26123.79,1042.0,27220989.18
2026-01-28 05:30:00,26123.89,26140.68,26123.17,26137.7,965.0,25222880.5
2026-01-28 06:00:00,26137.69,26212.38,26137.69,26193.68,4307.0,112816179.76
2026-01-28 06:30:00,26194.22,26240.57,26192.04,26193.32,3076.0,80570652.32
2026-01-28 07:00:00,26193.14,26214.6,26183.16,26194.95,2377.0,62265396.15
2026-01-28 07:30:00,26194.72,26213.31,26180.25,26206.45,2084.0,54614241.800000004
2026-01-28 08:00:00,26206.11,26222.26,26168.2,26194.03,3516.0,92098209.47999999
2026-01-28 08:30:00,26193.55,26205.55,26161.97,26170.32,2845.0,74454560.4
2026-01-28 09:00:00,26170.63,26175.16,26146.65,26153.06,3133.0,81937536.98
2026-01-28 09:30:00,26153.25,26181.16,26143.82,26175.95,2171.0,56827987.45
2026-01-28 10:00:00,26176.09,26187.36,26163.65,26184.84,2184.0,57187690.56
2026-01-28 10:30:00,26185.15,26211.07,26183.87,26207.72,1902.0,49847083.440000005
2026-01-28 11:00:00,26207.91,26209.27,26178.98,26200.1,2120.0,55544212.0
2026-01-28 11:30:00,26200.34,26217.18,26197.43,26209.74,1933.0,50663427.42
2026-01-28 12:00:00,26210.24,26210.96,26156.36,26168.54,4241.0,110980778.14
2026-01-28 12:30:00,26168.74,26192.39,26161.79,26171.94,3104.0,81237701.75999999
2026-01-28 13:00:00,26172.48,26196.48,26159.35,26170.13,2834.0,74166148.42
2026-01-28 13:30:00,26169.64,26176.54,26146.93,26164.71,2769.0,72450081.99
2026-01-28 14:00:00,26164.07,26169.43,26125.69,26143.64,3218.0,84130233.52
2026-01-28 14:30:00,26143.99,26191.32,26104.84,26145.1,16371.0,428021432.09999996
2026-01-28 15:00:00,26144.73,26156.36,26100.98,26111.68,9467.0,247199274.56
2026-01-28 15:30:00,26111.89,26126.8,26050.7,26053.85,7273.0,189489651.04999998
2026-01-28 16:00:00,26054.35,26089.34,26041.0,26073.72,5446.0,141997479.12
2026-01-28 16:30:00,26073.25,26073.25,25991.94,26007.86,5575.0,144993819.5
2026-01-28 17:00:00,26008.1,26054.59,26005.26,26017.59,4654.0,121085863.86
2026-01-28 17:30:00,26017.17,26055.27,26001.69,26031.69,3966.0,103241682.53999999
2026-01-28 18:00:00,26031.49,26061.6,26013.47,26051.19,3723.0,96988580.36999999
2026-01-28 18:30:00,26051.57,26070.26,26036.69,26060.9,3109.0,81023338.10000001
2026-01-28 19:00:00,26060.44,26086.14,26007.95,26012.37,8116.0,211116394.92
2026-01-28 19:30:00,26012.75,26100.85,26004.49,26051.42,17010.0,443134654.2
2026-01-28 20:00:00,26051.85,26102.85,26044.66,26065.7,6225.0,162258982.5
2026-01-28 20:30:00,26065.44,26079.35,26024.28,26038.33,5709.0,148652825.97
2026-01-28 21:00:00,26038.9,26155.43,25887.39,26153.7,15252.0,398896232.40000004
2026-01-28 21:30:00,26153.28,26178.41,26135.25,26158.82,4270.0,111698161.4
2026-01-28 23:00:00,26183.4,26186.43,26053.76,26101.23,5099.0,133090171.77
2026-01-28 23:30:00,26101.57,26110.55,26054.12,26063.22,4812.0,125416214.64
2026-01-29 00:00:00,26062.61,26072.83,25997.37,26063.54,7334.0,191150002.36
2026-01-29 00:30:00,26063.92,26063.92,26019.81,26056.79,4132.0,107666656.28
2026-01-29 01:00:00,26057.24,26062.13,25979.34,26004.95,5144.0,133769462.8
2026-01-29 01:30:00,26005.24,26022.23,25984.31,26021.35,4910.0,127764828.5
2026-01-29 02:00:00,26021.75,26068.59,26015.33,26063.59,3775.0,98390052.25
2026-01-29 02:30:00,26063.88,26069.67,26040.66,26054.46,3135.0,81680732.1
2026-01-29 03:00:00,26054.65,26086.57,26054.65,26075.98,2427.0,63286403.46
2026-01-29 03:30:00,26075.91,26092.15,26071.06,26091.33,2205.0,57531382.650000006
2026-01-29 04:00:00,26090.96,26118.06,26088.23,26106.54,1932.0,50437835.28
2026-01-29 04:30:00,26106.48,26125.7,26106.48,26121.1,1568.0,40957884.8
2026-01-29 05:00:00,26120.92,26126.0,26103.87,26124.15,2161.0,56454288.150000006
2026-01-29 05:30:00,26124.35,26142.77,26121.58,26127.3,1852.0,48387759.6
2026-01-29 06:00:00,26127.09,26161.76,26126.42,26148.8,2101.0,54938628.8
2026-01-29 06:30:00,26148.44,26156.47,26125.54,26139.9,2096.0,54789230.400000006
2026-01-29 07:00:00,26139.54,26151.82,26124.88,26140.65,2372.0,62005621.800000004
2026-01-29 07:30:00,26140.49,26167.18,26136.55,26146.5,2172.0,56790198.0
2026-01-29 08:00:00,26147.0,26171.25,26118.43,26159.77,4201.0,109897193.77
2026-01-29 08:30:00,26159.7,26162.3,26124.48,26140.2,3659.0,95646991.8
2026-01-29 09:00:00,26140.33,26163.88,26136.75,26143.53,3252.0,85018759.56
2026-01-29 09:30:00,26143.47,26157.04,26101.58,26102.65,2681.0,69981204.65
2026-01-29 10:00:00,26102.47,26127.57,26089.11,26119.7,3077.0,80370316.9
2026-01-29 10:30:00,26120.07,26121.29,26078.42,26082.35,2703.0,70500592.05
2026-01-29 11:00:00,26082.71,26097.44,26066.81,26085.79,3420.0,89213401.8
2026-01-29 11:30:00,26085.53,26099.35,26069.88,26091.22,3611.0,94215395.42
2026-01-29 12:00:00,26091.95,26112.69,26080.05,26089.78,2976.0,77643185.28
2026-01-29 12:30:00,26089.21,26091.58,26048.5,26067.25,3603.0,93920301.75
2026-01-29 13:00:00,26066.87,26079.35,26042.31,26065.88,3681.0,95948504.28
2026-01-29 13:30:00,26064.99,26094.98,26050.12,26085.62,2896.0,75543955.52
2026-01-29 14:00:00,26085.13,26087.41,26024.16,26024.5,4013.0,104436318.5
2026-01-29 14:30:00,26024.18,26065.64,25750.41,25755.17,34096.0,878148276.3199999
2026-01-29 15:00:00,25755.67,25759.42,25610.31,25627.12,29330.0,751643429.6
2026-01-29 15:30:00,25626.78,25644.43,25427.87,25468.09,20659.0,526145271.31
2026-01-29 16:00:00,25468.8,25605.39,25429.91,25577.0,21726.0,555685902.0
2026-01-29 16:30:00,25576.55,25630.95,25559.33,25603.32,17891.0,458068998.12
2026-01-29 17:00:00,25602.83,25743.34,25600.49,25730.96,10304.0,265131811.84
2026-01-29 17:30:00,25730.55,25769.95,25641.48,25651.68,11038.0,283143243.84
2026-01-29 18:00:00,25652.19,25752.43,25650.13,25737.68,11825.0,304348066.0
2026-01-29 18:30:00,25737.3,25781.85,25712.22,25729.2,9069.0,233338114.8
2026-01-29 19:00:00,25728.8,25790.19,25712.72,25770.83,7037.0,181349330.71
2026-01-29 19:30:00,25770.55,25779.2,25726.82,25741.19,7294.0,187756239.85999998
2026-01-29 20:00:00,25741.69,25772.88,25733.8,25746.04,5261.0,135449916.44
2026-01-29 20:30:00,25745.61,25911.45,25739.04,25883.5,7031.0,181986888.5
2026-01-29 21:00:00,25884.1,25910.27,25850.66,25877.98,4748.0,122868649.03999999
2026-01-29 21:30:00,25878.49,25931.27,25862.7,25874.63,7435.0,192377874.05
2026-01-29 23:00:00,25899.75,25901.15,25775.59,25834.22,5117.0,132193703.74000001
2026-01-29 23:30:00,25833.69,25910.24,25831.98,25863.73,4343.0,112326179.39
2026-01-30 00:00:00,25863.25,25882.66,25798.85,25817.88,5460.0,140965624.8
2026-01-30 00:30:00,25818.04,25883.08,25807.69,25821.74,4751.0,122679086.74000001
2026-01-30 01:00:00,25821.72,25825.09,25773.16,25778.24,5023.0,129484099.52000001
2026-01-30 01:30:00,25778.67,25781.74,25688.27,25744.63,6901.0,177663691.63
2026-01-30 02:00:00,25744.92,25757.33,25643.56,25643.56,8228.0,210995211.68
2026-01-30 02:30:00,25643.5,25739.09,25628.36,25735.24,6474.0,166609943.76000002
2026-01-30 03:00:00,25735.63,25779.7,25719.62,25741.43,5283.0,135991974.69
2026-01-30 03:30:00,25740.93,25771.43,25736.07,25739.12,4913.0,126456296.56
2026-01-30 04:00:00,25738.73,25787.26,25735.54,25770.97,3414.0,87982091.58
2026-01-30 04:30:00,25770.56,25787.86,25743.74,25750.62,3055.0,78668144.1
2026-01-30 05:00:00,25751.33,25778.44,25742.18,25759.21,3732.0,96133371.72
2026-01-30 05:30:00,25758.83,25759.68,25723.74,25724.7,3191.0,82087517.7
2026-01-30 06:00:00,25725.1,25730.69,25648.74,25676.03,4708.0,120882749.24
2026-01-30 06:30:00,25675.7,25705.43,25628.78,25643.35,5286.0,135550748.1
2026-01-30 07:00:00,25642.87,25696.14,25636.35,25653.43,4828.0,123854760.04
2026-01-30 07:30:00,25653.37,25671.06,25592.31,25598.65,5238.0,134085728.7
2026-01-30 08:00:00,25599.34,25662.09,25573.83,25639.55,8418.0,215833731.9
2026-01-30 08:30:00,25639.25,25684.27,25583.97,25659.98,6437.0,165173291.26
2026-01-30 09:00:00,25659.53,25678.34,25580.64,25597.37,7063.0,180794224.31
2026-01-30 09:30:00,25597.8,25622.52,25542.38,25589.86,6538.0,167306504.68
2026-01-30 10:00:00,25589.24,25641.2,25587.02,25619.68,5536.0,141830548.48
2026-01-30 10:30:00,25619.39,25681.65,25619.39,25656.35,4470.0,114683884.5
2026-01-30 11:00:00,25656.72,25711.1,25655.84,25709.22,4104.0,105510638.88000001
2026-01-30 11:30:00,25709.4,25775.1,25679.76,25763.18,5031.0,129614558.58
2026-01-30 12:00:00,25762.74,25797.33,25746.91,25759.41,5571.0,143505673.10999998
2026-01-30 12:30:00,25758.95,25786.73,25715.25,25738.32,5337.0,137365413.84
2026-01-30 13:00:00,25738.4,25778.62,25720.57,25750.59,5745.0,147937139.55
2026-01-30 13:30:00,25751.08,25751.56,25674.78,25718.57,9719.0,249958781.82999998
2026-01-30 14:00:00,25717.9,25741.77,25700.27,25729.6,8017.0,206274203.2
2026-01-30 14:30:00,25729.29,25832.71,25700.91,25721.8,40917.0,1052458890.6
2026-01-30 15:00:00,25721.35,25817.86,25683.56,25688.75,27613.0,709343453.75
2026-01-30 15:30:00,25688.3,25827.85,25664.66,25737.52,21132.0,543885272.64
2026-01-30 16:00:00,25737.01,25763.62,25648.58,25694.14,16932.0,435053178.48
2026-01-30 16:30:00,25693.24,25753.71,25640.0,25653.71,17200.0,441243812.0
2026-01-30 17:00:00,25653.38,25684.41,25581.81,25678.39,16935.0,434863534.65
2026-01-30 17:30:00,25678.05,25690.65,25573.82,25575.59,17293.0,442278677.87
2026-01-30 18:00:00,25575.52,25609.35,25464.51,25565.81,15510.0,396525713.1
2026-01-30 18:30:00,25566.3,25666.4,25496.27,25635.91,16572.0,424838300.52
2026-01-30 19:00:00,25636.4,25676.15,25610.75,25611.53,13795.0,353311056.34999996
2026-01-30 19:30:00,25611.88,25633.33,25547.74,25552.64,15803.0,403808369.92
2026-01-30 20:00:00,25552.9,25577.92,25466.75,25490.36,12671.0,322988351.56
2026-01-30 20:30:00,25490.9,25624.82,25486.74,25568.13,14528.0,371453792.64
2026-01-30 21:00:00,25567.73,25601.77,25520.62,25545.64,6187.0,158050874.68
2026-01-30 21:30:00,25545.26,25552.07,25524.92,25535.87,2148.0,54851048.76
2026-02-01 23:00:00,25412.64,25436.9,25277.91,25337.25,12672.0,321073632.0
2026-02-01 23:30:00,25337.16,25474.26,25322.42,25436.35,6047.0,153813608.45
2026-02-02 00:00:00,25435.7,25536.84,25390.98,25516.88,8715.0,222379609.20000002
2026-02-02 00:30:00,25516.44,25548.4,25495.55,25507.63,5727.0,146082197.01000002
2026-02-02 01:00:00,25507.86,25539.77,25380.77,25430.13,10875.0,276552663.75
2026-02-02 01:30:00,25430.58,25435.4,25304.07,25310.76,12278.0,310765511.28
2026-02-02 02:00:00,25311.17,25352.68,25290.73,25324.54,9559.0,242077277.86
2026-02-02 02:30:00,25323.95,25351.7,25260.19,25269.75,7519.0,190003250.25
2026-02-02 03:00:00,25270.08,25290.77,25218.73,25236.11,6209.0,156691006.99
2026-02-02 03:30:00,25235.67,25246.75,25166.68,25183.43,8873.0,223452574.39000002
2026-02-02 04:00:00,25183.89,25235.57,25120.29,25213.65,8793.0,221703624.45000002
2026-02-02 04:30:00,25213.56,25279.28,25211.24,25245.74,5313.0,134130616.62
2026-02-02 05:00:00,25245.76,25251.41,25169.75,25176.05,6895.0,173588864.75
2026-02-02 05:30:00,25176.35,25185.87,25139.46,25153.5,7244.0,182211954.0
2026-02-02 06:00:00,25153.12,25177.14,25089.25,25149.35,7026.0,176699333.1
2026-02-02 06:30:00,25148.89,25160.14,25084.29,25137.05,7005.0,176085035.25
2026-02-02 07:00:00,25137.35,25210.07,25135.73,25206.01,6270.0,158041682.7
2026-02-02 07:30:00,25205.86,25253.84,25179.82,25252.08,5832.0,147270130.56
2026-02-02 08:00:00,25251.61,25305.89,25244.09,25293.63,8112.0,205181926.56
2026-02-02 08:30:00,25293.45,25325.6,25283.54,25304.5,5193.0,131406268.5
2026-02-02 09:00:00,25305.06,25361.47,25259.46,25342.29,6928.0,175571385.12
2026-02-02 09:30:00,25341.89,25366.09,25335.88,25357.6,4732.0,119992163.19999999
2026-02-02 10:00:00,25357.5,25375.39,25339.49,25352.32,4292.0,108812157.44
2026-02-02 10:30:00,25352.3,25356.41,25295.06,25310.5,4390.0,111113095.0
2026-02-02 11:00:00,25310.65,25362.15,25303.77,25361.25,4025.0,102079031.25
2026-02-02 11:30:00,25360.73,25395.01,25344.48,25355.36,3873.0,98201309.28
2026-02-02 12:00:00,25354.92,25418.11,25354.06,25413.56,4206.0,106889433.36
2026-02-02 12:30:00,25413.16,25430.82,25379.83,25391.5,3585.0,91028527.5
2026-02-02 13:00:00,25391.16,25405.25,25359.9,25380.23,5082.0,128982328.86
2026-02-02 13:30:00,25380.16,25443.31,25361.8,25432.72,4482.0,113989451.04
2026-02-02 14:00:00,25433.21,25450.84,25424.26,25445.53,4698.0,119543099.94
2026-02-02 14:30:00,25444.9,25702.57,25444.9,25654.51,30973.0,794597138.2299999
2026-02-02 15:00:00,25655.31,25815.21,25637.66,25769.24,13224.0,340772429.76000005
2026-02-02 15:30:00,25769.59,25809.83,25719.68,25744.24,10800.0,278037792.0
2026-02-02 16:00:00,25743.74,25801.62,25707.08,25796.51,8525.0,219915247.75
2026-02-02 16:30:00,25796.04,25805.62,25739.85,25797.65,6121.0,157907415.65
2026-02-02 17:00:00,25797.24,25827.64,25791.99,25818.72,4408.0,113808917.76
2026-02-02 17:30:00,25818.92,25844.4,25804.81,25826.9,3284.0,84815539.60000001
2026-02-02 18:00:00,25826.99,25839.65,25801.26,25815.25,3211.0,82892767.75
2026-02-02 18:30:00,25815.21,25852.31,25811.24,25845.15,3158.0,81618983.7
2026-02-02 19:00:00,25844.9,25848.35,25822.86,25825.53,2879.0,74351700.86999999
2026-02-02 19:30:00,25825.15,25825.5,25745.02,25748.99,4699.0,120994504.01
2026-02-02 20:00:00,25749.37,25802.82,25725.3,25767.9,9777.0,251932758.3
2026-02-02 20:30:00,25767.53,25770.86,25735.53,25758.63,5963.0,153598710.69
2026-02-02 21:00:00,25759.14,25799.17,25739.04,25788.14,5168.0,133273107.52
2026-02-02 21:30:00,25787.6,25794.9,25769.55,25775.4,1954.0,50365131.6
2026-02-02 23:00:00,25788.51,25845.9,25772.59,25844.42,2954.0,76344416.67999999
2026-02-02 23:30:00,25844.34,25882.59,25838.0,25854.19,2691.0,69573625.28999999
2026-02-03 00:00:00,25854.31,25890.54,25820.74,25878.89,3544.0,91714786.16
2026-02-03 00:30:00,25879.3,25882.84,25850.14,25858.69,2471.0,63896822.989999995
2026-02-03 01:00:00,25858.54,25896.27,25858.0,25879.83,2895.0,74922107.85000001
2026-02-03 01:30:00,25879.3,25882.16,25854.34,25865.67,2818.0,72889458.06
2026-02-03 02:00:00,25865.86,25865.86,25826.64,25832.49,3242.0,83748932.58
2026-02-03 02:30:00,25832.13,25840.71,25806.95,25834.57,3501.0,90446829.57
2026-02-03 03:00:00,25834.21,25854.17,25819.46,25844.78,2866.0,74071139.47999999
2026-02-03 03:30:00,25844.37,25870.5,25834.9,25862.61,2716.0,70242848.76
2026-02-03 04:00:00,25862.25,25882.43,25859.2,25867.72,1985.0,51347424.2
2026-02-03 04:30:00,25868.09,25893.59,25868.09,25885.73,1927.0,49881801.71
2026-02-03 05:00:00,25885.85,25892.77,25859.22,25875.96,2367.0,61248397.32
2026-02-03 05:30:00,25875.86,25903.4,25872.87,25894.18,1837.0,47567608.660000004
2026-02-03 06:00:00,25894.71,25908.39,25880.25,25892.98,2052.0,53132394.96
2026-02-03 06:30:00,25892.7,25913.52,25889.66,25898.94,2185.0,56589183.9
2026-02-03 07:00:00,25898.73,25909.85,25881.95,25895.21,2486.0,64375492.059999995
2026-02-03 07:30:00,25894.98,25934.3,25890.58,25919.23,2380.0,61687767.4
2026-02-03 08:00:00,25918.74,25930.25,25897.35,25909.84,4135.0,107137188.4
2026-02-03 08:30:00,25909.58,25911.39,25877.16,25884.07,3314.0,85779807.98
2026-02-03 09:00:00,25883.84,25917.25,25865.64,25871.45,3824.0,98932424.8
2026-02-03 09:30:00,25871.62,25885.66,25865.31,25876.3,3143.0,81329210.89999999
2026-02-03 10:00:00,25876.71,25896.41,25873.48,25878.76,2708.0,70079682.08
2026-02-03 10:30:00,25878.53,25878.53,25851.88,25862.78,2623.0,67838071.94
2026-02-03 11:00:00,25862.38,25871.68,25847.24,25853.58,2852.0,73734410.16000001
2026-02-03 11:30:00,25853.3,25869.94,25841.76,25853.07,2973.0,76861177.11
2026-02-03 12:00:00,25854.34,25897.17,25832.15,25895.31,3407.0,88225321.17
2026-02-03 12:30:00,25895.26,25904.92,25887.41,25891.32,2591.0,67084410.12
2026-02-03 13:00:00,25891.49,25911.64,25884.7,25900.25,2934.0,75991333.5
2026-02-03 13:30:00,25900.39,25908.34,25870.54,25875.32,2896.0,74934926.72
2026-02-03 14:00:00,25875.58,25885.06,25834.46,25837.94,3574.0,92344797.56
2026-02-03 14:30:00,25838.27,25858.13,25530.54,25539.09,37571.0,959529150.39
2026-02-03 15:00:00,25539.09,25553.15,25377.23,25452.83,34306.0,873184785.98
2026-02-03 15:30:00,25453.21,25537.8,25388.69,25523.47,24194.0,617514833.1800001
2026-02-03 16:00:00,25523.78,25525.96,25400.8,25403.58,18463.0,469026297.54
2026-02-03 16:30:00,25403.23,25440.08,25374.71,25398.31,13679.0,347423482.49
2026-02-03 17:00:00,25397.74,25408.52,25308.42,25322.19,16393.0,415106660.66999996
2026-02-03 17:30:00,25321.6,25333.92,25252.21,25294.1,13216.0,334286825.59999996
2026-02-03 18:00:00,25293.78,25329.78,25219.74,25238.44,12838.0,324011092.71999997
2026-02-03 18:30:00,25237.83,25237.83,25153.19,25153.19,8992.0,226177484.48
2026-02-03 19:00:00,25152.75,25265.55,25125.9,25201.66,15690.0,395414045.4
2026-02-03 19:30:00,25201.19,25236.09,25141.73,25224.1,19269.0,486043182.9
2026-02-03 20:00:00,25223.69,25249.95,25177.2,25236.99,11894.0,300168759.06
2026-02-03 20:30:00,25237.35,25365.85,25236.46,25350.48,9757.0,247344633.35999998
2026-02-03 21:00:00,25350.8,25382.61,25287.36,25331.43,7339.0,185907364.77
2026-02-03 21:30:00,25331.23,25333.95,25307.41,25328.29,3739.0,94702476.31
2026-02-03 23:00:00,25296.73,25349.88,25272.01,25304.51,2754.0,69688620.53999999
2026-02-03 23:30:00,25303.79,25342.33,25295.32,25336.63,2014.0,51027972.82
2026-02-04 00:00:00,25337.05,25343.92,25300.15,25316.08,4597.0,116378019.76
2026-02-04 00:30:00,25315.89,25337.98,25285.62,25285.62,3165.0,80028987.3
2026-02-04 01:00:00,25285.63,25360.77,25285.63,25353.9,4672.0,118453420.80000001
2026-02-04 01:30:00,25353.66,25363.63,25323.9,25348.61,3481.0,88238511.41
2026-02-04 02:00:00,25348.24,25382.63,25324.12,25334.55,3851.0,97563352.05
2026-02-04 02:30:00,25334.93,25346.3,25308.97,25321.81,3081.0,78016496.61
2026-02-04 03:00:00,25321.95,25345.6,25312.09,25331.9,3277.0,83012636.30000001
2026-02-04 03:30:00,25332.13,25360.47,25320.86,25343.06,3016.0,76434668.96000001
2026-02-04 04:00:00,25342.89,25349.27,25326.8,25333.47,2350.0,59533654.5
2026-02-04 04:30:00,25333.33,25357.39,25332.77,25343.19,2028.0,51395989.32
2026-02-04 05:00:00,25343.01,25347.73,25325.5,25340.68,2257.0,57193914.76
2026-02-04 05:30:00,25340.67,25352.45,25318.41,25352.39,2138.0,54203409.82
2026-02-04 06:00:00,25352.14,25374.28,25344.67,25364.93,2583.0,65517614.19
2026-02-04 06:30:00,25366.02,25398.47,25356.47,25379.77,2576.0,65378287.52
2026-02-04 07:00:00,25380.04,25407.78,25378.14,25400.23,2238.0,56845714.74
2026-02-04 07:30:00,25400.02,25423.43,25384.72,25412.2,2132.0,54178810.4
2026-02-04 08:00:00,25411.36,25418.43,25319.04,25323.68,5939.0,150397335.52
2026-02-04 08:30:00,25323.05,25364.35,25310.69,25335.23,5950.0,150744618.5
2026-02-04 09:00:00,25335.18,25358.33,25267.78,25291.24,7151.0,180857657.24
2026-02-04 09:30:00,25291.23,25316.06,25264.63,25312.19,5539.0,140204220.41
2026-02-04 10:00:00,25311.66,25357.28,25305.18,25352.02,4393.0,111371423.86
2026-02-04 10:30:00,25352.59,25375.53,25344.22,25358.79,3634.0,92153842.86
2026-02-04 11:00:00,25359.3,25371.0,25345.89,25358.64,3348.0,84900726.72
2026-02-04 11:30:00,25358.15,25392.3,25354.89,25383.63,4014.0,101889890.82000001
2026-02-04 12:00:00,25384.14,25399.73,25329.74,25340.05,4146.0,105059847.3
2026-02-04 12:30:00,25339.93,25357.04,25306.16,25315.8,4613.0,116781785.39999999
2026-02-04 13:00:00,25315.81,25325.44,25280.0,25301.44,5731.0,145002552.64
2026-02-04 13:30:00,25301.47,25325.68,25252.09,25267.47,5704.0,144125648.88
2026-02-04 14:00:00,25267.1,25297.28,25234.82,25294.74,5760.0,145697702.4
2026-02-04 14:30:00,25295.06,25295.17,25096.63,25106.64,57485.0,1443255200.3999999
2026-02-04 15:00:00,25105.0,25214.56,25019.1,25158.26,53051.0,1334670851.26
2026-02-04 15:30:00,25158.7,25180.99,25030.53,25061.35,43430.0,1088414430.5
2026-02-04 16:00:00,25060.86,25081.96,24952.58,25041.08,26085.0,653196571.8000001
2026-02-04 16:30:00,25041.57,25046.56,24838.78,24946.03,19689.0,491162384.66999996
2026-02-04 17:00:00,24945.54,24967.37,24785.09,24799.2,23393.0,580127685.6
2026-02-04 17:30:00,24799.66,24856.9,24694.67,24785.73,24519.0,607721313.87
2026-02-04 18:00:00,24785.43,24861.33,24730.93,24853.61,22360.0,555726719.6
2026-02-04 18:30:00,24853.14,24870.59,24746.06,24835.72,21190.0,526268906.8
2026-02-04 19:00:00,24835.16,24879.2,24775.16,24874.38,23321.0,580095415.98
2026-02-04 19:30:00,24874.67,25026.95,24871.32,25017.54,20102.0,502902589.08000004
2026-02-04 20:00:00,25017.26,25031.41,24932.35,24971.31,15151.0,378340317.81
2026-02-04 20:30:00,24971.04,25010.18,24891.31,24907.58,12743.0,317397291.94
2026-02-04 21:00:00,24908.9,24975.29,24788.36,24955.11,19448.0,485326979.28000003
2026-02-04 21:30:00,24954.72,25092.5,24948.3,25027.75,10671.0,267071120.25
2026-02-04 23:00:00,24983.0,25027.25,24972.43,25009.08,1971.0,49292896.68000001
2026-02-04 23:30:00,25009.48,25038.35,24956.82,24981.46,3646.0,91082403.16
2026-02-05 00:00:00,24981.9,25034.86,24945.85,25028.38,5163.0,129221525.94000001
2026-02-05 00:30:00,25028.43,25049.2,25017.18,25021.75,2860.0,71562205.0
2026-02-05 01:00:00,25022.2,25083.47,25014.14,25042.15,4761.0,119225676.15
2026-02-05 01:30:00,25042.45,25066.21,25029.48,25036.75,4448.0,111363464.0
2026-02-05 02:00:00,25037.12,25047.78,24873.35,24971.95,9952.0,248520846.4
2026-02-05 02:30:00,24972.43,25007.88,24873.23,24874.77,8584.0,213525025.68
2026-02-05 03:00:00,24874.95,24951.39,24862.17,24927.49,8935.0,222727123.15
2026-02-05 03:30:00,24927.85,24933.41,24844.39,24862.24,7662.0,190494482.88000003
2026-02-05 04:00:00,24862.36,24900.0,24830.28,24864.13,6684.0,166191844.92000002
2026-02-05 04:30:00,24864.12,24941.06,24855.64,24925.0,4937.0,123054725.0
2026-02-05 05:00:00,24924.98,24937.65,24877.47,24916.63,5359.0,133528220.17
2026-02-05 05:30:00,24917.07,24958.86,24897.34,24910.85,5014.0,124903001.89999999
2026-02-05 06:00:00,24911.12,24967.04,24907.26,24943.16,5004.0,124815572.64
2026-02-05 06:30:00,24942.77,24991.17,24935.55,24986.62,4107.0,102620048.33999999
2026-02-05 07:00:00,24986.44,25003.39,24970.12,24994.51,4302.0,107526382.02
2026-02-05 07:30:00,24995.0,25003.26,24955.72,24959.7,3921.0,97866983.7
2026-02-05 08:00:00,24960.84,25037.89,24959.72,25007.6,7320.0,183055632.0
2026-02-05 08:30:00,25005.69,25027.31,24913.45,24913.49,7722.0,192381969.78
2026-02-05 09:00:00,24912.91,24985.83,24892.83,24984.5,8096.0,202274512.0
2026-02-05 09:30:00,24984.17,25010.99,24926.16,24944.49,5860.0,146174711.4
2026-02-05 10:00:00,24944.19,25006.08,24935.99,25000.13,4884.0,122100634.92
2026-02-05 10:30:00,25000.24,25003.3,24940.66,24947.94,4520.0,112764688.8
2026-02-05 11:00:00,24947.71,24979.28,24926.11,24936.3,4897.0,122113061.1
2026-02-05 11:30:00,24936.31,24948.16,24905.41,24944.42,5564.0,138790752.88
2026-02-05 12:00:00,24944.11,24970.83,24795.22,24819.06,10268.0,254842108.08
2026-02-05 12:30:00,24818.73,24831.97,24622.79,24707.53,19924.0,492272827.71999997
2026-02-05 13:00:00,24706.62,24753.5,24686.09,24705.69,13279.0,328066857.51
2026-02-05 13:30:00,24706.21,24780.66,24672.86,24682.42,13435.0,331608312.7
2026-02-05 14:00:00,24681.91,24753.43,24640.34,24683.66,14161.0,349545309.26
2026-02-05 14:30:00,24683.97,24874.46,24567.11,24684.88,85155.0,2102040956.4
2026-02-05 15:00:00,24684.26,24717.97,24466.36,24494.53,55016.0,1347591062.48
2026-02-05 15:30:00,24494.03,24615.58,24468.54,24547.73,45742.0,1122862265.66
2026-02-05 16:00:00,24548.22,24698.47,24460.96,24694.06,34476.0,851352412.5600001
2026-02-05 16:30:00,24693.61,24771.35,24646.36,24745.45,32508.0,804425088.6
2026-02-05 17:00:00,24745.11,24779.63,24638.93,24753.07,27507.0,680882696.49
2026-02-05 17:30:00,24753.51,24802.45,24683.6,24697.59,26962.0,665896421.58
2026-02-05 18:00:00,24697.33,24749.38,24626.62,24647.83,21903.0,539861420.49
2026-02-05 18:30:00,24648.09,24688.32,24577.78,24616.48,14892.0,366588620.15999997
2026-02-05 19:00:00,24616.03,24753.51,24601.18,24679.62,15799.0,389913316.38
2026-02-05 19:30:00,24679.26,24679.86,24588.46,24627.53,16863.0,415294038.39
2026-02-05 20:00:00,24627.25,24722.88,24546.5,24552.85,16139.0,396258446.15
2026-02-05 20:30:00,24553.36,24589.24,24484.33,24554.33,17519.0,430167307.27000004
2026-02-05 21:00:00,24553.86,24629.04,24446.82,24461.26,17139.0,419241535.14
2026-02-05 21:30:00,24461.26,24463.73,24324.83,24342.91,8437.0,205381131.67
2026-02-05 23:00:00,24340.06,24393.75,24279.4,24346.54,6478.0,157716886.12
2026-02-05 23:30:00,24345.97,24351.99,24215.29,24255.35,7623.0,184898533.04999998
2026-02-06 00:00:00,24254.83,24295.74,24161.85,24289.22,10877.0,264193845.94000003
2026-02-06 00:30:00,24288.78,24328.6,24264.09,24320.56,8449.0,205484411.44
2026-02-06 01:00:00,24320.45,24359.2,24261.4,24284.68,9831.0,238742689.08
2026-02-06 01:30:00,24284.44,24455.4,24284.44,24450.15,7698.0,188217254.70000002
2026-02-06 02:00:00,24450.51,24490.91,24441.82,24477.49,7211.0,176507180.39000002
2026-02-06 02:30:00,24477.22,24498.68,24432.24,24455.22,6530.0,159692586.6
2026-02-06 03:00:00,24455.48,24486.42,24423.92,24442.54,6148.0,150272735.92000002
2026-02-06 03:30:00,24443.4,24473.93,24393.68,24447.95,5954.0,145563094.3
2026-02-06 04:00:00,24448.03,24449.57,24407.53,24412.7,4374.0,106781149.8
2026-02-06 04:30:00,24413.03,24418.59,24348.46,24375.47,5245.0,127849340.15
2026-02-06 05:00:00,24375.58,24412.53,24352.53,24411.91,5861.0,143078204.51
2026-02-06 05:30:00,24411.71,24517.91,24408.95,24503.61,4660.0,114186822.60000001
2026-02-06 06:00:00,24503.43,24531.71,24497.97,24517.2,4491.0,110106745.2
2026-02-06 06:30:00,24517.62,24533.92,24461.25,24467.4,3926.0,96059012.4
2026-02-06 07:00:00,24466.56,24497.12,24426.93,24491.45,5041.0,123461399.45
2026-02-06 07:30:00,24491.85,24498.37,24448.63,24477.41,4557.0,111543557.37
2026-02-06 08:00:00,24476.7,24510.54,24410.97,24471.35,9120.0,223178712.0
2026-02-06 08:30:00,24471.19,24526.76,24450.71,24504.62,7234.0,177266421.07999998
2026-02-06 09:00:00,24505.0,24647.06,24483.2,24643.69,7870.0,193945840.29999998
2026-02-06 09:30:00,24642.92,24703.7,24641.59,24671.2,6864.0,169343116.8
2026-02-06 10:00:00,24671.28,24673.34,24635.07,24639.96,5034.0,124037558.64
2026-02-06 10:30:00,24640.24,24718.59,24633.42,24715.48,4168.0,103014120.64
2026-02-06 11:00:00,24715.02,24753.85,24709.96,24733.89,4809.0,118945277.00999999
2026-02-06 11:30:00,24733.5,24793.76,24730.7,24775.73,4955.0,122763742.14999999
2026-02-06 12:00:00,24775.44,24781.6,24704.92,24715.57,5864.0,144932102.48
2026-02-06 12:30:00,24715.36,24744.7,24682.42,24703.57,5501.0,135894338.57
2026-02-06 13:00:00,24703.38,24769.26,24679.2,24740.88,5666.0,140181826.08
2026-02-06 13:30:00,24740.94,24773.44,24697.58,24719.25,8023.0,198322542.75
2026-02-06 14:00:00,24718.84,24738.43,24669.74,24681.43,7830.0,193255596.9
2026-02-06 14:30:00,24680.74,24904.58,24621.96,24774.21,62339.0,1544399477.19
2026-02-06 15:00:00,24776.15,24836.67,24664.58,24824.45,55142.0,1368869821.9
2026-02-06 15:30:00,24824.82,24883.12,24741.2,24817.03,31667.0,785880889.01
2026-02-06 16:00:00,24816.73,24957.1,24801.76,24928.0,15632.0,389674496.0
2026-02-06 16:30:00,24927.69,24971.81,24900.21,24921.63,10605.0,264293886.15
2026-02-06 17:00:00,24921.83,24994.83,24907.75,24989.41,9305.0,232526460.05
2026-02-06 17:30:00,24989.94,25029.6,24958.21,25013.11,7238.0,181044890.18
2026-02-06 18:00:00,25013.59,25044.72,24995.41,25010.81,6316.0,157968275.96
2026-02-06 18:30:00,25011.12,25030.21,25002.12,25005.7,4820.0,120527474.0
2026-02-06 19:00:00,25005.19,25027.97,24986.81,25025.95,4893.0,122451973.35000001
2026-02-06 19:30:00,25026.23,25029.1,24990.81,24991.48,4530.0,113211404.39999999
2026-02-06 20:00:00,24991.06,25047.72,24976.9,25030.81,3974.0,99472438.94000001
2026-02-06 20:30:00,25030.47,25142.41,25020.81,25066.21,7157.0,179398864.97
2026-02-06 21:00:00,25066.71,25084.77,25029.77,25031.96,4349.0,108863994.03999999
2026-02-06 21:30:00,25031.69,25034.58,25011.24,25018.07,1628.0,40729417.96
2026-02-08 23:00:00,25100.04,25191.96,25100.04,25162.53,4349.0,109431842.97
2026-02-08 23:30:00,25162.48,25221.03,25150.94,25203.0,5459.0,137583177.0
2026-02-09 00:00:00,25202.62,25273.23,25196.78,25221.69,7889.0,198973912.41
2026-02-09 00:30:00,25221.69,25256.51,25185.46,25190.4,5001.0,125977190.4
2026-02-09 01:00:00,25189.94,25192.24,25161.55,25163.9,5572.0,140213250.8
2026-02-09 01:30:00,25163.47,25189.37,25123.48,25144.63,5722.0,143877572.86
2026-02-09 02:00:00,25144.23,25177.69,25135.52,25152.94,4654.0,117061782.75999999
2026-02-09 02:30:00,25153.31,25190.85,25148.72,25154.84,3396.0,85425836.64
2026-02-09 03:00:00,25155.04,25168.63,25142.27,25142.31,3201.0,80480534.31
2026-02-09 03:30:00,25142.27,25155.22,25116.36,25116.62,4053.0,101797660.86
2026-02-09 04:00:00,25116.96,25149.72,25116.14,25140.97,2782.0,69942178.54
2026-02-09 04:30:00,25140.97,25141.48,25107.7,25114.7,2369.0,59496724.300000004
2026-02-09 05:00:00,25114.38,25149.69,25104.21,25136.52,2812.0,70683894.24
2026-02-09 05:30:00,25136.56,25155.45,25117.51,25142.32,2755.0,69267091.6
2026-02-09 06:00:00,25142.34,25148.94,25086.3,25093.47,6050.0,151815493.5
2026-02-09 06:30:00,25093.84,25127.77,25084.06,25093.62,4301.0,107927659.61999999
2026-02-09 07:00:00,25094.08,25108.33,25059.74,25066.21,3681.0,92268719.00999999
2026-02-09 07:30:00,25066.48,25101.41,25048.03,25086.21,3448.0,86497252.08
2026-02-09 08:00:00,25086.56,25141.3,25081.45,25108.39,5520.0,138598312.79999998
2026-02-09 08:30:00,25108.0,25116.15,25075.89,25088.43,4346.0,109034316.78
2026-02-09 09:00:00,25087.99,25112.26,25071.46,25083.43,4592.0,115183110.56
2026-02-09 09:30:00,25082.96,25089.58,25001.07,25014.92,4175.0,104437291.0
2026-02-09 10:00:00,25014.9,25020.75,24962.6,24965.95,5037.0,125753490.15
2026-02-09 10:30:00,24966.0,24981.81,24895.28,24971.06,7044.0,175896146.64000002
2026-02-09 11:00:00,24971.59,24997.14,24947.93,24992.33,4592.0,114764779.36000001
2026-02-09 11:30:00,24992.31,24998.38,24961.2,24974.5,4097.0,102320526.5
2026-02-09 12:00:00,24975.03,25026.04,24942.96,25019.11,5596.0,140006939.56
2026-02-09 12:30:00,25018.71,25031.15,25000.11,25028.82,3910.0,97862686.2
2026-02-09 13:00:00,25028.63,25082.79,25027.03,25048.46,4012.0,100494421.52
2026-02-09 13:30:00,25048.01,25050.3,25001.5,25006.44,4478.0,111978838.32
2026-02-09 14:00:00,25006.92,25020.98,24965.96,24983.69,5655.0,141282766.95
2026-02-09 14:30:00,24984.09,25114.99,24882.72,25041.05,52043.0,1303211365.1499999
2026-02-09 15:00:00,25040.44,25180.6,25030.63,25108.3,20899.0,524738361.7
2026-02-09 15:30:00,25108.6,25255.73,25108.6,25238.98,9228.0,232905307.44
2026-02-09 16:00:00,25239.45,25284.95,25232.97,25282.96,6084.0,153821528.64
2026-02-09 16:30:00,25282.48,25330.96,25267.19,25318.22,4748.0,120210908.56
2026-02-09 17:00:00,25317.73,25343.47,25306.06,25311.17,4202.0,106357536.33999999
2026-02-09 17:30:00,25311.49,25328.22,25277.1,25282.72,4500.0,113772240.0
2026-02-09 18:00:00,25282.32,25308.43,25239.27,25269.86,7388.0,186693725.68
2026-02-09 18:30:00,25270.31,25315.58,25258.1,25296.84,5017.0,126914246.28
2026-02-09 19:00:00,25296.47,25349.67,25291.23,25345.55,3596.0,91142597.8
2026-02-09 19:30:00,25345.97,25355.46,25325.08,25325.98,2763.0,69975682.74
2026-02-09 20:00:00,25326.22,25339.83,25282.21,25291.59,3749.0,94818170.91
2026-02-09 20:30:00,25291.25,25319.04,25260.17,25264.78,6611.0,167025460.57999998
2026-02-09 21:00:00,25264.3,25301.6,25262.99,25291.91,2923.0,73928252.92999999
2026-02-09 21:30:00,25291.97,25298.77,25285.24,25287.22,1157.0,29257313.540000003
2026-02-09 23:00:00,25295.64,25322.69,25268.61,25279.53,2859.0,72274176.27
2026-02-09 23:30:00,25279.43,25300.36,25256.18,25271.88,3092.0,78140652.96000001
2026-02-10 00:00:00,25272.27,25290.12,25242.77,25254.76,3385.0,85487362.6
2026-02-10 00:30:00,25254.67,25270.03,25240.33,25262.89,2538.0,64117214.82
2026-02-10 01:00:00,25263.14,25269.76,25241.24,25244.75,3448.0,87043898.0
2026-02-10 01:30:00,25244.76,25279.66,25228.13,25262.67,3615.0,91324552.05
2026-02-10 02:00:00,25262.39,25263.74,25237.02,25248.19,2939.0,74204430.41
2026-02-10 02:30:00,25248.21,25250.46,25215.33,25234.12,2693.0,67955485.16
2026-02-10 03:00:00,25234.36,25236.49,25206.89,25218.39,2074.0,52302940.86
2026-02-10 03:30:00,25218.04,25241.11,25215.11,25227.77,2194.0,55349727.38
2026-02-10 04:00:00,25227.44,25250.75,25227.14,25248.7,1774.0,44791193.800000004
2026-02-10 04:30:00,25248.42,25274.43,25242.5,25272.59,1555.0,39298877.45
2026-02-10 05:00:00,25272.9,25274.54,25240.34,25242.79,1800.0,45437022.0
2026-02-10 05:30:00,25242.95,25285.45,25239.91,25279.76,2314.0,58497364.63999999
2026-02-10 06:00:00,25279.92,25281.43,25237.97,25247.03,2239.0,56528100.169999994
2026-02-10 06:30:00,25246.65,25254.95,25219.98,25241.29,2329.0,58786964.410000004
2026-02-10 07:00:00,25241.29,25266.57,25234.35,25258.99,2439.0,61606676.61000001
2026-02-10 07:30:00,25258.72,25277.05,25254.83,25277.05,1788.0,45195365.4
2026-02-10 08:00:00,25277.4,25294.07,25250.38,25269.21,3946.0,99712302.66
2026-02-10 08:30:00,25268.91,25280.72,25254.24,25261.87,3218.0,81292697.66
2026-02-10 09:00:00,25261.9,25333.44,25261.51,25323.54,2965.0,75084296.10000001
2026-02-10 09:30:00,25323.21,25325.99,25281.77,25291.53,2602.0,65808561.059999995
2026-02-10 10:00:00,25291.11,25294.82,25269.47,25290.56,3207.0,81106825.92
2026-02-10 10:30:00,25290.92,25302.19,25271.46,25283.39,2546.0,64371510.94
2026-02-10 11:00:00,25282.98,25290.9,25261.16,25280.75,2821.0,71316995.75
2026-02-10 11:30:00,25281.02,25301.26,25279.17,25297.95,1943.0,49153916.85
2026-02-10 12:00:00,25298.51,25342.77,25296.79,25342.53,2570.0,65130302.099999994
2026-02-10 12:30:00,25342.39,25349.3,25265.42,25266.32,5147.0,130045749.03999999
2026-02-10 13:00:00,25267.45,25269.78,25221.28,25258.76,5884.0,148622543.84
2026-02-10 13:30:00,25258.5,25302.07,25229.55,25300.41,5187.0,131233226.67
2026-02-10 14:00:00,25300.76,25325.46,25295.5,25304.21,3120.0,78949135.2
2026-02-10 14:30:00,25303.89,25336.25,25183.87,25319.67,29301.0,741891650.67
2026-02-10 15:00:00,25319.39,25374.05,25284.92,25328.43,16702.0,423035437.86
2026-02-10 15:30:00,25327.89,25365.51,25275.47,25301.96,12478.0,315717856.88
2026-02-10 16:00:00,25302.57,25327.54,25258.89,25278.04,12080.0,305358723.2
2026-02-10 16:30:00,25277.42,25293.52,25243.94,25254.54,10077.0,254489999.58
2026-02-10 17:00:00,25254.98,25312.25,25233.39,25294.77,6455.0,163277740.35
2026-02-10 17:30:00,25294.5,25324.91,25280.75,25311.17,4865.0,123138842.05
2026-02-10 18:00:00,25310.77,25312.41,25215.9,25220.14,7211.0,181862429.54
2026-02-10 18:30:00,25219.79,25249.55,25198.57,25239.93,8362.0,211056294.66
2026-02-10 19:00:00,25239.76,25249.99,25202.64,25227.29,5935.0,149723966.15
2026-02-10 19:30:00,25226.92,25240.09,25202.2,25221.91,4663.0,117609766.33
2026-02-10 20:00:00,25221.45,25223.8,25171.62,25181.17,4991.0,125679219.46999998
2026-02-10 20:30:00,25181.01,25195.65,25125.86,25146.79,7146.0,179698961.34
2026-02-10 21:00:00,25146.42,25166.8,25135.88,25158.72,2991.0,75249731.52000001
2026-02-10 21:30:00,25159.18,25185.11,25158.66,25184.37,1344.0,33847793.28
2026-02-10 23:00:00,25186.86,25216.28,25186.86,25207.83,1316.0,33173504.28
2026-02-10 23:30:00,25207.82,25213.12,25198.2,25202.6,1300.0,32763379.999999996
2026-02-11 00:00:00,25202.57,25215.56,25196.27,25206.62,1469.0,37028524.78
2026-02-11 00:30:00,25206.87,25225.87,25205.57,25220.28,1054.0,26582175.119999997
2026-02-11 01:00:00,25220.68,25243.73,25220.4,25235.16,1657.0,41814660.12
2026-02-11 01:30:00,25234.92,25255.05,25230.29,25245.18,1566.0,39533951.88
2026-02-11 02:00:00,25245.35,25258.84,25237.87,25249.13,1499.0,37848445.870000005
2026-02-11 02:30:00,25248.94,25256.59,25236.49,25251.35,1171.0,29569330.849999998
2026-02-11 03:00:00,25251.45,25254.77,25232.82,25252.44,1202.0,30353432.88
2026-02-11 03:30:00,25252.43,25274.4,25246.85,25267.22,1166.0,29461578.52
2026-02-11 04:00:00,25267.29,25269.32,25242.48,25243.46,1192.0,30090204.32
2026-02-11 04:30:00,25243.76,25246.45,25225.55,25236.53,1451.0,36618205.03
2026-02-11 05:00:00,25236.17,25255.02,25232.1,25234.26,1519.0,38330840.94
2026-02-11 05:30:00,25234.33,25236.34,25208.99,25216.88,1700.0,42868696.0
2026-02-11 06:00:00,25217.53,25245.58,25203.5,25204.08,2183.0,55020506.64
2026-02-11 06:30:00,25204.5,25215.93,25197.89,25198.61,1832.0,46163853.52
2026-02-11 07:00:00,25198.88,25219.29,25182.89,25213.96,2163.0,54537795.48
2026-02-11 07:30:00,25213.98,25214.91,25190.5,25200.29,2052.0,51710995.08
2026-02-11 08:00:00,25200.75,25207.54,25139.91,25166.1,3981.0,100186244.1
2026-02-11 08:30:00,25166.59,25194.98,25166.59,25179.99,2628.0,66173013.720000006
2026-02-11 09:00:00,25179.73,25207.89,25166.44,25183.77,3238.0,81545047.26
2026-02-11 09:30:00,25184.01,25186.64,25134.12,25134.13,3263.0,82012666.19
2026-02-11 10:00:00,25134.6,25135.92,25077.14,25120.89,5583.0,140249928.87
2026-02-11 10:30:00,25120.6,25134.31,25095.89,25134.31,3218.0,80882209.58
2026-02-11 11:00:00,25134.52,25175.6,25133.06,25175.53,2660.0,66966909.8
2026-02-11 11:30:00,25175.53,25177.64,25140.78,25142.77,3117.0,78370014.09
2026-02-11 12:00:00,25142.45,25205.32,25136.96,25182.65,4264.0,107378819.60000001
2026-02-11 12:30:00,25182.31,25188.62,25152.82,25176.51,3604.0,90736142.03999999
2026-02-11 13:00:00,25177.0,25199.63,25165.33,25177.32,3308.0,83286574.56
2026-02-11 13:30:00,25175.33,25380.43,25175.33,25373.29,9322.0,236529809.38
2026-02-11 14:00:00,25373.8,25375.57,25337.54,25348.88,4705.0,119266480.4
2026-02-11 14:30:00,25348.48,25394.62,25220.23,25233.31,41775.0,1054121525.25
2026-02-11 15:00:00,25233.83,25272.53,24988.18,25006.28,30461.0,761716295.0799999
2026-02-11 15:30:00,25006.65,25200.23,24999.09,25174.4,29387.0,739800092.8000001
2026-02-11 16:00:00,25173.89,25204.67,25112.23,25122.87,20956.0,526474863.71999997
2026-02-11 16:30:00,25123.39,25186.07,25105.55,25110.74,16570.0,416084961.8
2026-02-11 17:00:00,25111.1,25226.57,25072.07,25219.01,14087.0,355260193.87
2026-02-11 17:30:00,25219.35,25253.83,25185.27,25194.24,10274.0,258845621.76000002
2026-02-11 18:00:00,25193.95,25209.46,25130.72,25206.25,11068.0,278982775.0
2026-02-11 18:30:00,25206.25,25241.79,25184.16,25231.43,9592.0,242019876.56
2026-02-11 19:00:00,25231.44,25289.92,25187.31,25278.02,7369.0,186273729.38
2026-02-11 19:30:00,25278.21,25285.87,25211.29,25238.67,8201.0,206982332.67
2026-02-11 20:00:00,25238.11,25251.97,25214.11,25214.32,6115.0,154185566.8
2026-02-11 20:30:00,25214.31,25250.89,25201.96,25207.29,7297.0,183937595.13
2026-02-11 21:00:00,25207.75,25236.76,25198.37,25216.45,3848.0,97032899.60000001
2026-02-11 21:30:00,25216.9,25225.25,25206.85,25208.14,2007.0,50592736.98
2026-02-11 23:00:00,25210.98,25224.92,25169.5,25170.94,2879.0,72467136.25999999
2026-02-11 23:30:00,25170.85,25177.66,25138.5,25166.97,2928.0,73688888.16
2026-02-12 00:00:00,25166.61,25186.33,25146.45,25162.42,3577.0,90005976.33999999
2026-02-12 00:30:00,25162.88,25204.45,25161.86,25197.92,2348.0,59164716.16
2026-02-12 01:00:00,25197.75,25219.13,25174.77,25213.41,3160.0,79674375.6
2026-02-12 01:30:00,25213.35,25246.45,25206.49,25232.89,3375.0,85161003.75
2026-02-12 02:00:00,25232.84,25242.22,25201.11,25213.88,2750.0,69338170.0
2026-02-12 02:30:00,25213.7,25230.79,25201.67,25226.66,1986.0,50100146.76
2026-02-12 03:00:00,25226.21,25240.26,25216.21,25239.71,1974.0,49823187.54
2026-02-12 03:30:00,25239.73,25254.51,25237.48,25242.62,1610.0,40640618.199999996
2026-02-12 04:00:00,25242.93,25274.11,25235.86,25273.11,1712.0,43267564.32
2026-02-12 04:30:00,25273.11,25273.11,25251.95,25261.8,1579.0,39888382.199999996
2026-02-12 05:00:00,25262.19,25278.79,25262.08,25268.94,1587.0,40101807.78
2026-02-12 05:30:00,25268.5,25279.69,25263.23,25273.32,1587.0,40108758.839999996
2026-02-12 06:00:00,25273.38,25279.22,25247.7,25255.86,2260.0,57078243.6
2026-02-12 06:30:00,25256.35,25267.15,25226.41,25252.79,2846.0,71869440.34
2026-02-12 07:00:00,25253.05,25289.66,25247.15,25283.92,2280.0,57647337.599999994
2026-02-12 07:30:00,25284.12,25291.35,25274.49,25283.2,1887.0,47709398.4
2026-02-12 08:00:00,25282.85,25301.54,25272.2,25277.82,3912.0,98886831.84
2026-02-12 08:30:00,25277.29,25292.74,25257.47,25285.98,2921.0,73860347.58
2026-02-12 09:00:00,25286.01,25296.59,25273.62,25280.96,2918.0,73769841.28
2026-02-12 09:30:00,25281.35,25292.58,25262.64,25287.52,2353.0,59501534.56
2026-02-12 10:00:00,25287.38,25306.26,25267.1,25272.87,2367.0,59820883.29
2026-02-12 10:30:00,25273.04,25284.04,25271.2,25282.38,1748.0,44193600.24
2026-02-12 11:00:00,25282.31,25302.6,25270.62,25299.66,2029.0,51333010.14
2026-02-12 11:30:00,25299.36,25303.13,25274.7,25298.98,1685.0,42628781.3
2026-02-12 12:00:00,25298.67,25301.11,25275.76,25297.76,2187.0,55326201.12
2026-02-12 12:30:00,25297.36,25316.43,25284.67,25289.43,2305.0,58292136.15
2026-02-12 13:00:00,25289.45,25291.11,25253.3,25275.57,2648.0,66929709.36
2026-02-12 13:30:00,25275.89,25352.08,25265.88,25328.24,3509.0,88876794.16000001
2026-02-12 14:00:00,25328.24,25332.32,25279.28,25279.28,3467.0,87643263.75999999
2026-02-12 14:30:00,25278.98,25324.83,25119.24,25139.25,34748.0,873538659.0
2026-02-12 15:00:00,25139.59,25193.17,25102.69,25164.21,23616.0,594277983.36
2026-02-12 15:30:00,25164.59,25185.75,24939.86,24942.94,16632.0,414850978.08
2026-02-12 16:00:00,24943.44,24963.84,24744.19,24752.29,23569.0,583386723.01
2026-02-12 16:30:00,24751.67,24852.72,24738.74,24811.1,30781.0,763710469.0999999
2026-02-12 17:00:00,24810.52,24855.86,24765.01,24803.94,20658.0,512399792.52
2026-02-12 17:30:00,24803.5,24873.26,24757.56,24758.44,16995.0,420769687.79999995
2026-02-12 18:00:00,24757.95,24814.55,24734.42,24773.71,15977.0,395809564.66999996
2026-02-12 18:30:00,24774.14,24862.55,24757.78,24839.04,15224.0,378149544.96000004
2026-02-12 19:00:00,24838.71,24860.85,24779.0,24805.45,12668.0,314235440.6
2026-02-12 19:30:00,24804.93,24876.52,24803.69,24831.85,10713.0,266023609.04999998
2026-02-12 20:00:00,24832.24,24845.81,24730.58,24738.21,10736.0,265589422.56
2026-02-12 20:30:00,24737.74,24767.12,24654.77,24699.88,13553.0,334757473.64
2026-02-12 21:00:00,24699.3,24755.56,24677.59,24755.56,5372.0,132986868.32000001
2026-02-12 21:30:00,24755.48,24772.01,24751.2,24756.24,2355.0,58300945.2
2026-02-12 23:00:00,24767.26,24787.36,24731.71,24773.74,3608.0,89383653.92
2026-02-12 23:30:00,24773.86,24781.44,24676.92,24755.2,5340.0,132192768.0
2026-02-13 00:00:00,24754.91,24795.64,24698.07,24714.23,6183.0,152808084.09
2026-02-13 00:30:00,24713.87,24727.28,24641.95,24663.82,6748.0,166431457.35999998
2026-02-13 01:00:00,24663.86,24752.17,24662.71,24730.18,6515.0,161117122.7
2026-02-13 01:30:00,24730.53,24753.87,24697.44,24719.99,5339.0,131980026.61000001
2026-02-13 02:00:00,24720.0,24757.98,24718.34,24745.35,4442.0,109918844.69999999
2026-02-13 02:30:00,24745.34,24763.83,24727.65,24735.4,3290.0,81379466.0
2026-02-13 03:00:00,24735.46,24752.94,24702.87,24709.18,3081.0,76128983.58
2026-02-13 03:30:00,24708.7,24728.48,24678.18,24682.73,3578.0,88314807.94
2026-02-13 04:00:00,24682.7,24735.15,24677.69,24716.26,3408.0,84233014.08
2026-02-13 04:30:00,24716.67,24720.69,24685.95,24690.05,3121.0,77057646.05
2026-02-13 05:00:00,24690.36,24703.38,24637.94,24639.69,4215.0,103856293.35
2026-02-13 05:30:00,24639.95,24669.08,24624.07,24645.0,5486.0,135202470.0
2026-02-13 06:00:00,24644.72,24663.44,24609.98,24618.88,5247.0,129175263.36
2026-02-13 06:30:00,24618.43,24655.58,24575.87,24646.03,5496.0,135454580.88
2026-02-13 07:00:00,24646.09,24695.01,24643.78,24671.9,4152.0,102437728.80000001
2026-02-13 07:30:00,24671.62,24682.49,24647.12,24678.88,3857.0,95186440.16000001
2026-02-13 08:00:00,24679.39,24707.98,24607.45,24676.67,9064.0,223669336.88
2026-02-13 08:30:00,24676.31,24716.36,24648.34,24707.39,6342.0,156694267.38
2026-02-13 09:00:00,24707.84,24739.33,24664.16,24726.96,5821.0,143935634.16
2026-02-13 09:30:00,24727.17,24740.3,24698.94,24706.56,4222.0,104311096.32000001
2026-02-13 10:00:00,24706.63,24731.8,24692.2,24720.96,3967.0,98068048.32
2026-02-13 10:30:00,24721.3,24725.34,24660.33,24661.97,4461.0,110017048.17
2026-02-13 11:00:00,24662.83,24670.85,24583.71,24596.31,7471.0,183759032.01000002
2026-02-13 11:30:00,24596.19,24655.08,24557.69,24653.7,7770.0,191559249.0
2026-02-13 12:00:00,24653.84,24678.13,24603.5,24639.93,6970.0,171740312.1
2026-02-13 12:30:00,24639.5,24666.86,24600.2,24627.78,7616.0,187565172.48
2026-02-13 13:00:00,24627.09,24651.35,24553.23,24632.96,10769.0,265272346.23999998
2026-02-13 13:30:00,24631.45,24754.81,24631.45,24714.13,14904.0,368339393.52000004
2026-02-13 14:00:00,24713.66,24752.48,24648.52,24675.46,8653.0,213516755.38
2026-02-13 14:30:00,24675.1,24781.72,24511.78,24630.22,68657.0,1691037014.54
2026-02-13 15:00:00,24630.7,24802.71,24625.5,24782.08,49503.0,1226787306.24
2026-02-13 15:30:00,24781.72,24860.58,24652.22,24741.97,30647.0,758267154.59
2026-02-13 16:00:00,24743.11,24819.78,24695.15,24783.83,24065.0,596422868.95
2026-02-13 16:30:00,24784.11,24865.62,24743.5,24826.84,16157.0,401127253.88
2026-02-13 17:00:00,24826.5,24901.14,24815.68,24881.33,11073.0,275510967.09000003
2026-02-13 17:30:00,24881.61,24925.51,24864.5,24870.38,9836.0,244625057.68
2026-02-13 18:00:00,24869.96,24922.83,24833.11,24886.3,11873.0,295475039.9
2026-02-13 18:30:00,24886.75,24927.13,24855.44,24871.5,10727.0,266796580.5
2026-02-13 19:00:00,24871.82,24900.66,24844.44,24855.18,9731.0,241865756.58
2026-02-13 19:30:00,24855.46,24880.53,24781.47,24784.95,11568.0,286712301.6
2026-02-13 20:00:00,24784.67,24822.13,24686.81,24697.47,12341.0,304791477.27000004
2026-02-13 20:30:00,24697.9,24743.33,24664.25,24736.84,17930.0,443531541.2
2026-02-13 21:00:00,24737.25,24759.84,24708.25,24713.68,4590.0,113435791.2
2026-02-13 21:30:00,24713.61,24727.18,24704.71,24712.57,1303.0,32200478.71
2026-02-15 23:00:00,24732.75,24772.82,24694.59,24756.87,5215.0,129107077.05
2026-02-15 23:30:00,24757.37,24777.69,24734.97,24776.27,2683.0,66474732.410000004
2026-02-16 00:00:00,24775.9,24786.75,24750.48,24779.0,3853.0,95473487.0
2026-02-16 00:30:00,24779.07,24788.29,24767.52,24774.32,2420.0,59953854.4
2026-02-16 01:00:00,24773.96,24786.14,24762.5,24774.52,2171.0,53785482.92
2026-02-16 01:30:00,24774.39,24807.9,24768.11,24800.1,2232.0,55353823.199999996
2026-02-16 02:00:00,24800.01,24811.78,24778.47,24783.75,2321.0,57523083.75
2026-02-16 02:30:00,24783.6,24789.69,24767.21,24771.18,1878.0,46520276.04
2026-02-16 03:00:00,24771.16,24775.67,24754.69,24756.49,1697.0,42011763.53
2026-02-16 03:30:00,24756.95,24764.49,24748.13,24763.47,2087.0,51681361.89
2026-02-16 04:00:00,24763.33,24778.67,24759.37,24776.29,1896.0,46975845.84
2026-02-16 04:30:00,24776.18,24779.73,24760.56,24765.1,1520.0,37642952.0
2026-02-16 05:00:00,24765.21,24767.52,24753.96,24766.55,1561.0,38660584.55
2026-02-16 05:30:00,24766.39,24766.62,24734.45,24751.05,1619.0,40071949.949999996
2026-02-16 06:00:00,24751.06,24758.08,24733.85,24751.21,1671.0,41359271.91
2026-02-16 06:30:00,24750.83,24766.69,24739.57,24763.39,1801.0,44598865.39
2026-02-16 07:00:00,24763.38,24803.36,24761.57,24792.8,1979.0,49064951.199999996
2026-02-16 07:30:00,24792.59,24812.56,24787.23,24800.52,1958.0,48559418.160000004
2026-02-16 08:00:00,24801.01,24836.11,24781.05,24813.2,3711.0,92081785.2
2026-02-16 08:30:00,24813.39,24842.86,24792.98,24834.69,3134.0,77831918.46
2026-02-16 09:00:00,24835.03,24861.33,24827.87,24849.79,2395.0,59515247.050000004
2026-02-16 09:30:00,24850.21,24858.75,24845.82,24849.6,2088.0,51885964.8
2026-02-16 10:00:00,24849.29,24851.34,24819.03,24825.92,2252.0,55907971.839999996
2026-02-16 10:30:00,24826.0,24838.92,24808.67,24817.37,2154.0,53456614.98
2026-02-16 11:00:00,24817.54,24818.0,24781.68,24808.12,2348.0,58249465.76
2026-02-16 11:30:00,24808.12,24814.19,24791.27,24802.44,2069.0,51316248.36
2026-02-16 12:00:00,24802.65,24820.19,24788.18,24817.93,2347.0,58247681.71
2026-02-16 12:30:00,24818.22,24818.48,24791.53,24809.02,2702.0,67033972.04
2026-02-16 13:00:00,24808.84,24810.73,24793.43,24804.06,2680.0,66474880.800000004
2026-02-16 13:30:00,24803.62,24814.88,24784.06,24784.06,2701.0,66941746.06
2026-02-16 14:00:00,24784.11,24784.41,24693.09,24702.87,5348.0,132110948.75999999
2026-02-16 14:30:00,24702.43,24720.6,24632.28,24706.56,9397.0,232167544.32000002
2026-02-16 15:00:00,24706.61,24736.61,24648.57,24648.57,6700.0,165145419.0
2026-02-16 15:30:00,24648.04,24669.33,24618.51,24632.67,6677.0,164472337.58999997
2026-02-16 16:00:00,24632.31,24692.69,24624.18,24666.21,5475.0,135047499.75
2026-02-16 16:30:00,24666.53,24680.45,24611.25,24668.57,5363.0,132297540.91
2026-02-16 17:00:00,24668.01,24686.19,24653.77,24683.5,3530.0,87132755.0
2026-02-16 17:30:00,24683.69,24710.37,24675.46,24685.5,3408.0,84128184.0
2026-02-16 23:00:00,24700.08,24722.9,24681.4,24719.05,2735.0,67606601.75
2026-02-16 23:30:00,24719.16,24783.0,24719.16,24758.88,2474.0,61253469.120000005
2026-02-17 00:00:00,24759.41,24776.34,24726.62,24767.76,4471.0,110736654.96
2026-02-17 00:30:00,24767.43,24771.88,24718.07,24730.08,3080.0,76168646.4
2026-02-17 01:00:00,24729.77,24765.92,24719.86,24724.7,3438.0,85003518.60000001
2026-02-17 01:30:00,24724.39,24738.34,24594.63,24610.88,5565.0,136959547.20000002
2026-02-17 02:00:00,24609.8,24627.89,24561.37,24618.24,7004.0,172426152.96
2026-02-17 02:30:00,24618.73,24626.11,24594.94,24604.82,3562.0,87642368.84
2026-02-17 03:00:00,24605.39,24607.4,24537.36,24564.45,4419.0,108550304.55
2026-02-17 03:30:00,24564.63,24566.44,24515.93,24551.78,4092.0,100465883.75999999
2026-02-17 04:00:00,24552.18,24570.11,24547.65,24564.85,2614.0,64212517.9
2026-02-17 04:30:00,24565.21,24566.26,24534.74,24564.57,2370.0,58218030.9
2026-02-17 05:00:00,24564.44,24567.39,24509.65,24539.98,3226.0,79165975.48
2026-02-17 05:30:00,24540.43,24553.66,24499.82,24523.97,3801.0,93215609.97
2026-02-17 06:00:00,24524.18,24575.02,24524.18,24552.01,2629.0,64547234.29
2026-02-17 06:30:00,24551.76,24582.08,24544.44,24570.97,2230.0,54793263.1
2026-02-17 07:00:00,24571.07,24572.27,24526.87,24534.76,3136.0,76941007.36
2026-02-17 07:30:00,24534.97,24605.26,24526.69,24601.92,3100.0,76265952.0
2026-02-17 08:00:00,24602.35,24667.9,24594.66,24628.43,5616.0,138313262.88
2026-02-17 08:30:00,24628.1,24631.5,24566.13,24582.59,5421.0,133262220.39
2026-02-17 09:00:00,24582.21,24621.27,24578.33,24613.26,5216.0,128382764.16
2026-02-17 09:30:00,24613.5,24637.37,24609.78,24628.38,3408.0,83933519.04
2026-02-17 10:00:00,24628.14,24639.38,24588.78,24603.95,3105.0,76395264.75
2026-02-17 10:30:00,24603.83,24603.83,24531.88,24548.91,3831.0,94046874.21
2026-02-17 11:00:00,24548.57,24564.34,24514.51,24560.39,4203.0,103227319.17
2026-02-17 11:30:00,24560.77,24578.61,24542.33,24565.13,3500.0,85977955.0
2026-02-17 12:00:00,24564.79,24608.93,24551.01,24561.42,4874.0,119712361.08
2026-02-17 12:30:00,24560.99,24562.98,24519.5,24527.02,4947.0,121335167.94
2026-02-17 13:00:00,24527.01,24564.96,24460.58,24548.14,7784.0,191082721.76
2026-02-17 13:30:00,24548.82,24644.31,24519.38,24554.1,10185.0,250083508.5
2026-02-17 14:00:00,24553.92,24612.11,24553.57,24598.64,7326.0,180209636.64
2026-02-17 14:30:00,24599.03,24756.27,24416.79,24425.1,56358.0,1376549785.8
2026-02-17 15:00:00,24425.46,24581.75,24404.32,24467.4,43912.0,1074412468.8
2026-02-17 15:30:00,24467.82,24544.29,24390.39,24540.49,32932.0,808167416.6800001
2026-02-17 16:00:00,24540.22,24737.1,24533.81,24669.12,21746.0,536454683.52
2026-02-17 16:30:00,24668.72,24728.12,24634.6,24701.11,19873.0,490885159.03000003
2026-02-17 17:00:00,24701.56,24705.8,24610.36,24695.31,18869.0,465975804.39000005
2026-02-17 17:30:00,24695.89,24700.06,24549.48,24638.11,19618.0,483350441.98
2026-02-17 18:00:00,24638.11,24725.57,24590.28,24708.54,18913.0,467312617.02000004
2026-02-17 18:30:00,24708.85,24813.25,24692.2,24785.85,12991.0,321992977.34999996
2026-02-17 19:00:00,24786.27,24808.03,24767.67,24777.52,11570.0,286675906.4
2026-02-17 19:30:00,24777.16,24830.14,24748.74,24756.0,9223.0,228324588.0
2026-02-17 20:00:00,24755.65,24782.52,24707.05,24714.11,8584.0,212145920.24
2026-02-17 20:30:00,24713.67,24736.26,24677.17,24718.53,11252.0,278132899.56
2026-02-17 21:00:00,24718.88,24760.23,24708.07,24730.6,5407.0,133718354.19999999
2026-02-17 21:30:00,24729.97,24730.84,24697.27,24710.44,2436.0,60194631.839999996
2026-02-17 23:00:00,24718.56,24725.53,24668.1,24687.26,3312.0,81764205.11999999
2026-02-17 23:30:00,24687.31,24698.8,24645.03,24654.71,3069.0,75665304.99
2026-02-18 00:00:00,24655.07,24698.72,24652.9,24681.61,3423.0,84485151.03
2026-02-18 00:30:00,24681.91,24696.87,24658.41,24671.01,2774.0,68437381.74
2026-02-18 01:00:00,24670.57,24686.03,24654.17,24663.24,3103.0,76530033.72
2026-02-18 01:30:00,24662.9,24690.49,24654.76,24688.62,2680.0,66165501.599999994
2026-02-18 02:00:00,24689.05,24705.82,24680.44,24693.35,2405.0,59387506.75
2026-02-18 02:30:00,24693.15,24714.88,24693.15,24702.53,1734.0,42834187.019999996
2026-02-18 03:00:00,24702.89,24713.99,24680.98,24691.6,1990.0,49136284.0
2026-02-18 03:30:00,24692.01,24742.71,24690.01,24737.86,2117.0,52370049.620000005
2026-02-18 04:00:00,24738.03,24762.43,24728.38,24757.63,2058.0,50951202.54
2026-02-18 04:30:00,24757.44,24784.1,24755.62,24780.3,1927.0,47751638.1
2026-02-18 05:00:00,24780.29,24784.03,24767.9,24775.13,1609.0,39863184.17
2026-02-18 05:30:00,24775.16,24788.52,24764.77,24769.38,1536.0,38045767.68
2026-02-18 06:00:00,24769.31,24774.89,24753.78,24769.55,2163.0,53576536.65
2026-02-18 06:30:00,24768.98,24790.55,24756.72,24768.2,2203.0,54564344.6
2026-02-18 07:00:00,24768.02,24772.73,24746.53,24766.96,2392.0,59242568.32
2026-02-18 07:30:00,24766.58,24786.06,24764.14,24778.5,2076.0,51440166.0
2026-02-18 08:00:00,24778.14,24859.24,24777.34,24840.39,4455.0,110663937.45
2026-02-18 08:30:00,24839.99,24859.52,24834.66,24848.01,3161.0,78544559.61
2026-02-18 09:00:00,24848.41,24870.05,24843.96,24863.68,3381.0,84064102.08
2026-02-18 09:30:00,24864.16,24885.45,24850.25,24853.61,2626.0,65265579.86
2026-02-18 10:00:00,24853.93,24881.89,24852.24,24876.93,2389.0,59430985.77
2026-02-18 10:30:00,24877.06,24883.82,24858.02,24866.0,2319.0,57664254.0
2026-02-18 11:00:00,24866.41,24872.18,24841.26,24851.45,2250.0,55915762.5
2026-02-18 11:30:00,24851.88,24860.55,24834.26,24839.45,2417.0,60036950.65
2026-02-18 12:00:00,24839.08,24905.77,24838.25,24845.53,4944.0,122836300.32
2026-02-18 12:30:00,24846.29,24846.8,24788.39,24833.92,4826.0,119848497.91999999
2026-02-18 13:00:00,24834.13,24844.56,24811.17,24838.52,3712.0,92200586.24
2026-02-18 13:30:00,24838.77,24864.12,24761.33,24772.0,5072.0,125643584.0
2026-02-18 14:00:00,24772.08,24791.76,24752.86,24755.1,4572.0,113180317.19999999
2026-02-18 14:30:00,24754.65,24901.73,24696.23,24884.78,44448.0,1106078701.44
2026-02-18 15:00:00,24884.29,25017.18,24882.11,25001.1,13013.0,325339314.29999995
2026-02-18 15:30:00,25001.54,25042.9,24965.37,25030.27,9513.0,238112958.51
2026-02-18 16:00:00,25029.9,25059.17,25021.44,25037.01,6756.0,169150039.56
2026-02-18 16:30:00,25037.39,25060.21,25001.67,25005.12,6449.0,161258018.88
2026-02-18 17:00:00,25005.63,25071.67,25002.87,25033.8,6665.0,166850277.0
2026-02-18 17:30:00,25033.51,25058.16,25013.88,25042.52,5106.0,127867107.12
2026-02-18 18:00:00,25042.27,25070.8,24995.16,25006.43,4942.0,123581777.06
2026-02-18 18:30:00,25006.98,25019.26,24922.15,24964.58,7712.0,192526840.96
2026-02-18 19:00:00,24965.06,24975.89,24925.8,24931.71,8751.0,218177394.20999998
2026-02-18 19:30:00,24932.07,24939.33,24802.92,24823.45,11130.0,276284998.5
2026-02-18 20:00:00,24822.97,24860.81,24796.51,24816.06,9661.0,239747955.66000003
2026-02-18 20:30:00,24815.68,24937.58,24811.19,24897.17,8517.0,212049196.89
2026-02-18 21:00:00,24896.75,24906.74,24869.5,24878.92,2946.0,73293298.32
2026-02-18 21:30:00,24878.61,24890.54,24866.85,24876.55,1268.0,31543465.4
2026-02-18 23:00:00,24886.78,24933.73,24881.04,24919.8,2160.0,53826768.0
2026-02-18 23:30:00,24920.23,24927.95,24901.51,24903.65,1942.0,48362888.300000004
2026-02-19 00:00:00,24904.01,24912.21,24855.6,24864.42,3089.0,76806193.38
2026-02-19 00:30:00,24864.41,24889.85,24860.41,24886.32,2917.0,72593395.44
2026-02-19 01:00:00,24885.93,24933.26,24878.63,24902.6,3489.0,86885171.39999999
2026-02-19 01:30:00,24902.96,24912.39,24877.84,24912.03,3208.0,79917792.24
2026-02-19 02:00:00,24911.87,24924.03,24893.4,24921.68,2825.0,70403746.0
2026-02-19 02:30:00,24921.46,24926.96,24909.51,24918.56,1741.0,43383212.96
2026-02-19 03:00:00,24918.55,24935.18,24913.7,24934.04,1797.0,44806469.88
2026-02-19 03:30:00,24933.88,24938.37,24905.57,24922.99,2091.0,52113972.09
2026-02-19 04:00:00,24923.43,24932.81,24912.04,24912.46,1613.0,40183797.98
2026-02-19 04:30:00,24912.63,24921.73,24892.75,24895.13,1976.0,49192776.88
2026-02-19 05:00:00,24895.36,24914.55,24879.76,24912.59,2134.0,53163467.06
2026-02-19 05:30:00,24912.74,24943.51,24912.7,24935.48,1828.0,45582057.44
2026-02-19 06:00:00,24935.7,24942.22,24927.17,24937.19,2000.0,49874380.0
2026-02-19 06:30:00,24937.65,24960.45,24936.33,24957.47,2081.0,51936495.07
2026-02-19 07:00:00,24957.59,24983.7,24947.05,24979.8,1886.0,47111902.8
2026-02-19 07:30:00,24979.99,24986.22,24957.61,24958.69,1937.0,48344982.529999994
2026-02-19 08:00:00,24958.37,24992.47,24951.79,24978.12,3738.0,93368212.56
2026-02-19 08:30:00,24978.45,24987.46,24884.61,24893.48,4157.0,103482196.36
2026-02-19 09:00:00,24894.75,24912.1,24868.68,24873.82,5024.0,124966071.67999999
2026-02-19 09:30:00,24873.54,24886.98,24790.1,24832.32,5282.0,131164314.24
2026-02-19 10:00:00,24832.01,24841.05,24771.41,24779.42,5927.0,146867622.34
2026-02-19 10:30:00,24779.04,24809.18,24764.67,24794.08,4414.0,109441069.12
2026-02-19 11:00:00,24793.68,24821.4,24775.72,24812.66,3313.0,82204342.58
2026-02-19 11:30:00,24812.71,24824.41,24782.61,24817.51,3382.0,83932818.82
2026-02-19 12:00:00,24817.15,24835.81,24754.18,24819.1,5619.0,139458522.9
2026-02-19 12:30:00,24819.28,24834.51,24804.6,24807.71,3649.0,90523333.78999999
2026-02-19 13:00:00,24807.88,24817.11,24749.99,24769.16,5162.0,127858403.92
2026-02-19 13:30:00,24770.41,24819.06,24735.14,24793.31,6030.0,149503659.3
2026-02-19 14:00:00,24792.94,24812.74,24766.93,24771.61,4882.0,120935000.02
2026-02-19 14:30:00,24772.03,24858.5,24702.11,24819.72,42028.0,1043123192.1600001
2026-02-19 15:00:00,24819.16,24888.68,24787.94,24797.54,22945.0,568979555.3000001
2026-02-19 15:30:00,24797.13,24882.52,24789.62,24862.24,14773.0,367289871.52000004
2026-02-19 16:00:00,24862.82,24897.52,24790.84,24812.74,12162.0,301772543.88
2026-02-19 16:30:00,24812.1,24859.02,24740.44,24782.37,13501.0,334586777.37
2026-02-19 17:00:00,24782.38,24842.71,24748.87,24798.7,11404.0,282804374.8
2026-02-19 17:30:00,24798.25,24808.69,24703.92,24718.76,11101.0,274402954.76
2026-02-19 18:00:00,24718.21,24777.56,24688.79,24731.62,10522.0,260226105.64
2026-02-19 18:30:00,24731.33,24790.45,24709.38,24784.37,9099.0,225512982.63
2026-02-19 19:00:00,24783.99,24791.63,24736.51,24751.83,7502.0,185688228.66000003
2026-02-19 19:30:00,24751.64,24769.78,24696.37,24726.95,8983.0,222122191.85
2026-02-19 20:00:00,24726.46,24765.34,24721.97,24732.48,7230.0,178815830.4
2026-02-19 20:30:00,24732.21,24809.45,24727.47,24805.72,6876.0,170564130.72
2026-02-19 21:00:00,24806.1,24815.96,24777.4,24793.0,3194.0,79188842.0
2026-02-19 21:30:00,24792.63,24792.67,24773.45,24780.06,1658.0,41085339.480000004
2026-02-19 23:00:00,24786.54,24813.62,24773.17,24806.41,2662.0,66034663.42
2026-02-19 23:30:00,24806.57,24834.9,24805.5,24824.61,2093.0,51957908.730000004
2026-02-20 00:00:00,24824.78,24842.44,24805.77,24836.85,3484.0,86531585.39999999
2026-02-20 00:30:00,24837.01,24859.36,24836.54,24848.29,1986.0,49348703.940000005
2026-02-20 01:00:00,24848.64,24882.21,24845.67,24868.8,2544.0,63266227.199999996
2026-02-20 01:30:00,24868.26,24872.64,24839.07,24853.66,2720.0,67601955.2
2026-02-20 02:00:00,24854.07,24880.98,24831.41,24835.48,3020.0,75003149.6
2026-02-20 02:30:00,24835.43,24854.13,24825.63,24844.28,2338.0,58085926.64
2026-02-20 03:00:00,24843.96,24857.44,24841.63,24849.79,1811.0,45002969.690000005
2026-02-20 03:30:00,24849.49,24853.25,24836.15,24836.98,1874.0,46544500.519999996
2026-02-20 04:00:00,24837.24,24860.55,24832.51,24849.44,1889.0,46940592.16
2026-02-20 04:30:00,24849.31,24855.41,24840.33,24848.48,1424.0,35384235.519999996
2026-02-20 05:00:00,24848.45,24872.75,24848.11,24872.43,1869.0,46486571.67
2026-02-20 05:30:00,24872.35,24894.36,24872.35,24889.8,1755.0,43681599.0
2026-02-20 06:00:00,24889.79,24902.71,24887.33,24891.96,1611.0,40100947.559999995
2026-02-20 06:30:00,24891.86,24892.24,24877.82,24890.07,1558.0,38778729.06
2026-02-20 07:00:00,24890.11,24900.97,24885.29,24887.97,1916.0,47685350.52
2026-02-20 07:30:00,24887.34,24892.73,24855.13,24868.36,2308.0,57396174.88
2026-02-20 08:00:00,24868.79,24882.21,24843.71,24876.07,3865.0,96146010.55
2026-02-20 08:30:00,24876.46,24888.59,24845.15,24882.77,2940.0,73155343.8
2026-02-20 09:00:00,24883.47,24931.02,24879.66,24922.74,2728.0,67989234.72
2026-02-20 09:30:00,24922.51,24928.74,24878.64,24883.37,2864.0,71265971.67999999
2026-02-20 10:00:00,24883.11,24893.51,24866.86,24873.52,2714.0,67506733.28
2026-02-20 10:30:00,24873.9,24883.6,24847.86,24848.99,2842.0,70620829.58
2026-02-20 11:00:00,24849.03,24849.03,24790.15,24825.68,4837.0,120081814.16
2026-02-20 11:30:00,24825.8,24834.39,24758.56,24776.49,4393.0,108843120.57000001
2026-02-20 12:00:00,24776.16,24796.13,24746.49,24754.75,5190.0,128477152.5
2026-02-20 12:30:00,24754.54,24777.11,24737.86,24776.77,4776.0,118333853.52
2026-02-20 13:00:00,24776.3,24810.81,24763.39,24803.6,3517.0,87234261.19999999
2026-02-20 13:30:00,24803.31,24808.04,24669.24,24715.83,9485.0,234429647.55
2026-02-20 14:00:00,24715.38,24729.87,24642.93,24659.9,6419.0,158291898.10000002
2026-02-20 14:30:00,24660.28,24904.2,24624.88,24843.58,37037.0,920131672.46
2026-02-20 15:00:00,24845.49,25026.01,24805.82,24918.82,33616.0,837671053.12
2026-02-20 15:30:00,24919.45,25072.13,24854.59,25065.12,23047.0,577675820.64
2026-02-20 16:00:00,25064.76,25085.35,24922.03,24924.28,18153.0,452450454.84
2026-02-20 16:30:00,24923.65,25076.26,24913.75,25044.53,12776.0,319968915.28
2026-02-20 17:00:00,25045.03,25055.61,24825.99,24871.99,18031.0,448466851.69000006
2026-02-20 17:30:00,24872.4,24989.62,24858.77,24981.51,18618.0,465105753.17999995
2026-02-20 18:00:00,24981.16,24991.59,24877.62,24914.29,18271.0,455208992.59000003
2026-02-20 18:30:00,24913.66,25068.09,24875.61,25044.85,21918.0,548933022.3
2026-02-20 19:00:00,25044.3,25064.63,24983.48,24998.62,9602.0,240036749.23999998
2026-02-20 19:30:00,24998.9,25023.16,24964.31,24968.13,7602.0,189807724.26000002
2026-02-20 20:00:00,24968.65,25022.58,24960.38,24966.59,6506.0,162432634.54
2026-02-20 20:30:00,24967.02,25023.87,24964.03,25021.57,6701.0,167669540.57
2026-02-20 21:00:00,25021.12,25033.46,25010.4,25014.34,2740.0,68539291.6
2026-02-20 21:30:00,25013.99,25025.12,25012.61,25024.7,909.0,22747452.3
2026-02-22 23:00:00,24999.09,25014.33,24925.42,24936.23,6964.0,173655905.72
2026-02-22 23:30:00,24936.17,24945.39,24893.17,24928.61,4614.0,115020606.54
2026-02-23 00:00:00,24927.98,24927.98,24840.58,24863.74,5013.0,124641928.62
2026-02-23 00:30:00,24863.27,24863.77,24805.2,24809.59,4966.0,123204423.94
2026-02-23 01:00:00,24809.5,24838.9,24796.07,24815.99,6430.0,159566815.70000002
2026-02-23 01:30:00,24815.38,24837.58,24789.53,24800.34,5082.0,126035327.88
2026-02-23 02:00:00,24799.91,24813.36,24767.47,24788.3,4713.0,116827257.89999999
2026-02-23 02:30:00,24788.71,24800.91,24785.1,24795.61,2796.0,69328525.56
2026-02-23 03:00:00,24795.84,24819.22,24772.59,24789.99,3257.0,80740997.43
2026-02-23 03:30:00,24789.67,24800.14,24770.14,24798.22,2739.0,67922324.58
2026-02-23 04:00:00,24798.39,24809.47,24777.96,24787.33,2175.0,53912442.75000001
2026-02-23 04:30:00,24787.25,24795.46,24767.87,24790.07,1985.0,49208288.95
2026-02-23 05:00:00,24790.31,24791.49,24764.34,24783.69,2404.0,59579990.76
2026-02-23 05:30:00,24783.67,24800.34,24780.2,24795.37,2020.0,50086647.4
2026-02-23 06:00:00,24795.21,24810.92,24789.27,24802.45,1757.0,43577904.65
2026-02-23 06:30:00,24802.87,24825.59,24798.28,24824.25,1698.0,42151576.5
2026-02-23 07:00:00,24824.47,24870.73,24819.95,24859.34,2890.0,71843492.6
2026-02-23 07:30:00,24858.98,24868.37,24848.14,24855.01,2152.0,53487981.519999996
2026-02-23 08:00:00,24855.28,24869.92,24834.26,24855.74,4021.0,99944930.54
2026-02-23 08:30:00,24856.07,24890.22,24834.46,24886.27,3193.0,79461860.11
2026-02-23 09:00:00,24886.72,24954.73,24886.72,24951.24,3202.0,79893870.48
2026-02-23 09:30:00,24951.26,24960.17,24931.34,24940.43,2804.0,69932965.72
2026-02-23 10:00:00,24940.38,24956.68,24902.35,24925.54,3369.0,83974144.26
2026-02-23 10:30:00,24925.8,24941.63,24916.21,24926.36,2509.0,62540237.24
2026-02-23 11:00:00,24926.5,24943.77,24916.21,24924.88,2481.0,61838627.28
2026-02-23 11:30:00,24924.71,24925.94,24864.32,24885.56,2868.0,71371786.08
2026-02-23 12:00:00,24885.8,24899.22,24858.14,24865.75,3918.0,97424008.5
2026-02-23 12:30:00,24866.03,24882.64,24840.47,24860.87,4107.0,102103593.08999999
2026-02-23 13:00:00,24860.3,24894.22,24846.34,24883.03,4318.0,107444923.53999999
2026-02-23 13:30:00,24883.59,24910.68,24867.05,24891.5,3828.0,95284662.0
2026-02-23 14:00:00,24891.25,24938.73,24888.33,24937.46,3520.0,87779859.2
2026-02-23 14:30:00,24938.01,24995.94,24815.18,24870.54,40070.0,996562537.8000001
2026-02-23 15:00:00,24870.96,24908.51,24797.34,24828.6,23709.0,588661277.4
2026-02-23 15:30:00,24828.29,24856.95,24695.75,24699.89,14915.0,368398859.34999996
2026-02-23 16:00:00,24700.18,24736.08,24624.97,24733.21,15884.0,392862307.64
2026-02-23 16:30:00,24732.47,24745.61,24684.64,24691.8,13735.0,339141873.0
2026-02-23 17:00:00,24691.4,24720.09,24682.2,24699.87,10416.0,257273845.92
2026-02-23 17:30:00,24699.51,24711.86,24634.47,24701.62,10104.0,249585168.48
2026-02-23 18:00:00,24701.21,24776.61,24695.92,24766.99,7555.0,187114609.45000002
2026-02-23 18:30:00,24767.13,24775.85,24677.21,24683.97,7188.0,177428376.36
2026-02-23 19:00:00,24684.57,24711.22,24665.59,24672.61,7461.0,184082343.21
2026-02-23 19:30:00,24672.88,24686.86,24640.47,24647.87,6966.0,171697062.42
2026-02-23 20:00:00,24648.31,24671.09,24635.73,24663.22,6438.0,158781810.36
2026-02-23 20:30:00,24663.62,24728.96,24661.47,24722.59,8698.0,215037087.82
2026-02-23 21:00:00,24722.97,24743.12,24714.58,24735.94,3308.0,81826489.52
2026-02-23 21:30:00,24736.37,24753.38,24734.45,24743.1,1260.0,31176306.0
2026-02-23 23:00:00,24753.76,24773.8,24728.02,24765.77,3489.0,86407771.53
2026-02-23 23:30:00,24765.56,24783.71,24745.35,24748.28,2389.0,59123640.919999994
2026-02-24 00:00:00,24748.01,24777.16,24733.62,24740.75,3870.0,95746702.5
2026-02-24 00:30:00,24740.56,24782.55,24736.48,24775.41,2631.0,65184103.71
2026-02-24 01:00:00,24775.32,24788.2,24754.74,24780.2,3975.0,98501295.0
2026-02-24 01:30:00,24780.13,24794.74,24758.7,24781.71,3850.0,95409583.5
2026-02-24 02:00:00,24781.87,24827.03,24776.55,24822.21,3032.0,75260940.72
2026-02-24 02:30:00,24821.88,24838.4,24818.34,24828.98,2273.0,56436271.54
2026-02-24 03:00:00,24829.22,24843.25,24826.47,24837.88,1765.0,43838858.2
2026-02-24 03:30:00,24837.88,24839.88,24829.17,24832.89,1586.0,39384963.54
2026-02-24 04:00:00,24832.99,24841.2,24825.44,24837.24,1424.0,35368229.760000005
2026-02-24 04:30:00,24837.46,24843.06,24826.88,24835.81,1469.0,36483804.89
2026-02-24 05:00:00,24835.75,24847.05,24814.03,24821.93,1883.0,46739694.19
2026-02-24 05:30:00,24821.54,24821.54,24785.24,24799.98,2327.0,57709553.46
2026-02-24 06:00:00,24799.72,24812.37,24782.65,24791.98,2323.0,57591769.54
2026-02-24 06:30:00,24791.55,24802.98,24783.23,24797.39,2119.0,52545669.41
2026-02-24 07:00:00,24797.22,24821.3,24793.74,24818.86,2567.0,63710013.620000005
2026-02-24 07:30:00,24819.0,24828.22,24790.9,24792.38,2525.0,62600759.5
2026-02-24 08:00:00,24792.17,24794.08,24734.12,24766.6,6883.0,170468507.79999998
2026-02-24 08:30:00,24766.94,24780.22,24720.62,24751.27,4876.0,120687192.52
2026-02-24 09:00:00,24750.98,24802.39,24747.77,24784.7,4091.0,101394207.7
2026-02-24 09:30:00,24784.37,24806.94,24753.97,24806.92,2948.0,73130800.16
2026-02-24 10:00:00,24806.88,24824.82,24794.82,24799.55,2459.0,60982093.449999996
2026-02-24 10:30:00,24799.72,24806.36,24785.53,24801.32,2595.0,64359425.4
2026-02-24 11:00:00,24801.86,24813.03,24773.51,24782.1,3064.0,75932354.39999999
2026-02-24 11:30:00,24781.94,24793.62,24768.66,24792.72,2793.0,69246066.96000001
2026-02-24 12:00:00,24792.32,24860.58,24789.22,24799.75,6284.0,155841629.0
2026-02-24 12:30:00,24799.9,24806.59,24757.13,24777.11,5472.0,135580345.92000002
2026-02-24 13:00:00,24777.54,24818.6,24775.0,24818.6,4530.0,112428258.0
2026-02-24 13:30:00,24818.38,24851.72,24798.56,24837.64,4092.0,101635622.88
2026-02-24 14:00:00,24837.91,24838.99,24757.97,24764.38,4100.0,101533958.0
2026-02-24 14:30:00,24765.52,24924.01,24655.3,24837.41,38420.0,954253292.2
2026-02-24 15:00:00,24837.0,24974.45,24780.14,24971.83,26574.0,663601410.4200001
2026-02-24 15:30:00,24972.18,24991.01,24928.47,24936.77,12836.0,320088379.72
2026-02-24 16:00:00,24937.08,25007.31,24934.86,24975.21,10262.0,256295605.01999998
2026-02-24 16:30:00,24975.61,25000.81,24930.21,24989.02,9175.0,229274258.5
2026-02-24 17:00:00,24989.34,25036.12,24982.13,25021.12,6077.0,152053346.23999998
2026-02-24 17:30:00,25021.12,25029.87,24992.71,25006.83,4527.0,113205919.41000001
2026-02-24 18:00:00,25006.46,25038.56,24976.21,24979.99,4673.0,116731493.27000001
2026-02-24 18:30:00,24980.33,25011.08,24972.42,24990.22,4719.0,117928848.18
2026-02-24 19:00:00,24989.97,24998.51,24949.29,24963.46,5593.0,139620631.78
2026-02-24 19:30:00,24963.44,25016.59,24960.96,24981.96,4428.0,110620118.88
2026-02-24 20:00:00,24982.37,24989.12,24956.46,24959.36,4361.0,108847768.96000001
2026-02-24 20:30:00,24959.25,25031.83,24955.46,24990.75,5640.0,140947830.0
2026-02-24 21:00:00,24991.03,24998.26,24964.38,24984.24,2408.0,60162049.92
2026-02-24 21:30:00,24984.1,24989.57,24973.04,24976.41,1036.0,25875560.76
2026-02-24 23:00:00,24979.56,24990.13,24955.87,24985.39,1937.0,48396700.43
2026-02-24 23:30:00,24985.28,25013.44,24980.3,25008.05,1635.0,40888161.75
2026-02-25 00:00:00,25007.8,25007.8,24986.45,24990.87,2284.0,57079147.08
2026-02-25 00:30:00,24991.35,25037.27,24982.55,25033.96,2261.0,56601783.559999995
2026-02-25 01:00:00,25034.56,25070.85,25025.57,25043.66,3473.0,86976631.17999999
2026-02-25 01:30:00,25043.46,25075.71,25036.37,25066.54,2896.0,72592699.84
2026-02-25 02:00:00,25066.17,25073.25,25047.86,25064.29,3199.0,80180663.71000001
2026-02-25 02:30:00,25064.35,25077.24,25055.44,25070.2,2776.0,69594875.2
2026-02-25 03:00:00,25070.18,25071.95,25018.18,25032.46,3372.0,84409455.11999999
2026-02-25 03:30:00,25032.21,25043.98,24959.98,25030.04,4978.0,124599539.12
2026-02-25 04:00:00,25030.35,25031.03,24997.74,25016.57,2899.0,72523036.42999999
2026-02-25 04:30:00,25016.24,25025.43,25008.95,25013.62,1922.0,48076177.64
2026-02-25 05:00:00,25013.84,25030.12,24998.37,25004.48,2213.0,55334914.24
2026-02-25 05:30:00,25004.72,25020.37,24994.04,25005.32,2104.0,52611193.28
2026-02-25 06:00:00,25005.03,25021.36,24995.54,25004.69,2258.0,56460590.019999996
2026-02-25 06:30:00,25004.23,25021.75,24999.46,25004.47,2060.0,51509208.2
2026-02-25 07:00:00,25004.72,25016.19,24997.5,25004.29,2445.0,61135489.050000004
2026-02-25 07:30:00,25004.36,25005.52,24981.39,24999.16,2375.0,59373005.0
2026-02-25 08:00:00,24999.61,25053.14,24999.23,25037.89,4399.0,110141678.11
2026-02-25 08:30:00,25038.1,25046.59,25024.96,25036.95,2876.0,72006268.2
2026-02-25 09:00:00,25036.62,25049.76,25018.51,25032.33,3070.0,76849253.10000001
2026-02-25 09:30:00,25031.98,25050.6,25027.08,25045.28,2316.0,58004868.48
2026-02-25 10:00:00,25045.53,25048.82,25028.6,25039.08,2116.0,52982693.28
2026-02-25 10:30:00,25039.53,25056.59,25030.6,25036.46,1833.0,45891831.18
2026-02-25 11:00:00,25036.38,25047.62,25031.8,25043.9,1887.0,47257839.300000004
2026-02-25 11:30:00,25044.17,25090.8,25044.17,25088.21,1830.0,45911424.3
2026-02-25 12:00:00,25087.63,25111.92,25069.07,25097.0,2526.0,63395022.0
2026-02-25 12:30:00,25096.54,25109.48,25086.4,25102.01,2463.0,61826250.629999995
2026-02-25 13:00:00,25101.62,25114.58,25094.53,25106.43,2340.0,58749046.2
2026-02-25 13:30:00,25106.92,25128.47,25087.08,25113.28,2619.0,65771680.32
2026-02-25 14:00:00,25113.34,25140.22,25093.36,25124.1,3707.0,93135038.69999999
2026-02-25 14:30:00,25123.62,25313.61,25120.31,25306.1,19107.0,483523652.7
2026-02-25 15:00:00,25306.49,25323.44,25247.04,25297.09,11029.0,279001605.61
2026-02-25 15:30:00,25297.0,25304.17,25227.89,25258.16,8378.0,211612864.48
2026-02-25 16:00:00,25257.84,25273.78,25246.39,25263.22,5785.0,146147727.70000002
2026-02-25 16:30:00,25262.9,25295.54,25256.96,25279.33,4048.0,102330727.84
2026-02-25 17:00:00,25279.62,25303.87,25274.82,25284.63,3104.0,78483491.52
2026-02-25 17:30:00,25284.24,25317.39,25278.98,25315.01,2664.0,67439186.64
2026-02-25 18:00:00,25315.44,25319.37,25299.71,25302.12,2384.0,60320254.08
2026-02-25 18:30:00,25302.37,25318.6,25297.46,25313.72,1875.0,47463225.0
2026-02-25 19:00:00,25313.47,25340.6,25312.96,25333.88,2053.0,52010455.64
2026-02-25 19:30:00,25334.11,25341.09,25327.96,25331.87,1904.0,48231880.48
2026-02-25 20:00:00,25331.87,25338.99,25322.94,25329.88,2019.0,51141027.72
2026-02-25 20:30:00,25329.7,25358.96,25315.46,25347.39,3785.0,95939871.14999999
2026-02-25 21:00:00,25347.11,25382.29,25334.61,25357.46,3544.0,89866838.24
2026-02-25 21:30:00,25357.77,25456.55,25351.76,25423.44,11447.0,291022117.68
2026-02-25 23:00:00,25350.46,25383.42,25328.02,25349.63,4257.0,107913374.91000001
2026-02-25 23:30:00,25349.58,25353.01,25240.65,25282.41,4860.0,122872512.6
2026-02-26 00:00:00,25281.98,25305.05,25270.64,25302.05,4187.0,105939683.35
2026-02-26 00:30:00,25302.29,25307.03,25268.39,25281.7,3045.0,76982776.5
2026-02-26 01:00:00,25281.91,25285.06,25239.75,25240.05,4352.0,109844697.6
2026-02-26 01:30:00,25239.58,25285.09,25230.68,25282.21,3199.0,80877789.78999999
2026-02-26 02:00:00,25282.13,25284.8,25257.26,25266.17,2485.0,62786432.449999996
2026-02-26 02:30:00,25266.1,25275.0,25255.07,25272.9,1863.0,47083412.7
2026-02-26 03:00:00,25272.47,25277.31,25260.55,25271.63,1552.0,39221569.76
2026-02-26 03:30:00,25271.21,25288.81,25264.32,25266.56,1562.0,39466366.72
2026-02-26 04:00:00,25266.55,25275.7,25261.51,25264.38,1669.0,42166250.22
2026-02-26 04:30:00,25264.53,25271.73,25258.76,25266.06,1324.0,33452263.44
2026-02-26 05:00:00,25266.24,25270.25,25249.16,25261.14,2126.0,53705183.64
2026-02-26 05:30:00,25260.89,25275.13,25257.92,25273.37,1758.0,44430584.46
2026-02-26 06:00:00,25273.55,25298.8,25272.94,25284.66,1980.0,50063626.8
2026-02-26 06:30:00,25285.0,25310.0,25282.41,25293.3,2052.0,51901851.6
2026-02-26 07:00:00,25292.81,25320.94,25292.14,25307.48,2343.0,59295425.64
2026-02-26 07:30:00,25307.44,25330.2,25305.33,25313.87,2150.0,54424820.5
2026-02-26 08:00:00,25313.31,25357.59,25310.37,25336.99,3637.0,92150632.63000001
2026-02-26 08:30:00,25337.5,25340.82,25309.67,25315.53,2953.0,74756760.09
2026-02-26 09:00:00,25315.33,25346.06,25312.07,25345.66,2665.0,67546183.9
2026-02-26 09:30:00,25345.68,25367.1,25341.24,25344.24,2048.0,51905003.52
2026-02-26 10:00:00,25344.51,25354.03,25328.47,25329.18,1976.0,50050459.68
2026-02-26 10:30:00,25329.15,25338.63,25313.43,25322.56,2263.0,57304953.28
2026-02-26 11:00:00,25322.75,25334.88,25311.46,25329.84,2361.0,59803752.24
2026-02-26 11:30:00,25329.41,25335.5,25316.41,25327.55,2018.0,51110995.9
2026-02-26 12:00:00,25328.01,25353.84,25326.64,25352.79,2243.0,56866307.97
2026-02-26 12:30:00,25352.8,25356.19,25335.23,25339.6,2014.0,51033954.4
2026-02-26 13:00:00,25339.19,25364.57,25327.62,25362.37,2469.0,62619691.53
2026-02-26 13:30:00,25362.63,25380.59,25346.49,25349.67,2734.0,69305997.78
2026-02-26 14:00:00,25349.27,25363.76,25307.33,25307.33,3759.0,95130253.47000001
2026-02-26 14:30:00,25307.76,25308.22,25148.22,25158.92,35821.0,901217673.3199999
2026-02-26 15:00:00,25158.49,25175.91,24851.09,24898.69,28097.0,699578492.93
2026-02-26 15:30:00,24899.07,24991.8,24828.19,24964.75,24982.0,623669384.5
2026-02-26 16:00:00,24965.04,25051.77,24951.46,25025.9,14725.0,368506377.5
2026-02-26 16:30:00,25025.45,25034.97,24920.53,24929.35,11488.0,286388372.8
2026-02-26 17:00:00,24929.42,24974.35,24918.93,24933.83,8825.0,220041049.75000003
2026-02-26 17:30:00,24933.51,24973.34,24878.28,24901.14,7317.0,182201641.38
2026-02-26 18:00:00,24900.68,24904.98,24855.98,24886.26,7238.0,180126749.88
2026-02-26 18:30:00,24885.82,24996.08,24874.18,24967.12,8641.0,215740883.92
2026-02-26 19:00:00,24967.51,25051.75,24954.98,25014.26,6820.0,170597253.2
2026-02-26 19:30:00,25014.51,25064.55,25005.33,25029.62,5210.0,130404320.19999999
2026-02-26 20:00:00,25029.51,25058.63,24990.35,24995.01,5733.0,143296392.32999998
2026-02-26 20:30:00,24995.38,25051.8,24993.52,25047.39,6403.0,160378438.17
2026-02-26 21:00:00,25046.92,25055.32,25024.18,25033.62,3166.0,79256440.92
2026-02-26 21:30:00,25033.55,25037.88,24990.46,24994.49,2278.0,56937448.220000006
2026-02-26 23:00:00,24982.34,25002.2,24921.65,24987.93,4994.0,124789722.42
2026-02-26 23:30:00,24988.11,24988.66,24941.53,24961.96,3260.0,81375989.6
2026-02-27 00:00:00,24961.83,24991.82,24947.07,24965.12,3201.0,79913349.11999999
2026-02-27 00:30:00,24964.84,24968.36,24920.74,24952.29,3293.0,82167890.97
2026-02-27 01:00:00,24953.3,24983.16,24942.13,24954.23,3818.0,95275250.14
2026-02-27 01:30:00,24953.98,24972.17,24937.06,24959.23,4343.0,108397935.89
2026-02-27 02:00:00,24958.87,24984.52,24951.14,24981.09,2878.0,71895577.02
2026-02-27 02:30:00,24981.04,24998.87,24959.31,24997.53,2194.0,54844580.82
2026-02-27 03:00:00,24997.74,25001.68,24977.55,24980.34,2079.0,51934126.86
2026-02-27 03:30:00,24980.77,24999.73,24969.23,24991.03,2243.0,56054880.29
2026-02-27 04:00:00,24990.85,25001.78,24978.05,24993.55,1990.0,49737164.5
2026-02-27 04:30:00,24993.4,25000.19,24985.42,24989.61,1729.0,43207035.69
2026-02-27 05:00:00,24989.2,25023.04,24988.92,25021.01,1838.0,45988616.379999995
2026-02-27 05:30:00,25020.79,25026.14,25003.51,25005.8,1975.0,49386455.0
2026-02-27 06:00:00,25005.47,25012.1,24958.01,24970.97,3176.0,79307800.72
2026-02-27 06:30:00,24971.27,25002.81,24969.5,24997.0,2419.0,60467743.0
2026-02-27 07:00:00,24997.27,25038.9,24997.27,25036.16,2320.0,58083891.2
2026-02-27 07:30:00,25036.18,25044.5,25027.43,25038.3,2016.0,50477212.8
2026-02-27 08:00:00,25038.73,25055.21,25004.71,25022.02,4837.0,121031510.74000001
2026-02-27 08:30:00,25022.44,25042.2,25012.64,25033.39,3611.0,90395571.28999999
2026-02-27 09:00:00,25034.31,25064.4,25016.62,25044.59,4158.0,104135405.22
2026-02-27 09:30:00,25044.31,25044.49,24990.09,24995.64,3528.0,88184617.92
2026-02-27 10:00:00,24995.34,24998.82,24932.48,24982.66,4295.0,107300524.7
2026-02-27 10:30:00,24983.04,25010.33,24950.9,24966.38,3538.0,88331052.44
2026-02-27 11:00:00,24966.61,24978.05,24952.48,24956.65,3632.0,90642552.80000001
2026-02-27 11:30:00,24956.99,24967.65,24896.63,24918.89,5106.0,127235852.34
2026-02-27 12:00:00,24918.44,24960.01,24887.42,24939.96,4844.0,120809166.24
2026-02-27 12:30:00,24939.68,24951.17,24864.04,24886.63,5390.0,134138935.7
2026-02-27 13:00:00,24885.95,24908.97,24840.71,24853.46,6531.0,162317947.26
2026-02-27 13:30:00,24846.63,24852.15,24761.57,24835.77,11945.0,296663272.65
2026-02-27 14:00:00,24836.18,24843.12,24762.24,24776.95,7379.0,182829114.05
2026-02-27 14:30:00,24777.44,24904.17,24748.67,24846.57,47601.0,1182721578.57
2026-02-27 15:00:00,24845.77,24961.75,24832.38,24939.12,25827.0,644102652.24
2026-02-27 15:30:00,24938.57,24984.28,24891.46,24950.18,14828.0,369961269.04
2026-02-27 16:00:00,24950.46,24987.53,24911.04,24935.4,13079.0,326130096.6
2026-02-27 16:30:00,24935.78,24976.89,24899.02,24936.0,11636.0,290155296.0
2026-02-27 17:00:00,24936.4,25003.62,24868.86,24920.38,10548.0,262860168.24
2026-02-27 17:30:00,24920.23,24961.15,24881.48,24913.28,12199.0,303917102.71999997
2026-02-27 18:00:00,24912.99,24922.84,24842.63,24877.79,9479.0,235816571.41
2026-02-27 18:30:00,24878.82,24899.02,24853.74,24870.65,8100.0,201452265.0
2026-02-27 19:00:00,24870.98,24927.71,24865.44,24874.03,6784.0,168745419.51999998
2026-02-27 19:30:00,24874.27,24886.59,24841.83,24862.42,6484.0,161207931.28
2026-02-27 20:00:00,24862.1,24972.01,24861.58,24947.04,6511.0,162430177.44
2026-02-27 20:30:00,24946.64,24990.41,24890.18,24963.76,11936.0,297967439.35999995
2026-02-27 21:00:00,24964.31,24965.9,24909.99,24928.63,5268.0,131324022.84
2026-02-27 21:30:00,24928.86,24945.98,24910.27,24913.05,1978.0,49278012.9
2026-03-01 23:00:00,24636.63,24791.22,24636.02,24739.98,12173.0,301159776.54
2026-03-01 23:30:00,24739.42,24755.22,24690.62,24715.79,6912.0,170835540.48000002
2026-03-02 00:00:00,24716.23,24754.4,24688.68,24706.6,7991.0,197430440.6
2026-03-02 00:30:00,24706.72,24772.43,24689.83,24762.52,4876.0,120742047.52
2026-03-02 01:00:00,24761.51,24868.91,24749.51,24846.44,9124.0,226698918.56
2026-03-02 01:30:00,24846.8,24877.22,24829.97,24838.72,6381.0,158495872.32
2026-03-02 02:00:00,24838.75,24850.23,24785.15,24786.09,5241.0,129903897.69
2026-03-02 02:30:00,24785.73,24823.75,24772.94,24796.8,4662.0,115602681.6
2026-03-02 03:00:00,24797.0,24811.22,24779.61,24798.0,4156.0,103060488.0
2026-03-02 03:30:00,24798.01,24799.96,24763.15,24767.31,3809.0,94338683.79
2026-03-02 04:00:00,24767.47,24785.06,24717.6,24775.46,4280.0,106038968.8
2026-03-02 04:30:00,24775.42,24793.0,24733.68,24735.61,3508.0,86772519.88
2026-03-02 05:00:00,24734.89,24744.85,24694.36,24705.08,4121.0,101809634.68
2026-03-02 05:30:00,24705.25,24724.59,24649.08,24652.59,3986.0,98265223.74
2026-03-02 06:00:00,24652.44,24678.0,24609.14,24644.97,5448.0,134265796.56
2026-03-02 06:30:00,24645.58,24654.72,24511.32,24565.33,7768.0,190823483.44000003
2026-03-02 07:00:00,24565.31,24578.43,24508.83,24542.7,8387.0,205839624.9
2026-03-02 07:30:00,24542.32,24558.9,24506.32,24516.6,6552.0,160632763.2
2026-03-02 08:00:00,24517.9,24531.57,24453.38,24464.57,13835.0,338467325.95
2026-03-02 08:30:00,24464.52,24565.99,24460.5,24538.38,9245.0,226857323.10000002
2026-03-02 09:00:00,24536.82,24627.8,24526.93,24613.42,7606.0,187209672.51999998
2026-03-02 09:30:00,24613.07,24629.45,24587.16,24604.6,5243.0,129001917.8
2026-03-02 10:00:00,24604.59,24659.59,24601.37,24632.3,5695.0,140280948.5
2026-03-02 10:30:00,24632.44,24659.67,24617.11,24633.17,4332.0,106710892.44
2026-03-02 11:00:00,24632.87,24646.49,24610.92,24631.5,4423.0,108945124.5
2026-03-02 11:30:00,24631.72,24703.9,24630.94,24662.52,5303.0,130785343.56
2026-03-02 12:00:00,24662.22,24680.31,24606.36,24609.14,6319.0,155505155.66
2026-03-02 12:30:00,24609.27,24639.01,24585.12,24604.34,5529.0,136037395.86
2026-03-02 13:00:00,24604.76,24713.86,24597.27,24677.33,7709.0,190237536.97
2026-03-02 13:30:00,24677.27,24685.91,24570.34,24596.21,6820.0,167746152.2
2026-03-02 14:00:00,24596.52,24627.28,24583.12,24619.35,7749.0,190775343.14999998
2026-03-02 14:30:00,24619.92,24872.58,24582.64,24835.1,53614.0,1331509051.3999999
2026-03-02 15:00:00,24839.2,24923.04,24779.36,24857.3,30788.0,765306552.4
2026-03-02 15:30:00,24856.81,24932.26,24818.0,24899.6,20738.0,516367904.79999995
2026-03-02 16:00:00,24899.01,24962.82,24828.09,24842.46,13539.0,336342065.94
2026-03-02 16:30:00,24842.74,25018.98,24836.46,25008.33,12835.0,320981915.55
2026-03-02 17:00:00,25008.2,25050.74,24983.21,25019.98,7821.0,195681263.57999998
2026-03-02 17:30:00,25019.47,25052.3,25002.82,25042.45,6949.0,174019985.05
2026-03-02 18:00:00,25042.82,25050.4,24990.73,25012.86,5931.0,148351272.66
2026-03-02 18:30:00,25013.22,25016.49,24945.66,24949.27,7631.0,190387879.37
2026-03-02 19:00:00,24949.63,25065.75,24944.35,25056.71,7517.0,188351289.07
2026-03-02 19:30:00,25056.65,25077.2,25047.29,25059.21,4304.0,107854839.84
2026-03-02 20:00:00,25059.49,25067.02,24924.71,24943.85,17810.0,444249968.5
2026-03-02 20:30:00,24944.58,25040.49,24939.76,24998.96,14508.0,362684911.68
2026-03-02 21:00:00,24999.26,25005.5,24952.9,24973.58,4899.0,122345568.42
2026-03-02 21:30:00,24973.5,24984.5,24955.52,24974.49,2561.0,63959668.89
2026-03-02 23:00:00,24982.22,24988.76,24926.7,24939.66,5093.0,127017688.38
2026-03-02 23:30:00,24939.87,24957.13,24923.68,24950.22,3209.0,80065255.98
2026-03-03 00:00:00,24950.56,24960.88,24907.6,24920.02,5022.0,125148340.44
2026-03-03 00:30:00,24920.19,24929.8,24904.88,24909.71,3074.0,76572448.53999999
2026-03-03 01:00:00,24910.13,24938.94,24883.47,24901.93,5711.0,142214922.23
2026-03-03 01:30:00,24902.31,24912.68,24847.56,24851.21,6500.0,161532865.0
2026-03-03 02:00:00,24851.45,24855.98,24786.71,24815.34,9236.0,229194480.24
2026-03-03 02:30:00,24815.6,24857.38,24809.88,24840.25,6106.0,151674566.5
2026-03-03 03:00:00,24840.78,24862.09,24795.71,24801.48,4884.0,121130428.32
2026-03-03 03:30:00,24801.75,24858.16,24784.09,24825.13,6063.0,150514763.19
2026-03-03 04:00:00,24825.16,24841.92,24782.15,24793.86,4904.0,121589089.44
2026-03-03 04:30:00,24794.1,24808.68,24772.73,24789.34,5013.0,124268961.42
2026-03-03 05:00:00,24789.57,24808.04,24775.98,24791.75,6006.0,148899250.5
2026-03-03 05:30:00,24791.32,24792.82,24727.34,24745.16,5532.0,136890225.12
2026-03-03 06:00:00,24745.48,24777.92,24720.25,24777.3,5564.0,137860897.2
2026-03-03 06:30:00,24776.83,24780.17,24718.6,24734.11,4799.0,118698993.89
2026-03-03 07:00:00,24734.24,24747.44,24673.92,24684.22,6005.0,148228741.1
2026-03-03 07:30:00,24684.61,24693.59,24649.71,24656.07,5328.0,131367540.96
2026-03-03 08:00:00,24655.57,24675.05,24577.59,24579.59,11489.0,282394909.51
2026-03-03 08:30:00,24579.3,24600.5,24485.22,24496.03,12653.0,309948267.59
2026-03-03 09:00:00,24495.42,24561.39,24488.74,24498.36,12006.0,294127310.16
2026-03-03 09:30:00,24497.96,24522.68,24426.93,24433.97,9923.0,242458284.31
2026-03-03 10:00:00,24435.05,24463.94,24403.12,24417.3,10256.0,250423828.79999998
2026-03-03 10:30:00,24416.8,24463.49,24374.67,24432.47,11908.0,290941852.76
2026-03-03 11:00:00,24431.98,24466.67,24351.59,24435.56,11582.0,283012655.92
2026-03-03 11:30:00,24435.85,24494.35,24435.85,24468.34,10136.0,248011094.24
2026-03-03 12:00:00,24468.75,24581.37,24458.85,24551.83,11045.0,271174962.35
2026-03-03 12:30:00,24551.33,24586.15,24531.52,24563.5,8026.0,197146651.0
2026-03-03 13:00:00,24563.76,24569.89,24496.06,24510.36,8163.0,200078068.68
2026-03-03 13:30:00,24509.83,24512.82,24428.91,24477.32,11661.0,285430028.52
2026-03-03 14:00:00,24476.99,24522.92,24437.38,24514.17,11354.0,278333886.18
2026-03-03 14:30:00,24514.75,24640.77,24461.21,24469.97,61138.0,1496045025.8600001
2026-03-03 15:00:00,24470.26,24542.13,24332.8,24339.92,38322.0,932754414.2399999
2026-03-03 15:30:00,24339.53,24453.4,24337.33,24430.91,39930.0,975526236.3
2026-03-03 16:00:00,24430.38,24621.83,24419.92,24599.47,28118.0,691687897.46
2026-03-03 16:30:00,24599.19,24704.5,24544.0,24650.43,25652.0,632332830.36
2026-03-03 17:00:00,24650.16,24692.33,24601.94,24685.84,22061.0,544594316.24
2026-03-03 17:30:00,24686.09,24688.23,24584.2,24620.14,17987.0,442842458.18
2026-03-03 18:00:00,24620.8,24753.12,24620.8,24727.51,14556.0,359933635.56
2026-03-03 18:30:00,24727.9,24813.42,24723.35,24781.54,15264.0,378265426.56
2026-03-03 19:00:00,24781.71,24795.54,24712.61,24740.3,14196.0,351213298.8
2026-03-03 19:30:00,24740.65,24831.94,24691.81,24768.76,19495.0,482866976.2
2026-03-03 20:00:00,24769.37,24803.14,24723.29,24764.28,15652.0,387610510.56
2026-03-03 20:30:00,24764.6,24789.61,24699.31,24739.38,13882.0,343432073.16
2026-03-03 21:00:00,24739.08,24739.08,24699.06,24703.97,4405.0,108820987.85000001
2026-03-03 21:30:00,24704.24,24712.15,24674.18,24690.68,3061.0,75578171.48
2026-03-03 23:00:00,24694.01,24742.07,24652.83,24690.04,5546.0,136930961.84
2026-03-03 23:30:00,24690.28,24724.72,24680.84,24684.84,4314.0,106490399.76
2026-03-04 00:00:00,24685.22,24786.15,24660.03,24750.27,8789.0,217530123.03
2026-03-04 00:30:00,24750.59,24753.55,24672.22,24730.76,7904.0,195471927.04
2026-03-04 01:00:00,24731.04,24754.3,24620.6,24635.39,12197.0,300477851.83
2026-03-04 01:30:00,24634.87,24704.25,24614.5,24658.59,14740.0,363467616.6
2026-03-04 02:00:00,24659.14,24685.3,24602.18,24605.52,11473.0,282299130.96
2026-03-04 02:30:00,24605.16,24649.84,24571.69,24619.65,7695.0,189448206.75
2026-03-04 03:00:00,24619.43,24620.52,24540.2,24551.04,9184.0,225476751.36
2026-03-04 03:30:00,24550.87,24584.14,24508.4,24583.24,11508.0,282903925.92
2026-03-04 04:00:00,24582.85,24628.68,24570.86,24576.97,9095.0,223527542.15
2026-03-04 04:30:00,24576.55,24590.87,24549.13,24570.77,8539.0,209809805.03
2026-03-04 05:00:00,24571.17,24595.48,24515.45,24540.89,9692.0,237850305.88
2026-03-04 05:30:00,24540.68,24602.22,24524.07,24558.62,7948.0,195191911.76
2026-03-04 06:00:00,24558.89,24558.89,24482.6,24530.48,7606.0,186578830.88
2026-03-04 06:30:00,24529.99,24573.04,24523.79,24554.01,5693.0,139785978.92999998
2026-03-04 07:00:00,24553.31,24597.29,24518.85,24584.49,7134.0,175385751.66000003
2026-03-04 07:30:00,24584.73,24660.69,24579.63,24639.06,7010.0,172719810.60000002
2026-03-04 08:00:00,24639.35,24671.63,24595.48,24611.73,13427.0,330461698.71
2026-03-04 08:30:00,24612.16,24660.5,24603.37,24628.42,10767.0,265174198.14
2026-03-04 09:00:00,24628.69,24703.13,24604.73,24688.59,8465.0,208988914.35
2026-03-04 09:30:00,24689.0,24753.69,24677.52,24737.75,6387.0,158000009.25
2026-03-04 10:00:00,24737.38,24847.93,24717.86,24788.79,10652.0,264050191.08
2026-03-04 10:30:00,24789.22,24835.5,24788.97,24825.13,6649.0,165062289.37
2026-03-04 11:00:00,24824.82,24877.17,24821.67,24847.17,7410.0,184117529.7
2026-03-04 11:30:00,24847.58,24855.08,24784.55,24788.67,5907.0,146426673.69
2026-03-04 12:00:00,24789.95,24826.97,24712.31,24714.94,8619.0,213018067.85999998
2026-03-04 12:30:00,24714.49,24785.92,24703.68,24783.05,7137.0,176876627.85
2026-03-04 13:00:00,24782.78,24908.57,24778.55,24864.83,9110.0,226518601.3
2026-03-04 13:30:00,24865.4,24904.01,24843.9,24872.15,7795.0,193878409.25
2026-03-04 14:00:00,24871.75,24893.45,24833.39,24834.71,7420.0,184273548.2
2026-03-04 14:30:00,24836.05,24952.28,24810.42,24903.36,45645.0,1136713867.2
2026-03-04 15:00:00,24908.13,25123.09,24878.56,25120.94,22904.0,575370009.76
2026-03-04 15:30:00,25121.36,25129.66,25019.6,25110.01,15573.0,391038185.72999996
2026-03-04 16:00:00,25110.21,25139.92,25035.99,25089.74,14990.0,376095202.6
2026-03-04 16:30:00,25089.4,25152.91,25081.03,25128.59,9931.0,249552027.29
2026-03-04 17:00:00,25129.08,25157.06,25114.74,25115.56,6874.0,172644359.44
2026-03-04 17:30:00,25115.87,25164.34,25088.75,25152.61,7142.0,179639940.62
2026-03-04 18:00:00,25152.99,25165.89,25123.99,25155.15,5948.0,149622832.20000002
2026-03-04 18:30:00,25155.4,25197.12,25154.05,25175.49,5006.0,126028502.94000001
2026-03-04 19:00:00,25176.02,25200.16,25169.99,25177.62,3900.0,98192718.0
2026-03-04 19:30:00,25177.92,25190.0,25164.16,25172.47,3743.0,94220555.21000001
2026-03-04 20:00:00,25172.29,25178.53,25107.74,25134.55,5202.0,130749929.1
2026-03-04 20:30:00,25134.14,25151.26,25097.1,25104.11,6570.0,164934002.70000002
2026-03-04 21:00:00,25104.4,25147.06,25076.51,25124.04,5937.0,149161425.48000002
2026-03-04 21:30:00,25124.21,25137.98,25112.25,25121.13,2071.0,52025860.230000004
2026-03-04 23:00:00,25150.4,25162.87,25128.52,25136.95,3285.0,82574880.75
2026-03-04 23:30:00,25137.16,25176.42,25131.42,25157.65,2504.0,62994755.6
2026-03-05 00:00:00,25157.22,25228.8,25146.46,25198.73,4382.0,110420834.86
2026-03-05 00:30:00,25198.8,25213.99,25184.59,25194.52,3501.0,88206014.52
2026-03-05 01:00:00,25194.44,25202.9,25119.93,25125.77,6100.0,153267197.0
2026-03-05 01:30:00,25126.1,25160.38,25030.28,25056.22,10094.0,252917484.68
2026-03-05 02:00:00,25056.52,25080.56,25042.95,25054.12,7533.0,188732685.95999998
2026-03-05 02:30:00,25054.32,25110.53,25035.74,25077.12,6138.0,153923362.56
2026-03-05 03:00:00,25076.54,25087.04,25019.54,25033.91,6138.0,153658139.58
2026-03-05 03:30:00,25033.9,25054.99,25010.57,25033.63,7212.0,180542539.56
2026-03-05 04:00:00,25033.33,25072.25,25016.89,25072.25,5212.0,130676567.0
2026-03-05 04:30:00,25072.62,25091.14,25050.66,25087.37,3869.0,97063034.53
2026-03-05 05:00:00,25087.75,25089.52,25052.92,25062.68,4349.0,108997595.32000001
2026-03-05 05:30:00,25062.42,25065.95,25018.01,25019.5,3699.0,92547130.5
2026-03-05 06:00:00,25019.97,25025.61,24967.09,24994.87,6028.0,150669076.35999998
2026-03-05 06:30:00,24994.53,25078.43,24973.41,25078.24,5581.0,139961657.44
2026-03-05 07:00:00,25078.04,25082.2,25037.76,25074.41,4876.0,122262823.16
2026-03-05 07:30:00,25074.01,25075.47,25028.23,25058.21,3865.0,96849981.64999999
2026-03-05 08:00:00,25057.85,25064.91,24976.94,24981.4,10886.0,271947520.40000004
2026-03-05 08:30:00,24981.07,25039.77,24959.1,25036.96,8870.0,222077835.2
2026-03-05 09:00:00,25037.59,25192.18,25027.56,25116.13,12125.0,304533076.25
2026-03-05 09:30:00,25115.96,25133.04,25069.27,25100.86,7649.0,191996478.14000002
2026-03-05 10:00:00,25101.18,25129.42,25074.82,25122.29,5503.0,138247961.87
2026-03-05 10:30:00,25122.84,25129.94,25079.27,25093.37,5027.0,126144370.99
2026-03-05 11:00:00,25093.6,25134.73,25073.79,25122.24,4709.0,118300628.16000001
2026-03-05 11:30:00,25122.64,25137.46,25076.41,25079.98,4838.0,121336943.24
2026-03-05 12:00:00,25080.23,25142.78,25065.81,25106.06,6171.0,154929496.26000002
2026-03-05 12:30:00,25105.73,25111.16,25024.5,25056.49,6992.0,175194978.08
2026-03-05 13:00:00,25055.89,25062.18,25011.82,25042.5,7176.0,179704980.0
2026-03-05 13:30:00,25043.27,25056.08,24968.79,24981.03,8935.0,223205503.04999998
2026-03-05 14:00:00,24980.73,24998.92,24949.86,24974.08,8541.0,213303617.28
2026-03-05 14:30:00,24975.62,25173.89,24972.65,25173.18,39501.0,994365783.1800001
2026-03-05 15:00:00,25172.76,25194.88,24978.89,24998.38,25171.0,629234222.98
2026-03-05 15:30:00,24999.14,25083.44,24917.96,25069.08,23052.0,577892432.1600001
2026-03-05 16:00:00,25068.75,25079.04,24930.16,24954.98,20933.0,522382596.34
2026-03-05 16:30:00,24955.34,25040.93,24952.9,25030.15,18043.0,451618996.45000005
2026-03-05 17:00:00,25030.41,25110.09,24914.99,24915.53,16793.0,418406495.28999996
2026-03-05 17:30:00,24916.21,24931.16,24775.27,24792.69,22537.0,558752854.53
2026-03-05 18:00:00,24792.37,24875.18,24764.79,24780.93,20692.0,512767003.56
2026-03-05 18:30:00,24780.64,24855.53,24759.25,24800.95,18586.0,460950456.7
2026-03-05 19:00:00,24800.58,24866.32,24789.55,24825.92,17217.0,427427864.64
2026-03-05 19:30:00,24825.5,24868.64,24779.91,24844.92,14511.0,360524634.11999995
2026-03-05 20:00:00,24844.64,24980.57,24813.77,24941.26,17142.0,427543078.91999996
2026-03-05 20:30:00,24940.37,25043.16,24927.92,25035.85,14304.0,358112798.4
2026-03-05 21:00:00,25035.56,25038.57,24998.75,25015.96,4215.0,105442271.39999999
2026-03-05 21:30:00,25015.39,25015.83,24987.0,24998.0,2652.0,66294696.0
2026-03-05 23:00:00,25002.51,25036.55,24985.75,25029.88,3175.0,79469869.0
2026-03-05 23:30:00,25029.7,25052.83,25020.41,25043.62,2951.0,73903722.61999999
2026-03-06 00:00:00,25044.09,25080.72,25042.73,25056.87,3870.0,96970086.89999999
2026-03-06 00:30:00,25057.09,25076.21,25050.89,25058.22,3457.0,86626266.54
2026-03-06 01:00:00,25057.77,25074.67,25022.26,25036.06,5467.0,136872140.02
2026-03-06 01:30:00,25036.47,25072.4,25025.12,25050.64,6459.0,161802083.76
2026-03-06 02:00:00,25051.01,25100.83,25044.52,25094.62,4485.0,112549370.69999999
2026-03-06 02:30:00,25094.64,25096.85,25053.23,25054.89,3801.0,95233636.89
2026-03-06 03:00:00,25055.22,25084.02,25055.22,25068.57,3559.0,89219040.63
2026-03-06 03:30:00,25068.85,25099.91,25059.45,25098.44,2879.0,72258408.75999999
2026-03-06 04:00:00,25098.01,25099.81,25078.95,25082.4,2147.0,53851912.800000004
2026-03-06 04:30:00,25082.12,25122.16,25080.57,25094.14,2154.0,54052777.56
2026-03-06 05:00:00,25094.11,25114.51,25091.48,25105.76,2715.0,68162138.39999999
2026-03-06 05:30:00,25105.61,25125.95,25092.07,25103.03,2929.0,73526774.86999999
2026-03-06 06:00:00,25103.0,25120.13,25092.93,25096.59,2594.0,65100554.46
2026-03-06 06:30:00,25096.97,25105.88,25084.48,25089.4,2335.0,58583749.0
2026-03-06 07:00:00,25089.87,25122.95,25075.21,25114.48,3152.0,79160840.96
2026-03-06 07:30:00,25114.12,25122.46,25098.22,25108.67,2626.0,65935367.419999994
2026-03-06 08:00:00,25108.28,25111.3,25020.11,25021.79,7199.0,180131866.21
2026-03-06 08:30:00,25022.21,25092.08,25016.79,25057.63,5869.0,147063230.47
2026-03-06 09:00:00,25057.85,25065.1,24942.03,24945.25,8941.0,223035480.25
2026-03-06 09:30:00,24945.63,24963.84,24867.08,24904.32,10176.0,253426360.32
2026-03-06 10:00:00,24904.57,24963.83,24902.87,24957.43,6556.0,163620911.08
2026-03-06 10:30:00,24956.89,24959.28,24913.41,24931.85,5730.0,142859500.5
2026-03-06 11:00:00,24931.34,24947.12,24872.51,24931.96,7003.0,174598515.88
2026-03-06 11:30:00,24932.59,24936.05,24819.69,24841.45,8680.0,215623786.0
2026-03-06 12:00:00,24841.73,24870.33,24823.9,24844.02,8262.0,205261293.24
2026-03-06 12:30:00,24844.45,24845.4,24790.07,24821.01,7099.0,176204349.98999998
2026-03-06 13:00:00,24820.67,24862.39,24810.61,24854.97,6934.0,172344361.98000002
2026-03-06 13:30:00,24854.61,24880.41,24604.37,24631.94,18844.0,464164277.35999995
2026-03-06 14:00:00,24632.36,24672.39,24598.9,24672.37,11988.0,295772371.56
2026-03-06 14:30:00,24671.81,24730.73,24598.63,24679.19,50511.0,1246570566.09
2026-03-06 15:00:00,24679.68,24816.88,24653.7,24811.59,36741.0,911602628.19
2026-03-06 15:30:00,24811.18,24879.24,24740.5,24847.65,23054.0,572837723.1
2026-03-06 16:00:00,24847.33,24885.93,24779.57,24830.59,23524.0,584114799.16
2026-03-06 16:30:00,24830.98,24903.05,24784.88,24868.31,21626.0,537802072.0600001
2026-03-06 17:00:00,24867.93,24907.39,24781.26,24801.18,19230.0,476926691.4
2026-03-06 17:30:00,24801.7,24813.51,24732.51,24772.54,17014.0,421479995.56
2026-03-06 18:00:00,24772.92,24886.36,24767.69,24819.25,18114.0,449575894.5
2026-03-06 18:30:00,24818.42,24848.94,24778.75,24788.24,18390.0,455855733.6
2026-03-06 19:00:00,24788.64,24841.42,24771.42,24808.08,15438.0,382987139.04
2026-03-06 19:30:00,24808.18,24828.19,24762.92,24796.59,13737.0,340630756.83
2026-03-06 20:00:00,24796.86,24841.21,24631.54,24640.43,17683.0,435716723.69
2026-03-06 20:30:00,24641.15,24695.53,24593.63,24655.99,25265.0,622933587.35
2026-03-06 21:00:00,24656.31,24666.12,24611.02,24621.25,6147.0,151346823.75
2026-03-06 21:30:00,24621.42,24670.42,24619.48,24663.94,2322.0,57269668.68
2026-03-08 22:00:00,24439.85,24463.78,24214.84,24284.78,20392.0,495215233.76
2026-03-08 22:30:00,24284.42,24313.61,24270.81,24298.59,4877.0,118504223.43
2026-03-08 23:00:00,24298.79,24320.21,24254.24,24271.17,4901.0,118953004.16999999
2026-03-08 23:30:00,24271.44,24274.65,24165.06,24210.82,8566.0,207389884.12
2026-03-09 00:00:00,24211.38,24233.99,24125.27,24160.58,12496.0,301910607.68
2026-03-09 00:30:00,24160.17,24202.47,24089.41,24114.3,9131.0,220187673.29999998
2026-03-09 01:00:00,24114.71,24133.36,24059.59,24067.47,10822.0,260458160.34
2026-03-09 01:30:00,24067.3,24112.71,24001.86,24004.51,9938.0,238556820.38
2026-03-09 02:00:00,24005.27,24062.35,23996.75,24044.79,10573.0,254225564.67000002
2026-03-09 02:30:00,24044.42,24098.13,24024.61,24080.09,8971.0,216022487.39000002
2026-03-09 03:00:00,24079.72,24123.36,24076.95,24093.74,7602.0,183160611.48000002
2026-03-09 03:30:00,24093.07,24125.27,24071.12,24087.03,8123.0,195658944.69
2026-03-09 04:00:00,24087.19,24127.15,24085.99,24122.62,6480.0,156314577.6
2026-03-09 04:30:00,24122.21,24126.0,24091.18,24093.3,4261.0,102661551.3
2026-03-09 05:00:00,24093.33,24196.35,24078.38,24195.02,8300.0,200818666.0
2026-03-09 05:30:00,24195.38,24250.01,24154.92,24249.99,8407.0,203869665.93
2026-03-09 06:00:00,24249.73,24306.72,24223.03,24285.66,7334.0,178111030.44
2026-03-09 06:30:00,24286.06,24298.19,24217.75,24236.08,6244.0,151330083.52
2026-03-09 07:00:00,24236.52,24305.95,24202.83,24290.56,8526.0,207101314.56
2026-03-09 07:30:00,24290.93,24295.67,24250.72,24267.39,7864.0,190838754.96
2026-03-09 08:00:00,24268.13,24307.11,24225.36,24269.25,16335.0,396438198.75
2026-03-09 08:30:00,24268.67,24328.8,24260.4,24304.75,11171.0,271508362.25
2026-03-09 09:00:00,24305.58,24420.9,24277.54,24402.81,10349.0,252544680.69000003
2026-03-09 09:30:00,24402.8,24488.09,24373.45,24413.28,13617.0,332435633.76
2026-03-09 10:00:00,24412.65,24427.16,24362.39,24372.48,10024.0,244309739.51999998
2026-03-09 10:30:00,24372.04,24409.74,24340.45,24363.58,9852.0,240029990.16000003
2026-03-09 11:00:00,24364.9,24405.92,24342.64,24354.39,8438.0,205502342.82
2026-03-09 11:30:00,24354.63,24416.07,24348.34,24376.72,8202.0,199937857.44
2026-03-09 12:00:00,24377.0,24452.33,24372.11,24445.06,7627.0,186442472.62
2026-03-09 12:30:00,24444.73,24447.36,24342.82,24372.58,7443.0,181405112.94000003
2026-03-09 13:00:00,24373.33,24438.86,24368.57,24425.56,9559.0,233483928.04000002
2026-03-09 13:30:00,24426.0,24520.31,24304.62,24362.74,47752.0,1163369560.48
2026-03-09 14:00:00,24362.45,24466.09,24315.03,24393.09,36972.0,901861323.48
2026-03-09 14:30:00,24393.42,24577.72,24390.23,24542.14,26055.0,639445457.6999999
2026-03-09 15:00:00,24541.87,24641.75,24541.87,24635.38,15684.0,386381299.92
2026-03-09 15:30:00,24635.62,24650.73,24584.34,24634.94,14014.0,345234049.15999997
2026-03-09 16:00:00,24635.19,24718.43,24623.83,24683.15,11701.0,288817538.15000004
2026-03-09 16:30:00,24683.5,24742.37,24646.7,24702.44,10358.0,255867873.51999998
2026-03-09 17:00:00,24702.44,24705.27,24599.03,24605.56,12211.0,300458493.16
2026-03-09 17:30:00,24605.25,24622.93,24568.58,24604.41,12311.0,302904891.51
2026-03-09 18:00:00,24605.03,24676.77,24602.3,24644.36,11272.0,277791225.92
2026-03-09 18:30:00,24644.07,24701.66,24641.48,24648.45,8367.0,206233581.15
2026-03-09 19:00:00,24648.69,24951.04,24634.97,24944.35,19155.0,477809024.25
2026-03-09 19:30:00,24943.44,25045.31,24888.13,24983.49,31649.0,790702475.0100001
2026-03-09 20:00:00,24983.86,25017.61,24900.21,24955.7,8896.0,222005907.20000002
2026-03-09 20:30:00,24955.23,24968.09,24931.45,24951.95,6296.0,157097477.20000002
2026-03-09 22:00:00,24946.09,24972.17,24867.75,24928.83,8005.0,199555284.15
2026-03-09 22:30:00,24929.2,24930.7,24884.32,24902.42,3853.0,95949024.25999999
2026-03-09 23:00:00,24902.9,24927.76,24886.53,24912.24,3366.0,83854599.84
2026-03-09 23:30:00,24912.69,24913.5,24854.37,24877.65,3823.0,95107255.95
2026-03-10 00:00:00,24877.45,24914.39,24827.33,24912.79,6956.0,173293367.24
2026-03-10 00:30:00,24912.39,24965.52,24889.87,24930.54,5889.0,146815950.06
2026-03-10 01:00:00,24930.79,24972.96,24921.5,24951.02,7321.0,182666417.42000002
2026-03-10 01:30:00,24950.59,24993.39,24931.06,24983.63,6051.0,151175945.13
2026-03-10 02:00:00,24983.09,24994.48,24962.29,24968.78,4177.0,104294594.06
2026-03-10 02:30:00,24969.03,24970.72,24904.04,24923.76,5250.0,130849739.99999999
2026-03-10 03:00:00,24924.14,24957.91,24907.21,24920.81,5413.0,134896344.53
2026-03-10 03:30:00,24920.36,24922.52,24851.67,24884.26,6715.0,167097805.89999998
2026-03-10 04:00:00,24884.53,24903.16,24860.63,24884.6,5006.0,124572307.6
2026-03-10 04:30:00,24885.03,24915.92,24877.11,24899.93,4205.0,104704205.65
2026-03-10 05:00:00,24900.35,24951.67,24899.29,24930.1,5085.0,126769558.5
2026-03-10 05:30:00,24929.66,24958.31,24917.5,24953.17,4112.0,102607435.03999999
2026-03-10 06:00:00,24953.45,24963.39,24937.44,24961.64,4038.0,100795102.32
2026-03-10 06:30:00,24961.33,24979.17,24939.61,24949.46,3568.0,89019673.28
2026-03-10 07:00:00,24947.72,25058.75,24935.61,25053.84,6007.0,150498416.88
2026-03-10 07:30:00,25053.36,25070.38,25018.17,25066.84,6224.0,156016012.16
2026-03-10 08:00:00,25065.76,25140.21,25057.4,25117.59,9460.0,237612401.4
2026-03-10 08:30:00,25117.11,25139.82,25074.38,25081.43,6549.0,164258285.07
2026-03-10 09:00:00,25081.09,25129.49,25074.82,25103.33,5685.0,142712431.05
2026-03-10 09:30:00,25103.68,25122.69,25080.79,25085.19,5304.0,133051847.75999999
2026-03-10 10:00:00,25085.44,25090.54,25040.78,25074.03,6039.0,151422067.17
2026-03-10 10:30:00,25073.95,25087.26,25016.41,25061.52,6803.0,170493520.56
2026-03-10 11:00:00,25061.07,25101.12,24989.8,25018.19,8513.0,212979851.47
2026-03-10 11:30:00,25018.67,25022.06,24953.92,24966.35,6299.0,157263038.64999998
2026-03-10 12:00:00,24967.7,24970.32,24896.52,24914.68,8220.0,204798669.6
2026-03-10 12:30:00,24915.13,24994.54,24888.69,24964.88,6440.0,160773827.20000002
2026-03-10 13:00:00,24964.28,25003.79,24955.19,24986.18,7661.0,191419124.98
2026-03-10 13:30:00,24985.69,25076.51,24943.47,24959.19,41043.0,1024400035.17
2026-03-10 14:00:00,24959.5,25020.14,24889.86,24998.73,26541.0,663491292.93
2026-03-10 14:30:00,24998.4,25147.68,24997.53,25147.32,12818.0,322338347.76
2026-03-10 15:00:00,25147.79,25176.9,25111.57,25138.52,9501.0,238841078.52
2026-03-10 15:30:00,25138.06,25167.35,25104.86,25144.27,9382.0,235903541.14000002
2026-03-10 16:00:00,25145.04,25155.86,25076.31,25126.09,10277.0,258220826.93
2026-03-10 16:30:00,25126.6,25164.49,25113.06,25151.35,7869.0,197915973.14999998
2026-03-10 17:00:00,25150.95,25211.83,25140.96,25207.67,7978.0,201106791.26
2026-03-10 17:30:00,25207.34,25207.34,25097.46,25164.74,12393.0,311866622.82
2026-03-10 18:00:00,25165.07,25175.59,24983.14,25061.08,22489.0,563598628.12
2026-03-10 18:30:00,25061.43,25101.26,25019.89,25024.64,21080.0,527519411.2
2026-03-10 19:00:00,25024.45,25067.41,24981.21,24984.43,15162.0,378813927.66
2026-03-10 19:30:00,24984.13,25027.33,24936.5,24980.93,16834.0,420528975.62
2026-03-10 20:00:00,24980.55,25033.82,24980.06,25019.34,5052.0,126397705.68
2026-03-10 20:30:00,25019.37,25024.99,24988.47,25005.62,2748.0,68715443.75999999
2026-03-10 22:00:00,25008.05,25015.29,24965.99,24968.72,2692.0,67215794.24000001
2026-03-10 22:30:00,24968.88,24974.79,24949.23,24967.34,1917.0,47862390.78
2026-03-10 23:00:00,24967.79,24992.29,24961.24,24982.75,1851.0,46243070.25
2026-03-10 23:30:00,24983.49,25022.97,24972.78,25014.1,2356.0,58933219.599999994
2026-03-11 00:00:00,25014.66,25083.1,25008.32,25067.28,5452.0,136666810.56
2026-03-11 00:30:00,25066.98,25073.69,25050.13,25058.69,2930.0,73421961.7
2026-03-11 01:00:00,25058.97,25080.12,25049.15,25072.98,3201.0,80258608.98
2026-03-11 01:30:00,25073.26,25094.79,25070.55,25088.75,2525.0,63349093.75
2026-03-11 02:00:00,25088.76,25099.59,25073.23,25085.2,2292.0,57495278.4
2026-03-11 02:30:00,25085.62,25096.43,25071.85,25092.07,1988.0,49883035.16
2026-03-11 03:00:00,25091.56,25097.51,25084.2,25090.36,1565.0,39266413.4
2026-03-11 03:30:00,25090.26,25120.89,25090.26,25116.12,1913.0,48047137.559999995
2026-03-11 04:00:00,25116.51,25119.16,25108.32,25115.04,1308.0,32850472.32
2026-03-11 04:30:00,25114.89,25115.17,25084.39,25088.73,1648.0,41346227.04
2026-03-11 05:00:00,25088.83,25092.69,25053.66,25062.52,2926.0,73332933.52
2026-03-11 05:30:00,25062.86,25063.14,25023.34,25027.34,3112.0,77885082.08
2026-03-11 06:00:00,25026.95,25039.01,25005.9,25017.74,3640.0,91064573.60000001
2026-03-11 06:30:00,25017.72,25051.15,25017.22,25038.34,2405.0,60217207.7
2026-03-11 07:00:00,25038.03,25044.52,24996.33,24999.84,3854.0,96349383.36
2026-03-11 07:30:00,24999.82,25006.07,24945.11,25003.48,4592.0,114815980.16
2026-03-11 08:00:00,25003.0,25029.51,24994.79,25008.47,6861.0,171583112.67000002
2026-03-11 08:30:00,25009.0,25034.5,24931.51,24963.02,6898.0,172194911.96
2026-03-11 09:00:00,24963.42,24967.93,24918.41,24921.09,5623.0,140131289.07
2026-03-11 09:30:00,24920.66,24945.32,24897.19,24900.26,4498.0,112001369.47999999
2026-03-11 10:00:00,24899.66,24983.04,24893.21,24974.91,4826.0,120528915.66
2026-03-11 10:30:00,24974.91,25022.41,24967.96,25015.32,4894.0,122424976.08
2026-03-11 11:00:00,25014.9,25040.59,24967.34,24975.14,4906.0,122528036.84
2026-03-11 11:30:00,24974.9,24994.2,24926.73,24944.1,6908.0,172313842.79999998
2026-03-11 12:00:00,24945.16,24992.83,24935.87,24992.25,5072.0,126760692.0
2026-03-11 12:30:00,24992.74,25049.16,24907.28,24942.97,7772.0,193856762.84
2026-03-11 13:00:00,24942.64,25032.74,24942.32,25030.46,6941.0,173736422.85999998
2026-03-11 13:30:00,25030.92,25110.69,25010.82,25096.08,29546.0,741488779.6800001
2026-03-11 14:00:00,25096.43,25175.65,24974.57,25024.1,26266.0,657283010.5999999
2026-03-11 14:30:00,25024.4,25075.01,24953.66,25061.28,18533.0,464460702.23999995
2026-03-11 15:00:00,25060.85,25085.0,24929.05,24929.73,16606.0,413983096.38
2026-03-11 15:30:00,24929.25,24957.35,24887.71,24930.32,14053.0,350345786.96
2026-03-11 16:00:00,24930.34,24947.98,24893.53,24947.77,11861.0,295905499.97
2026-03-11 16:30:00,24947.21,25006.53,24944.85,25003.25,8833.0,220853707.25
2026-03-11 17:00:00,25002.87,25020.43,24966.13,25001.87,7275.0,181888604.25
2026-03-11 17:30:00,25002.35,25011.8,24869.68,24947.25,16489.0,411355205.25
2026-03-11 18:00:00,24947.53,24957.02,24886.07,24944.28,10022.0,249991574.16
2026-03-11 18:30:00,24943.83,24972.29,24926.09,24953.49,7664.0,191243547.36
2026-03-11 19:00:00,24953.87,24961.0,24909.32,24930.62,6908.0,172220722.95999998
2026-03-11 19:30:00,24931.07,25001.48,24924.66,24979.08,6385.0,159491425.8
2026-03-11 20:00:00,24979.59,24986.0,24943.09,24960.15,2854.0,71236268.10000001
2026-03-11 20:30:00,24959.85,24964.46,24935.93,24941.77,1370.0,34170224.9
2026-03-11 22:00:00,24942.24,24946.24,24844.34,24860.21,4394.0,109235762.74
2026-03-11 22:30:00,24860.82,24869.32,24815.99,24848.62,4220.0,104861176.39999999
2026-03-11 23:00:00,24848.19,24852.32,24796.29,24803.4,4254.0,105513663.60000001
2026-03-11 23:30:00,24803.16,24803.48,24733.52,24787.8,5922.0,146793351.6
2026-03-12 00:00:00,24788.18,24790.67,24740.48,24768.38,6098.0,151037581.24
2026-03-12 00:30:00,24768.02,24803.85,24764.79,24790.31,3804.0,94302339.24000001
2026-03-12 01:00:00,24790.77,24818.46,24769.34,24818.35,5141.0,127591137.35
2026-03-12 01:30:00,24817.8,24841.08,24772.92,24788.66,3772.0,93502825.52
2026-03-12 02:00:00,24788.82,24794.79,24748.98,24754.4,3917.0,96962984.80000001
2026-03-12 02:30:00,24753.85,24759.54,24702.58,24730.04,4901.0,121201926.04
2026-03-12 03:00:00,24730.2,24758.4,24721.87,24723.16,3013.0,74490881.08
2026-03-12 03:30:00,24722.91,24731.18,24697.54,24730.08,3573.0,88360575.84
2026-03-12 04:00:00,24729.68,24750.92,24723.01,24744.75,2693.0,66637611.75
2026-03-12 04:30:00,24744.81,24746.59,24710.0,24719.09,2483.0,61377500.47
2026-03-12 05:00:00,24718.7,24777.12,24717.98,24752.51,4662.0,115396201.61999999
2026-03-12 05:30:00,24752.15,24778.09,24733.28,24771.36,3896.0,96509218.56
2026-03-12 06:00:00,24770.95,24787.92,24746.88,24786.69,3775.0,93569754.75
2026-03-12 06:30:00,24787.19,24812.45,24778.46,24808.57,2831.0,70233061.67
2026-03-12 07:00:00,24808.21,24837.55,24806.9,24833.11,3287.0,81626432.57000001
2026-03-12 07:30:00,24832.74,24870.57,24807.41,24869.65,3522.0,87590907.30000001
2026-03-12 08:00:00,24870.11,24900.16,24855.62,24855.62,5834.0,145007687.07999998
2026-03-12 08:30:00,24855.14,24888.61,24835.75,24876.04,4563.0,113509370.52000001
2026-03-12 09:00:00,24876.51,24881.69,24812.61,24850.21,4233.0,105190938.92999999
2026-03-12 09:30:00,24850.46,24919.73,24849.75,24916.2,4563.0,113692620.60000001
2026-03-12 10:00:00,24915.77,24925.15,24881.56,24888.48,3798.0,94526447.03999999
2026-03-12 10:30:00,24887.93,24924.66,24874.4,24883.33,4168.0,103713719.44000001
2026-03-12 11:00:00,24882.83,24888.25,24846.5,24874.05,4153.0,103301929.64999999
2026-03-12 11:30:00,24874.04,24926.7,24851.49,24856.23,4638.0,115283194.74
2026-03-12 12:00:00,24856.56,24861.19,24809.13,24839.05,5665.0,140713218.25
2026-03-12 12:30:00,24839.74,24840.77,24800.53,24832.48,5939.0,147480098.72
2026-03-12 13:00:00,24831.97,24851.23,24749.53,24774.92,8847.0,219183717.23999998
2026-03-12 13:30:00,24775.37,24832.77,24629.61,24655.09,31094.0,766625368.46
2026-03-12 14:00:00,24655.55,24745.57,24616.97,24616.97,19988.0,492043996.36
2026-03-12 14:30:00,24616.52,24717.72,24571.93,24619.55,19868.0,489141219.4
2026-03-12 15:00:00,24619.08,24638.85,24560.8,24620.3,14967.0,368492030.09999996
2026-03-12 15:30:00,24619.4,24709.09,24578.09,24665.77,19679.0,485397687.83
2026-03-12 16:00:00,24666.09,24734.94,24589.26,24640.78,16781.0,413496929.18
2026-03-12 16:30:00,24640.14,24715.5,24625.06,24662.31,16363.0,403549378.53000003
2026-03-12 17:00:00,24662.34,24723.38,24631.28,24651.44,12948.0,319186845.12
2026-03-12 17:30:00,24651.6,24692.54,24585.92,24624.69,11685.0,287739502.65
2026-03-12 18:00:00,24625.11,24671.13,24613.16,24637.53,10255.0,252657870.14999998
2026-03-12 18:30:00,24637.17,24646.32,24595.92,24600.07,8352.0,205459784.64
2026-03-12 19:00:00,24599.65,24630.01,24570.46,24615.76,9666.0,237935936.16
2026-03-12 19:30:00,24615.42,24643.03,24543.42,24555.61,10004.0,245654322.44
2026-03-12 20:00:00,24555.89,24574.14,24517.46,24550.29,4806.0,117988693.74000001
2026-03-12 20:30:00,24550.12,24577.53,24546.55,24567.69,2122.0,52132638.18
2026-03-12 22:00:00,24567.07,24585.42,24539.58,24580.89,4018.0,98766016.02
2026-03-12 22:30:00,24580.52,24600.38,24570.93,24585.72,2810.0,69085873.2
2026-03-12 23:00:00,24585.87,24612.54,24562.4,24574.78,2767.0,67998416.25999999
2026-03-12 23:30:00,24574.98,24586.1,24526.49,24528.3,3379.0,82881125.7
2026-03-13 00:00:00,24527.61,24637.78,24493.51,24618.49,6918.0,170310713.82000002
2026-03-13 00:30:00,24618.75,24640.99,24604.55,24624.9,4525.0,111427672.5
2026-03-13 01:00:00,24624.85,24660.0,24623.74,24643.9,4566.0,112524047.4
2026-03-13 01:30:00,24643.94,24651.96,24618.04,24628.8,3411.0,84008836.8
2026-03-13 02:00:00,24628.72,24649.77,24614.45,24618.87,3419.0,84171916.53
2026-03-13 02:30:00,24619.07,24638.07,24598.62,24603.27,3135.0,77131251.45
2026-03-13 03:00:00,24603.21,24618.98,24581.35,24598.68,3146.0,77387447.28
2026-03-13 03:30:00,24598.98,24628.52,24583.08,24624.23,3099.0,76310488.77
2026-03-13 04:00:00,24624.12,24627.41,24578.93,24584.08,2657.0,65319900.56
2026-03-13 04:30:00,24584.45,24587.62,24563.37,24575.38,2772.0,68122953.36
2026-03-13 05:00:00,24575.77,24585.14,24552.28,24579.34,3442.0,84602088.28
2026-03-13 05:30:00,24579.52,24597.42,24566.5,24584.0,3147.0,77365848.0
2026-03-13 06:00:00,24583.53,24593.66,24537.61,24547.51,4012.0,98484610.11999999
2026-03-13 06:30:00,24547.77,24558.16,24476.33,24479.43,4496.0,110059517.28
2026-03-13 07:00:00,24478.44,24486.68,24410.17,24456.9,7014.0,171540696.60000002
2026-03-13 07:30:00,24456.69,24474.72,24422.62,24447.27,5324.0,130157265.48
2026-03-13 08:00:00,24446.64,24458.69,24397.08,24415.68,9595.0,234268449.6
2026-03-13 08:30:00,24415.19,24522.77,24414.12,24512.61,7147.0,175191623.67000002
2026-03-13 09:00:00,24512.99,24575.97,24512.99,24529.38,7138.0,175090714.44
2026-03-13 09:30:00,24529.25,24554.48,24511.89,24532.8,5140.0,126098592.0
2026-03-13 10:00:00,24533.09,24614.9,24527.67,24587.12,4867.0,119665513.03999999
2026-03-13 10:30:00,24587.34,24624.3,24570.89,24619.77,5244.0,129106073.88
2026-03-13 11:00:00,24620.19,24653.18,24604.24,24629.91,6066.0,149405034.06
2026-03-13 11:30:00,24629.52,24664.89,24621.13,24662.41,4530.0,111720717.3
2026-03-13 12:00:00,24662.77,24675.56,24630.64,24653.57,4873.0,120136846.61
2026-03-13 12:30:00,24653.1,24734.31,24634.44,24681.54,9423.0,232574151.42000002
2026-03-13 13:00:00,24681.11,24689.48,24638.43,24649.71,7463.0,183960785.73
2026-03-13 13:30:00,24649.04,24804.68,24611.67,24727.33,32907.0,813702248.3100001
2026-03-13 14:00:00,24726.95,24764.18,24634.24,24673.86,25110.0,619560624.6
2026-03-13 14:30:00,24674.28,24727.86,24482.83,24489.69,23447.0,574209761.43
2026-03-13 15:00:00,24489.97,24568.64,24461.74,24469.5,17906.0,438150867.0
2026-03-13 15:30:00,24468.72,24496.04,24392.78,24408.79,18822.0,459422245.38
2026-03-13 16:00:00,24408.14,24474.25,24407.13,24444.74,16422.0,401431520.28000003
2026-03-13 16:30:00,24444.36,24487.77,24386.13,24396.48,14954.0,364824961.92
2026-03-13 17:00:00,24396.19,24473.77,24391.18,24450.03,12651.0,309317329.53
2026-03-13 17:30:00,24449.59,24455.68,24353.34,24373.99,12637.0,308014111.63
2026-03-13 18:00:00,24374.27,24414.4,24366.68,24411.34,9991.0,243893697.94
2026-03-13 18:30:00,24410.9,24471.77,24399.91,24448.0,8159.0,199471232.0
2026-03-13 19:00:00,24447.64,24448.77,24367.83,24375.94,8555.0,208536166.7
2026-03-13 19:30:00,24376.22,24403.03,24350.28,24395.23,8443.0,205968926.89
2026-03-13 20:00:00,24394.79,24399.38,24359.75,24368.21,3503.0,85361839.63
2026-03-13 20:30:00,24368.39,24382.85,24342.62,24352.48,1682.0,40960871.36
2026-03-15 22:00:00,24289.22,24409.13,24287.63,24344.35,7426.0,180781143.1
2026-03-15 22:30:00,24344.89,24484.15,24330.13,24474.09,4602.0,112629762.18
2026-03-15 23:00:00,24473.47,24504.68,24431.95,24439.15,5724.0,139889694.6
2026-03-15 23:30:00,24439.56,24465.76,24413.67,24444.49,5167.0,126304679.83000001
2026-03-16 00:00:00,24444.95,24532.25,24441.78,24498.5,7715.0,189005927.5
2026-03-16 00:30:00,24498.16,24527.16,24491.92,24515.63,4806.0,117822117.78
2026-03-16 01:00:00,24516.08,24528.53,24496.36,24498.18,5703.0,139713120.54
2026-03-16 01:30:00,24498.37,24530.5,24473.83,24522.56,5947.0,145835664.32000002
2026-03-16 02:00:00,24522.54,24525.67,24487.99,24493.32,4703.0,115192083.96
2026-03-16 02:30:00,24493.33,24506.49,24480.53,24495.59,3727.0,91295063.93
2026-03-16 03:00:00,24495.94,24517.83,24495.48,24516.61,2856.0,70019438.16
2026-03-16 03:30:00,24517.08,24549.0,24516.43,24539.94,2793.0,68540052.42
2026-03-16 04:00:00,24539.61,24558.7,24536.16,24541.92,2500.0,61354799.99999999
2026-03-16 04:30:00,24541.67,24543.11,24514.15,24514.97,2304.0,56482490.88
2026-03-16 05:00:00,24514.99,24533.91,24514.49,24524.5,2898.0,71072001.0
2026-03-16 05:30:00,24524.34,24571.2,24517.27,24569.09,2953.0,72552522.77
2026-03-16 06:00:00,24569.14,24574.89,24545.43,24549.05,2615.0,64195765.75
2026-03-16 06:30:00,24549.47,24576.08,24547.8,24574.49,2330.0,57258561.7
2026-03-16 07:00:00,24574.82,24593.32,24535.67,24539.32,3912.0,95997819.84
2026-03-16 07:30:00,24539.76,24549.4,24511.8,24520.57,4562.0,111862840.34
2026-03-16 08:00:00,24520.89,24577.62,24512.11,24535.41,8222.0,201730141.02
2026-03-16 08:30:00,24535.05,24548.87,24503.73,24536.0,6548.0,160661728.0
2026-03-16 09:00:00,24536.63,24543.16,24493.31,24520.17,6281.0,154011187.76999998
2026-03-16 09:30:00,24519.92,24524.32,24485.54,24500.13,6055.0,148348287.15
2026-03-16 10:00:00,24500.43,24591.49,24496.51,24581.29,5761.0,141612811.69
2026-03-16 10:30:00,24581.65,24623.16,24564.14,24613.58,5601.0,137860661.58
2026-03-16 11:00:00,24613.09,24615.08,24585.25,24587.43,5116.0,125789291.88
2026-03-16 11:30:00,24587.68,24645.32,24586.23,24634.19,5034.0,124008512.46
2026-03-16 12:00:00,24633.89,24688.93,24633.5,24674.55,4616.0,113897722.8
2026-03-16 12:30:00,24674.68,24698.4,24657.14,24666.48,5587.0,137811623.76
2026-03-16 13:00:00,24666.82,24691.12,24658.76,24664.39,5559.0,137109344.01
2026-03-16 13:30:00,24664.02,24749.55,24632.44,24744.69,24684.0,610797927.9599999
2026-03-16 14:00:00,24745.02,24774.95,24707.42,24728.34,14254.0,352477758.36
2026-03-16 14:30:00,24728.72,24731.62,24630.26,24705.48,18324.0,452703215.52
2026-03-16 15:00:00,24705.88,24747.17,24658.23,24727.9,11718.0,289761532.2
2026-03-16 15:30:00,24727.55,24749.92,24679.83,24685.66,9244.0,228194241.04
2026-03-16 16:00:00,24685.18,24713.36,24630.91,24642.78,12805.0,315550797.9
2026-03-16 16:30:00,24643.17,24708.99,24628.85,24685.76,10701.0,264162317.76
2026-03-16 17:00:00,24686.15,24734.41,24686.15,24708.17,8884.0,219507382.27999997
2026-03-16 17:30:00,24707.76,24723.92,24663.49,24692.62,6961.0,171885327.82
2026-03-16 18:00:00,24692.92,24738.15,24687.25,24730.43,6741.0,166707828.63
2026-03-16 18:30:00,24730.09,24745.17,24713.01,24715.45,4372.0,108055947.4
2026-03-16 19:00:00,24715.43,24828.36,24670.22,24694.79,15661.0,386745106.19
2026-03-16 19:30:00,24695.16,24703.18,24647.08,24680.33,10331.0,254972489.23000002
2026-03-16 20:00:00,24680.01,24697.15,24660.68,24661.06,3419.0,84316164.14
2026-03-16 20:30:00,24661.55,24676.73,24657.28,24668.52,2385.0,58834420.2
2026-03-16 22:00:00,24664.25,24674.45,24639.15,24662.11,2581.0,63652905.910000004
2026-03-16 22:30:00,24662.41,24665.33,24633.39,24638.53,2095.0,51617720.349999994
2026-03-16 23:00:00,24638.72,24660.2,24636.15,24651.44,2304.0,56796917.76
2026-03-16 23:30:00,24651.4,24680.19,24647.81,24679.53,2322.0,57305868.66
2026-03-17 00:00:00,24680.09,24680.09,24616.17,24629.88,4132.0,101770664.16000001
2026-03-17 00:30:00,24630.25,24660.89,24603.92,24612.69,3778.0,92986742.82
2026-03-17 01:00:00,24613.07,24637.62,24610.67,24624.57,3330.0,81999818.1
2026-03-17 01:30:00,24624.57,24646.48,24609.16,24634.64,3235.0,79693060.39999999
2026-03-17 02:00:00,24634.22,24638.14,24613.49,24620.82,2367.0,58277480.94
2026-03-17 02:30:00,24620.41,24630.99,24585.77,24590.18,2587.0,63614795.660000004
2026-03-17 03:00:00,24589.88,24610.12,24584.24,24599.77,2201.0,54144093.77
2026-03-17 03:30:00,24600.16,24603.84,24579.56,24590.11,2449.0,60221179.39
2026-03-17 04:00:00,24589.63,24614.24,24587.75,24610.81,1806.0,44447122.86
2026-03-17 04:30:00,24611.07,24647.22,24611.07,24635.34,2180.0,53705041.2
2026-03-17 05:00:00,24635.32,24652.32,24629.43,24641.36,2333.0,57488292.88
2026-03-17 05:30:00,24641.27,24646.71,24551.69,24554.0,3351.0,82280454.0
2026-03-17 06:00:00,24553.68,24572.23,24527.89,24564.41,5220.0,128226220.2
2026-03-17 06:30:00,24564.0,24573.03,24541.25,24552.96,3345.0,82129651.2
2026-03-17 07:00:00,24553.12,24598.72,24535.92,24593.06,4363.0,107299520.78
2026-03-17 07:30:00,24592.71,24614.5,24562.75,24570.52,3281.0,80615876.12
2026-03-17 08:00:00,24570.2,24607.86,24553.42,24557.05,6977.0,171334537.85
2026-03-17 08:30:00,24557.36,24597.75,24538.84,24567.93,5776.0,141904363.68
2026-03-17 09:00:00,24567.66,24643.65,24567.36,24639.45,4650.0,114573442.5
2026-03-17 09:30:00,24639.25,24648.36,24620.8,24642.68,4294.0,105815667.92
2026-03-17 10:00:00,24642.19,24642.48,24592.55,24607.36,3912.0,96263992.32000001
2026-03-17 10:30:00,24607.2,24633.31,24601.38,24632.28,3508.0,86410038.24
2026-03-17 11:00:00,24631.1,24658.49,24617.28,24645.05,3647.0,89880497.35
2026-03-17 11:30:00,24645.14,24656.28,24611.61,24613.16,3901.0,96015937.16
2026-03-17 12:00:00,24613.53,24713.9,24611.42,24708.16,4422.0,109259483.52
2026-03-17 12:30:00,24708.39,24738.9,24707.84,24729.79,4308.0,106535935.32000001
2026-03-17 13:00:00,24729.43,24822.27,24727.18,24797.99,4808.0,119228735.92
2026-03-17 13:30:00,24797.66,24911.45,24761.77,24890.76,18502.0,460528841.52
2026-03-17 14:00:00,24891.12,24894.22,24793.31,24859.39,12667.0,314893893.13
2026-03-17 14:30:00,24859.57,24888.76,24834.06,24873.28,10242.0,254752133.76
2026-03-17 15:00:00,24873.56,24886.55,24806.29,24806.66,10222.0,253573678.52
2026-03-17 15:30:00,24806.4,24829.18,24749.07,24788.05,10875.0,269570043.75
2026-03-17 16:00:00,24788.33,24824.24,24744.23,24809.02,10525.0,261114935.5
2026-03-17 16:30:00,24809.29,24824.58,24786.37,24793.91,8209.0,203533207.19
2026-03-17 17:00:00,24794.29,24835.26,24792.91,24814.83,5882.0,145960830.06
2026-03-17 17:30:00,24815.27,24841.21,24792.97,24832.41,4925.0,122299619.25
2026-03-17 18:00:00,24832.53,24855.13,24798.97,24799.82,4812.0,119336733.84
2026-03-17 18:30:00,24799.41,24815.82,24788.38,24801.32,4661.0,115598952.52
2026-03-17 19:00:00,24801.82,24823.06,24779.69,24805.07,4046.0,100361313.22
2026-03-17 19:30:00,24805.32,24825.51,24793.22,24808.92,4420.0,109655426.39999999
2026-03-17 20:00:00,24808.48,24828.31,24802.62,24820.64,2005.0,49765383.199999996
2026-03-17 20:30:00,24820.79,24825.37,24817.27,24824.67,1101.0,27331961.669999998
2026-03-17 22:00:00,24819.93,24826.16,24802.08,24806.37,1761.0,43684017.57
2026-03-17 22:30:00,24806.35,24811.42,24790.57,24806.16,1711.0,42443339.76
2026-03-17 23:00:00,24806.19,24823.37,24795.24,24806.49,1696.0,42071807.04
2026-03-17 23:30:00,24805.75,24815.59,24797.66,24803.85,1534.0,38049105.9
2026-03-18 00:00:00,24804.26,24854.2,24797.88,24845.23,2930.0,72796523.9
2026-03-18 00:30:00,24845.29,24881.85,24838.7,24878.58,2359.0,58688570.220000006
2026-03-18 01:00:00,24878.82,24897.57,24878.82,24889.99,2471.0,61503165.29000001
2026-03-18 01:30:00,24889.84,24896.27,24880.91,24895.99,1829.0,45534765.71
2026-03-18 02:00:00,24895.91,24929.25,24894.24,24925.12,2214.0,55184215.68
2026-03-18 02:30:00,24924.98,24930.58,24913.09,24917.75,1710.0,42609352.5
2026-03-18 03:00:00,24917.65,24926.9,24907.55,24920.83,1382.0,34440587.06
2026-03-18 03:30:00,24920.47,24943.27,24916.46,24936.39,1373.0,34237663.47
2026-03-18 04:00:00,24936.28,24945.45,24935.38,24939.24,1255.0,31298746.200000003
2026-03-18 04:30:00,24939.23,24947.8,24930.55,24939.1,1184.0,29527894.4
2026-03-18 05:00:00,24939.56,24962.25,24935.45,24959.95,1510.0,37689524.5
2026-03-18 05:30:00,24959.54,24970.24,24958.8,24968.43,1502.0,37502581.86
2026-03-18 06:00:00,24968.41,25009.89,24966.2,25004.15,2061.0,51533553.150000006
2026-03-18 06:30:00,25003.74,25006.39,24978.29,24981.6,1840.0,45966144.0
2026-03-18 07:00:00,24981.7,24987.63,24966.95,24974.24,1993.0,49773660.32
2026-03-18 07:30:00,24974.03,24980.85,24958.48,24960.98,1880.0,46926642.4
2026-03-18 08:00:00,24960.79,24985.44,24957.49,24961.56,3284.0,81973763.04
2026-03-18 08:30:00,24961.37,24982.79,24952.99,24971.22,2986.0,74564062.92
2026-03-18 09:00:00,24971.39,24989.29,24958.41,24984.2,2800.0,69955760.0
2026-03-18 09:30:00,24984.72,24990.04,24967.44,24968.67,2162.0,53982264.54
2026-03-18 10:00:00,24968.37,24997.23,24964.81,24987.9,2137.0,53399142.300000004
2026-03-18 10:30:00,24987.72,24995.68,24958.81,24961.5,2030.0,50671845.0
2026-03-18 11:00:00,24961.13,24976.61,24904.29,24906.45,3781.0,94171287.45
2026-03-18 11:30:00,24906.09,24949.19,24897.45,24911.79,5085.0,126676452.15
2026-03-18 12:00:00,24912.27,24917.54,24799.77,24822.16,6379.0,158340558.64
2026-03-18 12:30:00,24824.39,24825.91,24669.98,24680.21,12047.0,297322489.87
2026-03-18 13:00:00,24680.64,24736.25,24663.79,24728.69,7488.0,185168430.72
2026-03-18 13:30:00,24729.0,24798.15,24704.95,24770.52,20374.0,504674574.48
2026-03-18 14:00:00,24769.3,24784.51,24613.15,24622.89,15206.0,374415665.34
2026-03-18 14:30:00,24622.52,24684.08,24618.54,24684.07,10906.0,269204467.42
2026-03-18 15:00:00,24683.76,24732.68,24661.9,24688.91,9932.0,245210254.12
2026-03-18 15:30:00,24688.41,24717.82,24677.71,24700.82,8045.0,198718096.9
2026-03-18 16:00:00,24700.44,24712.11,24668.01,24688.92,7103.0,175365398.76
2026-03-18 16:30:00,24689.24,24696.06,24631.96,24646.65,6693.0,164960028.45000002
2026-03-18 17:00:00,24645.79,24649.07,24596.95,24632.82,6287.0,154866539.34
2026-03-18 17:30:00,24632.83,24685.45,24613.66,24681.73,5939.0,146584794.47
2026-03-18 18:00:00,24682.21,24718.01,24626.29,24657.79,11266.0,277794662.14
2026-03-18 18:30:00,24657.5,24665.4,24543.92,24546.03,12874.0,316005590.21999997
2026-03-18 19:00:00,24545.65,24603.29,24511.92,24523.34,9610.0,235669297.4
2026-03-18 19:30:00,24523.39,24543.92,24444.41,24454.6,8620.0,210798652.0
2026-03-18 20:00:00,24454.28,24485.92,24367.79,24380.43,6224.0,151743796.32
2026-03-18 20:30:00,24380.46,24432.0,24380.46,24409.98,3186.0,77770196.28
2026-03-18 22:00:00,24410.76,24431.84,24382.74,24385.36,3205.0,78155078.8
2026-03-18 22:30:00,24385.57,24400.48,24367.79,24398.77,1978.0,48260767.06
2026-03-18 23:00:00,24398.77,24427.29,24397.03,24426.84,1654.0,40401993.36
2026-03-18 23:30:00,24427.03,24448.77,24397.3,24422.22,3640.0,88896880.8
2026-03-19 00:00:00,24421.75,24448.12,24400.12,24429.41,4922.0,120241556.02
2026-03-19 00:30:00,24429.49,24439.19,24392.07,24424.27,4036.0,98576353.72
2026-03-19 01:00:00,24424.66,24445.53,24410.09,24443.51,3744.0,91516501.44
2026-03-19 01:30:00,24443.76,24475.14,24436.2,24444.66,3335.0,81522941.1
2026-03-19 02:00:00,24444.37,24511.42,24405.56,24499.83,5317.0,130265596.11000001
2026-03-19 02:30:00,24499.99,24529.93,24492.5,24500.34,3063.0,75044541.42
2026-03-19 03:00:00,24500.52,24519.87,24497.31,24498.98,2218.0,54338737.64
2026-03-19 03:30:00,24499.14,24499.14,24468.46,24469.28,2798.0,68465045.44
2026-03-19 04:00:00,24468.86,24468.86,24440.59,24444.07,3194.0,78074359.58
2026-03-19 04:30:00,24444.02,24452.62,24415.5,24434.57,2889.0,70591472.73
2026-03-19 05:00:00,24434.74,24452.07,24418.79,24420.52,3154.0,77022320.08
2026-03-19 05:30:00,24420.11,24426.45,24381.71,24400.35,4460.0,108825561.0
2026-03-19 06:00:00,24401.18,24444.11,24394.36,24408.34,3782.0,92312341.88
2026-03-19 06:30:00,24408.77,24415.34,24379.3,24410.52,4258.0,103939994.16
2026-03-19 07:00:00,24410.28,24430.73,24365.49,24395.78,5808.0,141690690.23999998
2026-03-19 07:30:00,24395.41,24400.77,24349.91,24362.95,6079.0,148102373.05
2026-03-19 08:00:00,24363.47,24399.22,24346.36,24354.72,9933.0,241915433.76000002
2026-03-19 08:30:00,24354.9,24377.4,24311.83,24351.85,9159.0,223038594.14999998
2026-03-19 09:00:00,24352.31,24402.54,24305.3,24322.44,10289.0,250253585.16
2026-03-19 09:30:00,24322.02,24455.4,24317.56,24434.08,10615.0,259367759.20000002
2026-03-19 10:00:00,24433.57,24433.62,24397.09,24412.72,6202.0,151407689.44
2026-03-19 10:30:00,24412.34,24423.82,24377.74,24397.3,5459.0,133184860.7
2026-03-19 11:00:00,24397.58,24419.16,24335.19,24352.58,6469.0,157536840.02
2026-03-19 11:30:00,24352.16,24362.87,24315.38,24353.52,5652.0,137646095.04
2026-03-19 12:00:00,24352.75,24364.1,24264.45,24282.37,9476.0,230099738.12
2026-03-19 12:30:00,24282.2,24318.86,24229.2,24252.57,9454.0,229283796.78
2026-03-19 13:00:00,24253.08,24313.75,24209.36,24234.45,11689.0,283276486.05
2026-03-19 13:30:00,24234.81,24327.43,24132.43,24309.24,34920.0,848878660.8000001
2026-03-19 14:00:00,24309.65,24352.67,24214.6,24234.58,22907.0,555141524.0600001
2026-03-19 14:30:00,24234.19,24347.01,24230.26,24296.3,18998.0,461581107.4
2026-03-19 15:00:00,24295.7,24384.26,24253.22,24268.23,15818.0,383874862.14
2026-03-19 15:30:00,24268.61,24283.03,24206.07,24282.26,17034.0,413624016.84
2026-03-19 16:00:00,24282.56,24330.01,24242.88,24277.14,13701.0,332621095.14
2026-03-19 16:30:00,24277.58,24310.04,24231.21,24262.4,11858.0,287703539.2
2026-03-19 17:00:00,24261.99,24270.64,24185.45,24257.13,9249.0,224354195.37
2026-03-19 17:30:00,24256.78,24290.75,24218.96,24260.84,8209.0,199157235.56
2026-03-19 18:00:00,24260.57,24327.78,24232.73,24276.54,8419.0,204384190.26000002
2026-03-19 18:30:00,24276.87,24331.0,24225.71,24315.02,8012.0,194811940.24
2026-03-19 19:00:00,24315.63,24497.85,24313.96,24404.19,27944.0,681950685.36
2026-03-19 19:30:00,24403.72,24421.16,24352.05,24382.16,17580.0,428638372.8
2026-03-19 20:00:00,24381.71,24439.89,24370.8,24429.32,4867.0,118897500.44
2026-03-19 20:30:00,24429.19,24434.31,24418.47,24423.84,2185.0,53366090.4
2026-03-19 22:00:00,24438.64,24465.09,24412.92,24447.19,2671.0,65298444.489999995
2026-03-19 22:30:00,24447.56,24456.17,24429.93,24443.54,1700.0,41554018.0
2026-03-19 23:00:00,24443.95,24466.37,24416.91,24423.66,2226.0,54367067.16
2026-03-19 23:30:00,24423.7,24442.12,24413.42,24427.16,2208.0,53935169.28
2026-03-20 00:00:00,24427.37,24449.69,24390.47,24402.77,3838.0,93657831.26
2026-03-20 00:30:00,24402.38,24418.24,24390.24,24406.07,3276.0,79954285.32
2026-03-20 01:00:00,24406.45,24440.47,24399.54,24422.7,4369.0,106702776.3
2026-03-20 01:30:00,24422.45,24468.06,24416.39,24425.32,3312.0,80896659.84
2026-03-20 02:00:00,24425.74,24445.09,24419.42,24431.17,2829.0,69115779.92999999
2026-03-20 02:30:00,24431.14,24449.22,24419.66,24428.84,2410.0,58873504.4
2026-03-20 03:00:00,24428.43,24432.06,24405.73,24418.04,2089.0,51009285.56
2026-03-20 03:30:00,24417.72,24436.28,24411.09,24418.16,2049.0,50032809.839999996
2026-03-20 04:00:00,24418.33,24430.17,24397.67,24408.67,1805.0,44057649.349999994
2026-03-20 04:30:00,24409.09,24412.45,24392.88,24393.87,1707.0,41640336.089999996
2026-03-20 05:00:00,24393.82,24408.82,24367.41,24403.09,2798.0,68279845.82000001
2026-03-20 05:30:00,24403.01,24410.6,24389.42,24400.71,2379.0,58049289.089999996
2026-03-20 06:00:00,24400.46,24411.82,24359.46,24365.65,2806.0,68370013.9
2026-03-20 06:30:00,24366.13,24378.33,24327.31,24337.12,2795.0,68022250.39999999
2026-03-20 07:00:00,24336.84,24370.62,24290.52,24362.23,4435.0,108046490.05
2026-03-20 07:30:00,24361.99,24414.4,24360.18,24401.14,3592.0,87648894.88
2026-03-20 08:00:00,24400.55,24423.57,24373.79,24373.82,5471.0,133349169.22
2026-03-20 08:30:00,24373.41,24410.98,24361.35,24366.68,5557.0,135405640.76
2026-03-20 09:00:00,24366.94,24392.99,24303.16,24307.83,6331.0,153892871.73000002
2026-03-20 09:30:00,24307.42,24328.45,24216.28,24239.32,7869.0,190739209.07999998
2026-03-20 10:00:00,24239.8,24247.23,24127.2,24170.99,9529.0,230325363.71
2026-03-20 10:30:00,24171.44,24239.21,24169.4,24215.43,6986.0,169168993.98
2026-03-20 11:00:00,24215.96,24276.76,24206.47,24261.35,6383.0,154860197.04999998
2026-03-20 11:30:00,24261.57,24271.91,24219.56,24252.65,5755.0,139574000.75
2026-03-20 12:00:00,24253.05,24306.56,24234.6,24301.95,6633.0,161194834.35
2026-03-20 12:30:00,24302.11,24309.93,24249.27,24305.43,6250.0,151908937.5
2026-03-20 13:00:00,24305.04,24335.4,24267.29,24300.05,6989.0,169833049.45
2026-03-20 13:30:00,24299.39,24299.39,24088.21,24093.93,27070.0,652222685.1
2026-03-20 14:00:00,24093.58,24136.26,24049.63,24079.4,18686.0,449947668.40000004
2026-03-20 14:30:00,24079.79,24135.24,24039.85,24078.73,15414.0,371149544.21999997
2026-03-20 15:00:00,24078.41,24150.11,24045.1,24072.84,15444.0,371780940.96
2026-03-20 15:30:00,24073.1,24129.09,24062.92,24119.57,12015.0,289796633.55
2026-03-20 16:00:00,24119.82,24164.51,24109.87,24113.4,10479.0,252684318.60000002
2026-03-20 16:30:00,24113.83,24114.06,24043.34,24078.9,9609.0,231374150.10000002
2026-03-20 17:00:00,24078.64,24098.34,24032.06,24041.19,10417.0,250437076.23
2026-03-20 17:30:00,24040.81,24047.96,23973.42,24017.94,8055.0,193464506.7
2026-03-20 18:00:00,24018.29,24028.14,23921.8,23953.83,10445.0,250197754.35000002
2026-03-20 18:30:00,23953.4,23960.64,23880.78,23901.39,9169.0,219151844.91
2026-03-20 19:00:00,23901.59,23926.01,23857.46,23867.4,9494.0,226597095.60000002
2026-03-20 19:30:00,23867.7,23922.29,23780.28,23921.65,15685.0,375211080.25
2026-03-20 20:00:00,23922.05,23960.01,23904.16,23943.08,5774.0,138247343.92000002
2026-03-20 20:30:00,23942.65,24023.82,23939.4,24013.28,3653.0,87720511.83999999
2026-03-22 22:00:00,23721.71,23906.83,23721.49,23879.93,10395.0,248231872.35
2026-03-22 22:30:00,23880.11,23904.94,23834.62,23858.28,5850.0,139570938.0
2026-03-22 23:00:00,23858.61,23896.6,23844.89,23849.49,4461.0,106392574.89
2026-03-22 23:30:00,23849.32,23864.43,23790.05,23820.32,5867.0,139753817.44
2026-03-23 00:00:00,23820.72,23904.07,23786.7,23864.77,9078.0,216644382.06
2026-03-23 00:30:00,23864.42,23870.47,23754.77,23766.03,9849.0,234071629.47
2026-03-23 01:00:00,23765.77,23852.4,23752.81,23844.85,9133.0,217775015.04999998
2026-03-23 01:30:00,23845.16,23888.63,23829.76,23859.85,8315.0,198394652.75
2026-03-23 02:00:00,23860.22,23884.46,23839.04,23860.36,6520.0,155569547.20000002
2026-03-23 02:30:00,23860.31,23862.88,23806.14,23825.38,4577.0,109048764.26
2026-03-23 03:00:00,23825.54,23842.66,23789.06,23810.36,4461.0,106218015.96000001
2026-03-23 03:30:00,23810.68,23818.71,23764.56,23767.76,4385.0,104221627.6
2026-03-23 04:00:00,23768.11,23809.75,23760.58,23804.49,4188.0,99693204.12
2026-03-23 04:30:00,23805.03,23818.16,23791.32,23811.78,3406.0,81102922.67999999
2026-03-23 05:00:00,23811.57,23848.48,23794.75,23799.63,4443.0,105741756.09
2026-03-23 05:30:00,23800.02,23817.46,23749.9,23789.08,5762.0,137072678.96
2026-03-23 06:00:00,23788.73,23791.52,23731.19,23743.4,6856.0,162784750.4
2026-03-23 06:30:00,23743.55,23743.87,23642.26,23670.45,5832.0,138046064.4
2026-03-23 07:00:00,23670.75,23728.8,23588.51,23613.31,8740.0,206380329.4
2026-03-23 07:30:00,23613.83,23693.83,23605.71,23657.56,8821.0,208683336.76000002
2026-03-23 08:00:00,23657.29,23741.92,23655.53,23711.85,15598.0,369857436.29999995
2026-03-23 08:30:00,23711.54,23770.17,23706.75,23746.81,10298.0,244544649.38000003
2026-03-23 09:00:00,23748.12,23786.23,23711.96,23747.2,9849.0,233886172.8
2026-03-23 09:30:00,23747.44,23750.39,23660.57,23698.09,9032.0,214041148.88
2026-03-23 10:00:00,23698.46,23743.72,23658.91,23667.62,8377.0,198263652.73999998
2026-03-23 10:30:00,23667.86,23740.57,23631.06,23695.37,8963.0,212381601.31
2026-03-23 11:00:00,23696.83,24576.1,23691.46,24324.94,20735.0,504377630.9
2026-03-23 11:30:00,24326.37,24503.99,24182.79,24202.76,17341.0,419700061.15999997
2026-03-23 12:00:00,24203.1,24333.2,24157.86,24310.24,13921.0,338422851.04
2026-03-23 12:30:00,24309.55,24429.88,24265.05,24417.97,17430.0,425605217.1
2026-03-23 13:00:00,24419.24,24454.02,24293.95,24300.68,13087.0,318022999.16
2026-03-23 13:30:00,24301.01,24415.93,24242.73,24409.37,33457.0,816664292.0899999
2026-03-23 14:00:00,24409.74,24496.93,24336.73,24445.79,18904.0,462123214.16
2026-03-23 14:30:00,24446.06,24463.38,24388.89,24419.25,15734.0,384212479.5
2026-03-23 15:00:00,24419.51,24496.95,24407.35,24420.75,13617.0,332537352.75
2026-03-23 15:30:00,24421.08,24440.14,24179.69,24189.86,17586.0,425402877.96000004
2026-03-23 16:00:00,24190.24,24273.56,24117.25,24126.95,20051.0,483769474.45
2026-03-23 16:30:00,24126.55,24234.35,24120.84,24177.33,16897.0,408524345.01000005
2026-03-23 17:00:00,24177.68,24200.94,24120.1,24166.97,13343.0,322459880.71000004
2026-03-23 17:30:00,24165.53,24281.69,24162.92,24277.13,12999.0,315578412.87
2026-03-23 18:00:00,24277.58,24297.66,24228.47,24257.5,10868.0,263630510.0
2026-03-23 18:30:00,24257.52,24347.74,24257.19,24326.59,9396.0,228572639.64000002
2026-03-23 19:00:00,24325.95,24329.08,24271.46,24286.7,7055.0,171342668.5
2026-03-23 19:30:00,24286.45,24325.87,24210.65,24210.65,8996.0,217799007.4
2026-03-23 20:00:00,24210.98,24236.2,24171.53,24224.45,5878.0,142391317.1
2026-03-23 20:30:00,24224.77,24245.54,24204.06,24212.62,2519.0,60991589.779999994
2026-03-23 22:00:00,24225.19,24253.13,24191.04,24246.84,3401.0,82463502.84
2026-03-23 22:30:00,24246.68,24303.7,24228.96,24296.64,2516.0,61130346.24
2026-03-23 23:00:00,24297.19,24297.94,24275.68,24280.38,2283.0,55432107.54
2026-03-23 23:30:00,24280.17,24288.78,24242.16,24271.32,3224.0,78250735.67999999
2026-03-24 00:00:00,24270.91,24272.56,24115.28,24203.36,6740.0,163130646.4
2026-03-24 00:30:00,24203.58,24213.9,24082.25,24139.4,7121.0,171896667.4
2026-03-24 01:00:00,24139.82,24141.66,24072.41,24118.24,8369.0,201845550.56
2026-03-24 01:30:00,24117.9,24118.25,24048.37,24078.4,7184.0,172979225.60000002
2026-03-24 02:00:00,24078.06,24108.0,24036.94,24089.25,7138.0,171949066.5
2026-03-24 02:30:00,24089.65,24104.34,24060.23,24063.23,4952.0,119161114.96
2026-03-24 03:00:00,24063.61,24096.68,24049.06,24088.16,3860.0,92980297.6
2026-03-24 03:30:00,24088.02,24092.1,24046.06,24091.05,4589.0,110553828.45
2026-03-24 04:00:00,24091.47,24117.6,24072.06,24074.33,3569.0,85921283.77000001
2026-03-24 04:30:00,24073.96,24086.79,24055.83,24072.55,3253.0,78308005.14999999
2026-03-24 05:00:00,24072.06,24120.45,24008.26,24012.96,6034.0,144894200.64
2026-03-24 05:30:00,24013.14,24083.91,24009.17,24076.65,4756.0,114508547.4
2026-03-24 06:00:00,24077.05,24159.53,24074.57,24138.47,4777.0,115309471.19000001
2026-03-24 06:30:00,24138.07,24210.04,24137.69,24191.83,4378.0,105911831.74000001
2026-03-24 07:00:00,24191.1,24321.14,24186.4,24282.33,7712.0,187265328.96
2026-03-24 07:30:00,24282.34,24287.79,24248.98,24281.23,5754.0,139714197.42
2026-03-24 08:00:00,24281.58,24305.86,24206.22,24211.26,9965.0,241265205.89999998
2026-03-24 08:30:00,24211.74,24238.07,24176.46,24192.6,9125.0,220757475.0
2026-03-24 09:00:00,24192.84,24214.08,24119.69,24174.02,7912.0,191264846.24
2026-03-24 09:30:00,24173.46,24244.46,24157.95,24235.11,6561.0,159006556.71
2026-03-24 10:00:00,24235.47,24248.44,24189.55,24203.72,5956.0,144157356.32
2026-03-24 10:30:00,24203.19,24243.6,24183.28,24220.71,6199.0,150144181.29
2026-03-24 11:00:00,24221.11,24237.85,24182.42,24199.29,6819.0,165014958.51000002
2026-03-24 11:30:00,24199.08,24229.86,24111.54,24198.23,7238.0,175146788.74
2026-03-24 12:00:00,24198.73,24211.29,24134.8,24170.38,6497.0,157034958.86
2026-03-24 12:30:00,24170.47,24173.52,24080.33,24094.72,8430.0,203118489.60000002
2026-03-24 13:00:00,24094.31,24109.18,24020.27,24069.63,9010.0,216867366.3
2026-03-24 13:30:00,24067.83,24131.27,23949.72,24030.78,28599.0,687256277.2199999
2026-03-24 14:00:00,24030.43,24095.48,23990.93,24019.57,22388.0,537750133.16
2026-03-24 14:30:00,24019.28,24156.93,23998.11,24056.41,21149.0,508769015.09
2026-03-24 15:00:00,24056.76,24197.5,24054.88,24153.7,16332.0,394478228.40000004
2026-03-24 15:30:00,24154.07,24191.04,24098.99,24108.35,11400.0,274835190.0
2026-03-24 16:00:00,24108.61,24159.22,24078.64,24144.05,11248.0,271572274.4
2026-03-24 16:30:00,24143.66,24150.78,24057.53,24094.34,10615.0,255761419.1
2026-03-24 17:00:00,24094.38,24107.67,23978.84,24012.32,13781.0,330913781.92
2026-03-24 17:30:00,24012.04,24063.68,23974.06,24055.54,11745.0,282532317.3
2026-03-24 18:00:00,24055.89,24087.49,24022.34,24072.73,10772.0,259311447.56
2026-03-24 18:30:00,24073.21,24160.35,24061.93,24088.55,9922.0,239006593.1
2026-03-24 19:00:00,24088.95,24132.46,24078.32,24079.74,7116.0,171351429.84
2026-03-24 19:30:00,24080.21,24093.44,24003.87,24030.92,8546.0,205368242.32
2026-03-24 20:00:00,24031.23,24360.31,24027.64,24235.72,13073.0,316833567.56
2026-03-24 20:30:00,24235.31,24349.72,24188.24,24216.27,14024.0,339608970.48
2026-03-24 22:00:00,24237.95,24272.29,24196.73,24213.32,4095.0,99153545.4
2026-03-24 22:30:00,24213.51,24245.93,24213.51,24242.09,2401.0,58205258.09
2026-03-24 23:00:00,24241.88,24257.95,24218.06,24245.26,2653.0,64322674.779999994
2026-03-24 23:30:00,24245.43,24253.74,24223.6,24228.42,2592.0,62800064.63999999
2026-03-25 00:00:00,24228.5,24269.4,24199.51,24241.06,5112.0,123920298.72000001
2026-03-25 00:30:00,24241.1,24309.36,24204.59,24264.38,5121.0,124257889.98
2026-03-25 01:00:00,24264.23,24283.49,24244.36,24258.1,5068.0,122940050.8
2026-03-25 01:30:00,24257.74,24263.41,24208.41,24211.74,4115.0,99631310.10000001
2026-03-25 02:00:00,24212.03,24215.67,24166.11,24187.15,4515.0,109204982.25
2026-03-25 02:30:00,24186.79,24193.41,24149.63,24152.12,3575.0,86343829.0
2026-03-25 03:00:00,24152.55,24172.22,24136.44,24155.6,3510.0,84786156.0
2026-03-25 03:30:00,24155.8,24204.27,24150.37,24195.9,3142.0,76023517.80000001
2026-03-25 04:00:00,24196.25,24235.17,24191.36,24229.29,2782.0,67405884.78
2026-03-25 04:30:00,24229.28,24236.1,24208.59,24234.27,2506.0,60731080.620000005
2026-03-25 05:00:00,24234.42,24244.04,24217.8,24223.61,3480.0,84298162.8
2026-03-25 05:30:00,24223.84,24240.25,24189.19,24197.32,3565.0,86263445.8
2026-03-25 06:00:00,24197.12,24198.32,24156.47,24160.02,3702.0,89440394.04
2026-03-25 06:30:00,24159.68,24204.91,24140.29,24193.28,3676.0,88934497.28
2026-03-25 07:00:00,24191.31,24217.4,24167.36,24179.49,4323.0,104527935.27000001
2026-03-25 07:30:00,24179.51,24234.92,24176.08,24223.33,4289.0,103893862.37
2026-03-25 08:00:00,24223.65,24349.65,24223.65,24319.39,7504.0,182492702.56
2026-03-25 08:30:00,24319.88,24339.64,24240.38,24254.99,6425.0,155838310.75
2026-03-25 09:00:00,24255.15,24296.25,24237.94,24263.98,5055.0,122654418.89999999
2026-03-25 09:30:00,24264.02,24294.12,24228.0,24269.67,5069.0,123022957.22999999
2026-03-25 10:00:00,24269.49,24302.52,24257.4,24258.62,4811.0,116708220.82
2026-03-25 10:30:00,24258.91,24277.5,24242.07,24263.02,4174.0,101273845.48
2026-03-25 11:00:00,24263.27,24315.79,24261.44,24302.47,4210.0,102313398.7
2026-03-25 11:30:00,24302.65,24337.59,24256.79,24310.62,5291.0,128627490.42
2026-03-25 12:00:00,24310.27,24354.72,24210.15,24247.16,9392.0,227729326.72
2026-03-25 12:30:00,24246.92,24291.82,24188.49,24263.7,8260.0,200418162.0
2026-03-25 13:00:00,24264.46,24300.14,24236.76,24245.74,6886.0,166956165.64000002
2026-03-25 13:30:00,24245.02,24341.32,24176.5,24183.22,26608.0,643467117.76
2026-03-25 14:00:00,24183.55,24321.87,24144.09,24293.9,19511.0,473998282.90000004
2026-03-25 14:30:00,24294.33,24335.02,24272.76,24300.32,13172.0,320083815.04
2026-03-25 15:00:00,24299.87,24310.03,24103.44,24242.9,17114.0,414892990.6
2026-03-25 15:30:00,24242.64,24260.58,24159.1,24194.11,12532.0,303200586.52
2026-03-25 16:00:00,24193.81,24254.27,24147.01,24229.35,13558.0,328501527.29999995
2026-03-25 16:30:00,24228.89,24265.39,24210.86,24237.78,8999.0,218115782.22
2026-03-25 17:00:00,24238.08,24261.53,24194.23,24246.61,8859.0,214800717.99
2026-03-25 17:30:00,24246.92,24309.09,24218.67,24242.26,8455.0,204968308.29999998
2026-03-25 18:00:00,24241.74,24269.23,24222.67,24229.01,6542.0,158506183.42
2026-03-25 18:30:00,24228.64,24238.27,24139.12,24171.0,6805.0,164483655.0
2026-03-25 19:00:00,24170.63,24207.82,24127.85,24170.6,7608.0,183889924.79999998
2026-03-25 19:30:00,24170.11,24206.84,24142.66,24188.85,6960.0,168354396.0
2026-03-25 20:00:00,24188.41,24208.45,24167.1,24167.8,2812.0,67959853.6
2026-03-25 20:30:00,24168.22,24189.47,24165.7,24184.49,1375.0,33253673.750000004
2026-03-25 22:00:00,24184.67,24184.67,24139.3,24142.22,2290.0,55285683.800000004
2026-03-25 22:30:00,24142.48,24163.28,24128.86,24131.87,1852.0,44692223.239999995
2026-03-25 23:00:00,24132.42,24147.71,24111.49,24129.4,2189.0,52819256.6
2026-03-25 23:30:00,24129.17,24150.14,24102.32,24141.3,2451.0,59170326.3
2026-03-26 00:00:00,24142.1,24227.91,24136.76,24209.52,3923.0,94973946.96000001
2026-03-26 00:30:00,24209.35,24223.93,24161.58,24173.76,3508.0,84801550.08
2026-03-26 01:00:00,24173.77,24199.54,24149.53,24164.85,4363.0,105431240.55
2026-03-26 01:30:00,24165.27,24184.13,24157.73,24179.61,3854.0,93188216.94
2026-03-26 02:00:00,24179.17,24196.51,24134.87,24139.99,3978.0,96028880.22000001
2026-03-26 02:30:00,24139.93,24147.71,24067.55,24103.16,5367.0,129361659.72
2026-03-26 03:00:00,24102.55,24163.82,24100.86,24154.79,3338.0,80628689.02
2026-03-26 03:30:00,24154.93,24239.12,24152.69,24197.78,4061.0,98267184.58
2026-03-26 04:00:00,24198.03,24203.24,24173.24,24179.3,2809.0,67919653.7
2026-03-26 04:30:00,24179.5,24185.63,24135.93,24142.9,2579.0,62264539.1
2026-03-26 05:00:00,24143.27,24158.4,24079.22,24095.51,4386.0,105682906.86
2026-03-26 05:30:00,24096.2,24112.64,24069.42,24073.3,3968.0,95522854.39999999
2026-03-26 06:00:00,24073.77,24105.69,24051.26,24101.26,4788.0,115396832.88
2026-03-26 06:30:00,24100.24,24113.33,24084.33,24108.38,3735.0,90044799.3
2026-03-26 07:00:00,24108.65,24115.65,24021.29,24073.14,5095.0,122652648.3
2026-03-26 07:30:00,24072.88,24092.04,24054.94,24077.72,3642.0,87691056.24000001
2026-03-26 08:00:00,24078.74,24104.32,24007.46,24011.21,8079.0,193986565.59
2026-03-26 08:30:00,24011.11,24036.29,23973.26,24012.16,6282.0,150844389.12
2026-03-26 09:00:00,24012.59,24015.66,23965.81,23971.41,6613.0,158522934.33
2026-03-26 09:30:00,23970.44,23984.34,23927.77,23973.79,6174.0,148014179.46
2026-03-26 10:00:00,23973.58,24020.41,23951.13,24014.48,5123.0,123026181.03999999
2026-03-26 10:30:00,24015.1,24020.54,23967.62,23995.69,5176.0,124201691.44
2026-03-26 11:00:00,23995.87,24006.58,23944.41,23962.5,4797.0,114948112.5
2026-03-26 11:30:00,23962.45,23970.05,23917.45,23920.75,4998.0,119555908.5
2026-03-26 12:00:00,23921.12,23965.77,23900.38,23951.86,4807.0,115136591.02
2026-03-26 12:30:00,23952.34,23952.34,23893.19,23936.41,6184.0,148022759.44
2026-03-26 13:00:00,23936.02,23977.44,23929.68,23974.47,5744.0,137709355.68
2026-03-26 13:30:00,23974.77,24050.61,23885.75,24034.29,29431.0,707353188.99
2026-03-26 14:00:00,24033.85,24055.77,23986.3,23989.88,18953.0,454680195.64000005
2026-03-26 14:30:00,23989.33,24043.83,23854.95,23923.13,22720.0,543533513.6
2026-03-26 15:00:00,23923.4,23950.04,23888.74,23906.22,14390.0,344010505.8
2026-03-26 15:30:00,23905.76,23946.73,23872.39,23913.98,10875.0,260064532.5
2026-03-26 16:00:00,23913.63,23922.42,23822.16,23827.88,8723.0,207850597.24
2026-03-26 16:30:00,23828.28,23835.01,23791.22,23819.06,7986.0,190219013.16
2026-03-26 17:00:00,23818.86,23838.5,23754.61,23776.35,6802.0,161726732.7
2026-03-26 17:30:00,23776.1,23793.49,23673.09,23682.63,6705.0,158792034.15
2026-03-26 18:00:00,23682.37,23721.51,23666.34,23669.73,8188.0,193807749.24
2026-03-26 18:30:00,23670.0,23710.54,23668.92,23704.03,6189.0,146704241.67
2026-03-26 19:00:00,23703.6,23706.78,23642.26,23662.78,6171.0,146023015.38
2026-03-26 19:30:00,23663.22,23667.03,23597.17,23609.34,7882.0,186088817.88
2026-03-26 20:00:00,23608.89,23843.66,23585.12,23686.61,12949.0,306717912.89
2026-03-26 20:30:00,23687.09,23722.51,23633.87,23641.11,6195.0,146456676.45000002
2026-03-26 22:00:00,23664.71,23704.79,23651.86,23686.84,4433.0,105003761.72
2026-03-26 22:30:00,23686.35,23711.56,23670.44,23691.81,3600.0,85290516.0
2026-03-26 23:00:00,23691.96,23701.58,23663.95,23671.79,2863.0,67772334.77
2026-03-26 23:30:00,23672.18,23713.88,23671.42,23698.63,2913.0,69034109.19
2026-03-27 00:00:00,23698.93,23729.15,23644.63,23660.63,5897.0,139526735.11
2026-03-27 00:30:00,23660.93,23671.95,23629.91,23640.88,5405.0,127778956.4
2026-03-27 01:00:00,23641.14,23688.12,23629.67,23687.5,4703.0,111402312.5
2026-03-27 01:30:00,23687.53,23697.3,23673.7,23694.78,3675.0,87078316.5
2026-03-27 02:00:00,23695.49,23708.53,23668.12,23683.76,3630.0,85972048.8
2026-03-27 02:30:00,23683.8,23704.62,23674.16,23677.28,2942.0,69658557.75999999
2026-03-27 03:00:00,23676.9,23690.95,23662.45,23671.32,2888.0,68362772.16
2026-03-27 03:30:00,23671.37,23720.67,23671.37,23718.49,2835.0,67241919.15
2026-03-27 04:00:00,23718.62,23725.51,23705.17,23716.23,2258.0,53551247.339999996
2026-03-27 04:30:00,23716.43,23743.56,23713.55,23739.72,2140.0,50803000.800000004
2026-03-27 05:00:00,23739.69,23798.14,23738.38,23763.81,3666.0,87118127.46000001
2026-03-27 05:30:00,23764.2,23768.94,23747.88,23749.8,3208.0,76189358.39999999
2026-03-27 06:00:00,23749.99,23777.71,23734.1,23768.82,3832.0,91082118.24
2026-03-27 06:30:00,23769.15,23769.15,23716.01,23725.85,3199.0,75898994.14999999
2026-03-27 07:00:00,23725.7,23727.08,23677.89,23681.63,3489.0,82625207.07000001
2026-03-27 07:30:00,23681.14,23716.31,23676.69,23694.12,3865.0,91577773.8
2026-03-27 08:00:00,23694.37,23716.2,23614.89,23619.19,8580.0,202652650.2
2026-03-27 08:30:00,23618.95,23644.86,23593.6,23601.25,6380.0,150575975.0
2026-03-27 09:00:00,23601.7,23621.23,23532.98,23612.4,7047.0,166396582.8
2026-03-27 09:30:00,23612.79,23635.66,23554.96,23562.1,5366.0,126434228.6
2026-03-27 10:00:00,23562.26,23590.0,23544.31,23553.12,5759.0,135642418.07999998
2026-03-27 10:30:00,23553.67,23564.84,23455.2,23471.38,5918.0,138903626.84
2026-03-27 11:00:00,23471.83,23480.34,23432.25,23475.37,6663.0,156416390.31
2026-03-27 11:30:00,23475.77,23511.44,23461.36,23486.28,5288.0,124195448.64
2026-03-27 12:00:00,23485.98,23489.94,23433.27,23472.52,6123.0,143722239.96
2026-03-27 12:30:00,23472.05,23477.11,23419.69,23436.09,6392.0,149803487.28
2026-03-27 13:00:00,23436.45,23482.65,23399.15,23476.57,7954.0,186732637.78
2026-03-27 13:30:00,23476.88,23486.07,23294.3,23304.79,31189.0,726853095.3100001
2026-03-27 14:00:00,23305.32,23380.34,23283.4,23299.63,24232.0,564596634.16
2026-03-27 14:30:00,23299.23,23361.3,23263.87,23337.94,16423.0,383278988.62
2026-03-27 15:00:00,23337.81,23394.37,23285.37,23384.86,16525.0,386434811.5
2026-03-27 15:30:00,23384.53,23437.64,23347.14,23377.56,13680.0,319805020.8
2026-03-27 16:00:00,23377.93,23384.97,23302.36,23310.83,8956.0,208771793.48000002
2026-03-27 16:30:00,23310.3,23342.32,23272.81,23302.45,8663.0,201869124.35
2026-03-27 17:00:00,23302.08,23355.51,23206.54,23208.34,9614.0,223124980.76
2026-03-27 17:30:00,23208.05,23236.92,23174.06,23188.8,7108.0,164825990.4
2026-03-27 18:00:00,23188.31,23202.96,23156.09,23187.2,7475.0,173324320.0
2026-03-27 18:30:00,23187.03,23219.77,23152.74,23163.72,6790.0,157281658.8
2026-03-27 19:00:00,23163.55,23184.16,23134.05,23154.81,6466.0,149719001.46
2026-03-27 19:30:00,23155.31,23174.73,23093.59,23132.85,11046.0,255525461.1
2026-03-27 20:00:00,23133.2,23154.27,23056.61,23081.3,7691.0,177518278.29999998
2026-03-27 20:30:00,23081.68,23100.4,23067.33,23098.57,3106.0,71744158.42
2026-03-29 22:00:00,23009.87,23073.77,22967.26,23049.97,7375.0,169993528.75
2026-03-29 22:30:00,23050.19,23069.37,22987.11,23040.06,5703.0,131397462.18
2026-03-29 23:00:00,23039.77,23054.69,22989.32,22997.69,4833.0,111147835.77
2026-03-29 23:30:00,22998.06,23000.29,22940.63,22959.32,6740.0,154745816.8
2026-03-30 00:00:00,22958.88,23094.64,22925.45,23053.5,14633.0,337341865.5
2026-03-30 00:30:00,23054.23,23070.2,22960.2,22982.04,10262.0,235841694.48000002
2026-03-30 01:00:00,22981.8,23018.79,22967.58,22993.91,9282.0,213429472.62
2026-03-30 01:30:00,22994.2,23040.74,22990.28,23032.95,6383.0,147019319.85
2026-03-30 02:00:00,23033.3,23062.65,23026.8,23032.06,5336.0,122899072.16000001
2026-03-30 02:30:00,23031.68,23105.72,23027.96,23084.15,5119.0,118167763.85000001
2026-03-30 03:00:00,23084.14,23137.28,23082.53,23125.15,4146.0,95876871.9
2026-03-30 03:30:00,23125.05,23131.22,23110.96,23127.03,3936.0,91027990.08
2026-03-30 04:00:00,23127.24,23183.31,23120.28,23170.08,3309.0,76669794.72
2026-03-30 04:30:00,23170.25,23185.78,23145.16,23152.29,3123.0,72304601.67
2026-03-30 05:00:00,23152.23,23191.41,23151.18,23172.72,3854.0,89307662.88000001
2026-03-30 05:30:00,23172.16,23189.0,23154.41,23177.83,3895.0,90277647.85000001
2026-03-30 06:00:00,23177.59,23215.55,23169.36,23200.2,5022.0,116511404.4
2026-03-30 06:30:00,23200.47,23246.45,23200.12,23221.82,4047.0,93978705.53999999
2026-03-30 07:00:00,23221.22,23236.13,23195.97,23213.25,5592.0,129808494.0
2026-03-30 07:30:00,23213.62,23245.04,23191.59,23229.42,5072.0,117819618.24
2026-03-30 08:00:00,23229.57,23265.59,23205.46,23259.33,6123.0,142416877.59
2026-03-30 08:30:00,23259.07,23280.88,23250.1,23275.04,4394.0,102270525.76
2026-03-30 09:00:00,23274.92,23281.45,23226.89,23241.1,4879.0,113393326.89999999
2026-03-30 09:30:00,23241.16,23253.42,23221.74,23234.93,4452.0,103441908.36
2026-03-30 10:00:00,23235.33,23247.8,23224.24,23237.01,3934.0,91414397.33999999
2026-03-30 10:30:00,23236.62,23247.55,23205.58,23242.74,4040.0,93900669.60000001
2026-03-30 11:00:00,23243.19,23404.57,23238.7,23318.47,6374.0,148631927.78
2026-03-30 11:30:00,23319.02,23336.06,23280.28,23290.21,8728.0,203276952.88
2026-03-30 12:00:00,23290.84,23340.4,23269.65,23332.33,5360.0,125061288.80000001
2026-03-30 12:30:00,23332.39,23354.96,23322.49,23337.75,4683.0,109290683.25
2026-03-30 13:00:00,23337.33,23354.37,23313.82,23338.86,5427.0,126659993.22
2026-03-30 13:30:00,23339.26,23369.44,23128.48,23137.51,29664.0,686351096.64
2026-03-30 14:00:00,23137.85,23217.13,23133.77,23161.44,22378.0,518306704.32
2026-03-30 14:30:00,23161.09,23215.35,23098.71,23214.14,21314.0,494786179.96
2026-03-30 15:00:00,23213.63,23271.86,23117.74,23167.13,15154.0,351074688.02000004
2026-03-30 15:30:00,23166.73,23270.36,23150.03,23211.53,12852.0,298314583.56
2026-03-30 16:00:00,23211.26,23216.65,23109.77,23111.45,9949.0,229935816.05
2026-03-30 16:30:00,23111.69,23151.5,23103.98,23125.44,8420.0,194716204.79999998
2026-03-30 17:00:00,23124.99,23142.69,23028.52,23033.81,9745.0,224464478.45000002
2026-03-30 17:30:00,23033.88,23089.64,23006.51,23047.45,9599.0,221232472.55
2026-03-30 18:00:00,23047.2,23048.87,22989.14,22990.15,7300.0,167828095.0
2026-03-30 18:30:00,22990.13,23029.38,22950.47,22955.46,6312.0,144894863.51999998
2026-03-30 19:00:00,22955.2,22964.37,22859.7,22872.11,9056.0,207129828.16
2026-03-30 19:30:00,22872.37,23000.13,22860.45,22972.22,12380.0,284396083.6
2026-03-30 20:00:00,22971.95,22979.58,22927.29,22935.38,4819.0,110525596.22
2026-03-30 20:30:00,22935.2,22943.5,22929.51,22941.41,1715.0,39344518.15
2026-03-30 22:00:00,22958.27,22983.57,22947.93,22959.47,3059.0,70233018.73
2026-03-30 22:30:00,22959.49,22962.88,22935.41,22937.62,2419.0,55486102.78
2026-03-30 23:00:00,22937.37,22937.37,22859.45,22892.92,5262.0,120462545.03999999
2026-03-30 23:30:00,22893.13,22896.68,22860.74,22882.21,3848.0,88050744.08
2026-03-31 00:00:00,22881.95,22918.45,22801.03,22849.49,8849.0,202195137.01000002
2026-03-31 00:30:00,22849.92,23120.55,22828.88,23037.26,17529.0,403820130.53999996
2026-03-31 01:00:00,23037.7,23162.47,22996.46,23151.16,14102.0,326477658.32
2026-03-31 01:30:00,23150.69,23232.82,23149.11,23174.75,13137.0,304446690.75
2026-03-31 02:00:00,23174.4,23199.19,23157.79,23183.27,8002.0,185512526.54
2026-03-31 02:30:00,23183.02,23239.73,23160.53,23180.74,6655.0,154267824.70000002
2026-03-31 03:00:00,23180.5,23232.23,23175.77,23186.47,5009.0,116141028.23
2026-03-31 03:30:00,23186.7,23195.19,23149.04,23155.67,4245.0,98295819.14999999
2026-03-31 04:00:00,23155.99,23178.78,23132.56,23138.74,4211.0,97437234.14
2026-03-31 04:30:00,23138.78,23156.91,23116.05,23120.68,4037.0,93338185.16
2026-03-31 05:00:00,23120.55,23142.32,23071.31,23124.89,5150.0,119093183.5
2026-03-31 05:30:00,23125.27,23175.47,23116.85,23146.92,5959.0,137932496.28
2026-03-31 06:00:00,23147.3,23155.53,23103.45,23126.07,6990.0,161651229.3
2026-03-31 06:30:00,23125.78,23145.26,23102.53,23129.15,6565.0,151842869.75
2026-03-31 07:00:00,23128.73,23146.18,23075.47,23110.51,8327.0,192441216.76999998
2026-03-31 07:30:00,23110.91,23208.17,23110.91,23206.43,6489.0,150586524.27
2026-03-31 08:00:00,23205.43,23227.18,23159.03,23165.23,7796.0,180596133.07999998
2026-03-31 08:30:00,23164.75,23174.65,23130.68,23149.47,6165.0,142716482.55
2026-03-31 09:00:00,23149.51,23187.72,23146.1,23159.04,5509.0,127583151.36
2026-03-31 09:30:00,23159.41,23173.11,23130.78,23143.52,5572.0,128955693.44
2026-03-31 10:00:00,23142.81,23169.09,23132.96,23151.54,4939.0,114345456.06
2026-03-31 10:30:00,23152.07,23157.91,23075.26,23121.52,5597.0,129411147.44
2026-03-31 11:00:00,23120.98,23234.66,23100.64,23185.46,12716.0,294826309.36
2026-03-31 11:30:00,23185.1,23219.09,23163.11,23196.5,7871.0,182579651.5
2026-03-31 12:00:00,23196.25,23263.86,23148.62,23238.2,10694.0,248509310.8
2026-03-31 12:30:00,23237.86,23272.42,23206.41,23206.91,7863.0,182475933.33
2026-03-31 13:00:00,23207.44,23241.69,23195.51,23219.33,6467.0,150159407.11
2026-03-31 13:30:00,23219.76,23411.15,23218.72,23404.12,29489.0,690164094.68
2026-03-31 14:00:00,23404.21,23417.37,23333.37,23403.93,20523.0,480318855.39
2026-03-31 14:30:00,23404.28,23423.78,23215.25,23246.65,17542.0,407792734.3
2026-03-31 15:00:00,23246.27,23396.24,23245.91,23329.38,16852.0,393146711.76
2026-03-31 15:30:00,23329.63,23357.94,23279.97,23283.39,15620.0,363686551.8
2026-03-31 16:00:00,23283.89,23404.76,23274.33,23387.2,11079.0,259106788.8
2026-03-31 16:30:00,23387.46,23694.48,23369.83,23612.4,35865.0,846858726.0
2026-03-31 17:00:00,23612.99,23712.84,23598.15,23642.28,25487.0,602570790.36
2026-03-31 17:30:00,23641.97,23708.84,23584.35,23598.22,19648.0,463657826.56
2026-03-31 18:00:00,23597.96,23685.32,23597.44,23663.61,12714.0,300859137.54
2026-03-31 18:30:00,23663.99,23708.37,23641.99,23693.44,9368.0,221960145.92
2026-03-31 19:00:00,23693.2,23746.24,23671.27,23718.63,8592.0,203790468.96
2026-03-31 19:30:00,23718.89,23810.46,23712.47,23749.38,15048.0,357380670.24
2026-03-31 20:00:00,23749.04,23781.37,23705.74,23779.35,8341.0,198343558.35
2026-03-31 20:30:00,23779.44,23782.32,23731.13,23742.18,3102.0,73648242.36
2026-03-31 22:00:00,23730.02,23812.53,23720.88,23797.81,5039.0,119917164.59
2026-03-31 22:30:00,23798.04,23812.02,23777.58,23797.82,2735.0,65087037.699999996
2026-03-31 23:00:00,23797.65,23823.14,23782.91,23817.54,2804.0,66784382.160000004
2026-03-31 23:30:00,23817.12,23885.78,23813.59,23877.79,4001.0,95535037.79
2026-04-01 00:00:00,23877.36,23888.12,23846.05,23862.41,6275.0,149736622.75
2026-04-01 00:30:00,23862.5,23876.84,23833.26,23876.16,4688.0,111931438.08
2026-04-01 01:00:00,23876.41,23882.38,23815.71,23851.07,6553.0,156296061.71
2026-04-01 01:30:00,23850.45,23853.36,23807.76,23817.71,3997.0,95199386.86999999
2026-04-01 02:00:00,23818.16,23835.79,23806.01,23809.04,3206.0,76331782.24000001
2026-04-01 02:30:00,23808.23,23823.22,23796.91,23807.42,3019.0,71874600.97999999
2026-04-01 03:00:00,23807.3,23827.94,23804.82,23816.02,2606.0,62064548.120000005
2026-04-01 03:30:00,23815.77,23832.94,23815.74,23822.48,2407.0,57340709.36
2026-04-01 04:00:00,23822.68,23848.01,23819.5,23847.94,2192.0,52274684.48
2026-04-01 04:30:00,23847.79,23862.28,23839.47,23852.84,2135.0,50925813.4
2026-04-01 05:00:00,23853.15,23913.85,23847.82,23891.99,2920.0,69764610.80000001
2026-04-01 05:30:00,23892.47,23905.46,23870.09,23880.03,3362.0,80284660.86
2026-04-01 06:00:00,23880.41,23965.11,23878.51,23959.26,5020.0,120275485.19999999
2026-04-01 06:30:00,23958.9,24014.6,23952.86,24008.03,5639.0,135381281.17
2026-04-01 07:00:00,24009.73,24019.49,23970.47,23985.95,5215.0,125086729.25
2026-04-01 07:30:00,23985.77,24017.84,23913.84,23916.85,5731.0,137067467.35
2026-04-01 08:00:00,23917.33,23945.43,23872.76,23919.93,6983.0,167032871.19
2026-04-01 08:30:00,23919.68,23941.1,23866.41,23909.93,5374.0,128491963.82000001
2026-04-01 09:00:00,23910.1,23921.73,23842.75,23868.6,5178.0,123591610.8
2026-04-01 09:30:00,23868.26,23929.33,23867.72,23907.95,4416.0,105577507.2
2026-04-01 10:00:00,23908.25,23926.26,23889.55,23906.07,4005.0,95743810.35
2026-04-01 10:30:00,23905.88,23977.94,23902.67,23966.18,4434.0,106266042.12
2026-04-01 11:00:00,23966.72,24003.99,23961.83,23989.7,4458.0,106946082.60000001
2026-04-01 11:30:00,23989.53,24043.62,23985.28,24028.27,4614.0,110866437.78
2026-04-01 12:00:00,24028.61,24032.93,23961.83,23981.16,4930.0,118227118.8
2026-04-01 12:30:00,23981.89,24077.77,23888.49,23899.83,10392.0,248367033.36
2026-04-01 13:00:00,23899.44,23939.19,23875.56,23927.86,9145.0,218820279.70000002
2026-04-01 13:30:00,23927.5,24032.09,23881.93,23956.1,30582.0,732625450.1999999
2026-04-01 14:00:00,23956.44,24047.87,23947.06,24025.92,20668.0,496567714.55999994
2026-04-01 14:30:00,24025.49,24107.85,23969.9,24098.77,15238.0,367217057.26
2026-04-01 15:00:00,24098.33,24124.16,24086.54,24087.04,8901.0,214398743.04000002
2026-04-01 15:30:00,24087.42,24165.48,24068.39,24152.99,7712.0,186267858.88000003
2026-04-01 16:00:00,24152.53,24168.33,24134.22,24143.39,6236.0,150558180.04
2026-04-01 16:30:00,24143.79,24169.58,24127.18,24158.15,4541.0,109702159.15
2026-04-01 17:00:00,24158.53,24186.57,24153.65,24170.4,3954.0,95569761.60000001
2026-04-01 17:30:00,24170.81,24179.79,24104.97,24105.82,5310.0,128001904.2
2026-04-01 18:00:00,24106.09,24112.28,23979.82,23992.42,13339.0,320034890.38
2026-04-01 18:30:00,23992.8,24043.37,23963.86,23997.91,11707.0,280943532.37
2026-04-01 19:00:00,23997.65,24084.57,23993.4,24073.16,8151.0,196220327.16
2026-04-01 19:30:00,24072.91,24091.9,24017.65,24039.78,10821.0,260134459.38
2026-04-01 20:00:00,24039.34,24053.97,24015.41,24019.34,4230.0,101601808.2
2026-04-01 20:30:00,24020.04,24040.98,24015.96,24025.77,1913.0,45961298.01
2026-04-01 22:00:00,24024.1,24043.54,24008.11,24032.78,2893.0,69526832.53999999
2026-04-01 22:30:00,24032.26,24039.69,23996.97,24008.57,2568.0,61654007.76
2026-04-01 23:00:00,24009.21,24041.07,24001.71,24040.1,2200.0,52888220.0
2026-04-01 23:30:00,24040.07,24040.09,23997.61,24021.94,2660.0,63898360.4
2026-04-02 00:00:00,24022.31,24024.84,23996.11,24003.23,6323.0,151772423.29
2026-04-02 00:30:00,24002.79,24084.62,23993.25,24076.4,6608.0,159096851.20000002
2026-04-02 01:00:00,24076.21,24078.67,23803.23,23814.71,16561.0,394395412.31
2026-04-02 01:30:00,23813.89,23819.91,23752.71,23782.72,11780.0,280160441.6
2026-04-02 02:00:00,23782.35,23806.24,23701.71,23706.87,9338.0,221374752.06
2026-04-02 02:30:00,23707.26,23732.09,23695.93,23723.1,5994.0,142196261.4
2026-04-02 03:00:00,23723.47,23732.14,23691.11,23718.27,4402.0,104407824.54
2026-04-02 03:30:00,23717.87,23722.96,23652.54,23658.47,5353.0,126643789.91000001
2026-04-02 04:00:00,23658.83,23677.27,23646.85,23654.42,4311.0,101974204.61999999
2026-04-02 04:30:00,23655.28,23664.44,23632.53,23641.29,3344.0,79056473.76
2026-04-02 05:00:00,23641.49,23662.74,23631.14,23651.81,3911.0,92502228.91000001
2026-04-02 05:30:00,23652.23,23663.77,23593.22,23595.71,4703.0,110970624.13
2026-04-02 06:00:00,23596.42,23634.97,23592.28,23629.66,5302.0,125284457.32
2026-04-02 06:30:00,23629.29,23657.84,23623.07,23655.5,4048.0,95757464.0
2026-04-02 07:00:00,23655.6,23677.89,23635.27,23663.16,5999.0,141955296.84
2026-04-02 07:30:00,23662.96,23720.62,23658.7,23718.38,4479.0,106234624.02000001
2026-04-02 08:00:00,23717.88,23721.36,23662.34,23677.72,4776.0,113084790.72
2026-04-02 08:30:00,23677.44,23708.88,23671.32,23674.31,3993.0,94531519.83
2026-04-02 09:00:00,23674.3,23699.15,23663.77,23689.6,3543.0,83932252.8
2026-04-02 09:30:00,23689.91,23689.91,23658.71,23670.09,3362.0,79578842.58
2026-04-02 10:00:00,23669.96,23679.73,23616.37,23620.25,4115.0,97197328.75
2026-04-02 10:30:00,23620.63,23658.84,23615.0,23652.18,4163.0,98464025.34
2026-04-02 11:00:00,23651.7,23661.13,23564.1,23566.62,5318.0,125327285.16
2026-04-02 11:30:00,23566.64,23589.87,23522.75,23522.83,5038.0,118508017.54
2026-04-02 12:00:00,23522.8,23573.16,23506.42,23566.01,6108.0,143941189.07999998
2026-04-02 12:30:00,23565.39,23597.14,23551.89,23565.06,6302.0,148507008.12
2026-04-02 13:00:00,23565.57,23605.85,23547.35,23600.67,8699.0,205302228.32999998
2026-04-02 13:30:00,23601.11,23746.24,23516.55,23735.92,31655.0,751360547.5999999
2026-04-02 14:00:00,23736.3,23841.97,23697.95,23781.9,23582.0,560824765.8000001
2026-04-02 14:30:00,23781.45,24101.39,23770.53,24013.26,30117.0,723207351.42
2026-04-02 15:00:00,24013.67,24052.15,23943.49,24018.87,21537.0,517294403.19
2026-04-02 15:30:00,24019.23,24050.81,23928.47,23975.19,16891.0,404964934.28999996
2026-04-02 16:00:00,23975.51,24005.11,23896.97,23925.1,14869.0,355742311.9
2026-04-02 16:30:00,23925.45,24014.73,23908.39,23960.36,14355.0,343950967.8
2026-04-02 17:00:00,23960.57,24020.6,23937.44,24003.02,9574.0,229804913.48000002
2026-04-02 17:30:00,24003.34,24008.11,23902.7,23929.88,8990.0,215129621.20000002
2026-04-02 18:00:00,23930.47,23983.43,23930.19,23946.52,8387.0,200839463.24
2026-04-02 18:30:00,23946.93,24003.89,23940.44,23979.23,6473.0,155217555.79
2026-04-02 19:00:00,23979.6,24020.64,23974.2,23985.89,6364.0,152646203.96
2026-04-02 19:30:00,23985.46,24064.37,23975.75,24058.86,7528.0,181115098.08
2026-04-02 20:00:00,24059.15,24072.66,24038.78,24066.26,3834.0,92270040.83999999
2026-04-02 20:30:00,24065.76,24067.35,24042.73,24057.89,2428.0,58412556.92
2026-04-02 22:00:00,24046.43,24058.51,24020.16,24047.22,2566.0,61705166.52
2026-04-02 22:30:00,24047.5,24059.4,24041.24,24044.99,1269.0,30513092.310000002
2026-04-02 23:00:00,24044.86,24053.38,24030.91,24050.02,1283.0,30856175.66
2026-04-02 23:30:00,24049.84,24057.51,24045.64,24054.45,1442.0,34686516.9
2026-04-03 00:00:00,24054.92,24095.93,24054.92,24078.14,3355.0,80782159.7
2026-04-03 00:30:00,24078.11,24080.68,24055.11,24067.09,2313.0,55667179.17
2026-04-03 01:00:00,24067.25,24072.63,24048.99,24059.21,2088.0,50235630.48
2026-04-03 01:30:00,24059.33,24061.28,24037.78,24038.71,1843.0,44303342.53
2026-04-03 02:00:00,24039.0,24046.96,24005.61,24009.96,1908.0,45811003.68
2026-04-03 02:30:00,24010.02,24037.9,23992.77,24022.18,2487.0,59743161.660000004
2026-04-03 03:00:00,24022.21,24033.27,24012.09,24013.53,1606.0,38565729.18
2026-04-03 03:30:00,24013.7,24020.72,24002.83,24008.03,1542.0,37020382.26
2026-04-03 04:00:00,24008.1,24024.02,24005.62,24018.28,1437.0,34514268.36
2026-04-03 04:30:00,24018.39,24021.32,23998.92,24008.69,1462.0,35100704.78
2026-04-03 05:00:00,24009.02,24028.68,24000.98,24010.87,1624.0,38993652.879999995
2026-04-03 05:30:00,24010.92,24034.63,24010.92,24022.49,1588.0,38147714.120000005
2026-04-03 06:00:00,24022.56,24025.03,24009.21,24013.62,1334.0,32034169.08
2026-04-03 06:30:00,24013.88,24013.97,23981.39,23994.62,1760.0,42230531.199999996
2026-04-03 07:00:00,23994.42,23995.44,23961.9,23990.56,1773.0,42535262.88
2026-04-03 07:30:00,23990.56,24004.69,23990.56,23996.12,1346.0,32298777.52
2026-04-03 08:00:00,23995.89,24008.25,23984.21,23987.96,1288.0,30896492.48
2026-04-03 08:30:00,23987.86,23999.22,23984.6,23991.15,999.0,23967158.85
2026-04-03 09:00:00,23991.18,23995.05,23973.23,23985.36,1327.0,31828572.720000003
2026-04-03 09:30:00,23985.47,23990.0,23980.26,23981.22,780.0,18705351.6
2026-04-03 10:00:00,23981.2,23985.6,23968.89,23975.86,1259.0,30185607.740000002
2026-04-03 10:30:00,23975.73,23985.37,23970.77,23980.52,1085.0,26018864.2
2026-04-03 11:00:00,23980.19,23994.71,23955.06,23992.99,1895.0,45466716.050000004
2026-04-03 11:30:00,23992.98,24000.68,23988.27,23992.3,1572.0,37715895.6
2026-04-03 12:00:00,23992.09,24021.08,23965.93,24006.68,3184.0,76437269.12
2026-04-03 12:30:00,24006.95,24082.7,23954.63,23959.06,4984.0,119411955.04
2026-04-03 13:00:00,23958.94,23978.94,23948.31,23972.8,1547.0,37085921.6
2026-04-05 22:00:00,23931.12,23934.87,23832.25,23913.22,10726.0,256493197.72
2026-04-05 22:30:00,23912.79,23947.95,23885.59,23929.87,5658.0,135395204.46
2026-04-05 23:00:00,23930.2,23944.47,23891.72,23920.59,8627.0,206362929.93
2026-04-05 23:30:00,23920.65,23943.2,23919.66,23941.82,2447.0,58585633.54
2026-04-06 00:00:00,23942.16,24054.48,23938.07,24022.67,6989.0,167894440.63
2026-04-06 00:30:00,24023.39,24066.24,24022.7,24060.3,3771.0,90731391.3
2026-04-06 01:00:00,24060.27,24090.63,24048.15,24085.8,3586.0,86371678.8
2026-04-06 01:30:00,24085.4,24086.0,24034.46,24043.33,3024.0,72707029.92
2026-04-06 02:00:00,24042.73,24176.58,24038.24,24161.27,5565.0,134457467.55
2026-04-06 02:30:00,24161.44,24166.22,24072.84,24073.5,4249.0,102288301.5
2026-04-06 03:00:00,24073.23,24079.65,23979.51,24035.95,5189.0,124722544.55
2026-04-06 03:30:00,24036.22,24066.68,24026.69,24062.87,3261.0,78469019.07
2026-04-06 04:00:00,24062.78,24087.38,24058.47,24077.31,2871.0,69125957.01
2026-04-06 04:30:00,24077.24,24111.3,24072.52,24103.53,2579.0,62163003.87
2026-04-06 05:00:00,24103.64,24118.37,24099.95,24100.76,2443.0,58878156.68
2026-04-06 05:30:00,24100.79,24103.19,24062.11,24082.16,2937.0,70729303.92
2026-04-06 06:00:00,24081.76,24125.97,24069.13,24075.56,3459.0,83277362.04
2026-04-06 06:30:00,24075.31,24139.37,24065.7,24105.23,4278.0,103122173.94
2026-04-06 07:00:00,24105.79,24110.37,24057.22,24087.22,3709.0,89339498.98
2026-04-06 07:30:00,24087.15,24174.52,24084.15,24158.94,3591.0,86754753.53999999
2026-04-06 08:00:00,24158.6,24209.47,24158.6,24199.52,4348.0,105219512.96000001
2026-04-06 08:30:00,24199.59,24241.03,24194.27,24218.27,3183.0,77086753.41
2026-04-06 09:00:00,24218.08,24246.13,24215.42,24229.43,3088.0,74820479.84
2026-04-06 09:30:00,24229.28,24236.63,24180.34,24184.7,3029.0,73255456.3
2026-04-06 10:00:00,24185.23,24207.22,24175.46,24192.46,2788.0,67448578.48
2026-04-06 10:30:00,24192.06,24203.9,24117.45,24163.11,4241.0,102475749.51
2026-04-06 11:00:00,24163.28,24163.97,24130.9,24149.81,4046.0,97710131.26
2026-04-06 11:30:00,24150.19,24164.7,24141.01,24154.74,3063.0,73985968.62
2026-04-06 12:00:00,24154.93,24165.02,24137.01,24158.68,3206.0,77452728.08
2026-04-06 12:30:00,24159.0,24185.37,24148.75,24154.97,3806.0,91933815.82000001
2026-04-06 13:00:00,24155.33,24161.84,24106.14,24111.99,5247.0,126515611.53
2026-04-06 13:30:00,24112.43,24262.19,24094.86,24260.47,31733.0,769857494.51
2026-04-06 14:00:00,24260.07,24299.53,24120.48,24213.05,24125.0,584139831.25
2026-04-06 14:30:00,24213.69,24237.92,24111.23,24155.03,18080.0,436722942.4
2026-04-06 15:00:00,24155.51,24185.59,24115.93,24129.54,11595.0,279782016.3
2026-04-06 15:30:00,24129.15,24180.27,24100.93,24171.91,8500.0,205461235.0
2026-04-06 16:00:00,24171.63,24177.18,24131.77,24161.05,6246.0,150909918.29999998
2026-04-06 16:30:00,24160.5,24194.82,24150.04,24156.05,5851.0,141337048.54999998
2026-04-06 17:00:00,24156.4,24160.38,24052.17,24154.25,10937.0,264175032.25
2026-04-06 17:30:00,24154.62,24181.45,24110.87,24112.64,6786.0,163628375.04
2026-04-06 18:00:00,24113.02,24212.44,24094.39,24190.43,8986.0,217375203.98
2026-04-06 18:30:00,24190.79,24206.31,24172.86,24200.28,5010.0,121243402.8
2026-04-06 19:00:00,24200.73,24204.05,24179.9,24185.19,4039.0,97683982.41
2026-04-06 19:30:00,24185.11,24224.32,24175.61,24211.87,5007.0,121228833.08999999
2026-04-06 20:00:00,24211.62,24218.7,24183.39,24193.0,3027.0,73232211.0
2026-04-06 20:30:00,24193.58,24205.45,24188.86,24198.17,1546.0,37410370.82
2026-04-06 22:00:00,24211.15,24239.04,24158.71,24177.62,3306.0,79931211.72
2026-04-06 22:30:00,24177.81,24184.02,24157.4,24158.92,2003.0,48390316.76
2026-04-06 23:00:00,24159.3,24188.74,24158.93,24170.0,1744.0,42152480.0
2026-04-06 23:30:00,24169.97,24181.0,24155.15,24156.01,1630.0,39374296.3
2026-04-07 00:00:00,24155.97,24214.78,24135.0,24187.24,4607.0,111430614.68
2026-04-07 00:30:00,24187.63,24191.29,24148.14,24159.27,3189.0,77043912.03
2026-04-07 01:00:00,24159.33,24166.73,24104.79,24135.21,4324.0,104360648.03999999
2026-04-07 01:30:00,24135.5,24138.59,24025.03,24034.15,4793.0,115195680.95
2026-04-07 02:00:00,24034.61,24053.13,24009.75,24049.58,4458.0,107213027.64
2026-04-07 02:30:00,24049.71,24076.63,24048.61,24068.33,2877.0,69244585.41000001
2026-04-07 03:00:00,24068.72,24075.16,24049.19,24071.85,2658.0,63982977.3
2026-04-07 03:30:00,24071.48,24087.1,24069.66,24077.36,2270.0,54655607.2
2026-04-07 04:00:00,24077.3,24097.75,24055.48,24082.71,2780.0,66949933.8
2026-04-07 04:30:00,24083.06,24118.78,24082.73,24103.67,2563.0,61777706.20999999
2026-04-07 05:00:00,24103.88,24115.44,24077.65,24081.03,2450.0,58998523.5
2026-04-07 05:30:00,24081.07,24086.85,24061.1,24082.53,2986.0,71910434.58
2026-04-07 06:00:00,24083.17,24096.55,24062.45,24094.28,3494.0,84185414.32
2026-04-07 06:30:00,24093.94,24099.23,24074.6,24097.28,3014.0,72629201.92
2026-04-07 07:00:00,24098.72,24112.24,24064.35,24073.89,4683.0,112738026.86999999
2026-04-07 07:30:00,24074.5,24105.89,24072.89,24101.5,3327.0,80185690.5
2026-04-07 08:00:00,24101.67,24223.04,24101.49,24192.6,8125.0,196564875.0
2026-04-07 08:30:00,24193.28,24237.15,24188.49,24215.36,5232.0,126694763.52
2026-04-07 09:00:00,24215.11,24265.99,24207.65,24256.96,4164.0,101005981.44
2026-04-07 09:30:00,24256.91,24275.68,24226.42,24240.5,3664.0,88817192.0
2026-04-07 10:00:00,24240.88,24254.38,24148.07,24203.04,6520.0,157803820.8
2026-04-07 10:30:00,24203.37,24205.53,24041.06,24058.88,6071.0,146061460.48000002
2026-04-07 11:00:00,24059.27,24112.1,24050.43,24079.42,5935.0,142911357.7
2026-04-07 11:30:00,24079.23,24083.04,24033.01,24066.1,5435.0,130799253.49999999
2026-04-07 12:00:00,24065.67,24098.62,23986.95,24097.56,8347.0,201142333.32000002
2026-04-07 12:30:00,24097.84,24134.64,24035.17,24070.82,6092.0,146639435.44
2026-04-07 13:00:00,24071.29,24105.5,24053.21,24098.46,6595.0,158929343.7
2026-04-07 13:30:00,24098.82,24158.03,23973.88,23977.05,28756.0,689484049.8
2026-04-07 14:00:00,23976.67,23986.93,23849.81,23963.24,21740.0,520960837.6
2026-04-07 14:30:00,23963.61,23999.28,23862.59,23865.27,16350.0,390197164.5
2026-04-07 15:00:00,23864.76,23940.86,23797.18,23921.95,16337.0,390812897.15000004
2026-04-07 15:30:00,23921.6,23987.56,23897.87,23963.53,11041.0,264581334.73
2026-04-07 16:00:00,23963.77,24092.68,23961.38,24045.69,15647.0,376242911.43
2026-04-07 16:30:00,24045.36,24096.09,24031.5,24057.73,9087.0,218612592.51
2026-04-07 17:00:00,24057.37,24091.34,24025.65,24043.1,8249.0,198331531.89999998
2026-04-07 17:30:00,24043.53,24154.03,24038.89,24081.53,9837.0,236890010.60999998
2026-04-07 18:00:00,24081.14,24093.76,24042.66,24049.84,6804.0,163635111.36
2026-04-07 18:30:00,24050.04,24058.02,23932.37,23957.98,8097.0,193987764.06
2026-04-07 19:00:00,23957.68,24152.03,23938.86,24073.0,17169.0,413309337.0
2026-04-07 19:30:00,24072.48,24236.02,24047.76,24224.63,17948.0,434783659.24
2026-04-07 20:00:00,24224.23,24269.83,24201.09,24222.76,7536.0,182542719.35999998
2026-04-07 20:30:00,24223.09,24306.18,24218.97,24252.69,6430.0,155944796.7
2026-04-07 22:00:00,24386.3,24512.12,24381.54,24460.42,10917.0,267034405.14
2026-04-07 22:30:00,24460.96,24779.54,24219.21,24770.27,18500.0,458249995.0
2026-04-07 23:00:00,24771.03,24943.37,24770.88,24901.72,10139.0,252478539.08
2026-04-07 23:30:00,24901.32,24919.11,24866.51,24906.39,6576.0,163784420.64
2026-04-08 00:00:00,24905.68,24946.11,24882.6,24897.09,8164.0,203259842.76
2026-04-08 00:30:00,24896.62,24955.56,24862.67,24935.61,5537.0,138068472.57
2026-04-08 01:00:00,24935.14,24959.68,24899.81,24921.52,4793.0,119448845.36
2026-04-08 01:30:00,24921.43,24963.07,24919.64,24948.76,3661.0,91337410.36
2026-04-08 02:00:00,24948.5,24963.56,24948.26,24951.79,2751.0,68642374.29
2026-04-08 02:30:00,24952.19,24965.55,24946.2,24965.4,2248.0,56122219.2
2026-04-08 03:00:00,24965.06,24972.46,24941.16,24948.03,2237.0,55808743.11
2026-04-08 03:30:00,24947.81,24958.26,24944.12,24956.96,2059.0,51386380.64
2026-04-08 04:00:00,24957.15,25010.64,24957.15,25001.6,2451.0,61278921.599999994
2026-04-08 04:30:00,25001.81,25007.15,24975.76,24979.24,2186.0,54604618.64
2026-04-08 05:00:00,24979.4,25016.66,24973.23,25013.27,2751.0,68811505.77
2026-04-08 05:30:00,25013.04,25048.64,24994.66,25045.66,3292.0,82450312.72
2026-04-08 06:00:00,25045.88,25057.41,25016.29,25027.55,3957.0,99034015.35
2026-04-08 06:30:00,25026.98,25042.29,25018.75,25025.23,3519.0,88063784.37
2026-04-08 07:00:00,25025.64,25043.58,24996.96,25022.07,5002.0,125160394.14
2026-04-08 07:30:00,25021.51,25021.51,24990.37,24996.03,3941.0,98509354.22999999
2026-04-08 08:00:00,24996.16,25030.28,24989.07,25026.74,4187.0,104786960.38000001
2026-04-08 08:30:00,25026.55,25076.06,25002.02,25069.39,4013.0,100603462.07
2026-04-08 09:00:00,25069.37,25099.53,25059.13,25070.09,3328.0,83433259.52
2026-04-08 09:30:00,25070.63,25074.88,25038.74,25055.02,3506.0,87842900.12
2026-04-08 10:00:00,25054.97,25075.21,25039.99,25074.32,3157.0,79159628.24
2026-04-08 10:30:00,25074.79,25085.79,25057.48,25058.56,2626.0,65803778.56
2026-04-08 11:00:00,25058.13,25086.78,25034.59,25081.21,3763.0,94380593.22999999
2026-04-08 11:30:00,25081.21,25089.03,25059.99,25063.3,3940.0,98749402.0
2026-04-08 12:00:00,25063.91,25110.63,25009.72,25043.94,6472.0,162084379.67999998
2026-04-08 12:30:00,25043.55,25075.11,25031.06,25067.6,4626.0,115962717.6
2026-04-08 13:00:00,25067.35,25091.07,25041.49,25054.14,4397.0,110163053.58
2026-04-08 13:30:00,25053.67,25103.89,24921.69,24936.48,23995.0,598350837.6
2026-04-08 14:00:00,24936.15,24958.68,24897.01,24908.78,15583.0,388153518.74
2026-04-08 14:30:00,24909.23,24920.38,24783.46,24846.88,15080.0,374690950.40000004
2026-04-08 15:00:00,24847.09,24897.36,24833.94,24866.14,11208.0,278699697.12
2026-04-08 15:30:00,24865.8,24943.34,24859.4,24932.61,6879.0,171511424.19
2026-04-08 16:00:00,24932.35,24970.36,24916.64,24948.68,6198.0,154631918.64000002
2026-04-08 16:30:00,24949.16,25011.42,24941.67,24996.42,4369.0,109209358.97999999
2026-04-08 17:00:00,24996.45,25010.65,24926.64,24937.04,5438.0,135607623.52
2026-04-08 17:30:00,24936.64,24955.16,24919.9,24948.36,5442.0,135768975.12
2026-04-08 18:00:00,24948.05,24985.9,24888.4,24909.0,9368.0,233347512.0
2026-04-08 18:30:00,24908.52,24926.42,24803.63,24808.25,7184.0,178222468.0
2026-04-08 19:00:00,24808.01,24865.68,24797.66,24812.76,7847.0,194705727.72
2026-04-08 19:30:00,24812.32,24950.34,24810.56,24934.28,7576.0,188902105.28
2026-04-08 20:00:00,24934.26,24948.95,24902.9,24904.14,3237.0,80614701.17999999
2026-04-08 20:30:00,24904.14,24906.13,24887.7,24892.21,1752.0,43611151.92
2026-04-08 22:00:00,24895.03,24920.64,24871.2,24884.39,3236.0,80525886.03999999
2026-04-08 22:30:00,24884.69,24905.73,24883.25,24891.01,1945.0,48413014.449999996
2026-04-08 23:00:00,24890.77,24911.54,24880.73,24889.95,2184.0,54359650.800000004
2026-04-08 23:30:00,24889.99,24893.47,24878.95,24881.89,2142.0,53297008.379999995
2026-04-09 00:00:00,24882.41,24890.34,24855.99,24868.96,4111.0,102236294.56
2026-04-09 00:30:00,24868.64,24889.24,24863.46,24868.01,3455.0,85918974.55
2026-04-09 01:00:00,24867.8,24876.86,24837.11,24844.51,3259.0,80968258.08999999
2026-04-09 01:30:00,24844.17,24881.21,24840.33,24879.16,3121.0,77647858.36
2026-04-09 02:00:00,24878.88,24896.92,24878.88,24883.23,2553.0,63526886.19
2026-04-09 02:30:00,24883.05,24905.37,24882.73,24887.06,2090.0,52013955.400000006
2026-04-09 03:00:00,24887.22,24893.0,24872.65,24875.82,1781.0,44303835.42
2026-04-09 03:30:00,24875.6,24890.09,24865.02,24874.84,1976.0,49152683.84
2026-04-09 04:00:00,24875.39,24878.35,24864.13,24870.01,1602.0,39841756.019999996
2026-04-09 04:30:00,24869.87,24879.34,24863.43,24870.33,1642.0,40837081.86
2026-04-09 05:00:00,24870.69,24888.86,24850.45,24888.62,2624.0,65307738.879999995
2026-04-09 05:30:00,24888.57,24902.8,24878.14,24885.4,2361.0,58754429.400000006
2026-04-09 06:00:00,24885.67,24913.82,24881.2,24892.6,3064.0,76270926.39999999
2026-04-09 06:30:00,24893.08,24898.11,24873.75,24895.14,2934.0,73042340.76
2026-04-09 07:00:00,24895.67,24904.37,24853.22,24868.34,3510.0,87287873.4
2026-04-09 07:30:00,24868.76,24873.55,24821.48,24841.51,3138.0,77952658.38
2026-04-09 08:00:00,24841.85,24847.24,24809.09,24817.39,3562.0,88399543.17999999
2026-04-09 08:30:00,24817.02,24859.7,24817.02,24828.73,2985.0,74113759.05
2026-04-09 09:00:00,24828.45,24871.8,24820.6,24868.67,2667.0,66324742.88999999
2026-04-09 09:30:00,24868.44,24874.24,24849.32,24872.71,2186.0,54371744.059999995
2026-04-09 10:00:00,24873.02,24882.85,24858.74,24878.13,2913.0,72469992.69
2026-04-09 10:30:00,24877.99,24880.28,24837.59,24840.02,2789.0,69278815.78
2026-04-09 11:00:00,24839.15,24854.58,24832.83,24840.37,3081.0,76533179.97
2026-04-09 11:30:00,24840.78,24894.33,24839.75,24886.12,3421.0,85135416.52
2026-04-09 12:00:00,24886.31,24906.61,24883.3,24892.69,2766.0,68853180.53999999
2026-04-09 12:30:00,24891.79,24919.13,24873.02,24884.91,4897.0,121861404.27
2026-04-09 13:00:00,24885.35,24937.82,24882.64,24936.65,3863.0,96330278.95
2026-04-09 13:30:00,24936.3,24966.64,24862.26,24889.22,18945.0,471526272.90000004
2026-04-09 14:00:00,24889.55,24910.9,24819.54,24838.15,11817.0,293512418.55
2026-04-09 14:30:00,24837.74,24908.27,24816.47,24896.68,8795.0,218966300.6
2026-04-09 15:00:00,24896.72,24960.37,24872.08,24913.6,7775.0,193703240.0
2026-04-09 15:30:00,24913.97,25052.31,24904.23,25045.22,13109.0,328317788.98
2026-04-09 16:00:00,25044.85,25119.59,25044.85,25071.61,7790.0,195307841.9
2026-04-09 16:30:00,25071.95,25075.42,25017.44,25048.6,5883.0,147360913.79999998
2026-04-09 17:00:00,25049.09,25104.82,25040.5,25075.85,4920.0,123373182.0
2026-04-09 17:30:00,25075.2,25108.48,25042.94,25078.6,4978.0,124841270.8
2026-04-09 18:00:00,25078.69,25083.24,25000.05,25014.87,8988.0,224833651.56
2026-04-09 18:30:00,25014.33,25043.07,24999.38,25032.23,5292.0,132470561.16
2026-04-09 19:00:00,25032.56,25082.14,25027.94,25074.62,4349.0,109049522.38
2026-04-09 19:30:00,25074.91,25121.18,25073.05,25098.72,5112.0,128304656.64
2026-04-09 20:00:00,25099.06,25103.33,25072.0,25090.82,2469.0,61949234.58
2026-04-09 20:30:00,25091.02,25107.07,25089.46,25097.43,1471.0,36918319.53
2026-04-09 22:00:00,25086.25,25109.45,25071.98,25071.98,2365.0,59295232.699999996
2026-04-09 22:30:00,25072.45,25088.12,25058.76,25062.84,2248.0,56341264.32
2026-04-09 23:00:00,25062.88,25069.69,25048.84,25065.44,1494.0,37447767.36
2026-04-09 23:30:00,25065.38,25090.66,25063.49,25079.27,1769.0,44365228.63
2026-04-10 00:00:00,25079.73,25091.71,25061.61,25090.09,3011.0,75546260.99
2026-04-10 00:30:00,25089.89,25132.2,25087.34,25126.49,2321.0,58318583.29000001
2026-04-10 01:00:00,25126.02,25134.5,25111.21,25134.42,2220.0,55798412.4
2026-04-10 01:30:00,25134.44,25153.66,25131.36,25140.0,2316.0,58224240.0
2026-04-10 02:00:00,25140.17,25145.73,25110.01,25117.23,2132.0,53549934.36
2026-04-10 02:30:00,25117.34,25133.56,25115.98,25129.36,1425.0,35809338.0
2026-04-10 03:00:00,25129.37,25143.07,25126.85,25127.88,1385.0,34802113.800000004
2026-04-10 03:30:00,25127.72,25157.69,25127.72,25146.79,1724.0,43353065.96
2026-04-10 04:00:00,25146.77,25149.03,25129.91,25132.88,1433.0,36015417.04
2026-04-10 04:30:00,25132.81,25135.57,25121.26,25125.02,1413.0,35501653.26
2026-04-10 05:00:00,25125.29,25140.05,25124.21,25124.21,1623.0,40776592.83
2026-04-10 05:30:00,25124.59,25133.67,25115.1,25117.77,1853.0,46543227.81
2026-04-10 06:00:00,25117.78,25122.99,25091.65,25093.21,2139.0,53674376.19
2026-04-10 06:30:00,25093.59,25097.93,25075.58,25084.47,2080.0,52175697.6
2026-04-10 07:00:00,25083.47,25102.0,25078.87,25101.38,2604.0,65363993.52
2026-04-10 07:30:00,25101.73,25110.17,25084.01,25097.76,2346.0,58879344.95999999
2026-04-10 08:00:00,25098.04,25099.15,25059.06,25084.64,2663.0,66800396.32
2026-04-10 08:30:00,25084.26,25090.82,25058.9,25064.72,2483.0,62235699.760000005
2026-04-10 09:00:00,25064.98,25129.44,25061.58,25093.68,3990.0,100123783.2
2026-04-10 09:30:00,25093.51,25116.86,25077.29,25114.36,3027.0,76021167.72
2026-04-10 10:00:00,25114.41,25137.11,25096.34,25126.22,2465.0,61936132.300000004
2026-04-10 10:30:00,25126.46,25138.8,25110.83,25126.97,2344.0,58897617.68
2026-04-10 11:00:00,25127.42,25154.05,25125.59,25147.08,2495.0,62741964.6
2026-04-10 11:30:00,25147.32,25156.53,25117.34,25124.12,2541.0,63840388.919999994
2026-04-10 12:00:00,25124.37,25235.69,25119.06,25173.73,3023.0,76100185.78999999
2026-04-10 12:30:00,25173.31,25231.52,25148.29,25159.49,5105.0,128439196.45
2026-04-10 13:00:00,25159.37,25177.2,25149.18,25170.02,3557.0,89529761.14
2026-04-10 13:30:00,25170.48,25224.87,25147.6,25175.24,17763.0,447187788.12
2026-04-10 14:00:00,25173.61,25206.87,25124.41,25195.76,10106.0,254628350.55999997
2026-04-10 14:30:00,25196.21,25228.3,25161.43,25207.64,8384.0,211340853.76
2026-04-10 15:00:00,25208.01,25248.49,25184.62,25204.09,6151.0,155030357.59
2026-04-10 15:30:00,25203.64,25213.25,25101.93,25121.0,8180.0,205489780.0
2026-04-10 16:00:00,25120.87,25156.87,25105.1,25131.12,5836.0,146665216.32
2026-04-10 16:30:00,25130.78,25138.99,25078.96,25119.25,5833.0,146520585.25
2026-04-10 17:00:00,25119.6,25120.43,25082.88,25089.19,4968.0,124643095.91999999
2026-04-10 17:30:00,25088.86,25130.07,25078.54,25127.14,4247.0,106714963.58
2026-04-10 18:00:00,25126.96,25135.54,25095.46,25122.21,4173.0,104834982.33
2026-04-10 18:30:00,25122.4,25125.87,25094.49,25115.87,3297.0,82807023.39
2026-04-10 19:00:00,25116.12,25156.44,25114.47,25149.87,2957.0,74368165.59
2026-04-10 19:30:00,25150.11,25150.11,25115.95,25140.59,4443.0,111699641.37
2026-04-10 20:00:00,25140.13,25165.89,25132.87,25160.84,2078.0,52284225.52
2026-04-10 20:30:00,25161.0,25176.97,25157.07,25172.27,1074.0,27035017.98
2026-04-12 22:00:00,24827.1,24883.51,24775.72,24818.38,12541.0,311247303.58
2026-04-12 22:30:00,24818.82,24829.6,24793.21,24821.71,4301.0,106758174.71
2026-04-12 23:00:00,24821.76,24822.53,24794.47,24809.1,2823.0,70036089.3
2026-04-12 23:30:00,24809.28,24850.35,24788.53,24847.89,3210.0,79761726.89999999
2026-04-13 00:00:00,24847.46,24872.76,24814.22,24860.19,4928.0,122511016.32
2026-04-13 00:30:00,24860.24,24919.44,24851.94,24919.44,3449.0,85947148.56
2026-04-13 01:00:00,24919.43,24946.25,24915.73,24937.78,3572.0,89077750.16
2026-04-13 01:30:00,24937.48,24953.42,24923.19,24946.95,2949.0,73568555.55
2026-04-13 02:00:00,24947.29,24948.87,24921.2,24925.3,2214.0,55184614.199999996
2026-04-13 02:30:00,24925.63,24944.62,24921.32,24941.47,1909.0,47613266.230000004
2026-04-13 03:00:00,24941.67,24948.35,24918.4,24936.01,1951.0,48650155.51
2026-04-13 03:30:00,24935.95,24937.92,24921.97,24924.81,1843.0,45936424.830000006
2026-04-13 04:00:00,24924.82,24940.22,24915.52,24936.07,1958.0,48824825.06
2026-04-13 04:30:00,24936.29,24960.29,24929.1,24945.77,2022.0,50440346.94
2026-04-13 05:00:00,24945.94,24954.84,24926.26,24944.48,2239.0,55850690.72
2026-04-13 05:30:00,24944.84,24950.01,24932.43,24944.57,2141.0,53406324.37
2026-04-13 06:00:00,24944.39,24984.11,24943.45,24973.55,2875.0,71798956.25
2026-04-13 06:30:00,24973.97,24980.22,24962.67,24980.22,2368.0,59153160.96
2026-04-13 07:00:00,24980.47,24992.72,24953.22,24974.85,3062.0,76472990.7
2026-04-13 07:30:00,24975.1,24982.07,24958.31,24966.36,2476.0,61816707.36
2026-04-13 08:00:00,24965.76,24995.39,24965.69,24982.73,3389.0,84666471.97
2026-04-13 08:30:00,24983.21,24988.51,24954.69,24963.21,2856.0,71294927.75999999
2026-04-13 09:00:00,24963.33,24994.09,24963.26,24987.79,2732.0,68266642.28
2026-04-13 09:30:00,24987.36,24997.91,24973.31,24981.26,1907.0,47639262.82
2026-04-13 10:00:00,24981.67,24988.08,24974.77,24984.17,1855.0,46345635.349999994
2026-04-13 10:30:00,24984.61,25022.34,24977.74,25021.95,2176.0,54447763.2
2026-04-13 11:00:00,25021.67,25059.19,24999.83,25003.18,3445.0,86135955.1
2026-04-13 11:30:00,25003.04,25006.74,24949.98,24954.43,3664.0,91433031.52
2026-04-13 12:00:00,24954.79,24992.84,24938.95,24989.45,3199.0,79941250.55
2026-04-13 12:30:00,24989.92,25044.1,24985.94,25033.23,3092.0,77402747.16
2026-04-13 13:00:00,25033.47,25081.87,25022.16,25080.49,3047.0,76420253.03
2026-04-13 13:30:00,25081.02,25173.94,25025.69,25173.55,18194.0,458007568.7
2026-04-13 14:00:00,25173.28,25197.42,25111.39,25160.53,12157.0,305876563.21
2026-04-13 14:30:00,25160.86,25224.0,25143.45,25217.1,7025.0,177150127.5
2026-04-13 15:00:00,25216.73,25217.35,25171.24,25176.94,6683.0,168257490.01999998
2026-04-13 15:30:00,25177.6,25219.59,25163.15,25174.43,5375.0,135312561.25
2026-04-13 16:00:00,25174.31,25261.71,25147.69,25249.82,6971.0,176016495.22
2026-04-13 16:30:00,25250.1,25300.29,25210.76,25275.69,8837.0,223361272.53
2026-04-13 17:00:00,25275.85,25304.37,25262.19,25295.31,3800.0,96122178.0
2026-04-13 17:30:00,25294.82,25303.55,25264.19,25269.07,3176.0,80254566.32
2026-04-13 18:00:00,25269.25,25290.45,25260.56,25263.31,2735.0,69095152.85000001
2026-04-13 18:30:00,25262.86,25317.97,25261.43,25309.81,2952.0,74714559.12
2026-04-13 19:00:00,25309.32,25324.83,25295.56,25322.79,2489.0,63028424.31
2026-04-13 19:30:00,25322.56,25413.32,25315.85,25400.77,5207.0,132261809.39
2026-04-13 20:00:00,25401.05,25425.8,25396.69,25415.74,2562.0,65115125.88
2026-04-13 20:30:00,25415.22,25454.6,25413.63,25448.71,1535.0,39063769.85
2026-04-13 22:00:00,25435.83,25461.08,25431.23,25448.47,1774.0,45145585.78
2026-04-13 22:30:00,25448.39,25464.05,25444.26,25461.28,1456.0,37071623.68
2026-04-13 23:00:00,25461.37,25485.4,25454.87,25469.87,1858.0,47323018.46
2026-04-13 23:30:00,25470.3,25481.64,25452.15,25454.64,1664.0,42356520.96
2026-04-14 00:00:00,25454.14,25457.1,25428.72,25443.6,2727.0,69384697.2
2026-04-14 00:30:00,25443.58,25468.26,25442.94,25459.89,1913.0,48704769.57
2026-04-14 01:00:00,25459.78,25461.72,25440.9,25453.31,2033.0,51746579.230000004
2026-04-14 01:30:00,25453.0,25456.8,25441.84,25450.27,1772.0,45097878.44
2026-04-14 02:00:00,25450.33,25465.73,25444.53,25459.42,1454.0,37017996.68
2026-04-14 02:30:00,25459.41,25465.13,25451.47,25464.63,1200.0,30557556.0
2026-04-14 03:00:00,25464.51,25464.51,25443.49,25447.02,1192.0,30332847.84
2026-04-14 03:30:00,25446.94,25454.5,25444.01,25451.72,1034.0,26317078.48
2026-04-14 04:00:00,25451.65,25461.15,25449.67,25457.17,965.0,24566169.049999997
2026-04-14 04:30:00,25457.01,25463.24,25452.9,25462.29,922.0,23476231.38
2026-04-14 05:00:00,25462.18,25466.49,25453.56,25462.18,1042.0,26531591.56
2026-04-14 05:30:00,25461.95,25461.95,25440.17,25440.74,1357.0,34523084.18
2026-04-14 06:00:00,25440.92,25447.37,25431.37,25440.64,1555.0,39560195.199999996
2026-04-14 06:30:00,25440.57,25459.39,25436.89,25452.04,1594.0,40570551.76
2026-04-14 07:00:00,25451.88,25503.79,25448.87,25488.64,4245.0,108199276.8
2026-04-14 07:30:00,25488.76,25509.58,25473.82,25485.29,2565.0,65369768.85
2026-04-14 08:00:00,25485.05,25511.51,25476.96,25511.14,2850.0,72706749.0
2026-04-14 08:30:00,25511.13,25530.77,25501.95,25529.26,2132.0,54428382.32
2026-04-14 09:00:00,25529.57,25540.56,25518.22,25518.46,1940.0,49505812.4
2026-04-14 09:30:00,25518.32,25518.76,25498.73,25504.16,1727.0,44045684.32
2026-04-14 10:00:00,25504.29,25522.27,25493.96,25514.53,1840.0,46946735.199999996
2026-04-14 10:30:00,25514.54,25515.84,25489.89,25492.76,2192.0,55880129.919999994
2026-04-14 11:00:00,25492.21,25526.02,25487.18,25523.3,2063.0,52654567.9
2026-04-14 11:30:00,25523.18,25560.31,25517.31,25533.06,2353.0,60079290.18
2026-04-14 12:00:00,25533.42,25564.61,25524.29,25560.39,2855.0,72974913.45
2026-04-14 12:30:00,25560.06,25581.78,25527.31,25542.81,3539.0,90396004.59
2026-04-14 13:00:00,25542.62,25548.82,25518.64,25522.17,2673.0,68220760.41
2026-04-14 13:30:00,25522.53,25629.79,25522.53,25588.06,15983.0,408973962.98
2026-04-14 14:00:00,25587.87,25672.05,25578.69,25669.92,7069.0,181460664.48
2026-04-14 14:30:00,25670.17,25684.62,25646.39,25671.78,4316.0,110799402.47999999
2026-04-14 15:00:00,25672.05,25711.3,25628.36,25698.76,4724.0,121400942.24
2026-04-14 15:30:00,25699.26,25765.26,25697.95,25741.8,3418.0,87985472.39999999
2026-04-14 16:00:00,25741.15,25797.18,25739.41,25793.28,2795.0,72092217.6
2026-04-14 16:30:00,25792.77,25803.52,25772.56,25779.64,2937.0,75714802.67999999
2026-04-14 17:00:00,25780.04,25825.3,25777.65,25808.64,2638.0,68083192.32
2026-04-14 17:30:00,25809.01,25834.38,25807.39,25824.13,2375.0,61332308.75
2026-04-14 18:00:00,25824.14,25829.79,25751.24,25775.8,4310.0,111093698.0
2026-04-14 18:30:00,25775.87,25801.24,25768.14,25783.65,3201.0,82533463.65
2026-04-14 19:00:00,25783.18,25855.67,25781.14,25854.25,2896.0,74873908.0
2026-04-14 19:30:00,25853.67,25868.28,25820.71,25866.51,4619.0,119477409.69
2026-04-14 20:00:00,25866.17,25868.01,25838.4,25859.38,2010.0,51977353.800000004
2026-04-14 20:30:00,25859.14,25864.78,25847.97,25856.17,1098.0,28390074.659999996
2026-04-14 22:00:00,25852.45,25881.13,25845.63,25872.06,2179.0,56375218.74
2026-04-14 22:30:00,25871.68,25875.75,25862.34,25864.59,1225.0,31684122.75
2026-04-14 23:00:00,25864.63,25883.24,25862.55,25880.29,1067.0,27614269.43
2026-04-14 23:30:00,25880.54,25903.8,25874.44,25886.75,2392.0,61921106.0
2026-04-15 00:00:00,25886.64,25890.63,25874.75,25886.74,2370.0,61351573.800000004
2026-04-15 00:30:00,25886.63,25889.69,25863.84,25886.73,1814.0,46958528.22
2026-04-15 01:00:00,25886.41,25908.73,25882.61,25905.18,1736.0,44971392.480000004
2026-04-15 01:30:00,25905.34,25910.58,25892.59,25906.59,1628.0,42175928.52
2026-04-15 02:00:00,25906.76,25906.76,25879.51,25879.51,1572.0,40682589.72
2026-04-15 02:30:00,25879.75,25880.68,25858.51,25863.5,1699.0,43942086.5
2026-04-15 03:00:00,25863.52,25872.17,25862.86,25869.82,1226.0,31716399.32
2026-04-15 03:30:00,25869.59,25894.7,25869.5,25889.24,1289.0,33371230.360000003
2026-04-15 04:00:00,25889.1,25892.93,25884.72,25890.69,1008.0,26097815.52
2026-04-15 04:30:00,25890.71,25892.68,25877.75,25880.96,1090.0,28210246.4
2026-04-15 05:00:00,25881.06,25923.47,25846.8,25854.15,3785.0,97857957.75
2026-04-15 05:30:00,25854.69,25855.48,25834.24,25846.08,2211.0,57145682.88
2026-04-15 06:00:00,25846.5,25856.5,25836.14,25850.61,1912.0,49426366.32
2026-04-15 06:30:00,25850.16,25865.32,25850.16,25856.06,1914.0,49488498.84
2026-04-15 07:00:00,25856.24,25866.52,25845.64,25855.0,2270.0,58690850.0
2026-04-15 07:30:00,25855.37,25876.57,25848.59,25872.1,2176.0,56297689.599999994
2026-04-15 08:00:00,25872.4,25891.9,25868.81,25891.21,2042.0,52869850.82
2026-04-15 08:30:00,25890.86,25905.76,25887.52,25899.64,1736.0,44961775.04
2026-04-15 09:00:00,25899.55,25905.18,25851.91,25857.7,3181.0,82253343.7
2026-04-15 09:30:00,25857.59,25865.21,25844.08,25846.12,2025.0,52338393.0
2026-04-15 10:00:00,25846.32,25865.45,25809.33,25817.17,3479.0,89817934.42999999
2026-04-15 10:30:00,25817.01,25855.85,25802.68,25852.67,3309.0,85546485.03
2026-04-15 11:00:00,25853.06,25867.08,25840.93,25848.12,2457.0,63508830.839999996
2026-04-15 11:30:00,25848.31,25910.07,25845.59,25865.82,3608.0,93323878.56
2026-04-15 12:00:00,25865.78,25873.61,25828.65,25842.97,3609.0,93267278.73
2026-04-15 12:30:00,25842.73,25873.85,25838.13,25857.54,2424.0,62678676.96
2026-04-15 13:00:00,25857.57,25893.37,25848.13,25891.33,3043.0,78787317.19000001
2026-04-15 13:30:00,25890.96,25937.27,25851.97,25937.05,17098.0,443471680.9
2026-04-15 14:00:00,25937.66,26000.72,25917.09,26000.72,8419.0,218900061.68
2026-04-15 14:30:00,26000.99,26043.75,25974.69,26031.36,5650.0,147077184.0
2026-04-15 15:00:00,26031.13,26069.43,26006.9,26059.61,5275.0,137464442.75
2026-04-15 15:30:00,26060.11,26083.0,26035.34,26064.86,4745.0,123677760.7
2026-04-15 16:00:00,26064.57,26119.2,26056.13,26084.09,3660.0,95467769.4
2026-04-15 16:30:00,26084.03,26088.0,25971.84,26012.6,8496.0,221003049.6
2026-04-15 17:00:00,26012.99,26067.73,26005.36,26055.66,4582.0,119387034.12
2026-04-15 17:30:00,26055.38,26087.77,26046.34,26059.09,3644.0,94959323.96
2026-04-15 18:00:00,26058.59,26125.42,26042.41,26115.75,5295.0,138282896.25
2026-04-15 18:30:00,26116.08,26182.99,26116.08,26171.67,3168.0,82911850.55999999
2026-04-15 19:00:00,26171.37,26205.9,26161.09,26205.11,3313.0,86817529.43
2026-04-15 19:30:00,26204.61,26245.33,26198.36,26231.67,4917.0,128981121.38999999
2026-04-15 20:00:00,26231.97,26239.37,26200.93,26218.81,2221.0,58231977.010000005
2026-04-15 20:30:00,26218.81,26229.0,26211.82,26227.69,1350.0,35407381.5
2026-04-15 22:00:00,26225.83,26247.25,26216.77,26242.05,2040.0,53533782.0
2026-04-15 22:30:00,26241.85,26263.46,26241.85,26259.87,1281.0,33638893.47
2026-04-15 23:00:00,26260.32,26269.68,26255.31,26260.41,1135.0,29805565.35
2026-04-15 23:30:00,26260.58,26287.16,26257.37,26278.33,1316.0,34582282.28
2026-04-16 00:00:00,26278.64,26295.13,26262.08,26276.02,2479.0,65138253.58
2026-04-16 00:30:00,26276.03,26315.19,26276.03,26308.92,1751.0,46066918.919999994
2026-04-16 01:00:00,26308.65,26320.43,26297.75,26311.6,1717.0,45177017.199999996
2026-04-16 01:30:00,26311.31,26335.76,26302.02,26312.7,1787.0,47020794.9
2026-04-16 02:00:00,26312.26,26324.21,26311.8,26319.22,1598.0,42058113.56
2026-04-16 02:30:00,26319.45,26330.02,26310.8,26313.62,1296.0,34102451.519999996
2026-04-16 03:00:00,26313.41,26331.43,26313.41,26317.42,1203.0,31659856.259999998
2026-04-16 03:30:00,26317.63,26323.86,26309.76,26314.21,1234.0,32471735.14
2026-04-16 04:00:00,26314.46,26315.53,26302.82,26305.77,1260.0,33145270.2
2026-04-16 04:30:00,26305.78,26309.79,26300.07,26305.53,911.0,23964337.83
2026-04-16 05:00:00,26305.7,26316.24,26288.04,26314.16,1473.0,38760757.68
2026-04-16 05:30:00,26313.82,26332.04,26313.82,26326.42,1725.0,45413074.5
2026-04-16 06:00:00,26326.61,26355.81,26326.61,26347.7,2104.0,55435560.800000004
2026-04-16 06:30:00,26348.56,26356.12,26336.58,26351.55,1546.0,40739496.3
2026-04-16 07:00:00,26351.3,26352.45,26327.47,26347.76,2068.0,54487167.68
2026-04-16 07:30:00,26347.7,26357.23,26322.99,26330.31,1805.0,47526209.550000004
2026-04-16 08:00:00,26330.74,26335.43,26294.34,26298.48,2895.0,76134099.6
2026-04-16 08:30:00,26298.43,26314.17,26282.21,26310.45,1983.0,52173622.35
2026-04-16 09:00:00,26310.45,26327.69,26308.71,26317.56,1739.0,45766236.84
2026-04-16 09:30:00,26317.31,26324.53,26303.83,26323.34,1520.0,40011476.8
2026-04-16 10:00:00,26323.74,26335.16,26301.73,26303.1,1721.0,45267635.099999994
2026-04-16 10:30:00,26302.92,26302.92,26235.19,26275.89,3032.0,79668498.48
2026-04-16 11:00:00,26276.42,26292.11,26253.42,26266.79,2250.0,59100277.5
2026-04-16 11:30:00,26266.55,26294.97,26266.55,26288.45,2347.0,61698992.15
2026-04-16 12:00:00,26289.17,26300.28,26271.93,26296.19,2269.0,59666055.11
2026-04-16 12:30:00,26295.84,26301.92,26263.72,26271.76,2489.0,65390410.63999999
2026-04-16 13:00:00,26271.72,26312.79,26268.56,26309.03,2934.0,77190694.02
2026-04-16 13:30:00,26309.34,26322.87,26146.24,26191.43,20267.0,530821711.81
2026-04-16 14:00:00,26190.61,26255.02,26160.78,26222.05,12740.0,334068917.0
2026-04-16 14:30:00,26222.44,26292.51,26219.62,26274.65,8732.0,229430243.8
2026-04-16 15:00:00,26274.51,26373.91,26274.05,26329.92,6157.0,162113317.44
2026-04-16 15:30:00,26328.81,26410.52,26322.9,26403.66,7723.0,203915466.18
2026-04-16 16:00:00,26404.13,26432.69,26385.55,26387.67,4083.0,107740856.61
2026-04-16 16:30:00,26387.94,26392.65,26301.18,26343.86,7568.0,199370332.48000002
2026-04-16 17:00:00,26344.16,26358.45,26302.23,26346.22,6913.0,182131418.86
2026-04-16 17:30:00,26346.77,26379.22,26306.79,26330.68,5141.0,135366025.88
2026-04-16 18:00:00,26330.48,26353.76,26225.82,26243.14,8051.0,211283520.14
2026-04-16 18:30:00,26243.68,26322.15,26242.34,26307.67,4906.0,129065429.02
2026-04-16 19:00:00,26307.72,26336.02,26304.54,26315.32,4199.0,110498028.67999999
2026-04-16 19:30:00,26315.66,26368.2,26310.38,26354.45,4869.0,128319817.05
2026-04-16 20:00:00,26354.15,26360.43,26311.32,26328.18,3172.0,83512986.96000001
2026-04-16 20:30:00,26328.28,26340.36,26325.18,26333.84,1229.0,32364289.36
2026-04-16 22:00:00,26325.98,26357.01,26324.4,26355.47,1854.0,48863041.38
2026-04-16 22:30:00,26355.34,26359.65,26346.26,26347.18,1100.0,28981898.0
2026-04-16 23:00:00,26346.99,26360.39,26343.59,26350.24,1049.0,27641401.76
2026-04-16 23:30:00,26349.75,26360.77,26344.75,26352.82,1146.0,30200331.72
2026-04-17 00:00:00,26352.49,26366.78,26329.33,26362.81,2545.0,67093351.45
2026-04-17 00:30:00,26363.2,26368.52,26357.33,26359.63,1575.0,41516417.25
2026-04-17 01:00:00,26359.73,26369.83,26353.76,26356.37,1780.0,46914338.6
2026-04-17 01:30:00,26356.63,26369.8,26356.52,26361.63,1428.0,37644407.64
2026-04-17 02:00:00,26361.7,26367.39,26327.89,26339.89,1654.0,43566178.06
2026-04-17 02:30:00,26340.08,26348.91,26335.07,26337.99,1231.0,32422065.69
2026-04-17 03:00:00,26337.66,26340.9,26324.24,26329.82,1196.0,31490464.72
2026-04-17 03:30:00,26330.23,26334.55,26322.94,26331.76,1129.0,29728557.04
2026-04-17 04:00:00,26331.98,26354.01,26328.51,26348.77,969.0,25531958.13
2026-04-17 04:30:00,26348.96,26351.65,26334.32,26335.67,968.0,25492928.56
2026-04-17 05:00:00,26335.85,26337.39,26316.04,26329.0,1458.0,38387682.0
2026-04-17 05:30:00,26329.18,26342.63,26316.48,26338.03,1471.0,38743242.129999995
2026-04-17 06:00:00,26338.59,26352.21,26331.84,26331.84,1882.0,49556522.88
2026-04-17 06:30:00,26331.35,26338.05,26319.81,26329.24,1777.0,46787059.480000004
2026-04-17 07:00:00,26329.39,26359.11,26329.39,26343.14,2191.0,57717819.74
2026-04-17 07:30:00,26343.53,26364.21,26341.47,26362.22,1867.0,49218264.74
2026-04-17 08:00:00,26361.99,26373.21,26349.85,26370.13,1849.0,48758370.370000005
2026-04-17 08:30:00,26370.47,26392.86,26364.2,26391.5,1602.0,42279183.0
2026-04-17 09:00:00,26391.33,26400.09,26379.63,26400.09,1506.0,39758535.54
2026-04-17 09:30:00,26400.16,26413.57,26381.85,26409.5,1810.0,47801195.0
2026-04-17 10:00:00,26409.87,26418.06,26393.8,26396.28,1618.0,42709181.04
2026-04-17 10:30:00,26396.79,26403.48,26378.49,26399.09,1652.0,43611296.68
2026-04-17 11:00:00,26398.81,26420.06,26395.42,26415.95,1755.0,46359992.25
2026-04-17 11:30:00,26416.24,26440.78,26413.37,26438.87,1889.0,49943025.43
2026-04-17 12:00:00,26438.68,26497.27,26434.08,26491.31,3188.0,84454296.28
2026-04-17 12:30:00,26491.73,26617.1,26474.98,26613.56,8002.0,212961707.12
2026-04-17 13:00:00,26614.03,26687.66,26554.69,26562.15,9314.0,247399865.10000002
2026-04-17 13:30:00,26563.55,26608.29,26499.88,26600.23,21234.0,564829283.8199999
2026-04-17 14:00:00,26601.1,26645.71,26588.49,26608.65,9857.0,262281463.05
2026-04-17 14:30:00,26609.16,26725.65,26609.16,26697.15,7447.0,198813676.05
2026-04-17 15:00:00,26697.73,26725.23,26678.22,26711.6,7963.0,212704470.79999998
2026-04-17 15:30:00,26712.14,26746.85,26669.76,26675.16,6934.0,184965559.44
2026-04-17 16:00:00,26675.65,26732.14,26662.58,26726.4,5042.0,134754508.8
2026-04-17 16:30:00,26726.9,26752.6,26724.49,26729.49,3544.0,94729312.56
2026-04-17 17:00:00,26729.43,26747.14,26606.61,26642.14,9446.0,251661654.44
2026-04-17 17:30:00,26642.21,26698.54,26630.63,26678.15,6201.0,165431208.15
2026-04-17 18:00:00,26678.64,26691.63,26625.81,26655.46,6971.0,185815211.66
2026-04-17 18:30:00,26654.9,26683.87,26638.71,26655.04,4585.0,122213358.4
2026-04-17 19:00:00,26655.36,26666.14,26628.21,26648.94,4302.0,114643739.88
2026-04-17 19:30:00,26648.78,26701.06,26648.78,26697.38,5051.0,134848466.38
2026-04-17 20:00:00,26697.98,26714.65,26686.09,26690.12,2217.0,59171996.04
2026-04-17 20:30:00,26690.49,26714.67,26689.16,26712.62,1037.0,27700986.939999998
2026-04-19 22:00:00,26453.96,26535.7,26414.74,26501.85,8639.0,228949482.14999998
2026-04-19 22:30:00,26502.1,26551.11,26497.46,26543.06,2824.0,74957601.44
2026-04-19 23:00:00,26543.3,26559.76,26524.67,26537.37,2528.0,67086471.36
2026-04-19 23:30:00,26537.57,26542.15,26515.26,26536.46,2549.0,67641436.53999999
2026-04-20 00:00:00,26536.89,26539.68,26494.74,26530.7,4790.0,127082053.0
2026-04-20 00:30:00,26530.29,26542.88,26518.39,26535.01,2683.0,71193431.83
2026-04-20 01:00:00,26535.34,26577.4,26531.61,26567.03,2973.0,78983780.19
2026-04-20 01:30:00,26567.0,26592.69,26566.28,26583.77,1962.0,52157356.74
2026-04-20 02:00:00,26583.93,26584.14,26566.29,26575.54,1731.0,46002259.74
2026-04-20 02:30:00,26575.14,26576.89,26563.04,26572.31,1475.0,39194157.25
2026-04-20 03:00:00,26572.63,26578.94,26560.29,26570.38,1436.0,38155065.68
2026-04-20 03:30:00,26570.31,26579.07,26555.58,26557.44,1457.0,38694190.08
2026-04-20 04:00:00,26557.28,26561.15,26543.97,26544.71,1475.0,39153447.25
2026-04-20 04:30:00,26544.93,26559.24,26532.94,26553.53,1632.0,43335360.96
2026-04-20 05:00:00,26553.57,26556.74,26526.0,26526.23,1863.0,49418366.49
2026-04-20 05:30:00,26526.57,26527.45,26490.75,26513.45,2822.0,74820955.9
2026-04-20 06:00:00,26513.69,26538.57,26512.32,26532.88,2855.0,75751372.4
2026-04-20 06:30:00,26533.38,26578.51,26526.33,26565.0,3489.0,92685285.0
2026-04-20 07:00:00,26565.46,26597.67,26560.0,26566.49,4542.0,120664997.58000001
2026-04-20 07:30:00,26566.68,26570.38,26526.8,26546.06,4070.0,108042464.2
2026-04-20 08:00:00,26545.6,26553.47,26496.59,26550.02,3781.0,100385625.62
2026-04-20 08:30:00,26550.41,26584.86,26537.5,26573.32,2705.0,71880830.6
2026-04-20 09:00:00,26573.34,26596.24,26563.04,26575.4,2735.0,72683719.0
2026-04-20 09:30:00,26574.96,26589.23,26570.79,26571.86,2085.0,55402328.1
2026-04-20 10:00:00,26572.16,26607.67,26569.0,26587.51,2487.0,66123137.37
2026-04-20 10:30:00,26587.51,26589.02,26570.59,26577.67,1933.0,51374636.11
2026-04-20 11:00:00,26577.62,26585.59,26557.81,26564.42,2493.0,66225099.059999995
2026-04-20 11:30:00,26564.95,26599.85,26560.36,26586.67,3025.0,80424676.75
2026-04-20 12:00:00,26587.17,26603.55,26579.44,26593.8,3112.0,82759905.6
2026-04-20 12:30:00,26594.38,26651.97,26587.64,26627.69,2932.0,78072387.08
2026-04-20 13:00:00,26628.04,26679.08,26616.75,26673.37,5039.0,134407111.43
2026-04-20 13:30:00,26672.9,26702.6,26593.98,26658.8,20719.0,552343677.1999999
2026-04-20 14:00:00,26659.35,26665.19,26594.73,26606.91,11348.0,301935214.68
2026-04-20 14:30:00,26606.49,26617.27,26489.01,26515.09,13305.0,352783272.45
2026-04-20 15:00:00,26515.03,26585.85,26444.61,26575.41,12472.0,331448513.52
2026-04-20 15:30:00,26574.94,26576.33,26511.05,26534.95,7058.0,187283677.1
2026-04-20 16:00:00,26535.5,26563.93,26516.36,26551.73,5201.0,138095547.73
2026-04-20 16:30:00,26552.16,26575.13,26543.55,26555.94,4266.0,113287640.03999999
2026-04-20 17:00:00,26555.96,26593.2,26537.57,26573.71,4130.0,109749422.3
2026-04-20 17:30:00,26573.29,26603.15,26561.67,26584.06,3847.0,102268878.82000001
2026-04-20 18:00:00,26584.44,26618.93,26574.23,26609.72,3808.0,101329813.76
2026-04-20 18:30:00,26610.14,26624.32,26587.02,26608.74,3127.0,83205529.98
2026-04-20 19:00:00,26608.95,26618.64,26597.27,26604.02,2571.0,68398935.42
2026-04-20 19:30:00,26604.44,26628.4,26586.04,26622.7,3944.0,104999928.8
2026-04-20 20:00:00,26622.23,26628.88,26611.46,26619.63,1663.0,44268444.690000005
2026-04-20 20:30:00,26619.55,26686.06,26606.43,26651.16,3771.0,100501524.36
2026-04-20 22:00:00,26637.55,26695.27,26637.34,26679.38,1980.0,52825172.4
2026-04-20 22:30:00,26679.56,26692.45,26673.7,26689.6,1107.0,29545387.2
2026-04-20 23:00:00,26689.63,26690.85,26673.54,26676.52,998.0,26623166.96
2026-04-20 23:30:00,26676.44,26680.88,26671.04,26674.67,1130.0,30142377.099999998
2026-04-21 00:00:00,26675.07,26697.27,26675.07,26677.01,2226.0,59383024.26
2026-04-21 00:30:00,26677.04,26715.89,26664.98,26704.55,2447.0,65346033.85
2026-04-21 01:00:00,26704.87,26709.13,26692.28,26709.01,1841.0,49171287.41
2026-04-21 01:30:00,26708.99,26715.98,26687.08,26691.75,1768.0,47191014.0
2026-04-21 02:00:00,26691.68,26701.62,26687.79,26700.97,1346.0,35939505.620000005
2026-04-21 02:30:00,26700.88,26701.17,26690.03,26691.1,1198.0,31975937.799999997
2026-04-21 03:00:00,26691.55,26695.52,26670.57,26683.95,1298.0,34635767.1
2026-04-21 03:30:00,26683.92,26692.28,26679.54,26690.93,1036.0,27651803.48
2026-04-21 04:00:00,26691.09,26706.32,26690.54,26703.21,886.0,23659044.06
2026-04-21 04:30:00,26703.13,26709.79,26701.88,26704.29,748.0,19974808.92
2026-04-21 05:00:00,26704.36,26722.44,26700.18,26717.6,1332.0,35587843.199999996
2026-04-21 05:30:00,26717.14,26717.19,26698.21,26705.09,1274.0,34022284.660000004
2026-04-21 06:00:00,26704.82,26735.42,26702.37,26724.35,1829.0,48878836.15
2026-04-21 06:30:00,26724.37,26734.82,26722.05,26725.54,1442.0,38538228.68
2026-04-21 07:00:00,26725.35,26726.19,26692.56,26697.83,2431.0,64902424.730000004
2026-04-21 07:30:00,26698.18,26717.57,26685.39,26692.61,2198.0,58670356.78
2026-04-21 08:00:00,26692.21,26710.65,26676.66,26706.33,2475.0,66098166.75000001
2026-04-21 08:30:00,26706.26,26733.21,26698.61,26716.25,1970.0,52631012.5
2026-04-21 09:00:00,26715.91,26715.91,26685.08,26700.53,1931.0,51558723.43
2026-04-21 09:30:00,26700.92,26725.34,26699.89,26719.73,1826.0,48790226.98
2026-04-21 10:00:00,26719.86,26738.84,26713.99,26725.02,1816.0,48532636.32
2026-04-21 10:30:00,26725.4,26761.14,26724.3,26750.54,1677.0,44860655.58
2026-04-21 11:00:00,26750.64,26762.18,26720.54,26754.19,2781.0,74403402.39
2026-04-21 11:30:00,26754.23,26780.03,26748.26,26750.11,2084.0,55747229.24
2026-04-21 12:00:00,26750.58,26758.95,26707.4,26739.14,2582.0,69040459.48
2026-04-21 12:30:00,26738.93,26751.01,26691.83,26699.78,4327.0,115529948.06
2026-04-21 13:00:00,26700.54,26705.28,26679.73,26688.12,3122.0,83320310.64
2026-04-21 13:30:00,26687.62,26717.2,26606.4,26717.2,17006.0,454352703.2
2026-04-21 14:00:00,26717.72,26763.83,26694.61,26720.48,8533.0,228005855.84
2026-04-21 14:30:00,26720.79,26736.47,26609.73,26616.06,9985.0,265761359.10000002
2026-04-21 15:00:00,26616.65,26664.91,26541.43,26602.39,14197.0,377674130.83
2026-04-21 15:30:00,26601.96,26640.47,26571.39,26610.35,10031.0,266928420.85
2026-04-21 16:00:00,26610.8,26660.63,26581.01,26583.91,7550.0,200708520.5
2026-04-21 16:30:00,26583.33,26625.04,26547.97,26549.51,5973.0,158580223.23
2026-04-21 17:00:00,26549.8,26585.26,26479.77,26513.52,10108.0,267998660.16
2026-04-21 17:30:00,26513.57,26642.12,26511.44,26578.12,9199.0,244492125.88
2026-04-21 18:00:00,26578.55,26609.92,26539.54,26557.72,6593.0,175095047.96
2026-04-21 18:30:00,26558.05,26624.03,26544.34,26602.92,6487.0,172573142.04
2026-04-21 19:00:00,26603.71,26659.1,26598.98,26656.11,6764.0,180301928.04
2026-04-21 19:30:00,26656.72,26665.25,26431.5,26519.04,15165.0,402161241.6
2026-04-21 20:00:00,26519.34,26671.87,26481.01,26616.57,9664.0,257222532.48
2026-04-21 20:30:00,26616.85,26624.59,26585.86,26601.6,2976.0,79166361.6
2026-04-21 22:00:00,26614.62,26641.28,26609.98,26633.07,2608.0,69459046.56
2026-04-21 22:30:00,26632.93,26638.01,26616.53,26622.13,1349.0,35913253.370000005
2026-04-21 23:00:00,26622.12,26634.99,26617.56,26629.46,1206.0,32115128.759999998
2026-04-21 23:30:00,26629.51,26658.25,26621.81,26655.17,1518.0,40462548.059999995
2026-04-22 00:00:00,26654.94,26697.28,26653.22,26684.9,2473.0,65991757.7
2026-04-22 00:30:00,26684.93,26698.78,26672.15,26677.59,1798.0,47966306.82
2026-04-22 01:00:00,26677.3,26693.04,26673.73,26684.21,2011.0,53661946.309999995
2026-04-22 01:30:00,26683.69,26711.71,26682.73,26701.59,2029.0,54177526.11
2026-04-22 02:00:00,26701.64,26713.22,26697.5,26708.77,1543.0,41211632.11
2026-04-22 02:30:00,26708.76,26711.05,26696.79,26697.77,1149.0,30675737.73
2026-04-22 03:00:00,26697.84,26706.47,26684.96,26691.58,1288.0,34378755.04
2026-04-22 03:30:00,26691.83,26704.64,26685.5,26688.1,1340.0,35762054.0
2026-04-22 04:00:00,26688.26,26698.07,26677.38,26678.48,1420.0,37883441.6
2026-04-22 04:30:00,26678.24,26681.58,26654.96,26658.13,1459.0,38894211.67
2026-04-22 05:00:00,26658.09,26737.48,26649.55,26708.51,3225.0,86134944.75
2026-04-22 05:30:00,26708.32,26723.61,26703.29,26713.05,1931.0,51582899.55
2026-04-22 06:00:00,26715.3,26717.03,26684.6,26702.96,1931.0,51563415.76
2026-04-22 06:30:00,26703.32,26726.1,26703.32,26717.74,1864.0,49801867.36
2026-04-22 07:00:00,26717.25,26732.64,26707.52,26731.23,2177.0,58193887.71
2026-04-22 07:30:00,26731.18,26745.31,26721.5,26726.71,2328.0,62219780.879999995
2026-04-22 08:00:00,26726.96,26731.53,26689.9,26692.1,2791.0,74497651.1
2026-04-22 08:30:00,26692.64,26702.54,26661.49,26700.74,2643.0,70570055.82000001
2026-04-22 09:00:00,26700.88,26741.37,26696.72,26738.24,2781.0,74359045.44
2026-04-22 09:30:00,26738.25,26743.98,26689.52,26707.14,2379.0,63536286.059999995
2026-04-22 10:00:00,26707.49,26721.56,26687.87,26714.15,2994.0,79982165.10000001
2026-04-22 10:30:00,26714.08,26730.87,26705.2,26708.13,2032.0,54270920.160000004
2026-04-22 11:00:00,26708.73,26716.04,26693.25,26697.42,2393.0,63886926.059999995
2026-04-22 11:30:00,26697.24,26720.09,26688.39,26715.72,2441.0,65213072.52
2026-04-22 12:00:00,26716.04,26781.64,26716.04,26750.33,3070.0,82123513.10000001
2026-04-22 12:30:00,26749.84,26758.39,26701.14,26702.88,3455.0,92258450.4
2026-04-22 13:00:00,26703.08,26769.13,26700.05,26762.36,4488.0,120109471.68
2026-04-22 13:30:00,26762.84,26773.18,26694.31,26746.01,14778.0,395252535.78
2026-04-22 14:00:00,26746.44,26872.74,26734.48,26872.4,9032.0,242711516.8
2026-04-22 14:30:00,26871.97,26887.4,26826.68,26854.11,8821.0,236880104.31
2026-04-22 15:00:00,26854.07,26889.39,26823.01,26872.35,7259.0,195066388.64999998
2026-04-22 15:30:00,26871.51,26886.88,26845.09,26861.89,5275.0,141696469.75
2026-04-22 16:00:00,26862.24,26884.2,26849.01,26855.99,4216.0,113224853.84
2026-04-22 16:30:00,26855.51,26872.09,26840.47,26848.14,4704.0,126293650.56
2026-04-22 17:00:00,26848.63,26932.24,26847.36,26910.17,4887.0,131510000.78999999
2026-04-22 17:30:00,26910.51,26929.87,26903.42,26912.19,3367.0,90613343.72999999
2026-04-22 18:00:00,26912.01,26923.17,26874.61,26880.83,3460.0,93007671.80000001
2026-04-22 18:30:00,26881.2,26921.72,26879.35,26895.45,2971.0,79906381.95
2026-04-22 19:00:00,26896.0,26938.29,26860.22,26926.41,4947.0,133204950.27
2026-04-22 19:30:00,26926.74,26974.12,26918.85,26960.72,4522.0,121916375.84
2026-04-22 20:00:00,26961.09,27017.55,26951.21,26986.87,4519.0,121953665.53
2026-04-22 20:30:00,26987.34,26994.18,26958.16,26988.25,2155.0,58159678.75
2026-04-22 22:00:00,26953.43,26982.06,26950.95,26967.11,2010.0,54203891.1
2026-04-22 22:30:00,26966.97,26975.08,26962.22,26972.08,1220.0,32905937.6
2026-04-22 23:00:00,26972.56,26983.97,26966.78,26978.95,954.0,25737918.3
2026-04-22 23:30:00,26978.86,26983.24,26972.33,26980.99,1119.0,30191727.810000002
2026-04-23 00:00:00,26980.6,26983.27,26734.83,26937.77,10489.0,282550269.53000003
2026-04-23 00:30:00,26936.97,26959.56,26922.97,26944.68,4545.0,122463570.6
2026-04-23 01:00:00,26943.95,26947.27,26899.33,26902.58,3224.0,86733917.92
2026-04-23 01:30:00,26903.03,26918.22,26878.55,26885.01,3157.0,84875976.57
2026-04-23 02:00:00,26885.35,26885.76,26835.03,26851.78,3518.0,94464562.03999999
2026-04-23 02:30:00,26852.18,26865.69,26830.73,26836.97,3321.0,89125577.37
2026-04-23 03:00:00,26837.25,26845.88,26780.94,26782.53,3336.0,89346520.08
2026-04-23 03:30:00,26782.19,26796.22,26751.17,26793.1,3472.0,93025643.19999999
2026-04-23 04:00:00,26793.2,26822.03,26778.85,26817.61,2497.0,66963572.17
2026-04-23 04:30:00,26817.13,26842.9,26815.66,26840.83,1912.0,51319666.96
2026-04-23 05:00:00,26840.95,26851.77,26824.74,26836.9,2189.0,58745974.1
2026-04-23 05:30:00,26837.39,26867.42,26825.0,26861.88,2749.0,73843308.12
2026-04-23 06:00:00,26862.31,26885.05,26858.16,26879.42,2466.0,66284649.72
2026-04-23 06:30:00,26878.96,26884.48,26861.79,26870.18,2118.0,56911041.24
2026-04-23 07:00:00,26870.52,26878.33,26853.39,26866.29,2919.0,78422700.51
2026-04-23 07:30:00,26866.19,26891.8,26848.98,26873.52,3088.0,82985429.76
2026-04-23 08:00:00,26873.87,26878.93,26832.92,26853.53,3271.0,87837896.63
2026-04-23 08:30:00,26854.21,26854.21,26794.64,26803.96,2944.0,78910858.24
2026-04-23 09:00:00,26803.3,26827.93,26766.53,26818.22,3493.0,93676042.46000001
2026-04-23 09:30:00,26818.61,26837.78,26816.83,26818.51,2499.0,67019456.489999995
2026-04-23 10:00:00,26818.39,26828.97,26792.99,26817.82,2815.0,75492163.3
2026-04-23 10:30:00,26817.69,26860.82,26813.73,26855.63,2897.0,77800760.11
2026-04-23 11:00:00,26856.33,26870.76,26832.38,26843.77,2784.0,74733055.68
2026-04-23 11:30:00,26843.86,26924.93,26818.69,26908.37,4246.0,114252939.02
2026-04-23 12:00:00,26907.51,26955.38,26897.45,26909.67,3706.0,99727237.02
2026-04-23 12:30:00,26909.09,26925.27,26837.12,26885.81,4864.0,130772579.84
2026-04-23 13:00:00,26885.38,26904.61,26853.17,26889.95,3468.0,93254346.60000001
2026-04-23 13:30:00,26890.39,26977.42,26841.15,26892.15,15347.0,412713826.05
2026-04-23 14:00:00,26891.98,26905.92,26845.86,26890.77,11304.0,303973264.08
2026-04-23 14:30:00,26891.23,26981.59,26880.67,26969.5,7213.0,194531003.5
2026-04-23 15:00:00,26969.73,27025.07,26969.73,27007.03,5166.0,139518316.98
2026-04-23 15:30:00,27007.4,27031.1,26937.12,26968.57,6646.0,179233116.22
2026-04-23 16:00:00,26968.73,26979.79,26914.88,26964.28,5667.0,152806574.76
2026-04-23 16:30:00,26964.34,26993.34,26950.39,26963.34,4184.0,112814614.56
2026-04-23 17:00:00,26963.78,26974.0,26736.03,26746.52,17861.0,477719593.72
2026-04-23 17:30:00,26746.96,26825.71,26557.73,26755.38,21867.0,585059894.46
2026-04-23 18:00:00,26755.31,26822.18,26736.51,26814.26,11842.0,317534466.91999996
2026-04-23 18:30:00,26813.88,26857.78,26718.79,26738.08,7119.0,190348391.52
2026-04-23 19:00:00,26737.61,26801.82,26718.98,26790.82,6970.0,186732015.4
2026-04-23 19:30:00,26791.15,26820.13,26719.12,26800.78,8639.0,231531938.42
2026-04-23 20:00:00,26801.46,26865.58,26785.83,26837.26,5442.0,146048368.92
2026-04-23 20:30:00,26837.18,26846.22,26810.66,26819.79,2347.0,62946047.13
2026-04-23 22:00:00,26895.8,26925.79,26883.69,26912.09,2740.0,73739126.6
2026-04-23 22:30:00,26912.15,26930.89,26902.95,26922.48,1722.0,46360510.56
2026-04-23 23:00:00,26922.09,26931.69,26914.16,26930.02,1394.0,37540447.88
2026-04-23 23:30:00,26930.45,26960.66,26930.45,26960.66,1623.0,43757151.18
2026-04-24 00:00:00,26961.3,27006.51,26951.46,27005.2,2794.0,75452528.8
2026-04-24 00:30:00,27005.55,27015.78,26986.76,26998.69,2328.0,62852950.32
2026-04-24 01:00:00,26999.2,27007.21,26990.18,27002.08,2374.0,64102937.92
2026-04-24 01:30:00,27002.42,27005.41,26979.69,26998.35,2587.0,69844731.45
2026-04-24 02:00:00,26998.11,27000.04,26952.57,26957.29,2512.0,67716712.48
2026-04-24 02:30:00,26957.09,26972.66,26939.1,26950.36,2296.0,61878026.56
2026-04-24 03:00:00,26949.9,26957.51,26914.22,26915.6,2276.0,61259905.599999994
2026-04-24 03:30:00,26916.43,26928.11,26903.19,26911.4,2317.0,62353713.800000004
2026-04-24 04:00:00,26911.02,26925.69,26896.65,26902.96,2291.0,61634681.36
2026-04-24 04:30:00,26903.45,26936.31,26903.43,26933.47,1938.0,52197064.86
2026-04-24 05:00:00,26933.48,26945.31,26911.12,26938.41,2306.0,62119973.46
2026-04-24 05:30:00,26938.53,26965.61,26938.53,26965.25,1589.0,42847782.25
2026-04-24 06:00:00,26965.56,26978.38,26950.28,26951.87,2086.0,56221600.82
2026-04-24 06:30:00,26952.26,26968.29,26946.68,26954.35,2053.0,55337280.55
2026-04-24 07:00:00,26952.63,26993.72,26950.26,26988.4,2496.0,67363046.4
2026-04-24 07:30:00,26987.75,26989.9,26959.93,26987.61,2308.0,62287403.88
2026-04-24 08:00:00,26987.83,27031.03,26951.79,26989.2,4120.0,111195504.0
2026-04-24 08:30:00,26989.0,26990.41,26960.57,26973.44,2893.0,78034161.92
2026-04-24 09:00:00,26973.66,26985.25,26942.89,26973.67,3255.0,87799295.85
2026-04-24 09:30:00,26973.89,26998.6,26967.93,26987.95,2455.0,66255417.25
2026-04-24 10:00:00,26988.16,27066.07,26986.72,27061.89,2585.0,69954985.64999999
2026-04-24 10:30:00,27061.95,27071.33,27048.75,27051.26,2243.0,60675976.18
2026-04-24 11:00:00,27050.93,27229.83,27049.64,27228.56,9235.0,251455751.60000002
2026-04-24 11:30:00,27229.08,27241.95,27145.7,27154.62,4563.0,123906531.06
2026-04-24 12:00:00,27154.75,27191.43,27144.09,27170.94,4540.0,123356067.6
2026-04-24 12:30:00,27171.74,27173.7,27082.27,27116.82,4762.0,129130296.84
2026-04-24 13:00:00,27117.12,27145.25,27086.44,27090.03,4004.0,108468480.11999999
2026-04-24 13:30:00,27089.58,27138.69,27009.64,27073.82,21551.0,583467894.82
2026-04-24 14:00:00,27072.39,27145.82,27038.39,27079.84,15735.0,426101282.4
2026-04-24 14:30:00,27079.36,27175.89,27047.18,27168.92,11744.0,319071796.47999996
2026-04-24 15:00:00,27169.31,27211.08,27166.14,27204.51,7091.0,192907180.41
2026-04-24 15:30:00,27204.89,27295.16,27187.18,27275.55,10510.0,286666030.5
2026-04-24 16:00:00,27275.18,27287.78,27239.21,27278.11,5705.0,155621617.55
2026-04-24 16:30:00,27278.53,27309.0,27257.58,27289.18,4796.0,130878907.28
2026-04-24 17:00:00,27288.68,27301.9,27246.47,27262.84,4482.0,122192048.88
2026-04-24 17:30:00,27262.61,27340.43,27252.03,27311.53,4510.0,123175000.3
2026-04-24 18:00:00,27311.42,27321.78,27263.19,27266.48,4039.0,110129312.72
2026-04-24 18:30:00,27266.8,27300.51,27264.07,27287.19,3431.0,93622348.89
2026-04-24 19:00:00,27287.52,27333.06,27287.52,27302.18,3470.0,94738564.6
2026-04-24 19:30:00,27301.93,27325.23,27283.43,27313.3,4902.0,133889796.6
2026-04-24 20:00:00,27313.78,27318.76,27288.35,27298.59,2222.0,60657466.98
2026-04-24 20:30:00,27298.36,27322.26,27298.36,27319.3,1108.0,30269784.4
2026-04-26 22:00:00,27284.05,27303.41,27228.6,27258.34,3928.0,107070759.52
2026-04-26 22:30:00,27258.16,27282.77,27248.46,27280.34,1732.0,47249548.88
2026-04-26 23:00:00,27280.23,27281.98,27261.26,27267.51,1558.0,42482780.58
2026-04-26 23:30:00,27267.35,27273.45,27252.49,27268.54,1774.0,48374389.96
2026-04-27 00:00:00,27269.05,27304.37,27263.63,27301.77,3113.0,84990410.01
2026-04-27 00:30:00,27302.05,27352.5,27290.17,27338.56,2326.0,63589490.56
2026-04-27 01:00:00,27339.14,27383.53,27339.14,27378.02,3899.0,106746899.98
2026-04-27 01:30:00,27378.35,27423.16,27374.55,27422.03,2617.0,71763452.50999999
2026-04-27 02:00:00,27421.67,27426.08,27396.54,27406.01,2199.0,60265815.989999995
2026-04-27 02:30:00,27405.52,27416.68,27399.58,27403.61,1671.0,45791432.31
2026-04-27 03:00:00,27403.21,27418.71,27398.16,27411.76,1864.0,51095520.64
2026-04-27 03:30:00,27412.09,27416.44,27404.64,27409.3,1491.0,40867266.3
2026-04-27 04:00:00,27409.3,27415.28,27392.8,27413.5,1516.0,41558866.0
2026-04-27 04:30:00,27413.52,27423.65,27397.13,27402.18,1486.0,40719639.48
2026-04-27 05:00:00,27402.27,27403.9,27342.76,27343.13,2478.0,67756276.14
2026-04-27 05:30:00,27343.12,27350.2,27328.24,27333.82,2516.0,68771891.12
2026-04-27 06:00:00,27333.63,27339.12,27312.31,27334.73,2701.0,73831105.73
2026-04-27 06:30:00,27334.5,27335.41,27306.77,27318.54,2598.0,70973566.92
2026-04-27 07:00:00,27318.18,27327.89,27292.5,27302.64,3140.0,85730289.6
2026-04-27 07:30:00,27302.74,27318.73,27291.72,27310.11,2394.0,65380403.34
2026-04-27 08:00:00,27309.91,27318.38,27273.0,27298.32,3360.0,91722355.2
2026-04-27 08:30:00,27298.3,27328.67,27297.03,27324.53,2041.0,55769365.73
2026-04-27 09:00:00,27324.62,27338.95,27320.81,27335.61,1711.0,46771228.71
2026-04-27 09:30:00,27335.39,27350.02,27331.65,27339.37,1469.0,40161534.53
2026-04-27 10:00:00,27339.6,27349.17,27325.03,27337.73,1729.0,47266935.17
2026-04-27 10:30:00,27337.9,27367.3,27336.17,27359.72,1907.0,52174986.04
2026-04-27 11:00:00,27359.42,27382.41,27359.42,27376.87,2040.0,55848814.8
2026-04-27 11:30:00,27377.11,27384.36,27362.66,27366.21,1902.0,52050531.42
2026-04-27 12:00:00,27366.33,27367.61,27283.32,27303.67,2937.0,80190878.78999999
2026-04-27 12:30:00,27303.22,27321.24,27274.73,27303.85,3634.0,99222190.89999999
2026-04-27 13:00:00,27304.21,27316.96,27269.2,27295.8,5064.0,138225931.2
2026-04-27 13:30:00,27295.3,27313.2,27182.73,27286.82,22193.0,605576396.26
2026-04-27 14:00:00,27287.38,27294.33,27234.43,27244.77,13853.0,377421798.81
2026-04-27 14:30:00,27245.11,27289.2,27207.23,27253.34,10395.0,283298469.3
2026-04-27 15:00:00,27254.34,27263.62,27192.25,27229.46,8909.0,242587259.14
2026-04-27 15:30:00,27229.99,27267.6,27220.38,27252.29,5655.0,154111699.95000002
2026-04-27 16:00:00,27251.98,27274.11,27232.99,27261.12,4046.0,110298491.52
2026-04-27 16:30:00,27261.36,27291.37,27261.36,27275.35,3647.0,99473201.44999999
2026-04-27 17:00:00,27275.51,27305.01,27265.49,27296.23,3999.0,109157623.77
2026-04-27 17:30:00,27296.59,27324.23,27295.52,27313.61,3372.0,92101492.92
2026-04-27 18:00:00,27313.35,27321.6,27302.88,27313.41,2898.0,79154262.17999999
2026-04-27 18:30:00,27313.12,27319.24,27276.54,27285.11,2928.0,79890802.08
2026-04-27 19:00:00,27284.67,27313.48,27275.69,27308.25,2970.0,81105502.5
2026-04-27 19:30:00,27307.92,27336.37,27296.69,27329.12,3764.0,102866807.67999999
2026-04-27 20:00:00,27329.61,27330.2,27296.11,27309.69,1832.0,50031352.08
2026-04-27 20:30:00,27309.62,27324.37,27302.06,27303.58,1153.0,31481027.740000002
2026-04-27 22:00:00,27309.99,27387.89,27308.85,27379.62,3350.0,91721727.0
2026-04-27 22:30:00,27379.65,27385.75,27367.87,27371.91,1463.0,40045104.33
2026-04-27 23:00:00,27372.0,27381.08,27362.37,27377.29,1268.0,34714403.72
2026-04-27 23:30:00,27377.12,27390.32,27372.31,27376.34,1422.0,38929155.48
2026-04-28 00:00:00,27376.53,27398.98,27338.29,27351.85,3298.0,90206401.3
2026-04-28 00:30:00,27352.44,27368.41,27343.73,27355.25,2307.0,63108561.75
2026-04-28 01:00:00,27355.82,27360.56,27337.87,27357.51,2571.0,70336158.21
2026-04-28 01:30:00,27357.78,27371.62,27305.63,27308.62,3054.0,83400525.48
2026-04-28 02:00:00,27309.11,27323.91,27299.37,27317.19,2331.0,63676369.89
2026-04-28 02:30:00,27316.93,27316.93,27273.96,27282.21,2203.0,60102708.629999995
2026-04-28 03:00:00,27282.19,27309.31,27276.54,27307.26,1968.0,53740687.68
2026-04-28 03:30:00,27307.58,27315.73,27293.85,27297.37,1768.0,48261750.16
2026-04-28 04:00:00,27297.72,27317.55,27292.45,27314.63,1649.0,45041824.870000005
2026-04-28 04:30:00,27314.51,27326.36,27303.28,27304.65,1389.0,37926158.85
2026-04-28 05:00:00,27304.88,27310.25,27262.29,27279.73,2478.0,67599170.94
2026-04-28 05:30:00,27279.83,27279.83,27237.74,27251.17,2830.0,77120811.1
2026-04-28 06:00:00,27250.9,27265.02,27242.16,27255.97,2687.0,73236791.39
2026-04-28 06:30:00,27256.32,27261.83,27210.03,27224.45,2679.0,72934301.55
2026-04-28 07:00:00,27223.64,27235.56,27208.27,27215.64,3623.0,98602263.72
2026-04-28 07:30:00,27215.96,27240.86,27210.56,27225.83,3124.0,85053492.92
2026-04-28 08:00:00,27226.11,27244.99,27190.99,27244.99,3890.0,105983011.10000001
2026-04-28 08:30:00,27245.35,27247.19,27223.87,27240.41,2478.0,67501735.98
2026-04-28 09:00:00,27240.5,27243.04,27196.46,27202.1,2922.0,79484536.2
2026-04-28 09:30:00,27202.33,27204.61,27144.58,27172.29,3504.0,95211704.16
2026-04-28 10:00:00,27172.67,27188.38,27140.07,27157.17,3254.0,88369431.17999999
2026-04-28 10:30:00,27157.69,27166.94,27126.75,27149.56,3136.0,85141020.16000001
2026-04-28 11:00:00,27149.22,27157.18,27027.23,27042.43,5228.0,141377824.04
2026-04-28 11:30:00,27041.98,27043.68,26969.44,26983.04,6832.0,184348129.28
2026-04-28 12:00:00,26983.36,27009.69,26934.13,26942.08,8764.0,236120389.12
2026-04-28 12:30:00,26942.56,27041.29,26924.97,27036.77,5472.0,147945205.44
2026-04-28 13:00:00,27037.22,27071.15,27002.81,27050.15,5419.0,146584762.85
2026-04-28 13:30:00,27049.64,27138.33,26957.88,27090.75,22388.0,606507711.0
2026-04-28 14:00:00,27089.13,27120.83,27035.71,27055.34,14655.0,396496007.7
2026-04-28 14:30:00,27055.81,27068.14,26899.44,26979.04,18742.0,505641167.68
2026-04-28 15:00:00,26978.71,27006.73,26919.0,26933.49,13450.0,362255440.5
2026-04-28 15:30:00,26932.89,26945.38,26897.0,26940.52,9533.0,256823977.16
2026-04-28 16:00:00,26940.05,26973.56,26927.68,26955.74,6581.0,177395724.94
2026-04-28 16:30:00,26956.04,26980.58,26914.03,26968.99,6634.0,178912279.66
2026-04-28 17:00:00,26969.34,26983.18,26933.27,26968.36,5424.0,146276384.64000002
2026-04-28 17:30:00,26967.91,27027.97,26967.91,27025.48,4257.0,115047468.36
2026-04-28 18:00:00,27025.99,27065.79,27005.27,27058.5,4492.0,121546782.0
2026-04-28 18:30:00,27058.75,27077.65,27034.31,27077.65,3493.0,94582231.45
2026-04-28 19:00:00,27077.58,27107.1,27056.92,27069.46,4136.0,111959286.56
2026-04-28 19:30:00,27069.74,27074.49,27040.41,27055.73,5332.0,144261152.35999998
2026-04-28 20:00:00,27056.13,27093.12,27033.85,27086.66,2958.0,80122340.28
2026-04-28 20:30:00,27086.95,27087.55,27072.0,27077.31,1470.0,39803645.7
2026-04-28 22:00:00,27091.17,27121.23,27091.17,27103.3,1981.0,53691637.3
2026-04-28 22:30:00,27103.55,27115.47,27103.55,27112.32,1092.0,29606653.44
2026-04-28 23:00:00,27112.5,27115.49,27102.62,27112.54,919.0,24916424.26
2026-04-28 23:30:00,27112.72,27136.5,27112.55,27135.12,1199.0,32535008.88
2026-04-29 00:00:00,27135.59,27177.5,27135.59,27177.5,2027.0,55088792.5
2026-04-29 00:30:00,27177.85,27182.27,27150.98,27152.59,1669.0,45317672.71
2026-04-29 01:00:00,27153.06,27154.05,27080.81,27116.84,4267.0,115707556.28
2026-04-29 01:30:00,27116.95,27158.39,27112.47,27135.59,2778.0,75382669.02
2026-04-29 02:00:00,27136.02,27170.26,27132.09,27154.31,2306.0,62617838.86
2026-04-29 02:30:00,27154.31,27159.75,27136.92,27156.69,1794.0,48719101.86
2026-04-29 03:00:00,27156.75,27181.81,27155.21,27176.06,1624.0,44133921.440000005
2026-04-29 03:30:00,27176.46,27178.07,27165.8,27172.68,1255.0,34101713.4
2026-04-29 04:00:00,27172.47,27186.02,27172.47,27182.95,1150.0,31260392.5
2026-04-29 04:30:00,27182.72,27200.89,27182.57,27186.87,1361.0,37001330.07
2026-04-29 05:00:00,27187.17,27191.13,27166.08,27183.16,1684.0,45776441.44
2026-04-29 05:30:00,27183.53,27198.79,27177.71,27185.98,1574.0,42790732.519999996
2026-04-29 06:00:00,27185.3,27206.11,27170.79,27171.86,2100.0,57060906.0
2026-04-29 06:30:00,27171.48,27187.72,27149.97,27154.14,2192.0,59521874.879999995
2026-04-29 07:00:00,27154.5,27177.18,27135.72,27151.74,2980.0,80912185.2
2026-04-29 07:30:00,27152.11,27160.97,27099.28,27126.99,3456.0,93750877.44000001
2026-04-29 08:00:00,27127.96,27150.53,27087.74,27134.4,4288.0,116352307.2
2026-04-29 08:30:00,27134.9,27137.36,27094.62,27130.03,3529.0,95741875.86999999
2026-04-29 09:00:00,27130.05,27158.65,27118.43,27139.05,2983.0,80955786.14999999
2026-04-29 09:30:00,27138.46,27154.35,27111.04,27117.4,2997.0,81270847.8
2026-04-29 10:00:00,27117.04,27176.38,27101.01,27170.26,2838.0,77109197.88
2026-04-29 10:30:00,27170.55,27176.84,27143.31,27152.27,2487.0,67527695.49
2026-04-29 11:00:00,27152.79,27168.09,27143.79,27149.6,2982.0,80960107.2
2026-04-29 11:30:00,27149.09,27173.77,27124.21,27139.82,3036.0,82396493.52
2026-04-29 12:00:00,27139.38,27141.16,27108.8,27120.38,3029.0,82147631.02
2026-04-29 12:30:00,27120.17,27136.37,27081.21,27114.29,3633.0,98506215.57000001
2026-04-29 13:00:00,27114.11,27138.63,27087.87,27096.71,3885.0,105270718.35
2026-04-29 13:30:00,27095.93,27124.1,27013.49,27109.73,18259.0,494996560.07
2026-04-29 14:00:00,27109.26,27165.62,27067.92,27157.25,9923.0,269481391.75
2026-04-29 14:30:00,27157.7,27204.08,27137.48,27191.49,6633.0,180361153.17000002
2026-04-29 15:00:00,27191.74,27198.07,27108.87,27164.13,6490.0,176295203.70000002
2026-04-29 15:30:00,27163.75,27186.61,27088.33,27129.07,8572.0,232550388.04
2026-04-29 16:00:00,27128.73,27161.83,27089.49,27091.5,5724.0,155071746.0
2026-04-29 16:30:00,27091.22,27110.49,27042.99,27088.14,6430.0,174176740.2
2026-04-29 17:00:00,27088.58,27116.71,27059.29,27102.86,5177.0,140311506.22
2026-04-29 17:30:00,27102.5,27142.17,27094.78,27137.7,4160.0,112892832.0
2026-04-29 18:00:00,27138.52,27144.09,27046.82,27097.75,7608.0,206159682.0
2026-04-29 18:30:00,27097.47,27189.38,27062.66,27183.54,9149.0,248702207.46
2026-04-29 19:00:00,27183.04,27225.65,27152.35,27198.99,6419.0,174590316.81
2026-04-29 19:30:00,27198.5,27224.66,27150.48,27222.47,6359.0,173107686.73000002
2026-04-29 20:00:00,27222.85,27299.01,26983.52,27170.26,21980.0,597202314.8
2026-04-29 20:30:00,27170.01,27186.08,27037.09,27037.16,8432.0,227977333.12
2026-04-29 22:00:00,27112.7,27389.79,27100.92,27358.75,7457.0,204014198.75
2026-04-29 22:30:00,27358.69,27389.5,27342.77,27362.33,3109.0,85069483.97
2026-04-29 23:00:00,27361.81,27374.38,27343.02,27361.4,2355.0,64436097.0
2026-04-29 23:30:00,27361.44,27446.09,27361.06,27441.17,3168.0,86933626.55999999
2026-04-30 00:00:00,27441.52,27483.26,27441.52,27466.78,4474.0,122886373.72
2026-04-30 00:30:00,27467.25,27512.97,27467.25,27486.25,3143.0,86389283.75
2026-04-30 01:00:00,27486.07,27491.89,27455.79,27471.53,2813.0,77277413.89
2026-04-30 01:30:00,27471.78,27487.68,27447.32,27471.42,3165.0,86947044.3
2026-04-30 02:00:00,27471.12,27478.64,27404.33,27408.51,2424.0,66438228.239999995
2026-04-30 02:30:00,27408.01,27408.01,27277.8,27317.98,9693.0,264793180.14
2026-04-30 03:00:00,27317.49,27343.87,27293.84,27313.96,4045.0,110484968.2
2026-04-30 03:30:00,27314.18,27331.1,27297.07,27300.43,3338.0,91128835.34
2026-04-30 04:00:00,27300.92,27301.43,27169.73,27188.51,5645.0,153479138.95
2026-04-30 04:30:00,27188.22,27190.09,27122.47,27124.48,5438.0,147502922.24
2026-04-30 05:00:00,27124.04,27199.13,27124.04,27143.12,4993.0,135525598.16
2026-04-30 05:30:00,27143.52,27187.57,27113.11,27114.77,4137.0,112173803.49
2026-04-30 06:00:00,27114.27,27130.39,27076.6,27124.1,5619.0,152410317.9
2026-04-30 06:30:00,27124.6,27197.61,27124.6,27174.33,5052.0,137284715.16
2026-04-30 07:00:00,27174.06,27254.84,27160.92,27253.63,5758.0,156926401.54
2026-04-30 07:30:00,27253.08,27268.3,27226.38,27242.62,4319.0,117660875.78
2026-04-30 08:00:00,27242.42,27272.83,27215.76,27252.65,5498.0,149835069.70000002
2026-04-30 08:30:00,27253.09,27286.83,27250.54,27251.11,4218.0,114945181.98
2026-04-30 09:00:00,27250.87,27285.49,27222.05,27284.31,4656.0,127035747.36
2026-04-30 09:30:00,27283.48,27333.12,27248.11,27259.13,5285.0,144064502.05
2026-04-30 10:00:00,27258.72,27313.48,27258.72,27308.41,3954.0,107977453.14
2026-04-30 10:30:00,27308.76,27323.46,27247.71,27265.7,5512.0,150288538.4
2026-04-30 11:00:00,27266.79,27381.4,27262.49,27378.91,4842.0,132568682.22
2026-04-30 11:30:00,27379.3,27384.59,27325.4,27330.85,3945.0,107820203.25
2026-04-30 12:00:00,27330.8,27430.66,27329.26,27430.66,4185.0,114797312.1
2026-04-30 12:30:00,27430.87,27439.85,27364.17,27414.73,5166.0,141624495.18
2026-04-30 13:00:00,27415.18,27430.72,27383.29,27386.21,4313.0,118116723.72999999
2026-04-30 13:30:00,27385.78,27385.78,27095.7,27136.98,30487.0,827325109.26
2026-04-30 14:00:00,27137.37,27193.6,27054.47,27119.35,21677.0,587866149.9499999
2026-04-30 14:30:00,27119.04,27266.59,27062.53,27250.91,16588.0,452038095.08
2026-04-30 15:00:00,27250.48,27307.29,27248.44,27295.84,11263.0,307433045.92
2026-04-30 15:30:00,27295.36,27325.25,27222.73,27278.99,8886.0,242401105.14000002
2026-04-30 16:00:00,27279.36,27325.36,27249.32,27305.94,5900.0,161105046.0
2026-04-30 16:30:00,27306.31,27314.87,27239.49,27261.49,5559.0,151546622.91
2026-04-30 17:00:00,27261.4,27353.64,27260.47,27352.74,5406.0,147868912.44
2026-04-30 17:30:00,27353.1,27438.36,27352.73,27434.16,4967.0,136265472.72
2026-04-30 18:00:00,27433.98,27477.3,27432.99,27453.37,4922.0,135125487.14
2026-04-30 18:30:00,27453.65,27482.38,27439.73,27442.33,3938.0,108067895.54
2026-04-30 19:00:00,27441.91,27497.61,27433.53,27482.65,4379.0,120346524.35000001
2026-04-30 19:30:00,27482.99,27511.88,27463.28,27469.22,5963.0,163798958.86
2026-04-30 20:00:00,27469.6,27505.34,27456.45,27496.17,5239.0,144052434.63
2026-04-30 20:30:00,27490.0,27507.49,27467.19,27488.61,4067.0,111796176.87
2026-04-30 22:00:00,27526.72,27539.35,27497.9,27510.37,2899.0,79752562.63
2026-04-30 22:30:00,27510.64,27512.98,27449.71,27472.08,2255.0,61949540.400000006
2026-04-30 23:00:00,27472.05,27498.63,27469.7,27496.7,1987.0,54635942.9
2026-04-30 23:30:00,27497.24,27515.39,27483.9,27486.52,2128.0,58491314.56
2026-05-01 00:00:00,27486.96,27526.41,27484.66,27521.79,3482.0,95830872.78
2026-05-01 00:30:00,27521.44,27533.95,27514.94,27518.06,2131.0,58640985.86
2026-05-01 01:00:00,27517.67,27542.63,27506.03,27538.94,2193.0,60392895.419999994
2026-05-01 01:30:00,27539.11,27550.5,27534.55,27542.52,1709.0,47070166.68
2026-05-01 02:00:00,27542.28,27544.77,27528.3,27530.25,1411.0,38845182.75
2026-05-01 02:30:00,27530.48,27537.55,27517.51,27535.0,1479.0,40724265.0
2026-05-01 03:00:00,27535.01,27551.94,27529.53,27549.79,1328.0,36586121.120000005
2026-05-01 03:30:00,27550.23,27565.79,27527.94,27535.29,1685.0,46396963.65
2026-05-01 04:00:00,27535.23,27536.21,27515.55,27522.39,1653.0,45494510.67
2026-05-01 04:30:00,27522.36,27526.14,27513.73,27520.77,1267.0,34868815.59
2026-05-01 05:00:00,27520.77,27532.39,27512.33,27528.88,1638.0,45092305.440000005
2026-05-01 05:30:00,27529.0,27529.48,27505.68,27509.31,1557.0,42831995.67
2026-05-01 06:00:00,27509.35,27520.65,27501.99,27502.84,1868.0,51375305.12
2026-05-01 06:30:00,27503.34,27505.71,27484.25,27488.54,1990.0,54702194.6
2026-05-01 07:00:00,27488.59,27517.48,27487.89,27497.85,2179.0,59917815.15
2026-05-01 07:30:00,27497.4,27498.66,27465.27,27472.29,2030.0,55768748.7
2026-05-01 08:00:00,27473.12,27490.07,27468.52,27475.49,2342.0,64347597.580000006
2026-05-01 08:30:00,27475.43,27475.43,27447.58,27459.38,1833.0,50333043.54
2026-05-01 09:00:00,27459.05,27461.28,27438.04,27455.52,1904.0,52275310.08
2026-05-01 09:30:00,27454.97,27468.76,27448.99,27463.0,1686.0,46302618.0
2026-05-01 10:00:00,27462.55,27473.15,27451.04,27457.16,1677.0,46045657.32
2026-05-01 10:30:00,27457.64,27463.6,27429.34,27462.39,1996.0,54814930.44
2026-05-01 11:00:00,27463.21,27466.84,27433.22,27439.78,2502.0,68654329.56
2026-05-01 11:30:00,27439.58,27457.09,27430.87,27456.4,2201.0,60431536.400000006
2026-05-01 12:00:00,27456.61,27517.85,27440.22,27505.89,4217.0,115992338.13
2026-05-01 12:30:00,27505.46,27507.3,27458.62,27469.45,3167.0,86995748.15
2026-05-01 13:00:00,27469.47,27530.19,27468.1,27525.67,3120.0,85880090.39999999
2026-05-01 13:30:00,27525.3,27765.28,27510.84,27763.96,20587.0,571576644.52
2026-05-01 14:00:00,27763.47,27798.16,27743.83,27762.67,11945.0,331625093.15
2026-05-01 14:30:00,27763.17,27764.14,27643.37,27706.3,13301.0,368521496.3
2026-05-01 15:00:00,27706.67,27761.37,27661.99,27754.64,9669.0,268359614.16
2026-05-01 15:30:00,27755.14,27808.2,27730.5,27782.46,6901.0,191726756.46
2026-05-01 16:00:00,27782.09,27792.7,27710.02,27724.57,7190.0,199339658.3
2026-05-01 16:30:00,27724.06,27747.18,27697.79,27723.1,6082.0,168611894.2
2026-05-01 17:00:00,27722.78,27779.32,27720.29,27777.67,3872.0,107555138.24
2026-05-01 17:30:00,27776.96,27787.92,27756.32,27775.23,3599.0,99963052.77
2026-05-01 18:00:00,27774.82,27781.9,27727.32,27759.32,4349.0,120725282.67999999
2026-05-01 18:30:00,27759.84,27760.91,27686.79,27713.34,4589.0,127176517.26
2026-05-01 19:00:00,27713.67,27791.18,27710.13,27787.46,3511.0,97561772.06
2026-05-01 19:30:00,27787.88,27791.92,27715.13,27728.22,4815.0,133511379.30000001
2026-05-01 20:00:00,27728.72,27729.09,27679.35,27690.92,2972.0,82297414.24
2026-05-01 20:30:00,27691.01,27692.27,27673.93,27678.42,1765.0,48852411.3
2026-05-03 22:00:00,27792.38,27825.55,27738.93,27745.37,4982.0,138227433.34
2026-05-03 22:30:00,27745.39,27775.87,27736.97,27751.07,2394.0,66436061.58
2026-05-03 23:00:00,27751.09,27756.89,27715.91,27721.92,2026.0,56164609.919999994
2026-05-03 23:30:00,27721.75,27735.33,27716.5,27724.72,2217.0,61465704.24
2026-05-04 00:00:00,27724.54,27766.59,27701.69,27736.52,4255.0,118018892.60000001
2026-05-04 00:30:00,27737.1,27797.5,27733.73,27793.35,2832.0,78710767.2
2026-05-04 01:00:00,27793.16,27798.56,27759.16,27776.46,3105.0,86245908.3
2026-05-04 01:30:00,27776.23,27821.67,27772.65,27819.97,2501.0,69577744.97
2026-05-04 02:00:00,27819.96,27823.4,27782.47,27785.91,2839.0,78884198.49
2026-05-04 02:30:00,27786.01,27843.55,27784.86,27829.74,2178.0,60613173.720000006
2026-05-04 03:00:00,27829.88,27845.14,27826.17,27828.92,1744.0,48533636.48
2026-05-04 03:30:00,27828.73,27838.63,27819.22,27831.73,2082.0,57945661.86
2026-05-04 04:00:00,27831.64,27851.47,27827.95,27849.13,1723.0,47984050.99
2026-05-04 04:30:00,27849.12,27852.91,27836.75,27838.84,1479.0,41173644.36
2026-05-04 05:00:00,27838.79,27866.02,27832.55,27837.28,2117.0,58931521.76
2026-05-04 05:30:00,27837.59,27852.8,27832.37,27835.27,1823.0,50743697.21
2026-05-04 06:00:00,27835.43,27840.8,27794.56,27810.14,2800.0,77868392.0
2026-05-04 06:30:00,27810.56,27818.49,27773.07,27796.12,2973.0,82637864.75999999
2026-05-04 07:00:00,27795.48,27846.82,27781.83,27836.87,3312.0,92195713.44
2026-05-04 07:30:00,27837.42,27851.28,27813.15,27813.43,2663.0,74067164.09
2026-05-04 08:00:00,27813.09,27814.09,27765.28,27802.71,4073.0,113240437.83
2026-05-04 08:30:00,27803.12,27811.02,27788.01,27794.27,2724.0,75711591.48
2026-05-04 09:00:00,27794.48,27814.05,27784.22,27812.05,2471.0,68723575.55
2026-05-04 09:30:00,27812.11,27823.82,27790.31,27791.01,1961.0,54498170.61
2026-05-04 10:00:00,27791.41,27797.36,27563.74,27653.53,16449.0,454872914.96999997
2026-05-04 10:30:00,27654.1,27754.4,27643.52,27714.38,7910.0,219220745.8
2026-05-04 11:00:00,27714.97,27745.87,27699.87,27720.49,5396.0,149579764.04000002
2026-05-04 11:30:00,27720.01,27734.36,27678.75,27727.77,4976.0,137973383.52
2026-05-04 12:00:00,27728.35,27780.68,27728.35,27763.78,4328.0,120161639.83999999
2026-05-04 12:30:00,27762.97,27775.14,27733.58,27745.12,3462.0,96053605.44
2026-05-04 13:00:00,27745.44,27782.15,27687.64,27753.86,6297.0,174766056.42000002
2026-05-04 13:30:00,27754.23,27796.83,27709.28,27795.3,20321.0,564828291.3
2026-05-04 14:00:00,27795.62,27812.84,27748.1,27771.25,10771.0,299124133.75
2026-05-04 14:30:00,27771.27,27840.86,27764.56,27781.54,7247.0,201332820.38
2026-05-04 15:00:00,27782.1,27813.76,27612.64,27675.78,16201.0,448375311.78
2026-05-04 15:30:00,27676.17,27683.71,27598.64,27634.83,14776.0,408332248.08000004
2026-05-04 16:00:00,27634.52,27647.09,27516.74,27614.27,14836.0,409685309.72
2026-05-04 16:30:00,27614.6,27644.37,27590.18,27605.81,8287.0,228769347.47
2026-05-04 17:00:00,27606.33,27703.85,27605.27,27693.91,7505.0,207842794.55
2026-05-04 17:30:00,27694.25,27702.33,27654.18,27692.7,4386.0,121460182.2
2026-05-04 18:00:00,27692.27,27718.33,27632.8,27670.99,4574.0,126567108.26
2026-05-04 18:30:00,27671.32,27676.12,27618.73,27658.97,4490.0,124188775.30000001
2026-05-04 19:00:00,27659.38,27687.94,27640.08,27678.13,4965.0,137421915.45000002
2026-05-04 19:30:00,27678.12,27692.13,27647.28,27679.82,4511.0,124863668.02
2026-05-04 20:00:00,27680.37,27680.37,27638.51,27661.73,2650.0,73303584.5
2026-05-04 20:30:00,27661.48,27663.46,27640.55,27643.35,1458.0,40304004.3
2026-05-04 22:00:00,27665.73,27688.67,27664.68,27678.93,1979.0,54776602.47
2026-05-04 22:30:00,27678.97,27680.44,27642.85,27653.94,1504.0,41591525.76
2026-05-04 23:00:00,27653.94,27663.93,27642.98,27654.37,1497.0,41398591.89
2026-05-04 23:30:00,27654.3,27661.28,27634.0,27647.59,1643.0,45424990.37
2026-05-05 00:00:00,27648.17,27693.01,27642.1,27654.63,3357.0,92836592.91
2026-05-05 00:30:00,27654.68,27694.42,27652.5,27686.45,2525.0,69908286.25
2026-05-05 01:00:00,27686.3,27715.01,27669.54,27703.27,2506.0,69424394.62
2026-05-05 01:30:00,27703.54,27731.12,27692.46,27716.12,2658.0,73669446.96
2026-05-05 02:00:00,27716.16,27734.34,27709.93,27732.41,1892.0,52469719.72
2026-05-05 02:30:00,27732.86,27741.99,27703.28,27716.56,2090.0,57927610.400000006
2026-05-05 03:00:00,27716.53,27748.99,27712.89,27742.53,1559.0,43250604.269999996
2026-05-05 03:30:00,27742.5,27747.88,27737.14,27741.83,1351.0,37479212.330000006
2026-05-05 04:00:00,27741.76,27760.22,27739.18,27739.78,1343.0,37254524.54
2026-05-05 04:30:00,27739.94,27751.64,27728.66,27728.93,1466.0,40650611.38
2026-05-05 05:00:00,27728.46,27746.77,27720.86,27736.78,1762.0,48872206.36
2026-05-05 05:30:00,27736.86,27755.54,27725.99,27754.23,2004.0,55619476.92
2026-05-05 06:00:00,27753.8,27774.08,27719.85,27731.27,2837.0,78673612.99
2026-05-05 06:30:00,27731.13,27787.28,27730.27,27781.08,2569.0,71369594.52000001
2026-05-05 07:00:00,27781.45,27803.12,27776.55,27786.27,3044.0,84581405.88
2026-05-05 07:30:00,27786.7,27827.46,27776.57,27782.59,3394.0,94294110.46
2026-05-05 08:00:00,27783.16,27835.62,27780.39,27821.42,2950.0,82073189.0
2026-05-05 08:30:00,27820.94,27842.56,27814.27,27829.95,2664.0,74138986.8
2026-05-05 09:00:00,27830.26,27840.27,27810.56,27830.59,2522.0,70188747.98
2026-05-05 09:30:00,27831.23,27858.08,27829.89,27836.97,2292.0,63802335.24
2026-05-05 10:00:00,27837.27,27845.7,27823.84,27840.86,2009.0,55932287.74
2026-05-05 10:30:00,27840.59,27859.84,27828.76,27836.12,2405.0,66945868.599999994
2026-05-05 11:00:00,27835.87,27840.17,27801.5,27828.87,3138.0,87326994.06
2026-05-05 11:30:00,27829.12,27847.87,27829.09,27844.31,2149.0,59837422.190000005
2026-05-05 12:00:00,27844.06,27906.83,27830.19,27890.03,3708.0,103416231.24
2026-05-05 12:30:00,27890.64,27895.28,27872.11,27874.62,2098.0,58480952.76
2026-05-05 13:00:00,27874.54,27908.17,27874.54,27889.12,2648.0,73850389.75999999
2026-05-05 13:30:00,27889.52,28013.66,27871.69,27984.61,16392.0,458723727.12
2026-05-05 14:00:00,27984.93,28034.5,27933.73,28020.12,12083.0,338567109.96
2026-05-05 14:30:00,28020.54,28039.39,27979.23,27996.74,6865.0,192197620.10000002
2026-05-05 15:00:00,27997.26,28040.02,27988.97,28030.71,4928.0,138135338.88
2026-05-05 15:30:00,28031.01,28048.02,28012.15,28028.2,4107.0,115111817.4
2026-05-05 16:00:00,28028.51,28053.81,27992.79,28017.45,3571.0,100050313.95
2026-05-05 16:30:00,28017.17,28037.03,27994.9,28027.09,3808.0,106727158.72
2026-05-05 17:00:00,28027.48,28046.02,28010.02,28045.77,2914.0,81725373.78
2026-05-05 17:30:00,28045.78,28068.46,28036.63,28060.43,2435.0,68327147.05
2026-05-05 18:00:00,28060.37,28086.5,28058.12,28078.63,2327.0,65338972.010000005
2026-05-05 18:30:00,28078.15,28082.83,28055.87,28069.63,2138.0,60012868.940000005
2026-05-05 19:00:00,28069.84,28089.02,28062.38,28067.66,2626.0,73705675.16
2026-05-05 19:30:00,28067.21,28070.77,28010.1,28037.38,3993.0,111953258.34
2026-05-05 20:00:00,28036.88,28147.22,28012.64,28136.8,5089.0,143188175.2
2026-05-05 20:30:00,28136.19,28138.25,28085.64,28108.67,3156.0,88710962.52
2026-05-05 22:00:00,28161.35,28186.92,28149.23,28184.54,2189.0,61695958.06
2026-05-05 22:30:00,28184.93,28322.04,28181.41,28279.96,4483.0,126779060.67999999
2026-05-05 23:00:00,28278.72,28289.51,28250.28,28255.03,4003.0,113104885.08999999
2026-05-05 23:30:00,28254.85,28281.44,28253.31,28273.92,2242.0,63390128.63999999
2026-05-06 00:00:00,28274.42,28276.5,28153.66,28154.77,5664.0,159468617.28
2026-05-06 00:30:00,28154.65,28190.55,28152.72,28180.11,3365.0,94826070.15
2026-05-06 01:00:00,28179.87,28211.35,28172.97,28190.44,3109.0,87644077.96
2026-05-06 01:30:00,28190.03,28202.21,28175.72,28196.59,2919.0,82305846.21
2026-05-06 02:00:00,28196.73,28200.37,28176.02,28177.0,2525.0,71146925.0
2026-05-06 02:30:00,28176.48,28194.26,28167.32,28192.3,2002.0,56440984.6
2026-05-06 03:00:00,28192.38,28227.47,28187.82,28225.75,1956.0,55209567.0
2026-05-06 03:30:00,28225.88,28238.47,28212.92,28216.9,1980.0,55869462.0
2026-05-06 04:00:00,28217.37,28234.64,28215.02,28231.63,1707.0,48191392.410000004
2026-05-06 04:30:00,28232.3,28248.38,28216.74,28240.04,2085.0,58880483.4
2026-05-06 05:00:00,28239.42,28252.85,28230.94,28249.84,2033.0,57431924.72
2026-05-06 05:30:00,28249.81,28263.56,28235.94,28259.38,1977.0,55868794.260000005
2026-05-06 06:00:00,28258.95,28272.75,28222.75,28234.52,2558.0,72223902.16
2026-05-06 06:30:00,28234.44,28246.9,28205.28,28240.77,2641.0,74583873.57000001
2026-05-06 07:00:00,28240.23,28257.36,28213.89,28233.12,3189.0,90035419.67999999
2026-05-06 07:30:00,28233.33,28255.03,28221.87,28252.17,2718.0,76789398.06
2026-05-06 08:00:00,28252.41,28268.73,28228.26,28244.27,3164.0,89364870.28
2026-05-06 08:30:00,28244.55,28421.47,28239.87,28387.21,6697.0,190109145.37
2026-05-06 09:00:00,28387.77,28403.22,28320.66,28371.61,5591.0,158625671.51
2026-05-06 09:30:00,28371.42,28420.46,28363.45,28412.13,3909.0,111063016.17
2026-05-06 10:00:00,28412.24,28461.5,28408.53,28458.0,4198.0,119466684.0
2026-05-06 10:30:00,28458.0,28518.33,28455.63,28489.38,4931.0,140481132.78
2026-05-06 11:00:00,28489.08,28538.76,28482.32,28501.38,4891.0,139400249.58
2026-05-06 11:30:00,28501.58,28513.1,28422.58,28443.86,5474.0,155701689.64000002
2026-05-06 12:00:00,28444.2,28445.41,28331.69,28401.52,8470.0,240560874.4
2026-05-06 12:30:00,28402.3,28409.61,28337.23,28362.56,4667.0,132368067.52000001
2026-05-06 13:00:00,28362.27,28362.27,28279.67,28294.43,6673.0,188808731.39000002
2026-05-06 13:30:00,28293.91,28409.37,28241.47,28372.67,24452.0,693768526.8399999
2026-05-06 14:00:00,28373.17,28402.85,28288.98,28322.12,17774.0,503397360.88
2026-05-06 14:30:00,28321.58,28453.3,28321.49,28441.02,10370.0,294933377.4
2026-05-06 15:00:00,28440.49,28485.37,28421.8,28481.15,5720.0,162912178.0
2026-05-06 15:30:00,28481.51,28489.62,28433.99,28463.98,5650.0,160821487.0
2026-05-06 16:00:00,28463.33,28504.36,28457.76,28476.71,3899.0,111030692.28999999
2026-05-06 16:30:00,28477.09,28488.12,28416.17,28442.09,4545.0,129269299.05
2026-05-06 17:00:00,28442.55,28494.94,28431.58,28487.28,3477.0,99050272.56
2026-05-06 17:30:00,28487.03,28513.82,28485.99,28503.88,2698.0,76903468.24000001
2026-05-06 18:00:00,28503.66,28543.35,28496.16,28538.25,2757.0,78679955.25
2026-05-06 18:30:00,28538.62,28569.36,28529.16,28543.94,2964.0,84604238.16
2026-05-06 19:00:00,28543.89,28603.44,28541.54,28598.19,3084.0,88196817.96
2026-05-06 19:30:00,28597.54,28629.33,28571.06,28615.51,4288.0,122703306.88
2026-05-06 20:00:00,28615.04,28703.29,28606.32,28681.59,4116.0,118053424.44
2026-05-06 20:30:00,28681.19,28683.45,28599.66,28617.41,2856.0,81731322.96
2026-05-06 22:00:00,28565.12,28604.84,28559.81,28563.24,2896.0,82719143.04
2026-05-06 22:30:00,28563.78,28588.71,28560.21,28584.43,1680.0,48021842.4
2026-05-06 23:00:00,28584.64,28600.68,28577.01,28584.01,1566.0,44762559.66
2026-05-06 23:30:00,28583.8,28593.71,28563.04,28576.74,2196.0,62754521.04000001
2026-05-07 00:00:00,28577.3,28599.93,28549.94,28556.43,4292.0,122564197.56
2026-05-07 00:30:00,28556.05,28572.8,28545.3,28569.61,2574.0,73538176.14
2026-05-07 01:00:00,28569.31,28580.49,28546.1,28577.54,2742.0,78359614.68
2026-05-07 01:30:00,28577.01,28623.19,28573.51,28605.52,2244.0,64190786.88
2026-05-07 02:00:00,28605.99,28613.91,28560.19,28592.87,2910.0,83205251.7
2026-05-07 02:30:00,28592.9,28599.0,28575.82,28593.46,2371.0,67795093.66
2026-05-07 03:00:00,28593.53,28602.05,28581.11,28596.51,2131.0,60939162.809999995
2026-05-07 03:30:00,28596.49,28609.75,28595.01,28599.53,1584.0,45301655.519999996
2026-05-07 04:00:00,28599.71,28620.87,28593.34,28615.04,1634.0,46756975.36
2026-05-07 04:30:00,28614.98,28620.73,28605.46,28611.83,1573.0,45006408.59
2026-05-07 05:00:00,28612.05,28621.86,28602.18,28612.02,1887.0,53990881.74
2026-05-07 05:30:00,28612.2,28635.27,28612.2,28628.02,1636.0,46835440.72
2026-05-07 06:00:00,28627.67,28638.7,28602.84,28619.21,2277.0,65165941.169999994
2026-05-07 06:30:00,28618.81,28654.34,28618.12,28644.51,2570.0,73616390.7
2026-05-07 07:00:00,28644.01,28711.19,28635.06,28676.62,4541.0,130220531.42
2026-05-07 07:30:00,28677.02,28704.8,28672.28,28685.21,3032.0,86973556.72
2026-05-07 08:00:00,28684.99,28721.12,28641.97,28653.68,4511.0,129256750.48
2026-05-07 08:30:00,28653.98,28670.92,28635.63,28643.81,3184.0,91201891.04
2026-05-07 09:00:00,28643.3,28669.0,28619.34,28654.74,3215.0,92124989.10000001
2026-05-07 09:30:00,28654.74,28668.65,28628.74,28636.99,2816.0,80641763.84
2026-05-07 10:00:00,28636.99,28642.23,28601.18,28629.68,2851.0,81623217.68
2026-05-07 10:30:00,28629.89,28649.11,28624.72,28633.73,2506.0,71756127.38
2026-05-07 11:00:00,28636.37,28657.35,28617.53,28620.02,3274.0,93701945.48
2026-05-07 11:30:00,28620.42,28646.25,28612.3,28639.48,2624.0,75149995.52
2026-05-07 12:00:00,28639.23,28652.29,28624.23,28647.46,2673.0,76574660.58
2026-05-07 12:30:00,28647.3,28666.36,28636.37,28661.65,2527.0,72427989.55
2026-05-07 13:00:00,28661.91,28669.49,28633.99,28658.27,3138.0,89929651.26
2026-05-07 13:30:00,28657.87,28708.86,28615.3,28688.39,18385.0,527436050.15
2026-05-07 14:00:00,28687.83,28803.73,28685.94,28780.36,9397.0,270449042.92
2026-05-07 14:30:00,28781.1,28851.14,28767.09,28835.46,6757.0,194841203.22
2026-05-07 15:00:00,28835.05,28836.64,28733.06,28760.9,8650.0,248781785.0
2026-05-07 15:30:00,28761.4,28802.64,28679.6,28691.05,8299.0,238107023.95
2026-05-07 16:00:00,28691.37,28693.96,28543.78,28648.31,16343.0,468199330.33000004
2026-05-07 16:30:00,28648.0,28682.19,28569.78,28603.54,9630.0,275452090.2
2026-05-07 17:00:00,28603.96,28619.69,28460.93,28515.16,14628.0,417119760.48
2026-05-07 17:30:00,28514.6,28609.07,28497.04,28603.39,14014.0,400847907.46
2026-05-07 18:00:00,28603.05,28622.89,28548.02,28559.6,9422.0,269088551.2
2026-05-07 18:30:00,28559.28,28596.84,28489.09,28550.56,10528.0,300580295.68
2026-05-07 19:00:00,28550.87,28567.17,28491.33,28516.07,8043.0,229354751.01
2026-05-07 19:30:00,28515.53,28611.39,28512.79,28586.76,7785.0,222547926.6
2026-05-07 20:00:00,28587.13,28668.79,28555.47,28612.6,5736.0,164121873.6
2026-05-07 20:30:00,28612.88,28621.22,28537.25,28547.26,6558.0,187212931.07999998
2026-05-07 22:00:00,28455.24,28577.55,28449.98,28567.26,4470.0,127695652.19999999
2026-05-07 22:30:00,28567.66,28570.22,28510.74,28521.42,2447.0,69791914.74
2026-05-07 23:00:00,28521.76,28555.46,28514.6,28551.53,1895.0,54105149.35
2026-05-07 23:30:00,28551.61,28586.57,28544.09,28585.83,1919.0,54856207.77
2026-05-08 00:00:00,28586.05,28637.55,28586.05,28617.79,3703.0,105971676.37
2026-05-08 00:30:00,28617.92,28653.99,28615.87,28651.94,2622.0,75125386.67999999
2026-05-08 01:00:00,28651.97,28689.06,28651.56,28679.28,2627.0,75340468.56
2026-05-08 01:30:00,28679.5,28685.85,28665.29,28666.59,2203.0,63152497.77
2026-05-08 02:00:00,28667.06,28670.6,28635.1,28650.55,2562.0,73402709.1
2026-05-08 02:30:00,28650.8,28679.8,28616.93,28654.74,3129.0,89660681.46000001
2026-05-08 03:00:00,28654.72,28667.17,28651.11,28659.76,1959.0,56144469.839999996
2026-05-08 03:30:00,28659.48,28683.39,28655.9,28680.2,2067.0,59281973.4
2026-05-08 04:00:00,28680.73,28691.98,28667.33,28680.89,1897.0,54407648.33
2026-05-08 04:30:00,28681.4,28702.49,28665.18,28686.64,1931.0,55393901.839999996
2026-05-08 05:00:00,28687.0,28706.55,28686.3,28703.39,1892.0,54306813.879999995
2026-05-08 05:30:00,28703.39,28736.27,28703.38,28712.05,2192.0,62936813.6
2026-05-08 06:00:00,28711.87,28739.6,28691.18,28732.23,2611.0,75019852.53
2026-05-08 06:30:00,28732.74,28745.06,28717.86,28743.11,2253.0,64758226.83
2026-05-08 07:00:00,28742.75,28743.42,28713.93,28731.17,3487.0,100185589.78999999
2026-05-08 07:30:00,28730.9,28739.89,28717.69,28734.77,2757.0,79221760.89
2026-05-08 08:00:00,28735.33,28775.66,28731.5,28765.48,2850.0,81981618.0
2026-05-08 08:30:00,28765.95,28773.47,28750.37,28769.19,2289.0,65852675.91
2026-05-08 09:00:00,28769.32,28803.89,28768.23,28795.93,1967.0,56641594.31
2026-05-08 09:30:00,28795.75,28795.75,28739.1,28758.92,2460.0,70746943.2
2026-05-08 10:00:00,28759.11,28786.23,28759.11,28775.74,1983.0,57062292.42
2026-05-08 10:30:00,28776.16,28796.42,28748.47,28770.06,2369.0,68156272.14
2026-05-08 11:00:00,28770.71,28801.54,28770.71,28799.19,2409.0,69377248.71
2026-05-08 11:30:00,28799.34,28821.02,28795.41,28805.07,1951.0,56198691.57
2026-05-08 12:00:00,28804.32,28809.87,28783.86,28809.4,2582.0,74385870.8
2026-05-08 12:30:00,28808.95,28881.96,28803.54,28819.08,5375.0,154902555.0
2026-05-08 13:00:00,28818.05,28834.49,28771.11,28783.17,4975.0,143196270.75
2026-05-08 13:30:00,28783.75,29012.27,28770.36,29011.57,17682.0,512982580.74
2026-05-08 14:00:00,29012.1,29069.81,28981.75,29016.45,11612.0,336939017.40000004
2026-05-08 14:30:00,29015.98,29077.05,28978.13,29067.94,8053.0,234084120.82
2026-05-08 15:00:00,29067.09,29091.18,29030.08,29087.97,6436.0,187210174.92000002
2026-05-08 15:30:00,29088.48,29121.57,29058.59,29095.15,5874.0,170904911.1
2026-05-08 16:00:00,29095.51,29148.55,29095.51,29146.32,3937.0,114749061.84
2026-05-08 16:30:00,29146.41,29152.03,29100.25,29144.99,4725.0,137710077.75
2026-05-08 17:00:00,29145.54,29220.17,29140.01,29209.32,4837.0,141285480.84
2026-05-08 17:30:00,29208.9,29221.07,29159.65,29169.14,3960.0,115509794.39999999
2026-05-08 18:00:00,29169.27,29207.53,29165.01,29191.34,4209.0,122866350.06
2026-05-08 18:30:00,29190.98,29197.57,29143.19,29145.31,3885.0,113229529.35000001
2026-05-08 19:00:00,29144.93,29210.51,29143.45,29167.03,3793.0,110630544.78999999
2026-05-08 19:30:00,29167.52,29245.3,29161.44,29244.13,4821.0,140985950.73000002
2026-05-08 20:00:00,29244.56,29289.09,29235.99,29248.58,3348.0,97924245.84
2026-05-08 20:30:00,29248.07,29253.16,29240.68,29242.82,1178.0,34448041.96
2026-05-10 22:00:00,29200.59,29231.15,29138.52,29185.18,4968.0,144991974.24
2026-05-10 22:30:00,29185.39,29209.93,29166.13,29206.1,2203.0,64341038.3
2026-05-10 23:00:00,29205.68,29257.66,29202.15,29214.8,2494.0,72861711.2
2026-05-10 23:30:00,29215.13,29228.0,29203.14,29215.48,2823.0,82475300.03999999
2026-05-11 00:00:00,29216.35,29305.52,29216.35,29299.1,4356.0,127626879.6
2026-05-11 00:30:00,29299.1,29310.62,29177.73,29207.12,5272.0,153979936.64
2026-05-11 01:00:00,29206.49,29251.35,29162.72,29229.4,5783.0,169033620.20000002
2026-05-11 01:30:00,29229.37,29264.11,29214.75,29250.76,3705.0,108374065.8
2026-05-11 02:00:00,29250.44,29267.36,29234.91,29261.27,2683.0,78507987.41
2026-05-11 02:30:00,29261.25,29271.9,29238.28,29248.53,2466.0,72126874.98
2026-05-11 03:00:00,29248.58,29252.78,29225.32,29250.99,2822.0,82546293.78
2026-05-11 03:30:00,29250.77,29258.94,29233.07,29235.76,2284.0,66774475.839999996
2026-05-11 04:00:00,29236.04,29247.0,29203.5,29242.68,2195.0,64187682.6
2026-05-11 04:30:00,29242.87,29255.15,29239.5,29252.85,1625.0,47535881.25
2026-05-11 05:00:00,29253.13,29265.22,29241.09,29253.55,2005.0,58653367.75
2026-05-11 05:30:00,29253.36,29263.89,29229.3,29233.33,2297.0,67148959.01
2026-05-11 06:00:00,29233.04,29265.58,29231.81,29255.79,2276.0,66586178.04
2026-05-11 06:30:00,29255.75,29259.37,29211.72,29232.75,2415.0,70597091.25
2026-05-11 07:00:00,29232.76,29236.33,29198.28,29223.67,3199.0,93486520.33
2026-05-11 07:30:00,29223.69,29238.43,29211.59,29233.28,2467.0,72118501.75999999
2026-05-11 08:00:00,29233.68,29240.91,29178.33,29178.33,4018.0,117238529.94000001
2026-05-11 08:30:00,29177.79,29226.7,29175.19,29208.43,3056.0,89260962.08
2026-05-11 09:00:00,29208.24,29246.58,29206.49,29230.92,2526.0,73837303.92
2026-05-11 09:30:00,29230.77,29275.57,29226.41,29226.56,2557.0,74732313.92
2026-05-11 10:00:00,29226.19,29243.85,29208.26,29223.9,2427.0,70926405.3
2026-05-11 10:30:00,29224.12,29225.81,29200.34,29212.57,2681.0,78318900.17
2026-05-11 11:00:00,29212.99,29288.05,29211.93,29283.44,2892.0,84687708.47999999
2026-05-11 11:30:00,29283.86,29298.86,29235.52,29259.21,3210.0,93922064.1
2026-05-11 12:00:00,29259.83,29263.62,29189.17,29218.11,4055.0,118479436.05
2026-05-11 12:30:00,29217.88,29224.98,29170.33,29208.26,4139.0,120892988.14
2026-05-11 13:00:00,29208.12,29223.58,29193.03,29214.81,3992.0,116625521.52000001
2026-05-11 13:30:00,29215.37,29344.84,29193.59,29221.26,24948.0,729011994.48
2026-05-11 14:00:00,29221.89,29328.34,29191.92,29196.25,11886.0,347026627.5
2026-05-11 14:30:00,29196.86,29322.83,29158.66,29301.78,11667.0,341863867.26
2026-05-11 15:00:00,29302.35,29340.08,29270.74,29337.49,6513.0,191075072.37
2026-05-11 15:30:00,29337.48,29385.84,29317.4,29375.76,5581.0,163946116.56
2026-05-11 16:00:00,29375.98,29390.11,29357.49,29375.62,3556.0,104459704.72
2026-05-11 16:30:00,29375.16,29387.81,29280.89,29315.75,6770.0,198467627.5
2026-05-11 17:00:00,29315.87,29351.44,29288.31,29347.74,5305.0,155689760.70000002
2026-05-11 17:30:00,29347.52,29387.18,29346.85,29352.04,3594.0,105491231.76
2026-05-11 18:00:00,29351.78,29385.02,29351.49,29382.39,3378.0,99253713.42
2026-05-11 18:30:00,29382.12,29382.12,29296.73,29298.11,4532.0,132779034.52
2026-05-11 19:00:00,29298.61,29344.52,29282.17,29293.26,6357.0,186217253.82
2026-05-11 19:30:00,29292.88,29342.15,29281.83,29338.08,6428.0,188585178.24
2026-05-11 20:00:00,29338.5,29340.04,29234.74,29309.28,4053.0,118790511.83999999
2026-05-11 20:30:00,29309.2,29323.27,29300.09,29309.68,1785.0,52317778.8
2026-05-11 22:00:00,29313.15,29350.91,29311.11,29348.36,1557.0,45695396.52
2026-05-11 22:30:00,29348.3,29368.91,29346.28,29358.46,1012.0,29710761.52
2026-05-11 23:00:00,29358.51,29366.13,29338.6,29364.14,1087.0,31918820.18
2026-05-11 23:30:00,29364.0,29366.65,29334.57,29341.58,1481.0,43454879.980000004
2026-05-12 00:00:00,29341.15,29341.59,29267.07,29292.07,4162.0,121913595.34
2026-05-12 00:30:00,29292.02,29311.84,29277.36,29291.9,2406.0,70476311.4
2026-05-12 01:00:00,29291.66,29304.47,29229.47,29230.67,3167.0,92573531.89
2026-05-12 01:30:00,29230.1,29244.04,29140.96,29183.9,6837.0,199530324.3
2026-05-12 02:00:00,29183.56,29257.3,29173.57,29245.23,4642.0,135756357.66
2026-05-12 02:30:00,29245.32,29277.85,29217.65,29274.02,3416.0,100000052.32000001
2026-05-12 03:00:00,29274.59,29277.11,29238.47,29250.43,2546.0,74471594.78
2026-05-12 03:30:00,29250.84,29259.7,29234.29,29238.2,2159.0,63125273.800000004
2026-05-12 04:00:00,29238.34,29251.21,29230.53,29240.58,2265.0,66229913.7
2026-05-12 04:30:00,29240.73,29246.62,29195.94,29195.94,2199.0,64201872.059999995
2026-05-12 05:00:00,29195.75,29216.42,29184.87,29210.28,3027.0,88419517.56
2026-05-12 05:30:00,29210.36,29212.13,29184.08,29195.56,2834.0,82740217.04
2026-05-12 06:00:00,29195.17,29205.1,29160.12,29164.09,3310.0,96533137.9
2026-05-12 06:30:00,29164.72,29174.37,29127.54,29132.55,2947.0,85853624.85
2026-05-12 07:00:00,29132.11,29167.35,29089.94,29142.11,4471.0,130294373.81
2026-05-12 07:30:00,29142.51,29167.42,29142.51,29153.0,2989.0,87138317.0
2026-05-12 08:00:00,29153.44,29158.5,29087.57,29130.61,4661.0,135777773.21
2026-05-12 08:30:00,29131.29,29138.14,29098.92,29127.91,3410.0,99326173.1
2026-05-12 09:00:00,29127.4,29137.36,29089.31,29121.38,3282.0,95576369.16
2026-05-12 09:30:00,29121.55,29159.15,29121.55,29133.95,3841.0,111903501.95
2026-05-12 10:00:00,29134.05,29160.93,29129.73,29138.48,2523.0,73516385.03999999
2026-05-12 10:30:00,29138.41,29140.61,29099.76,29121.51,2901.0,84481500.50999999
2026-05-12 11:00:00,29121.17,29130.24,29046.73,29078.84,4912.0,142835262.08
2026-05-12 11:30:00,29078.39,29099.53,29070.51,29081.12,2976.0,86545413.11999999
2026-05-12 12:00:00,29081.58,29083.69,29037.04,29066.8,3981.0,115714930.8
2026-05-12 12:30:00,29067.39,29146.99,29029.02,29139.02,7406.0,215803582.12
2026-05-12 13:00:00,29138.54,29152.11,29102.42,29127.97,4354.0,126823181.38000001
2026-05-12 13:30:00,29128.34,29210.88,29029.6,29042.83,30051.0,872766084.33
2026-05-12 14:00:00,29043.25,29141.44,28996.62,29001.37,22425.0,650355722.25
2026-05-12 14:30:00,29000.93,29042.2,28915.73,28929.32,21203.0,613388371.96
2026-05-12 15:00:00,28929.02,28945.83,28771.99,28790.84,18226.0,524741849.84
2026-05-12 15:30:00,28791.2,28860.07,28744.59,28755.35,13943.0,400935845.04999995
2026-05-12 16:00:00,28756.68,28828.6,28726.63,28755.5,11826.0,340062543.0
2026-05-12 16:30:00,28755.06,28761.36,28657.94,28664.55,11812.0,338585664.59999996
2026-05-12 17:00:00,28664.95,28841.57,28664.8,28800.69,10564.0,304250489.15999997
2026-05-12 17:30:00,28801.08,28840.35,28789.33,28832.32,7707.0,222210690.24
2026-05-12 18:00:00,28832.05,28914.43,28824.89,28902.84,7917.0,228823784.28
2026-05-12 18:30:00,28902.86,28919.36,28860.52,28868.31,6625.0,191252553.75
2026-05-12 19:00:00,28868.62,28976.04,28868.55,28959.53,6457.0,186991685.20999998
2026-05-12 19:30:00,28959.74,29099.85,28959.31,29085.37,7381.0,214679115.97
2026-05-12 20:00:00,29085.85,29087.75,29016.78,29037.18,4508.0,130899607.44
2026-05-12 20:30:00,29037.19,29063.86,29021.27,29047.43,2163.0,62829591.09
2026-05-12 22:00:00,29060.89,29103.86,29051.28,29087.71,2164.0,62945804.44
2026-05-12 22:30:00,29087.12,29096.11,29060.48,29060.48,1666.0,48414759.68
2026-05-12 23:00:00,29060.93,29074.63,29044.09,29046.08,2108.0,61229136.64
2026-05-12 23:30:00,29046.45,29046.58,28995.48,28999.63,2750.0,79748982.5
2026-05-13 00:00:00,28998.5,29073.54,28973.69,29039.23,6548.0,190148878.04
2026-05-13 00:30:00,29039.61,29065.1,29015.71,29062.27,4186.0,121654662.22
2026-05-13 01:00:00,29062.08,29113.43,29060.34,29112.22,3406.0,99156221.32000001
2026-05-13 01:30:00,29112.73,29176.88,29090.36,29132.8,4036.0,117579980.8
2026-05-13 02:00:00,29132.55,29157.85,29119.78,29151.54,3143.0,91623290.22
2026-05-13 02:30:00,29151.78,29156.55,29128.74,29140.17,2299.0,66993250.83
2026-05-13 03:00:00,29139.75,29156.04,29120.9,29153.78,2423.0,70639608.94
2026-05-13 03:30:00,29154.21,29181.27,29153.18,29165.91,2119.0,61802563.29
2026-05-13 04:00:00,29165.74,29197.99,29160.77,29193.57,1701.0,49658262.57
2026-05-13 04:30:00,29193.51,29214.27,29178.38,29204.52,1914.0,55897451.28
2026-05-13 05:00:00,29204.02,29226.68,29192.58,29215.19,2275.0,66464557.25
2026-05-13 05:30:00,29215.43,29220.62,29201.89,29213.78,1978.0,57784856.839999996
2026-05-13 06:00:00,29213.49,29268.83,29207.93,29232.82,2715.0,79367106.3
2026-05-13 06:30:00,29232.59,29243.87,29207.76,29226.57,2542.0,74293940.94
2026-05-13 07:00:00,29227.05,29239.78,29206.36,29233.57,3191.0,93284321.87
2026-05-13 07:30:00,29233.27,29287.57,29227.71,29287.25,2668.0,78138383.0
2026-05-13 08:00:00,29287.88,29363.69,29286.49,29353.21,3614.0,106082500.94
2026-05-13 08:30:00,29353.82,29363.56,29319.28,29329.83,2789.0,81800895.87
2026-05-13 09:00:00,29330.04,29330.04,29283.56,29304.67,3074.0,90082555.58
2026-05-13 09:30:00,29304.26,29342.47,29292.88,29336.98,2714.0,79620563.72
2026-05-13 10:00:00,29337.21,29339.92,29298.16,29305.83,2995.0,87770960.85000001
2026-05-13 10:30:00,29305.86,29313.29,29286.47,29301.72,2517.0,73752429.24000001
2026-05-13 11:00:00,29301.57,29311.05,29265.52,29276.68,3208.0,93919589.44
2026-05-13 11:30:00,29276.71,29299.32,29271.23,29286.86,2877.0,84258296.22
2026-05-13 12:00:00,29286.3,29318.23,29226.27,29276.88,3810.0,111544912.8
2026-05-13 12:30:00,29275.51,29276.19,29117.76,29152.96,9718.0,283308465.28
2026-05-13 13:00:00,29153.09,29220.11,29153.09,29204.65,4613.0,134721050.45000002
2026-05-13 13:30:00,29204.07,29204.07,28995.12,29089.21,31791.0,924775075.11
2026-05-13 14:00:00,29089.76,29185.55,29035.8,29156.57,22323.0,650862112.11
2026-05-13 14:30:00,29156.27,29241.49,29138.47,29237.72,12345.0,360939653.40000004
2026-05-13 15:00:00,29238.31,29268.46,29201.6,29231.77,7552.0,220758327.04
2026-05-13 15:30:00,29231.38,29301.55,29205.53,29227.09,7212.0,210785773.08
2026-05-13 16:00:00,29227.43,29362.45,29217.38,29354.76,6646.0,195091734.95999998
2026-05-13 16:30:00,29354.38,29380.05,29333.22,29365.2,5019.0,147383938.8
2026-05-13 17:00:00,29365.64,29413.24,29365.64,29407.37,4020.0,118217627.39999999
2026-05-13 17:30:00,29406.88,29412.19,29362.61,29363.83,3736.0,109703268.88000001
2026-05-13 18:00:00,29364.18,29484.38,29362.14,29469.66,4635.0,136591874.1
2026-05-13 18:30:00,29469.34,29474.96,29384.92,29389.89,4482.0,131725486.98
2026-05-13 19:00:00,29390.22,29457.78,29389.62,29445.18,4389.0,129234895.02
2026-05-13 19:30:00,29444.87,29458.86,29370.9,29396.16,5856.0,172143912.96
2026-05-13 20:00:00,29395.6,29443.06,29368.83,29438.29,3727.0,109716506.83
2026-05-13 20:30:00,29438.42,29466.68,29437.99,29456.42,1801.0,53051012.419999994
2026-05-13 22:00:00,29465.29,29498.51,29450.5,29480.26,2383.0,70251459.58
2026-05-13 22:30:00,29479.68,29530.55,29479.27,29512.43,1839.0,54273358.77
2026-05-13 23:00:00,29512.69,29570.33,29512.69,29543.01,2613.0,77195885.13
2026-05-13 23:30:00,29542.58,29555.98,29521.85,29554.85,2256.0,66675741.599999994
2026-05-14 00:00:00,29554.9,29579.37,29513.78,29571.28,4377.0,129433492.55999999
2026-05-14 00:30:00,29571.73,29614.81,29571.73,29603.61,2947.0,87241838.67
2026-05-14 01:00:00,29602.76,29603.65,29563.97,29601.4,2917.0,86347283.8
2026-05-14 01:30:00,29600.88,29604.76,29526.07,29530.8,3419.0,100965805.2
2026-05-14 02:00:00,29530.88,29554.42,29523.24,29549.43,2839.0,83890831.77
2026-05-14 02:30:00,29549.19,29557.15,29494.85,29510.47,2880.0,84990153.60000001
2026-05-14 03:00:00,29510.17,29533.35,29486.31,29505.97,2838.0,83737942.86
2026-05-14 03:30:00,29505.78,29509.41,29444.81,29458.12,3106.0,91496920.72
2026-05-14 04:00:00,29458.48,29495.71,29437.34,29488.27,2533.0,74693787.91
2026-05-14 04:30:00,29488.36,29521.62,29487.3,29489.63,2564.0,75611411.32000001
2026-05-14 05:00:00,29490.22,29506.27,29458.22,29489.9,3507.0,103421079.30000001
2026-05-14 05:30:00,29489.48,29535.01,29469.44,29525.55,4261.0,125808368.55
2026-05-14 06:00:00,29525.79,29563.02,29525.79,29545.65,3105.0,91739243.25
2026-05-14 06:30:00,29545.97,29560.55,29529.19,29530.92,2699.0,79703953.08
2026-05-14 07:00:00,29530.63,29541.93,29503.92,29523.43,3371.0,99523482.53
2026-05-14 07:30:00,29523.41,29555.59,29489.3,29496.64,2844.0,83888444.16
2026-05-14 08:00:00,29496.97,29551.3,29471.39,29517.4,4231.0,124888119.4
2026-05-14 08:30:00,29516.92,29535.46,29469.7,29498.69,3365.0,99263091.85
2026-05-14 09:00:00,29498.89,29511.42,29451.51,29458.21,3352.0,98743919.92
2026-05-14 09:30:00,29457.78,29467.29,29404.59,29456.59,3593.0,105837527.87
2026-05-14 10:00:00,29455.63,29515.94,29453.93,29470.87,4112.0,121184217.44
2026-05-14 10:30:00,29471.0,29489.43,29438.32,29468.09,3285.0,96802675.65
2026-05-14 11:00:00,29467.64,29499.68,29432.02,29447.07,3377.0,99442755.39
2026-05-14 11:30:00,29447.09,29485.25,29447.09,29460.22,2738.0,80662082.36
2026-05-14 12:00:00,29460.94,29495.16,29456.53,29481.59,3112.0,91746708.08
2026-05-14 12:30:00,29482.1,29484.64,29398.88,29415.38,4227.0,124338811.26
2026-05-14 13:00:00,29414.94,29420.3,29369.4,29395.79,5260.0,154621855.4
2026-05-14 13:30:00,29396.62,29604.43,29379.01,29461.09,24689.0,727364851.01
2026-05-14 14:00:00,29461.61,29586.28,29453.92,29542.73,18946.0,559716562.58
2026-05-14 14:30:00,29542.37,29648.91,29528.28,29592.07,10690.0,316339228.3
2026-05-14 15:00:00,29592.52,29691.57,29583.73,29674.3,6867.0,203773418.1
2026-05-14 15:30:00,29674.82,29687.45,29644.22,29671.72,6084.0,180522744.48000002
2026-05-14 16:00:00,29672.02,29697.29,29630.36,29642.01,5501.0,163060697.01
2026-05-14 16:30:00,29642.39,29658.36,29609.91,29643.16,9018.0,267322016.88
2026-05-14 17:00:00,29643.07,29669.65,29512.25,29564.78,13187.0,389870753.86
2026-05-14 17:30:00,29564.44,29668.77,29553.82,29647.31,7228.0,214290756.68
2026-05-14 18:00:00,29647.74,29647.74,29557.49,29590.64,9775.0,289248506.0
2026-05-14 18:30:00,29590.18,29633.89,29572.69,29625.07,4908.0,145399843.56
2026-05-14 19:00:00,29625.43,29649.67,29609.48,29615.29,4395.0,130159199.55
2026-05-14 19:30:00,29614.76,29651.15,29595.62,29603.25,5508.0,163054701.0
2026-05-14 20:00:00,29602.82,29653.79,29590.95,29597.82,3922.0,116082650.03999999
2026-05-14 20:30:00,29598.06,29607.63,29552.82,29605.46,2608.0,77211039.67999999
2026-05-14 22:00:00,29606.69,29636.09,29589.09,29617.11,2300.0,68119353.0
2026-05-14 22:30:00,29616.89,29638.85,29615.75,29626.19,1507.0,44646668.33
2026-05-14 23:00:00,29626.25,29643.79,29624.99,29642.08,1408.0,41736048.64
2026-05-14 23:30:00,29642.39,29651.13,29593.61,29605.89,2191.0,64866504.99
2026-05-15 00:00:00,29605.7,29644.64,29574.48,29639.03,4146.0,122883418.38
2026-05-15 00:30:00,29639.54,29640.0,29555.06,29601.57,4197.0,124237789.28999999
2026-05-15 01:00:00,29601.19,29608.82,29499.22,29499.59,4905.0,144695488.95
2026-05-15 01:30:00,29498.92,29522.04,29430.0,29436.2,7099.0,208967583.8
2026-05-15 02:00:00,29436.58,29472.81,29411.68,29443.46,5936.0,174776378.56
2026-05-15 02:30:00,29442.98,29515.48,29421.43,29498.73,4860.0,143363827.8
2026-05-15 03:00:00,29498.49,29510.77,29481.92,29489.46,3382.0,99733353.72
2026-05-15 03:30:00,29489.07,29502.66,29449.25,29481.74,3790.0,111735794.60000001
2026-05-15 04:00:00,29481.75,29481.75,29433.22,29437.84,2992.0,88078017.28
2026-05-15 04:30:00,29437.54,29454.14,29372.26,29378.51,4102.0,120510648.02
2026-05-15 05:00:00,29378.99,29381.38,29327.05,29358.16,5478.0,160824000.48
2026-05-15 05:30:00,29358.52,29360.13,29204.68,29204.86,6917.0,202010016.62
2026-05-15 06:00:00,29204.38,29277.91,29172.55,29232.12,9066.0,265018399.92
2026-05-15 06:30:00,29231.82,29339.27,29223.35,29328.88,5937.0,174125560.56
2026-05-15 07:00:00,29330.81,29393.68,29320.52,29381.54,5555.0,163214454.70000002
2026-05-15 07:30:00,29381.74,29384.65,29302.74,29330.68,4816.0,141256554.88
2026-05-15 08:00:00,29330.9,29337.41,29144.28,29154.57,8575.0,250000437.75
2026-05-15 08:30:00,29153.99,29223.78,29113.6,29188.3,8616.0,251486392.79999998
2026-05-15 09:00:00,29188.81,29212.35,29113.89,29176.39,6997.0,204147200.82999998
2026-05-15 09:30:00,29175.89,29185.57,29103.5,29149.99,7744.0,225737522.56
2026-05-15 10:00:00,29150.3,29236.47,29125.82,29199.52,6889.0,201155493.28
2026-05-15 10:30:00,29199.31,29296.84,29172.32,29255.29,8414.0,246154010.06
2026-05-15 11:00:00,29254.81,29279.63,29217.36,29230.06,5819.0,170089719.14000002
2026-05-15 11:30:00,29230.33,29242.25,29176.74,29178.39,5321.0,155258213.19
2026-05-15 12:00:00,29178.69,29179.25,29097.71,29123.66,6946.0,202292942.35999998
2026-05-15 12:30:00,29123.98,29129.12,29069.42,29116.44,7012.0,204164477.28
2026-05-15 13:00:00,29116.89,29211.79,29079.68,29205.1,7315.0,213635306.5
2026-05-15 13:30:00,29205.64,29215.01,29010.03,29065.5,42726.0,1241852553.0
2026-05-15 14:00:00,29064.86,29302.3,29052.3,29212.09,29613.0,865057621.17
2026-05-15 14:30:00,29211.69,29279.41,29167.21,29200.23,22767.0,664801636.41
2026-05-15 15:00:00,29200.57,29279.74,29160.6,29251.87,17648.0,516237001.76
2026-05-15 15:30:00,29252.46,29299.27,29131.54,29201.57,17054.0,498003574.78
2026-05-15 16:00:00,29201.95,29256.56,29172.41,29252.96,12042.0,352264144.32
2026-05-15 16:30:00,29253.57,29271.22,29200.14,29244.2,8901.0,260302624.20000002
2026-05-15 17:00:00,29243.64,29349.65,29232.42,29338.15,7410.0,217395691.5
2026-05-15 17:30:00,29337.6,29370.46,29325.61,29368.2,6088.0,178793601.6
2026-05-15 18:00:00,29368.71,29406.97,29297.14,29304.64,8315.0,243668081.6
2026-05-15 18:30:00,29304.94,29326.19,29236.76,29309.35,9273.0,271785602.55
2026-05-15 19:00:00,29309.77,29317.72,29205.5,29214.3,9231.0,269677203.3
2026-05-15 19:30:00,29213.88,29263.15,29133.89,29158.43,10520.0,306746683.6
2026-05-15 20:00:00,29158.06,29158.06,29036.51,29101.48,9436.0,274601565.28
2026-05-15 20:30:00,29101.7,29105.6,29091.84,29100.1,2138.0,62216013.8
2026-05-17 22:00:00,29081.39,29220.84,29077.12,29158.03,7728.0,225333255.84
2026-05-17 22:30:00,29158.43,29209.39,29133.86,29168.26,5496.0,160308756.95999998
2026-05-17 23:00:00,29168.64,29183.55,29064.08,29076.3,7234.0,210337954.2
2026-05-17 23:30:00,29075.29,29100.82,28948.04,29054.46,10604.0,308093493.84
2026-05-18 00:00:00,29053.93,29080.05,28874.09,28947.07,20844.0,603372727.08
2026-05-18 00:30:00,28946.69,28973.96,28882.13,28969.66,12283.0,355834333.78
2026-05-18 01:00:00,28969.13,28986.58,28876.92,28893.88,12170.0,351638519.6
2026-05-18 01:30:00,28894.32,28985.2,28862.91,28958.38,8675.0,251213946.5
2026-05-18 02:00:00,28957.82,29029.5,28928.18,29026.56,6179.0,179355114.24
2026-05-18 02:30:00,29026.11,29027.09,28932.29,28945.91,5348.0,154802726.68
2026-05-18 03:00:00,28946.4,28996.54,28943.91,28974.57,4938.0,143076426.66
2026-05-18 03:30:00,28974.15,29005.87,28938.98,28990.78,5234.0,151737742.51999998
2026-05-18 04:00:00,28991.16,29051.28,28958.37,28964.21,4463.0,129267269.22999999
2026-05-18 04:30:00,28963.75,29020.69,28955.82,28985.59,4469.0,129536601.71
2026-05-18 05:00:00,28985.57,29032.54,28956.87,28997.92,5151.0,149368285.92
2026-05-18 05:30:00,28997.92,29022.14,28975.8,28977.85,5240.0,151843934.0
2026-05-18 06:00:00,28977.62,28991.97,28935.95,28939.56,5348.0,154768766.88
2026-05-18 06:30:00,28939.14,29046.91,28925.69,29045.69,5091.0,147871607.79
2026-05-18 07:00:00,29046.0,29087.58,28994.0,29084.27,6066.0,176425181.82
2026-05-18 07:30:00,29084.24,29110.07,29003.41,29054.88,6925.0,201205044.0
2026-05-18 08:00:00,29055.37,29159.86,29055.37,29156.07,5418.0,157967587.26
2026-05-18 08:30:00,29156.56,29177.17,29122.64,29175.49,4203.0,122624584.47000001
2026-05-18 09:00:00,29175.92,29183.07,29118.51,29137.11,3553.0,103524151.83
2026-05-18 09:30:00,29136.9,29147.6,29103.76,29124.34,3978.0,115856624.52
2026-05-18 10:00:00,29124.83,29129.7,29052.07,29069.8,4388.0,127558282.39999999
2026-05-18 10:30:00,29070.26,29078.61,29015.49,29054.96,4171.0,121188238.16
2026-05-18 11:00:00,29055.44,29063.97,28986.81,29024.58,5037.0,146196809.46
2026-05-18 11:30:00,29024.33,29208.52,29022.31,29112.1,10239.0,298078791.9
2026-05-18 12:00:00,29112.65,29172.83,29106.31,29135.79,5699.0,166044867.21
2026-05-18 12:30:00,29136.07,29353.71,29121.98,29342.58,11063.0,324616962.54
2026-05-18 13:00:00,29343.03,29352.98,29275.22,29275.22,7482.0,219037196.04000002
2026-05-18 13:30:00,29275.74,29291.85,29071.64,29175.67,46179.0,1347303264.9299998
2026-05-18 14:00:00,29176.24,29232.73,29064.81,29089.14,34859.0,1014018331.26
2026-05-18 14:30:00,29088.64,29109.4,28906.0,29016.16,35887.0,1041302933.92
2026-05-18 15:00:00,29016.64,29060.21,28891.22,28893.93,27245.0,787215122.85
2026-05-18 15:30:00,28894.31,28999.45,28876.35,28931.06,18831.0,544800790.86
2026-05-18 16:00:00,28930.49,29006.92,28793.6,28812.3,16998.0,489751475.4
2026-05-18 16:30:00,28812.78,28979.72,28777.1,28940.24,17927.0,518811682.48
2026-05-18 17:00:00,28939.7,28971.34,28901.47,28944.02,12543.0,363044842.86
2026-05-18 17:30:00,28944.24,28964.0,28894.77,28947.72,11821.0,342190998.12
2026-05-18 18:00:00,28948.14,28954.49,28770.25,28827.23,14765.0,425634050.95
2026-05-18 18:30:00,28827.68,28849.96,28749.97,28777.47,12560.0,361445023.2
2026-05-18 19:00:00,28777.97,29003.24,28772.65,28852.76,21669.0,625210456.4399999
2026-05-18 19:30:00,28853.31,29042.82,28844.94,29028.37,13315.0,386512746.55
2026-05-18 20:00:00,29027.94,29039.54,28999.13,29016.46,4148.0,120360276.08
2026-05-18 20:30:00,29016.46,29024.23,29001.91,29007.68,2363.0,68545147.84
2026-05-18 22:00:00,29044.7,29098.16,29031.03,29091.19,3993.0,116161121.67
2026-05-18 22:30:00,29091.64,29107.07,29067.49,29091.67,2539.0,73863750.13
2026-05-18 23:00:00,29091.92,29118.33,29079.7,29095.98,2857.0,83127214.86
2026-05-18 23:30:00,29096.44,29098.77,29048.09,29068.83,3065.0,89095963.95
2026-05-19 00:00:00,29068.41,29122.14,29021.48,29095.55,9815.0,285572823.25
2026-05-19 00:30:00,29095.75,29107.1,29013.12,29018.18,5730.0,166274171.4
2026-05-19 01:00:00,29018.48,29029.13,28923.99,28957.24,7611.0,220393553.64000002
2026-05-19 01:30:00,28956.64,29012.88,28932.42,28948.18,6402.0,185326248.36
2026-05-19 02:00:00,28947.74,28947.74,28865.19,28907.79,6919.0,200012999.01000002
2026-05-19 02:30:00,28907.41,28948.17,28899.07,28906.85,4841.0,139938060.85
2026-05-19 03:00:00,28906.65,28948.76,28879.76,28944.52,4090.0,118383086.8
2026-05-19 03:30:00,28944.48,28973.21,28916.72,28925.04,4285.0,123943796.4
2026-05-19 04:00:00,28925.02,28925.83,28839.86,28862.71,5433.0,156811103.43
2026-05-19 04:30:00,28863.07,28909.09,28859.62,28895.9,4615.0,133354578.5
2026-05-19 05:00:00,28896.35,28910.79,28820.32,28893.13,6132.0,177172673.16
2026-05-19 05:30:00,28893.21,28904.56,28855.63,28870.73,5662.0,163466073.26
2026-05-19 06:00:00,28871.21,28930.46,28840.66,28919.35,5978.0,172879874.29999998
2026-05-19 06:30:00,28918.79,28956.24,28901.01,28955.79,4342.0,125726040.18
2026-05-19 07:00:00,28956.28,29020.11,28941.59,28997.7,5127.0,148671207.9
2026-05-19 07:30:00,28997.28,29060.52,28978.23,29038.05,4768.0,138453422.4
2026-05-19 08:00:00,29038.34,29052.83,28909.81,28925.68,6024.0,174248296.32
2026-05-19 08:30:00,28926.14,28969.27,28919.25,28940.98,4253.0,123085987.94
2026-05-19 09:00:00,28940.9,28941.22,28829.53,28837.46,5492.0,158375330.32
2026-05-19 09:30:00,28837.86,28865.76,28775.26,28850.56,6821.0,196789669.76000002
2026-05-19 10:00:00,28850.2,28857.22,28810.72,28839.18,4351.0,125479272.18
2026-05-19 10:30:00,28839.5,28866.3,28775.56,28859.67,6795.0,196101457.64999998
2026-05-19 11:00:00,28859.35,28885.82,28830.21,28847.46,5335.0,153901199.1
2026-05-19 11:30:00,28847.47,28877.61,28789.99,28789.99,4871.0,140236041.29000002
2026-05-19 12:00:00,28790.96,28824.66,28767.6,28802.79,5685.0,163743861.15
2026-05-19 12:30:00,28801.99,28873.23,28795.63,28848.89,4900.0,141359561.0
2026-05-19 13:00:00,28848.36,28860.96,28739.88,28785.46,9535.0,274469361.09999996
2026-05-19 13:30:00,28786.0,29003.32,28785.12,28870.43,53001.0,1530161660.43
2026-05-19 14:00:00,28871.2,28879.42,28599.29,28647.61,40030.0,1146763828.3
2026-05-19 14:30:00,28647.15,28741.72,28611.19,28739.31,28037.0,805764034.47
2026-05-19 15:00:00,28739.64,28794.82,28662.92,28707.19,21566.0,619099259.54
2026-05-19 15:30:00,28706.81,28813.38,28693.8,28752.51,17750.0,510357052.5
2026-05-19 16:00:00,28752.95,28858.36,28728.0,28846.74,15000.0,432701100.0
2026-05-19 16:30:00,28846.26,28970.73,28838.59,28957.06,11547.0,334367171.82
2026-05-19 17:00:00,28957.59,29062.32,28947.48,29018.76,8688.0,252114986.88
2026-05-19 17:30:00,29019.07,29054.95,28944.78,29005.4,10828.0,314070471.2
2026-05-19 18:00:00,29005.97,29037.73,28948.13,28959.81,9057.0,262288999.17000002
2026-05-19 18:30:00,28960.11,28998.32,28878.33,28896.05,10589.0,305980273.45
2026-05-19 19:00:00,28895.55,28994.81,28860.29,28912.75,11188.0,323475847.0
2026-05-19 19:30:00,28913.28,28939.56,28803.39,28859.58,12662.0,365420001.96000004
2026-05-19 20:00:00,28860.05,28878.27,28834.47,28844.63,4584.0,132223783.92
2026-05-19 20:30:00,28845.14,28847.44,28823.67,28835.38,2342.0,67532459.96000001
2026-05-19 22:00:00,28868.71,28895.25,28805.63,28815.43,3567.0,102784638.81
2026-05-19 22:30:00,28815.71,28852.6,28808.72,28850.07,3124.0,90127618.67999999
2026-05-19 23:00:00,28850.29,28912.19,28842.88,28908.59,2462.0,71172948.58
2026-05-19 23:30:00,28908.65,28962.8,28885.07,28890.06,3436.0,99266246.16000001
2026-05-20 00:00:00,28889.58,28889.58,28738.39,28832.7,11368.0,327770133.6
2026-05-20 00:30:00,28832.22,28910.96,28830.4,28877.53,9764.0,281960202.92
2026-05-20 01:00:00,28878.73,28923.36,28840.63,28848.5,8914.0,257155529.0
2026-05-20 01:30:00,28848.06,28937.11,28797.34,28919.42,9649.0,279043483.58
2026-05-20 02:00:00,28919.88,28955.35,28896.59,28896.59,6266.0,181066032.94
2026-05-20 02:30:00,28896.48,28896.57,28805.52,28824.12,7986.0,230189422.32
2026-05-20 03:00:00,28823.95,28829.3,28778.61,28822.23,5273.0,151979618.79
2026-05-20 03:30:00,28821.03,28852.9,28797.3,28834.83,4641.0,133822446.03
2026-05-20 04:00:00,28835.37,28888.43,28835.37,28869.59,4154.0,119924276.86
2026-05-20 04:30:00,28869.07,28871.17,28810.12,28822.17,3613.0,104134500.21
2026-05-20 05:00:00,28821.68,28881.41,28821.68,28851.82,5079.0,146538393.78
2026-05-20 05:30:00,28852.24,28920.62,28852.24,28894.1,5020.0,145048382.0
2026-05-20 06:00:00,28894.43,28966.24,28889.72,28951.35,5195.0,150402263.25
2026-05-20 06:30:00,28950.81,28978.33,28923.77,28978.28,3855.0,111711269.39999999
2026-05-20 07:00:00,28978.18,29003.69,28962.95,28994.46,4665.0,135259155.9
2026-05-20 07:30:00,28994.37,28997.53,28954.27,28966.05,3757.0,108825449.85
2026-05-20 08:00:00,28966.6,29033.99,28963.24,29030.58,5109.0,148317233.22
2026-05-20 08:30:00,29031.09,29075.38,29026.97,29038.18,3837.0,111419496.66
2026-05-20 09:00:00,29037.74,29039.28,29005.21,29024.97,3108.0,90209606.76
2026-05-20 09:30:00,29024.75,29086.95,29022.03,29061.74,3011.0,87504899.14
2026-05-20 10:00:00,29061.68,29093.2,29058.28,29064.7,2884.0,83822594.8
2026-05-20 10:30:00,29065.08,29096.41,29041.43,29046.02,3258.0,94631933.16
2026-05-20 11:00:00,29045.55,29065.92,29030.68,29058.65,3589.0,104291494.85000001
2026-05-20 11:30:00,29058.89,29067.32,29002.21,29019.27,4068.0,118050390.36
2026-05-20 12:00:00,29018.46,29098.03,29011.23,29084.59,3753.0,109154466.27
2026-05-20 12:30:00,29085.12,29106.09,29040.18,29041.04,4261.0,123743871.44
2026-05-20 13:00:00,29040.78,29055.32,28994.34,29010.2,4813.0,139626092.6
2026-05-20 13:30:00,29010.64,29131.45,28960.88,29036.9,43032.0,1249515880.8
2026-05-20 14:00:00,29037.3,29168.76,28945.32,29145.88,31749.0,925352544.12
2026-05-20 14:30:00,29145.54,29218.1,29112.37,29199.76,18636.0,544166727.36
2026-05-20 15:00:00,29200.4,29333.65,29171.26,29231.93,15502.0,453153378.86
2026-05-20 15:30:00,29232.41,29296.97,29228.62,29270.42,8838.0,258691971.95999998
2026-05-20 16:00:00,29270.86,29275.89,29150.62,29175.17,10135.0,295690347.95
2026-05-20 16:30:00,29175.54,29235.89,29161.6,29202.56,10652.0,311065669.12
2026-05-20 17:00:00,29203.08,29245.26,29170.04,29234.83,8837.0,258348192.71
2026-05-20 17:30:00,29235.12,29264.8,29214.29,29241.54,5627.0,164542145.58
2026-05-20 18:00:00,29242.09,29264.52,29217.11,29246.35,6391.0,186913422.85
2026-05-20 18:30:00,29246.88,29284.69,29229.49,29241.19,5095.0,148983863.04999998
2026-05-20 19:00:00,29241.07,29289.76,29238.97,29281.16,3999.0,117095358.84
2026-05-20 19:30:00,29280.99,29335.79,29267.19,29334.0,6080.0,178350720.0
2026-05-20 20:00:00,29334.53,29336.15,29188.21,29313.54,14096.0,413203659.84000003
2026-05-20 20:30:00,29313.98,29318.69,29192.91,29217.51,7239.0,211505554.89
2026-05-20 22:00:00,29195.08,29218.22,29054.07,29110.5,6707.0,195244123.5
2026-05-20 22:30:00,29110.27,29131.6,29101.25,29130.55,3071.0,89459919.05
2026-05-20 23:00:00,29130.72,29163.93,29107.91,29121.15,2918.0,84975515.7
2026-05-20 23:30:00,29120.93,29148.3,29113.41,29132.2,2833.0,82531522.60000001
2026-05-21 00:00:00,29131.54,29157.47,29111.21,29133.62,5997.0,174714319.14
2026-05-21 00:30:00,29133.51,29172.07,29121.7,29160.65,2982.0,86957058.3
2026-05-21 01:00:00,29160.88,29234.68,29160.88,29211.05,3079.0,89940822.95
2026-05-21 01:30:00,29209.24,29259.81,29202.72,29252.36,3469.0,101476436.84
2026-05-21 02:00:00,29252.83,29316.4,29252.45,29295.67,3000.0,87887010.0
2026-05-21 02:30:00,29295.45,29297.1,29259.21,29268.29,2715.0,79463407.35000001
2026-05-21 03:00:00,29268.4,29305.45,29265.55,29298.77,2375.0,69584578.75
2026-05-21 03:30:00,29299.05,29320.64,29290.82,29301.31,2299.0,67363711.69
2026-05-21 04:00:00,29301.32,29352.69,29299.37,29347.84,1949.0,57198940.160000004
2026-05-21 04:30:00,29347.54,29364.24,29320.67,29358.46,2142.0,62885821.32
2026-05-21 05:00:00,29358.86,29378.68,29330.59,29335.89,2835.0,83167248.14999999
2026-05-21 05:30:00,29336.41,29338.2,29237.66,29306.68,4545.0,133198860.6
2026-05-21 06:00:00,29306.33,29332.41,29280.92,29306.2,4280.0,125430536.0
2026-05-21 06:30:00,29306.58,29316.59,29219.19,29240.71,4166.0,121816797.86
2026-05-21 07:00:00,29240.21,29244.6,29146.35,29198.38,6397.0,186782036.86
2026-05-21 07:30:00,29197.7,29272.3,29195.12,29261.32,3330.0,97440195.6
2026-05-21 08:00:00,29261.6,29401.97,29250.37,29352.42,6200.0,181985004.0
2026-05-21 08:30:00,29353.22,29354.95,29289.56,29313.48,4641.0,136043860.68
2026-05-21 09:00:00,29313.04,29368.29,29307.11,29358.48,3701.0,108655734.48
2026-05-21 09:30:00,29358.0,29367.83,29313.69,29320.17,3071.0,90042242.07
2026-05-21 10:00:00,29320.11,29332.26,29182.26,29210.96,5648.0,164983502.07999998
2026-05-21 10:30:00,29211.31,29235.63,29132.37,29185.32,9790.0,285724282.8
2026-05-21 11:00:00,29185.85,29232.22,29144.34,29215.09,5549.0,162114534.41
2026-05-21 11:30:00,29214.76,29225.94,29179.36,29192.56,3895.0,113705021.2
2026-05-21 12:00:00,29193.06,29207.26,29159.86,29181.41,4654.0,135810282.14
2026-05-21 12:30:00,29181.86,29230.61,29125.63,29133.56,7197.0,209674231.32000002
2026-05-21 13:00:00,29132.5,29178.9,29119.92,29152.72,7179.0,209287376.88
2026-05-21 13:30:00,29153.81,29253.8,29114.06,29227.22,40625.0,1187355812.5
2026-05-21 14:00:00,29227.79,29277.95,29067.25,29130.19,29610.0,862544925.9
2026-05-21 14:30:00,29129.69,29193.8,29106.3,29175.43,21667.0,632144041.8100001
2026-05-21 15:00:00,29175.03,29200.76,29079.29,29174.73,17137.0,499967348.01
2026-05-21 15:30:00,29175.07,29243.06,29116.16,29206.73,11121.0,324808044.33
2026-05-21 16:00:00,29207.24,29249.94,29156.18,29187.11,9459.0,276080873.49
2026-05-21 16:30:00,29187.03,29211.97,29148.17,29197.24,7559.0,220701937.16000003
2026-05-21 17:00:00,29197.38,29416.04,29197.38,29352.97,13893.0,407800812.21000004
2026-05-21 17:30:00,29352.41,29493.07,29348.32,29436.61,9523.0,280324837.03000003
2026-05-21 18:00:00,29437.08,29461.22,29370.55,29398.3,9553.0,280841959.9
2026-05-21 18:30:00,29398.61,29409.12,29236.72,29277.48,12231.0,358092857.88
2026-05-21 19:00:00,29277.86,29379.06,29276.16,29368.26,8285.0,243316034.1
2026-05-21 19:30:00,29367.82,29402.95,29340.28,29384.16,8620.0,253291459.2
2026-05-21 20:00:00,29384.57,29411.05,29373.77,29387.39,3457.0,101592207.23
2026-05-21 20:30:00,29387.56,29404.31,29385.02,29394.71,1540.0,45267853.4
2026-05-21 22:00:00,29396.29,29465.01,29393.09,29450.38,3317.0,97686910.46000001
2026-05-21 22:30:00,29450.43,29487.98,29434.97,29482.71,2556.0,75357806.75999999
2026-05-21 23:00:00,29482.99,29496.96,29480.21,29483.16,1540.0,45404066.4
2026-05-21 23:30:00,29483.42,29516.75,29479.83,29495.13,2078.0,61290880.14
2026-05-22 00:00:00,29495.81,29543.61,29479.67,29516.82,4978.0,146934729.96
2026-05-22 00:30:00,29516.8,29547.81,29510.22,29510.25,3271.0,96528027.75
2026-05-22 01:00:00,29509.79,29523.09,29482.51,29490.07,3674.0,108346517.17999999
2026-05-22 01:30:00,29489.65,29498.16,29438.5,29474.56,3649.0,107552669.44
2026-05-22 02:00:00,29474.22,29487.25,29453.64,29457.37,3008.0,88607768.96
2026-05-22 02:30:00,29457.06,29500.03,29454.35,29493.86,2417.0,71286659.62
2026-05-22 03:00:00,29493.79,29497.77,29472.92,29489.54,2411.0,71099280.94
2026-05-22 03:30:00,29489.74,29517.77,29489.74,29517.36,2050.0,60510588.0
2026-05-22 04:00:00,29517.38,29538.04,29517.38,29533.1,2034.0,60070325.4
2026-05-22 04:30:00,29533.07,29542.32,29509.69,29537.28,2015.0,59517619.199999996
2026-05-22 05:00:00,29537.09,29551.09,29519.48,29531.34,2367.0,69900681.78
2026-05-22 05:30:00,29531.53,29539.62,29487.12,29491.26,3141.0,92632047.66
2026-05-22 06:00:00,29490.82,29518.37,29478.87,29508.68,3752.0,110716567.36
2026-05-22 06:30:00,29508.36,29537.36,29498.08,29506.75,3023.0,89198905.25
2026-05-22 07:00:00,29507.27,29524.02,29472.48,29518.39,3671.0,108362009.69
2026-05-22 07:30:00,29518.97,29529.24,29477.37,29526.99,3095.0,91386034.05000001
2026-05-22 08:00:00,29527.51,29608.95,29527.16,29576.91,4286.0,126766636.26
2026-05-22 08:30:00,29576.42,29578.71,29507.07,29508.55,3814.0,112545609.7
2026-05-22 09:00:00,29508.95,29509.88,29430.16,29440.46,4285.0,126152371.1
2026-05-22 09:30:00,29440.87,29493.16,29421.69,29470.49,3324.0,97959908.76
2026-05-22 10:00:00,29470.42,29470.98,29393.4,29398.8,3838.0,112832594.39999999
2026-05-22 10:30:00,29398.98,29422.07,29381.87,29409.41,3557.0,104609271.37
2026-05-22 11:00:00,29408.34,29438.86,29396.86,29415.24,3501.0,102982755.24000001
2026-05-22 11:30:00,29414.72,29470.13,29406.35,29450.66,3621.0,106640839.86
2026-05-22 12:00:00,29450.24,29524.89,29437.86,29490.33,6185.0,182397691.05
2026-05-22 12:30:00,29490.58,29536.9,29486.9,29536.39,3270.0,96583995.3
2026-05-22 13:00:00,29535.54,29545.03,29490.54,29522.33,4888.0,144305149.04000002
2026-05-22 13:30:00,29521.79,29656.93,29495.41,29583.19,24427.0,722628582.13
2026-05-22 14:00:00,29583.68,29583.68,29432.59,29505.41,19655.0,579928833.55
2026-05-22 14:30:00,29505.86,29596.03,29495.32,29588.88,9125.0,269998530.0
2026-05-22 15:00:00,29589.29,29650.27,29586.49,29650.27,5454.0,161712572.58
2026-05-22 15:30:00,29649.96,29655.46,29602.27,29630.07,4955.0,146816996.85
2026-05-22 16:00:00,29629.77,29635.54,29582.33,29607.99,5162.0,152836444.38
2026-05-22 16:30:00,29608.43,29618.86,29575.15,29613.33,4719.0,139745304.27
2026-05-22 17:00:00,29613.64,29678.17,29588.95,29677.81,5355.0,158924672.55
2026-05-22 17:30:00,29678.36,29688.57,29604.51,29620.6,6220.0,184240132.0
2026-05-22 18:00:00,29620.93,29630.39,29589.88,29602.77,4625.0,136912811.25
2026-05-22 18:30:00,29602.26,29615.76,29566.44,29591.87,4501.0,133193006.86999999
2026-05-22 19:00:00,29591.33,29602.02,29485.22,29492.56,6873.0,202702364.88
2026-05-22 19:30:00,29492.11,29528.7,29474.05,29492.58,7154.0,210989917.32000002
2026-05-22 20:00:00,29493.03,29519.08,29481.96,29490.53,3183.0,93868356.99
2026-05-22 20:30:00,29490.87,29493.74,29444.11,29478.09,2830.0,83422994.7
2026-05-24 22:00:00,29636.07,29736.32,29635.69,29725.73,5813.0,172795668.49
2026-05-24 22:30:00,29725.96,29775.96,29725.96,29759.09,2615.0,77820020.35
2026-05-24 23:00:00,29759.27,29781.89,29756.87,29762.45,1820.0,54167659.0
2026-05-24 23:30:00,29762.74,29833.78,29762.74,29795.49,3425.0,102049553.25
2026-05-25 00:00:00,29795.04,29843.68,29779.55,29837.67,3460.0,103238338.19999999
2026-05-25 00:30:00,29837.19,29889.27,29836.71,29867.81,3102.0,92649946.62
2026-05-25 01:00:00,29868.17,29881.29,29859.3,29879.29,2616.0,78164222.64
2026-05-25 01:30:00,29879.54,29900.79,29874.16,29877.09,2147.0,64146112.23
2026-05-25 02:00:00,29877.2,29886.95,29860.1,29866.29,1912.0,57104346.480000004
2026-05-25 02:30:00,29866.74,29912.54,29855.91,29910.43,1966.0,58803905.38
2026-05-25 03:00:00,29910.15,29940.31,29908.33,29918.14,2683.0,80270369.62
2026-05-25 03:30:00,29918.57,29926.96,29910.21,29914.83,1867.0,55850987.61000001
2026-05-25 04:00:00,29915.02,29928.91,29914.59,29922.58,1411.0,42220760.38
2026-05-25 04:30:00,29922.51,29938.1,29914.22,29927.02,1399.0,41867900.980000004
2026-05-25 05:00:00,29926.95,29946.74,29926.39,29936.17,1494.0,44724637.98
2026-05-25 05:30:00,29935.69,29946.13,29920.91,29921.3,1474.0,44103996.199999996
2026-05-25 06:00:00,29921.11,29933.23,29902.07,29920.76,1843.0,55143960.68
2026-05-25 06:30:00,29921.17,29937.07,29912.76,29920.08,1908.0,57087512.64
2026-05-25 07:00:00,29921.04,29925.01,29841.81,29882.73,3270.0,97716527.1
2026-05-25 07:30:00,29883.42,29939.13,29879.98,29924.58,2633.0,78791419.14
2026-05-25 08:00:00,29924.25,29926.88,29880.31,29885.94,2204.0,65868611.76
2026-05-25 08:30:00,29885.89,29916.06,29880.27,29915.49,1631.0,48792164.190000005
2026-05-25 09:00:00,29916.04,29928.87,29910.59,29914.77,1416.0,42359314.32
2026-05-25 09:30:00,29914.98,29925.02,29907.2,29908.56,1474.0,44085217.440000005
2026-05-25 10:00:00,29908.36,29922.99,29899.57,29915.47,1484.0,44394557.480000004
2026-05-25 10:30:00,29915.28,29927.03,29910.21,29924.67,1220.0,36508097.4
2026-05-25 11:00:00,29924.66,29934.77,29918.31,29929.55,1296.0,38788696.8
2026-05-25 11:30:00,29929.29,29942.2,29922.98,29924.94,1467.0,43899886.98
2026-05-25 12:00:00,29925.17,29940.67,29912.98,29917.9,1835.0,54899346.5
2026-05-25 12:30:00,29918.22,29920.06,29891.27,29892.82,1642.0,49084010.44
2026-05-25 13:00:00,29892.51,29905.88,29889.28,29891.81,1357.0,40563186.17
2026-05-25 13:30:00,29891.81,29944.5,29891.46,29944.02,2265.0,67823205.3
2026-05-25 14:00:00,29944.46,29944.52,29891.41,29893.59,2274.0,67978023.66
2026-05-25 14:30:00,29894.02,29895.98,29861.26,29880.18,2328.0,69561059.04
2026-05-25 15:00:00,29879.76,29943.95,29876.44,29885.3,3735.0,111621595.5
2026-05-25 15:30:00,29884.98,29891.5,29867.01,29873.86,1957.0,58463144.02
2026-05-25 16:00:00,29874.3,29886.66,29864.5,29874.56,1539.0,45976947.84
2026-05-25 16:30:00,29874.82,29917.49,29872.3,29914.52,1990.0,59529894.800000004
2026-05-25 22:00:00,29924.41,29929.13,29865.86,29892.02,3578.0,106953647.56
2026-05-25 22:30:00,29891.8,29891.8,29834.87,29844.52,3276.0,97770647.52
2026-05-25 23:00:00,29844.53,29854.62,29789.08,29794.38,2839.0,84586244.82000001
2026-05-25 23:30:00,29794.67,29853.58,29790.19,29833.11,2556.0,76253429.16
2026-05-26 00:00:00,29832.93,29834.89,29755.12,29797.8,5757.0,171545934.6
2026-05-26 00:30:00,29797.99,29810.01,29762.88,29776.24,3258.0,97010989.92
2026-05-26 01:00:00,29775.72,29788.62,29748.59,29756.29,4131.0,122923233.99000001
2026-05-26 01:30:00,29756.62,29770.84,29725.06,29765.59,3453.0,102780582.27
2026-05-26 02:00:00,29766.03,29782.25,29751.5,29767.57,2615.0,77842195.55
2026-05-26 02:30:00,29768.23,29778.55,29755.66,29771.66,2312.0,68832077.92
2026-05-26 03:00:00,29772.13,29780.48,29756.79,29778.98,2069.0,61612709.62
2026-05-26 03:30:00,29779.22,29782.55,29760.02,29774.1,1852.0,55141633.199999996
2026-05-26 04:00:00,29774.17,29782.82,29760.0,29767.15,1665.0,49562304.75
2026-05-26 04:30:00,29766.93,29777.09,29747.81,29754.97,1888.0,56177383.36
2026-05-26 05:00:00,29754.62,29766.01,29738.05,29762.06,2201.0,65506294.06
2026-05-26 05:30:00,29761.81,29770.02,29748.1,29760.05,2149.0,63954347.449999996
2026-05-26 06:00:00,29760.56,29799.12,29754.34,29770.85,2351.0,69991268.35
2026-05-26 06:30:00,29770.3,29795.96,29764.23,29779.2,2244.0,66824524.800000004
2026-05-26 07:00:00,29779.06,29783.8,29715.03,29726.46,3937.0,117033073.02
2026-05-26 07:30:00,29726.09,29749.69,29698.63,29728.09,3320.0,98697258.8
2026-05-26 08:00:00,29728.32,29746.75,29712.66,29745.31,3220.0,95779898.2
2026-05-26 08:30:00,29744.45,29764.45,29727.29,29762.46,2556.0,76072847.75999999
2026-05-26 09:00:00,29762.89,29797.56,29759.15,29793.19,2484.0,74006283.96
2026-05-26 09:30:00,29793.15,29804.51,29784.42,29801.15,2083.0,62075795.45
2026-05-26 10:00:00,29801.64,29856.73,29798.41,29851.75,2286.0,68241100.5
2026-05-26 10:30:00,29852.0,29868.9,29808.45,29808.89,2747.0,81885020.83
2026-05-26 11:00:00,29808.73,29820.36,29794.17,29813.09,2486.0,74115341.74
2026-05-26 11:30:00,29813.47,29828.08,29772.61,29819.74,3246.0,96794876.04
2026-05-26 12:00:00,29819.8,29854.6,29804.7,29852.35,2541.0,75854821.35
2026-05-26 12:30:00,29852.35,29884.1,29845.36,29874.56,2409.0,71967815.04
2026-05-26 13:00:00,29874.1,29882.96,29843.08,29857.14,2807.0,83808991.98
2026-05-26 13:30:00,29857.52,29957.75,29781.21,29957.75,21445.0,642443948.75
2026-05-26 14:00:00,29958.05,30037.13,29930.5,30021.11,10433.0,313210240.63
2026-05-26 14:30:00,30021.65,30072.55,30007.08,30008.91,7742.0,232328981.22
2026-05-26 15:00:00,30008.98,30020.1,29946.65,29952.32,9452.0,283109328.64
2026-05-26 15:30:00,29952.73,29960.49,29839.75,29880.14,10464.0,312665784.96
2026-05-26 16:00:00,29880.63,29945.83,29875.46,29945.83,6415.0,192102499.45000002
2026-05-26 16:30:00,29945.86,29968.72,29901.83,29928.73,5547.0,166014665.31
2026-05-26 17:00:00,29929.3,29955.59,29908.46,29923.19,4984.0,149137178.96
2026-05-26 17:30:00,29923.4,29966.57,29912.83,29950.54,3989.0,119472704.06
2026-05-26 18:00:00,29950.07,30007.52,29936.27,29999.54,3585.0,107548350.9
2026-05-26 18:30:00,29999.86,30014.03,29962.8,29967.46,3623.0,108572107.58
2026-05-26 19:00:00,29967.99,30015.48,29959.68,30007.13,3827.0,114837286.51
2026-05-26 19:30:00,30006.78,30065.04,30005.59,30033.13,4110.0,123436164.3
2026-05-26 20:00:00,30033.58,30036.87,30009.53,30015.03,2182.0,65492795.46
2026-05-26 20:30:00,30015.02,30023.35,29986.29,29997.43,1408.0,42236381.44
2026-05-26 22:00:00,30013.33,30033.33,29988.55,30000.67,3043.0,91292038.80999999
2026-05-26 22:30:00,30001.21,30019.53,29986.41,29996.21,1758.0,52733337.18
2026-05-26 23:00:00,29996.32,30033.42,29996.27,30032.67,1936.0,58143249.12
2026-05-26 23:30:00,30032.57,30061.04,30021.64,30056.46,2267.0,68137994.82
2026-05-27 00:00:00,30055.14,30071.13,30028.93,30055.27,3612.0,108559635.24
2026-05-27 00:30:00,30055.07,30093.82,30050.3,30086.56,3229.0,97149502.24000001
2026-05-27 01:00:00,30086.99,30115.86,30072.55,30107.16,2974.0,89538693.84
2026-05-27 01:30:00,30107.46,30110.7,30075.35,30079.73,2517.0,75710680.41
2026-05-27 02:00:00,30080.18,30110.06,30078.19,30103.05,2190.0,65925679.5
2026-05-27 02:30:00,30103.05,30115.52,30094.3,30094.9,1860.0,55976514.0
2026-05-27 03:00:00,30094.84,30111.48,30077.67,30084.61,1648.0,49579437.28
2026-05-27 03:30:00,30084.88,30088.81,30051.38,30054.77,2006.0,60289868.62
2026-05-27 04:00:00,30054.35,30081.27,30034.1,30036.08,2409.0,72356916.72
2026-05-27 04:30:00,30035.63,30077.56,30032.44,30062.99,2338.0,70287270.62
2026-05-27 05:00:00,30063.01,30077.41,30033.62,30058.06,2808.0,84403032.48
2026-05-27 05:30:00,30057.88,30066.1,30025.86,30060.34,2800.0,84168952.0
2026-05-27 06:00:00,30060.3,30067.85,30033.29,30040.53,2918.0,87658266.53999999
2026-05-27 06:30:00,30040.12,30046.81,30013.21,30033.16,2574.0,77305353.84
2026-05-27 07:00:00,30033.66,30087.52,30032.9,30081.98,2821.0,84861265.58
2026-05-27 07:30:00,30082.16,30100.78,30070.39,30097.97,2160.0,65011615.2
2026-05-27 08:00:00,30098.01,30173.69,30088.75,30166.06,3263.0,98431853.78
2026-05-27 08:30:00,30165.86,30174.33,30148.0,30153.54,2509.0,75655231.86
2026-05-27 09:00:00,30153.09,30157.58,30130.58,30145.36,2317.0,69846799.12
2026-05-27 09:30:00,30145.71,30170.7,30136.2,30170.33,2118.0,63900758.940000005
2026-05-27 10:00:00,30171.04,30205.19,30169.78,30189.21,2261.0,68257803.81
2026-05-27 10:30:00,30188.89,30197.68,30170.86,30192.18,1966.0,59357825.88
2026-05-27 11:00:00,30192.22,30247.77,30192.22,30227.55,3168.0,95760878.39999999
2026-05-27 11:30:00,30226.98,30253.61,30219.96,30222.09,2835.0,85679625.15
2026-05-27 12:00:00,30222.65,30335.99,30200.46,30311.5,6636.0,201147114.0
2026-05-27 12:30:00,30311.12,30313.84,30213.95,30219.15,4650.0,140519047.5
2026-05-27 13:00:00,30218.7,30227.82,30144.74,30144.89,4845.0,146051992.05
2026-05-27 13:30:00,30144.41,30148.7,29895.31,30018.6,34872.0,1046808619.1999999
2026-05-27 14:00:00,30018.01,30055.86,29846.2,29873.83,24010.0,717270658.3000001
2026-05-27 14:30:00,29873.48,29980.99,29836.56,29898.21,18580.0,555508741.8
2026-05-27 15:00:00,29898.75,29934.66,29840.94,29908.36,13073.0,390991990.28000003
2026-05-27 15:30:00,29909.28,29938.15,29840.95,29892.65,10917.0,326338060.05
2026-05-27 16:00:00,29892.12,29973.6,29876.09,29948.98,8100.0,242586738.0
2026-05-27 16:30:00,29948.66,30005.4,29931.19,29946.62,5895.0,176535324.9
2026-05-27 17:00:00,29946.6,29955.26,29853.69,29913.84,7349.0,219836810.16
2026-05-27 17:30:00,29914.26,29950.79,29900.63,29931.51,5241.0,156871043.91
2026-05-27 18:00:00,29931.17,30012.27,29921.64,30011.68,4822.0,144716320.96
2026-05-27 18:30:00,30011.29,30018.34,29982.41,29997.14,3996.0,119868571.44
2026-05-27 19:00:00,29996.7,30019.67,29967.68,29984.96,4179.0,125307147.84
2026-05-27 19:30:00,29984.49,30028.61,29983.46,30003.53,5122.0,153678080.66
2026-05-27 20:00:00,30004.02,30072.59,29994.47,30052.13,3510.0,105482976.3
2026-05-27 20:30:00,30051.91,30087.65,30051.01,30083.46,1869.0,56225986.74
2026-05-27 22:00:00,30073.36,30097.02,30010.37,30010.97,3610.0,108339601.7
2026-05-27 22:30:00,30010.43,30029.34,29988.64,30022.68,2998.0,90007994.64
2026-05-27 23:00:00,30022.85,30040.7,29990.63,30004.4,2823.0,84702421.2
2026-05-27 23:30:00,30004.22,30004.22,29928.87,29940.77,3388.0,101439328.76
2026-05-28 00:00:00,29940.01,29979.93,29925.1,29970.03,5792.0,173586413.76
2026-05-28 00:30:00,29969.79,30051.13,29942.59,30032.83,3897.0,117037938.51
2026-05-28 01:00:00,30033.22,30041.68,29999.43,30020.79,3857.0,115790187.03
2026-05-28 01:30:00,30020.86,30038.49,29996.31,30032.78,3382.0,101570861.96
2026-05-28 02:00:00,30033.02,30040.8,29963.95,29963.96,3552.0,106431985.92
2026-05-28 02:30:00,29963.72,29976.19,29933.11,29935.3,3167.0,94805095.1
2026-05-28 03:00:00,29935.66,29946.84,29872.82,29873.52,4611.0,137746800.72
2026-05-28 03:30:00,29873.21,29873.23,29758.66,29773.37,7812.0,232589566.44
2026-05-28 04:00:00,29773.18,29786.32,29725.96,29747.56,6167.0,183453202.52
2026-05-28 04:30:00,29747.37,29784.41,29739.99,29750.13,4108.0,122213534.04
2026-05-28 05:00:00,29750.7,29802.79,29731.13,29802.74,4437.0,132234757.38000001
2026-05-28 05:30:00,29803.06,29873.09,29795.49,29866.5,3716.0,110983914.0
2026-05-28 06:00:00,29866.84,29899.58,29865.29,29880.1,3100.0,92628310.0
2026-05-28 06:30:00,29879.56,29884.53,29841.81,29870.19,2981.0,89043036.39
2026-05-28 07:00:00,29869.86,29925.62,29869.86,29908.9,3828.0,114491269.2
2026-05-28 07:30:00,29908.92,29922.72,29885.56,29917.28,3251.0,97261077.28
2026-05-28 08:00:00,29917.85,29955.81,29908.68,29924.72,4197.0,125594049.84
2026-05-28 08:30:00,29925.05,29949.18,29919.63,29945.73,2554.0,76481394.42
2026-05-28 09:00:00,29945.92,29959.51,29925.06,29932.25,2444.0,73154419.0
2026-05-28 09:30:00,29931.79,29941.93,29903.51,29937.86,2458.0,73587259.88
2026-05-28 10:00:00,29937.41,29937.46,29876.05,29897.15,2745.0,82067676.75
2026-05-28 10:30:00,29896.7,29901.63,29830.09,29846.65,3928.0,117237641.2
2026-05-28 11:00:00,29846.16,29874.15,29833.18,29856.42,3934.0,117455156.27999999
2026-05-28 11:30:00,29856.76,29901.35,29845.0,29886.17,3206.0,95815061.02
2026-05-28 12:00:00,29885.79,29923.38,29884.11,29912.13,3497.0,104602718.61
2026-05-28 12:30:00,29912.47,30028.89,29912.04,30017.66,5331.0,160024145.46
2026-05-28 13:00:00,30018.0,30057.2,29990.91,30015.82,4460.0,133870557.2
2026-05-28 13:30:00,30015.4,30073.76,29882.55,29952.93,24705.0,739987135.65
2026-05-28 14:00:00,29952.24,30146.61,29925.52,30109.82,20242.0,609482976.4399999
2026-05-28 14:30:00,30109.37,30152.12,30069.53,30149.07,11229.0,338543907.03
2026-05-28 15:00:00,30149.63,30236.38,30142.54,30224.23,6345.0,191772739.35
2026-05-28 15:30:00,30224.72,30255.17,30213.5,30227.23,4453.0,134601855.19
2026-05-28 16:00:00,30226.73,30280.59,30201.7,30264.03,4074.0,123295658.22
2026-05-28 16:30:00,30264.03,30291.21,30240.36,30288.95,3188.0,96561172.60000001
2026-05-28 17:00:00,30289.4,30297.59,30259.25,30261.03,3164.0,95745898.92
2026-05-28 17:30:00,30261.31,30303.88,30245.15,30279.83,3178.0,96229299.74000001
2026-05-28 18:00:00,30280.38,30299.34,30259.69,30277.92,3341.0,101158530.72
2026-05-28 18:30:00,30277.47,30278.66,30243.14,30255.06,3102.0,93851196.12
2026-05-28 19:00:00,30254.9,30273.69,30237.61,30267.71,3193.0,96644798.03
2026-05-28 19:30:00,30268.15,30293.69,30247.85,30268.81,4106.0,124283733.86
2026-05-28 20:00:00,30268.39,30300.74,30254.55,30284.42,2412.0,73046021.03999999
2026-05-28 20:30:00,30284.29,30296.03,30273.96,30275.01,1497.0,45321689.97
2026-05-28 22:00:00,30296.81,30324.59,30252.13,30264.54,3220.0,97451818.8
2026-05-28 22:30:00,30264.51,30277.1,30254.98,30261.27,1499.0,45361643.730000004
2026-05-28 23:00:00,30261.03,30290.23,30260.97,30283.08,1487.0,45030939.96
2026-05-28 23:30:00,30282.55,30282.55,30259.82,30265.0,1759.0,53236135.0
2026-05-29 00:00:00,30264.79,30264.95,30236.11,30244.45,3359.0,101591107.55
2026-05-29 00:30:00,30244.66,30245.23,30198.48,30211.59,2726.0,82356794.34
2026-05-29 01:00:00,30211.4,30225.23,30180.29,30195.23,3439.0,103841395.97
2026-05-29 01:30:00,30194.82,30226.91,30186.08,30211.14,2829.0,85467315.06
2026-05-29 02:00:00,30211.6,30234.21,30191.52,30197.97,2345.0,70814239.65
2026-05-29 02:30:00,30197.64,30218.16,30192.81,30201.43,2119.0,63996830.17
2026-05-29 03:00:00,30201.92,30229.91,30199.77,30223.51,2115.0,63922723.65
2026-05-29 03:30:00,30223.48,30237.75,30210.46,30224.24,2122.0,64135837.28
2026-05-29 04:00:00,30224.48,30249.84,30223.86,30246.92,1959.0,59253716.279999994
2026-05-29 04:30:00,30246.48,30269.91,30243.48,30261.54,1651.0,49961802.54
2026-05-29 05:00:00,30261.53,30281.48,30259.77,30275.64,1757.0,53194299.48
2026-05-29 05:30:00,30275.42,30278.68,30255.93,30264.05,1908.0,57743807.4
2026-05-29 06:00:00,30264.44,30305.46,30263.47,30279.44,2200.0,66614768.0
2026-05-29 06:30:00,30279.8,30313.65,30275.83,30312.32,2114.0,64080244.48
2026-05-29 07:00:00,30312.98,30312.98,30258.15,30263.86,2668.0,80743978.48
2026-05-29 07:30:00,30263.3,30266.4,30230.38,30263.66,2911.0,88097514.26
2026-05-29 08:00:00,30264.32,30281.8,30251.26,30276.07,3025.0,91585111.75
2026-05-29 08:30:00,30276.68,30288.8,30253.31,30278.98,2341.0,70883092.17999999
2026-05-29 09:00:00,30279.14,30332.51,30273.31,30316.53,2774.0,84098054.22
2026-05-29 09:30:00,30316.87,30318.39,30292.25,30295.38,2189.0,66316586.82
2026-05-29 10:00:00,30295.76,30296.65,30264.45,30292.42,2398.0,72641223.16
2026-05-29 10:30:00,30292.25,30312.93,30285.52,30303.8,2240.0,67880512.0
2026-05-29 11:00:00,30303.39,30335.33,30296.3,30297.38,2606.0,78954972.28
2026-05-29 11:30:00,30296.96,30317.77,30263.72,30313.34,3436.0,104156636.24
2026-05-29 12:00:00,30313.24,30314.08,30276.11,30290.66,2701.0,81815072.66
2026-05-29 12:30:00,30290.87,30312.92,30260.74,30312.92,2864.0,86816202.88
2026-05-29 13:00:00,30312.91,30347.05,30299.85,30347.05,3067.0,93074402.35
2026-05-29 13:30:00,30347.49,30483.75,30329.87,30482.12,18595.0,566815021.4
2026-05-29 14:00:00,30483.37,30499.23,30309.81,30370.65,17394.0,528267086.1
2026-05-29 14:30:00,30370.25,30400.86,30233.58,30323.71,21326.0,646683439.46
2026-05-29 15:00:00,30323.41,30402.33,30300.8,30359.79,10640.0,323028165.6
2026-05-29 15:30:00,30360.64,30382.61,30319.81,30325.88,7970.0,241697263.6
2026-05-29 16:00:00,30326.35,30411.09,30322.21,30367.49,5100.0,154874199.0
2026-05-29 16:30:00,30367.96,30411.07,30340.04,30361.65,5405.0,164104718.25
2026-05-29 17:00:00,30361.91,30374.59,30319.47,30331.84,4588.0,139162481.92
2026-05-29 17:30:00,30331.35,30340.36,30260.35,30265.9,5160.0,156172044.0
2026-05-29 18:00:00,30266.35,30349.33,30256.08,30344.38,4215.0,127901561.7
2026-05-29 18:30:00,30344.06,30365.78,30280.19,30288.64,5162.0,156349959.68
2026-05-29 19:00:00,30287.97,30347.69,30279.29,30345.4,4175.0,126692045.0
2026-05-29 19:30:00,30345.88,30408.7,30345.88,30359.87,7013.0,212913768.31
2026-05-29 20:00:00,30360.42,30373.67,30342.42,30349.56,3416.0,103674096.96000001
2026-05-29 20:30:00,30349.6,30360.42,30340.04,30347.59,1387.0,42092107.33
2026-05-31 22:00:00,30386.49,30417.4,30339.62,30402.18,5331.0,162074021.58
2026-05-31 22:30:00,30401.84,30450.26,30401.46,30433.77,2427.0,73862759.79
2026-05-31 23:00:00,30433.41,30456.32,30428.91,30445.65,2138.0,65092799.7
2026-05-31 23:30:00,30445.62,30462.17,30437.89,30455.17,2137.0,65082698.29
2026-06-01 00:00:00,30455.56,30523.12,30449.46,30521.95,3585.0,109421190.75
2026-06-01 00:30:00,30521.7,30532.29,30504.4,30518.06,2823.0,86152483.38000001
2026-06-01 01:00:00,30518.69,30528.64,30500.12,30510.95,3074.0,93790660.3
2026-06-01 01:30:00,30511.28,30530.1,30505.08,30526.3,2465.0,75247329.5
2026-06-01 02:00:00,30526.33,30546.35,30524.51,30539.62,2056.0,62789458.72
2026-06-01 02:30:00,30539.67,30541.54,30521.52,30527.26,1840.0,56170158.4
2026-06-01 03:00:00,30527.5,30555.41,30516.22,30551.57,2067.0,63150095.19
2026-06-01 03:30:00,30551.77,30571.89,30515.24,30523.54,2312.0,70570424.48
2026-06-01 04:00:00,30524.2,30545.01,30521.76,30538.88,1940.0,59245427.2
2026-06-01 04:30:00,30538.68,30558.47,30529.26,30551.21,1684.0,51448237.64
2026-06-01 05:00:00,30551.16,30558.13,30529.02,30531.08,1878.0,57337368.24
2026-06-01 05:30:00,30531.03,30568.68,30531.03,30556.38,2137.0,65298984.06
2026-06-01 06:00:00,30556.82,30567.18,30533.09,30535.59,1993.0,60857430.87
2026-06-01 06:30:00,30536.15,30566.73,30534.18,30556.79,2139.0,65360973.81
2026-06-01 07:00:00,30557.17,30570.42,30491.23,30501.18,3089.0,94218145.02
2026-06-01 07:30:00,30501.44,30510.13,30465.58,30489.93,3134.0,95555440.62
2026-06-01 08:00:00,30489.92,30494.69,30433.61,30433.74,3536.0,107613704.64
2026-06-01 08:30:00,30433.56,30480.44,30422.86,30478.24,2861.0,87198244.64
2026-06-01 09:00:00,30478.26,30490.71,30449.29,30451.26,2534.0,77163492.83999999
2026-06-01 09:30:00,30451.47,30457.86,30433.05,30441.02,2670.0,81277523.4
2026-06-01 10:00:00,30441.09,30467.93,30433.55,30464.93,2358.0,71836304.94
2026-06-01 10:30:00,30465.49,30484.08,30465.49,30473.68,2093.0,63781412.24
2026-06-01 11:00:00,30474.06,30477.05,30433.09,30440.74,3273.0,99632542.02000001
2026-06-01 11:30:00,30440.29,30480.89,30431.51,30443.04,3052.0,92912158.08
2026-06-01 12:00:00,30442.59,30443.97,30394.65,30429.77,3608.0,109790610.16
2026-06-01 12:30:00,30429.49,30475.92,30413.32,30429.24,3308.0,100659925.92
2026-06-01 13:00:00,30429.6,30435.7,30270.16,30322.87,10398.0,315297202.26
2026-06-01 13:30:00,30323.18,30446.55,30287.48,30294.24,28809.0,872746760.1600001
2026-06-01 14:00:00,30295.1,30400.59,30275.67,30361.7,18506.0,561873620.2
2026-06-01 14:30:00,30361.28,30426.68,30349.14,30416.78,10695.0,325307462.09999996
2026-06-01 15:00:00,30417.39,30468.43,30394.65,30459.54,7166.0,218273063.64000002
2026-06-01 15:30:00,30458.99,30533.85,30458.49,30482.24,6675.0,203468952.0
2026-06-01 16:00:00,30481.76,30515.82,30431.39,30490.17,5723.0,174495242.91
2026-06-01 16:30:00,30490.8,30564.41,30488.11,30561.47,4785.0,146236633.95000002
2026-06-01 17:00:00,30561.1,30582.07,30515.74,30581.88,4304.0,131624411.52000001
2026-06-01 17:30:00,30581.25,30672.13,30548.57,30651.1,7042.0,215845046.2
2026-06-01 18:00:00,30650.72,30654.91,30607.6,30627.14,3579.0,109614534.06
2026-06-01 18:30:00,30626.96,30634.33,30595.08,30603.36,3049.0,93309644.64
2026-06-01 19:00:00,30603.09,30627.54,30593.05,30605.37,3738.0,114402873.06
2026-06-01 19:30:00,30604.99,30604.99,30536.34,30551.16,4752.0,145179112.32
2026-06-01 20:00:00,30551.52,30554.87,30521.04,30526.94,2202.0,67220321.88
2026-06-01 20:30:00,30526.86,30554.47,30488.86,30504.15,3822.0,116586861.30000001
2026-06-01 22:00:00,30523.86,30529.61,30435.15,30438.87,4077.0,124099272.99
2026-06-01 22:30:00,30438.48,30446.94,30416.02,30442.2,2559.0,77901589.8
2026-06-01 23:00:00,30442.09,30448.95,30431.32,30441.27,1684.0,51263098.68
2026-06-01 23:30:00,30441.34,30462.74,30426.89,30453.07,2450.0,74610021.5
2026-06-02 00:00:00,30453.55,30453.55,30361.83,30386.02,4949.0,150380412.98
2026-06-02 00:30:00,30386.2,30405.77,30347.42,30357.02,3719.0,112897757.38
2026-06-02 01:00:00,30356.37,30385.08,30335.89,30359.8,4403.0,133674199.39999999
2026-06-02 01:30:00,30359.58,30372.99,30317.44,30317.44,3715.0,112629289.6
2026-06-02 02:00:00,30317.7,30351.92,30306.19,30340.05,3238.0,98241081.89999999
2026-06-02 02:30:00,30340.04,30368.31,30340.04,30357.72,2465.0,74831779.8
2026-06-02 03:00:00,30357.34,30366.98,30302.22,30308.37,3010.0,91228193.7
2026-06-02 03:30:00,30308.87,30348.54,30302.51,30347.56,2967.0,90041210.52000001
2026-06-02 04:00:00,30347.52,30395.59,30342.82,30388.06,2457.0,74663463.42
2026-06-02 04:30:00,30388.55,30428.35,30377.88,30427.34,2126.0,64688524.84
2026-06-02 05:00:00,30427.34,30458.82,30414.45,30454.73,2295.0,69893605.35
2026-06-02 05:30:00,30455.01,30477.38,30442.64,30460.75,2362.0,71948291.5
2026-06-02 06:00:00,30460.57,30486.06,30453.15,30470.71,2554.0,77822193.34
2026-06-02 06:30:00,30471.19,30499.16,30453.27,30498.59,2596.0,79174339.64
2026-06-02 07:00:00,30497.82,30530.73,30493.8,30515.03,2777.0,84740238.31
2026-06-02 07:30:00,30514.85,30523.0,30495.68,30513.68,2603.0,79427109.04
2026-06-02 08:00:00,30513.38,30552.14,30513.38,30529.65,3717.0,113478709.05000001
2026-06-02 08:30:00,30530.1,30549.57,30525.05,30532.29,2697.0,82345586.13
2026-06-02 09:00:00,30532.3,30536.26,30509.68,30519.25,2589.0,79014338.25
2026-06-02 09:30:00,30519.44,30569.49,30517.58,30548.32,2772.0,84679943.04
2026-06-02 10:00:00,30547.93,30554.02,30531.23,30537.68,2438.0,74450863.84
2026-06-02 10:30:00,30538.08,30540.09,30511.16,30512.12,2253.0,68743806.36
2026-06-02 11:00:00,30512.32,30532.61,30485.0,30531.44,3103.0,94739058.32
2026-06-02 11:30:00,30531.67,30556.59,30513.16,30513.84,2673.0,81563494.32000001
2026-06-02 12:00:00,30513.85,30541.8,30506.33,30531.49,2874.0,87747502.26
2026-06-02 12:30:00,30531.36,30543.04,30509.22,30511.97,2922.0,89155976.34
2026-06-02 13:00:00,30512.66,30541.53,30464.67,30540.0,4876.0,148913040.0
2026-06-02 13:30:00,30539.58,30586.09,30406.86,30585.1,22678.0,693608897.8
2026-06-02 14:00:00,30584.7,30629.59,30521.58,30543.33,12546.0,383196618.18
2026-06-02 14:30:00,30542.87,30626.27,30538.88,30626.27,8974.0,274840146.98
2026-06-02 15:00:00,30626.21,30659.87,30595.74,30649.27,5398.0,165444759.46
2026-06-02 15:30:00,30649.45,30680.47,30634.29,30673.31,4285.0,131435133.35000001
2026-06-02 16:00:00,30674.05,30695.12,30634.02,30641.05,4467.0,136873570.35
2026-06-02 16:30:00,30641.1,30675.73,30623.74,30673.7,3946.0,121038420.2
2026-06-02 17:00:00,30673.71,30684.58,30614.57,30625.62,4004.0,122624982.47999999
2026-06-02 17:30:00,30625.4,30631.99,30591.31,30610.24,3935.0,120451294.4
2026-06-02 18:00:00,30610.66,30646.0,30596.99,30620.09,3485.0,106711013.65
2026-06-02 18:30:00,30620.58,30636.22,30580.12,30620.11,3320.0,101658765.2
2026-06-02 19:00:00,30620.36,30667.92,30619.43,30646.31,2913.0,89272701.03
2026-06-02 19:30:00,30645.78,30703.76,30644.48,30689.96,3720.0,114166651.2
2026-06-02 20:00:00,30690.4,30745.87,30681.68,30721.54,3168.0,97325838.72
2026-06-02 20:30:00,30721.4,30733.69,30721.09,30727.24,1427.0,43847771.480000004
2026-06-02 22:00:00,30725.84,30738.38,30704.77,30728.03,2787.0,85639019.61
2026-06-02 22:30:00,30727.82,30744.57,30686.35,30692.12,2249.0,69026577.88
2026-06-02 23:00:00,30692.59,30697.01,30555.95,30598.58,4508.0,137938398.64000002
2026-06-02 23:30:00,30599.15,30701.23,30583.81,30695.16,4791.0,147060511.56
2026-06-03 00:00:00,30695.48,30705.5,30659.25,30679.41,3853.0,118207766.73
2026-06-03 00:30:00,30679.84,30712.72,30675.12,30707.94,2414.0,74128967.16
2026-06-03 01:00:00,30707.62,30711.04,30659.98,30673.32,3064.0,93983052.48
2026-06-03 01:30:00,30672.98,30687.38,30641.22,30670.85,3110.0,95386343.5
2026-06-03 02:00:00,30670.82,30682.38,30652.38,30667.07,2423.0,74306310.61
2026-06-03 02:30:00,30667.49,30676.24,30656.51,30667.44,1899.0,58237468.559999995
2026-06-03 03:00:00,30667.21,30692.56,30659.75,30672.5,1759.0,53952927.5
2026-06-03 03:30:00,30672.73,30696.83,30672.73,30694.33,1676.0,51443697.080000006
2026-06-03 04:00:00,30694.46,30715.17,30693.42,30709.65,1475.0,45296733.75
2026-06-03 04:30:00,30709.45,30718.08,30689.4,30690.37,1517.0,46557291.29
2026-06-03 05:00:00,30690.33,30710.94,30668.24,30694.81,2084.0,63967984.04
2026-06-03 05:30:00,30694.92,30698.18,30669.97,30677.2,2233.0,68502187.60000001
2026-06-03 06:00:00,30677.46,30701.45,30660.61,30678.47,2845.0,87280247.15
2026-06-03 06:30:00,30678.94,30705.44,30667.63,30686.27,2593.0,79569498.11
2026-06-03 07:00:00,30685.94,30727.19,30675.87,30694.74,2889.0,88677103.86
2026-06-03 07:30:00,30694.79,30710.24,30674.78,30710.11,2974.0,91331867.14
2026-06-03 08:00:00,30710.4,30739.03,30689.67,30726.27,3370.0,103547529.9
2026-06-03 08:30:00,30725.86,30729.07,30695.47,30705.3,2476.0,76026322.8
2026-06-03 09:00:00,30705.1,30757.45,30699.81,30754.56,2736.0,84144476.16
2026-06-03 09:30:00,30754.33,30757.13,30719.38,30722.15,2859.0,87834626.85000001
2026-06-03 10:00:00,30722.07,30770.16,30704.17,30750.81,4126.0,126877842.06
2026-06-03 10:30:00,30751.74,30771.07,30731.41,30741.97,2245.0,69015722.65
2026-06-03 11:00:00,30742.4,30773.47,30742.4,30764.21,2408.0,74080217.67999999
2026-06-03 11:30:00,30764.73,30781.65,30755.16,30766.29,2319.0,71347026.51
2026-06-03 12:00:00,30765.75,30784.04,30740.91,30740.94,3010.0,92530229.39999999
2026-06-03 12:30:00,30740.93,30741.53,30687.74,30705.42,3915.0,120211719.3
2026-06-03 13:00:00,30704.96,30748.87,30701.56,30740.8,3720.0,114355776.0
2026-06-03 13:30:00,30741.36,30793.56,30484.49,30549.51,30177.0,921892563.27
2026-06-03 14:00:00,30548.82,30712.24,30538.61,30711.41,18694.0,574119098.54
2026-06-03 14:30:00,30711.0,30726.68,30633.32,30654.86,11790.0,361420799.40000004
2026-06-03 15:00:00,30655.01,30703.07,30603.54,30655.98,10286.0,315327410.28
2026-06-03 15:30:00,30656.35,30679.55,30556.13,30593.53,9402.0,287640369.06
2026-06-03 16:00:00,30592.98,30610.52,30521.04,30543.27,8676.0,264993410.52
2026-06-03 16:30:00,30542.8,30596.91,30495.88,30596.63,7924.0,242447696.12
2026-06-03 17:00:00,30597.09,30598.67,30509.4,30562.95,6737.0,205902594.15
2026-06-03 17:30:00,30562.59,30636.56,30534.53,30632.58,5012.0,153530490.96
2026-06-03 18:00:00,30633.05,30669.19,30598.21,30667.04,5058.0,155113888.32
2026-06-03 18:30:00,30667.0,30671.93,30625.13,30641.78,4578.0,140278068.84
2026-06-03 19:00:00,30641.3,30649.55,30601.1,30625.58,5253.0,160876171.74
2026-06-03 19:30:00,30625.34,30683.91,30614.84,30623.74,7031.0,215315515.94
2026-06-03 20:00:00,30623.26,30628.54,30534.96,30553.62,8888.0,271560574.56
2026-06-03 20:30:00,30553.05,30555.72,30468.02,30484.2,5224.0,159249460.8
2026-06-03 22:00:00,30445.83,30487.06,30395.37,30427.1,5750.0,174955825.0
2026-06-03 22:30:00,30427.4,30460.13,30360.64,30446.19,5600.0,170498664.0
2026-06-03 23:00:00,30446.56,30452.33,30380.65,30394.71,3994.0,121396471.74
2026-06-03 23:30:00,30395.15,30411.7,30360.77,30383.64,4146.0,125970571.44
2026-06-04 00:00:00,30383.23,30451.84,30367.42,30445.02,7225.0,219965269.5
2026-06-04 00:30:00,30444.98,30491.65,30443.88,30488.43,4413.0,134545441.59
2026-06-04 01:00:00,30488.3,30519.71,30462.79,30480.06,4328.0,131917699.68
2026-06-04 01:30:00,30480.54,30513.59,30428.15,30442.48,4394.0,133764257.12
2026-06-04 02:00:00,30443.02,30445.88,30342.29,30403.73,5441.0,165426694.93
2026-06-04 02:30:00,30403.74,30429.52,30377.99,30402.12,3867.0,117564998.03999999
2026-06-04 03:00:00,30401.75,30459.16,30399.14,30459.16,3014.0,91803908.24
2026-06-04 03:30:00,30459.26,30476.01,30436.04,30469.46,3133.0,95460818.17999999
2026-06-04 04:00:00,30469.68,30491.6,30455.66,30478.57,2549.0,77689874.92999999
2026-06-04 04:30:00,30478.55,30497.1,30472.93,30487.23,2796.0,85242295.08
2026-06-04 05:00:00,30487.17,30489.0,30439.86,30451.4,3570.0,108711498.0
2026-06-04 05:30:00,30451.89,30482.19,30443.54,30473.13,3752.0,114335183.76
2026-06-04 06:00:00,30473.16,30489.67,30454.45,30477.48,3413.0,104019639.24
2026-06-04 06:30:00,30478.04,30523.0,30460.09,30518.5,3096.0,94485276.0
2026-06-04 07:00:00,30519.22,30533.26,30479.21,30507.85,3615.0,110285877.75
2026-06-04 07:30:00,30508.18,30521.75,30480.01,30489.03,2979.0,90826820.36999999
2026-06-04 08:00:00,30488.81,30490.45,30329.81,30359.13,6719.0,203982994.47
2026-06-04 08:30:00,30359.67,30390.67,30316.42,30333.6,5625.0,170626500.0
2026-06-04 09:00:00,30333.06,30335.72,30237.29,30293.1,7210.0,218413251.0
2026-06-04 09:30:00,30292.78,30338.5,30281.03,30326.43,5229.0,158576902.47
2026-06-04 10:00:00,30326.85,30327.23,30259.22,30261.49,4293.0,129912576.57000001
2026-06-04 10:30:00,30261.49,30281.3,30194.64,30233.54,4959.0,149928124.86
2026-06-04 11:00:00,30234.13,30267.69,30219.04,30260.62,6353.0,192245718.85999998
2026-06-04 11:30:00,30260.67,30277.88,30154.24,30269.99,7920.0,239738320.8
2026-06-04 12:00:00,30269.92,30275.32,30213.72,30236.61,7120.0,215284663.20000002
2026-06-04 12:30:00,30237.02,30319.3,30236.17,30300.36,5645.0,171045532.20000002
2026-06-04 13:00:00,30300.03,30320.22,30253.82,30258.74,6601.0,199737942.74
2026-06-04 13:30:00,30259.23,30354.75,30179.25,30239.39,38688.0,1169901520.32
2026-06-04 14:00:00,30238.99,30338.68,30143.41,30331.62,25032.0,759261111.84
2026-06-04 14:30:00,30332.07,30349.56,30282.56,30347.25,14394.0,436818316.5
2026-06-04 15:00:00,30347.91,30459.61,30345.46,30432.84,8731.0,265709126.04
2026-06-04 15:30:00,30433.36,30438.86,30353.87,30403.58,7948.0,241647653.84
2026-06-04 16:00:00,30404.11,30476.68,30384.94,30470.12,5639.0,171821006.68
2026-06-04 16:30:00,30470.62,30484.0,30427.34,30469.86,5130.0,156310381.8
2026-06-04 17:00:00,30469.53,30508.5,30455.52,30504.8,4042.0,123300401.6
2026-06-04 17:30:00,30505.04,30553.87,30502.16,30550.17,3759.0,114838089.02999999
2026-06-04 18:00:00,30550.16,30588.77,30546.31,30577.06,3679.0,112493003.74000001
2026-06-04 18:30:00,30576.5,30582.73,30541.22,30548.37,3698.0,112967872.25999999
2026-06-04 19:00:00,30548.07,30586.5,30521.96,30585.92,4191.0,128185590.72
2026-06-04 19:30:00,30585.53,30593.8,30472.27,30474.9,6460.0,196867854.0
2026-06-04 20:00:00,30475.33,30485.4,30393.06,30403.93,4987.0,151624398.91
2026-06-04 20:30:00,30403.56,30415.05,30389.32,30392.77,2761.0,83914437.97
2026-06-04 22:00:00,30393.63,30413.11,30308.31,30334.28,4313.0,130831749.64
2026-06-04 22:30:00,30334.69,30360.59,30322.28,30358.45,2528.0,76746161.60000001
2026-06-04 23:00:00,30357.8,30362.55,30281.3,30302.06,3236.0,98057466.16000001
2026-06-04 23:30:00,30302.21,30303.48,30246.89,30255.94,3575.0,108164985.5
2026-06-05 00:00:00,30256.58,30256.58,30162.0,30185.41,6678.0,201578167.98
2026-06-05 00:30:00,30185.6,30204.7,30123.38,30134.86,6190.0,186534783.4
2026-06-05 01:00:00,30135.35,30145.06,30044.4,30076.98,6794.0,204343002.12
2026-06-05 01:30:00,30077.28,30188.73,30076.75,30188.01,5362.0,161868109.62
2026-06-05 02:00:00,30187.93,30231.47,30163.54,30226.36,3903.0,117973483.08
2026-06-05 02:30:00,30226.16,30240.71,30200.56,30206.41,3802.0,114844770.82
2026-06-05 03:00:00,30206.39,30220.62,30178.7,30180.79,3897.0,117614538.63000001
2026-06-05 03:30:00,30181.19,30199.96,30138.23,30154.23,4276.0,128939487.48
2026-06-05 04:00:00,30154.82,30195.85,30148.58,30168.47,4045.0,122031461.15
2026-06-05 04:30:00,30168.73,30234.51,30160.29,30220.99,3709.0,112089651.91000001
2026-06-05 05:00:00,30221.58,30224.91,30182.04,30192.29,3888.0,117387623.52000001
2026-06-05 05:30:00,30191.83,30215.4,30154.76,30161.49,4003.0,120736444.47000001
2026-06-05 06:00:00,30161.58,30205.08,30123.42,30134.36,4775.0,143891569.0
2026-06-05 06:30:00,30134.7,30148.52,30104.91,30114.99,4732.0,142504132.68
2026-06-05 07:00:00,30115.52,30118.9,30052.44,30097.01,6269.0,188678155.69
2026-06-05 07:30:00,30097.09,30150.64,30093.4,30142.74,4829.0,145559291.46
2026-06-05 08:00:00,30143.68,30209.04,30112.59,30209.04,5704.0,172312364.16
2026-06-05 08:30:00,30209.51,30214.56,30141.11,30151.55,4236.0,127721965.8
2026-06-05 09:00:00,30151.16,30250.67,30144.53,30174.79,6412.0,193480753.48000002
2026-06-05 09:30:00,30175.27,30204.92,30165.6,30190.25,3142.0,94857765.5
2026-06-05 10:00:00,30190.8,30227.67,30184.99,30223.69,2605.0,78732712.45
2026-06-05 10:30:00,30223.64,30228.3,30184.54,30188.11,2536.0,76557046.96000001
2026-06-05 11:00:00,30187.65,30189.25,30127.46,30175.8,3612.0,108994989.6
2026-06-05 11:30:00,30175.73,30185.44,30137.27,30139.73,3393.0,102264103.89
2026-06-05 12:00:00,30139.26,30148.42,30094.82,30106.6,4689.0,141169847.4
2026-06-05 12:30:00,30106.06,30143.56,30035.61,30047.15,9652.0,290015091.8
2026-06-05 13:00:00,30046.73,30063.67,30006.53,30030.08,7474.0,224444817.92000002
2026-06-05 13:30:00,30029.78,30093.15,29764.59,29765.93,38548.0,1147417069.64
2026-06-05 14:00:00,29766.36,29934.82,29751.33,29817.57,28789.0,858418022.73
2026-06-05 14:30:00,29817.22,29920.81,29798.61,29846.57,21144.0,631075876.08
2026-06-05 15:00:00,29846.14,29862.15,29689.07,29710.83,15433.0,458527239.39000005
2026-06-05 15:30:00,29710.31,29732.26,29609.54,29652.41,14309.0,424296334.69
2026-06-05 16:00:00,29652.0,29653.28,29529.46,29537.35,14631.0,432160967.84999996
2026-06-05 16:30:00,29537.04,29541.53,29377.25,29483.12,18260.0,538361771.1999999
2026-06-05 17:00:00,29482.65,29484.51,29353.59,29432.1,16220.0,477388662.0
2026-06-05 17:30:00,29431.79,29496.01,29397.37,29463.0,13382.0,394273866.0
2026-06-05 18:00:00,29463.31,29468.29,29217.1,29236.13,14717.0,430268125.21000004
2026-06-05 18:30:00,29235.7,29247.76,29091.05,29183.89,19065.0,556390862.85
2026-06-05 19:00:00,29182.96,29202.48,28966.49,29147.11,24505.0,714249930.5500001
2026-06-05 19:30:00,29146.7,29186.1,28997.7,29006.02,29472.0,854865421.44
2026-06-05 20:00:00,29006.71,29033.45,28792.2,28858.26,21000.0,606023460.0
2026-06-05 20:30:00,28857.76,28857.76,28772.86,28842.31,6845.0,197425611.95000002
2026-06-07 22:00:00,28879.11,29022.87,28823.09,28967.22,14580.0,422342067.6
2026-06-07 22:30:00,28967.54,29017.61,28872.77,28893.27,9011.0,260357255.97
2026-06-07 23:00:00,28893.74,29001.84,28893.74,28978.28,7427.0,215221685.56
2026-06-07 23:30:00,28978.29,29102.69,28964.52,29086.42,7165.0,208404199.29999998
2026-06-08 00:00:00,29085.94,29225.73,29059.99,29222.5,8452.0,246988570.0
2026-06-08 00:30:00,29222.83,29286.98,29163.74,29216.84,7954.0,232390745.36
2026-06-08 01:00:00,29217.31,29236.01,29071.74,29075.15,14145.0,411267996.75
2026-06-08 01:30:00,29075.66,29178.8,29024.37,29158.09,15874.0,462855520.66
2026-06-08 02:00:00,29158.64,29180.42,29105.4,29173.11,9853.0,287442652.83
2026-06-08 02:30:00,29173.64,29242.45,29129.9,29210.35,7374.0,215397120.89999998
2026-06-08 03:00:00,29210.74,29231.35,29175.9,29217.12,5633.0,164580036.96
2026-06-08 03:30:00,29216.57,29231.64,29200.04,29211.88,4520.0,132037697.60000001
2026-06-08 04:00:00,29212.33,29222.63,29147.02,29170.74,5843.0,170444633.82000002
2026-06-08 04:30:00,29170.77,29178.23,29088.46,29090.03,5955.0,173231128.65
2026-06-08 05:00:00,29090.34,29140.17,29060.97,29091.72,7914.0,230231872.08
2026-06-08 05:30:00,29092.17,29097.53,28972.82,29015.93,8951.0,259721589.43
2026-06-08 06:00:00,29015.53,29133.4,29000.48,29130.05,9602.0,279706740.09999996
2026-06-08 06:30:00,29130.57,29149.9,29049.16,29101.59,7570.0,220299036.3
2026-06-08 07:00:00,29100.46,29239.65,29083.51,29227.94,9005.0,263197599.7
2026-06-08 07:30:00,29228.34,29280.06,29187.04,29256.4,6688.0,195666803.20000002
2026-06-08 08:00:00,29256.16,29256.16,29201.27,29223.74,8010.0,234082157.4
2026-06-08 08:30:00,29224.06,29266.7,29157.48,29177.15,6981.0,203685684.15
2026-06-08 09:00:00,29177.63,29222.7,29144.6,29192.57,4823.0,140795765.10999998
2026-06-08 09:30:00,29192.16,29250.66,29163.7,29239.24,5888.0,172160645.12
2026-06-08 10:00:00,29239.68,29240.46,29175.14,29192.42,4259.0,124330516.77999999
2026-06-08 10:30:00,29192.09,29272.24,29188.75,29241.97,5516.0,161298706.52
2026-06-08 11:00:00,29241.47,29409.34,29213.76,29408.2,7726.0,227207753.20000002
2026-06-08 11:30:00,29408.57,29437.12,29371.61,29375.07,5509.0,161827260.63
2026-06-08 12:00:00,29374.75,29457.36,29364.4,29457.04,5846.0,172205855.84
2026-06-08 12:30:00,29456.5,29509.81,29455.96,29485.79,5184.0,152854335.36
2026-06-08 13:00:00,29485.48,29603.98,29483.81,29526.03,7365.0,217459210.95
2026-06-08 13:30:00,29526.34,29583.36,29342.13,29349.97,50783.0,1490479526.51
2026-06-08 14:00:00,29349.6,29530.82,29331.52,29516.45,36764.0,1085142767.8
2026-06-08 14:30:00,29516.78,29679.83,29505.79,29676.07,18860.0,559690680.2
2026-06-08 15:00:00,29675.56,29742.25,29624.2,29630.12,11493.0,340538969.15999997
2026-06-08 15:30:00,29630.55,29709.72,29558.33,29609.89,16519.0,489125772.90999997
2026-06-08 16:00:00,29610.3,29691.74,29580.47,29584.49,12518.0,370338645.82
2026-06-08 16:30:00,29585.07,29630.8,29554.25,29580.23,12509.0,370019097.07
2026-06-08 17:00:00,29580.86,29604.67,29486.19,29602.19,14404.0,426389944.76
2026-06-08 17:30:00,29601.67,29623.02,29509.7,29558.18,14463.0,427499957.34000003
2026-06-08 18:00:00,29558.5,29610.82,29555.82,29591.12,10178.0,301178419.36
2026-06-08 18:30:00,29590.68,29616.95,29528.17,29541.42,8991.0,265606907.22
2026-06-08 19:00:00,29541.84,29547.26,29377.25,29436.06,12861.0,378577167.66
2026-06-08 19:30:00,29436.36,29493.02,29419.16,29453.45,13902.0,409461861.90000004
2026-06-08 20:00:00,29452.96,29469.36,29401.18,29431.33,5062.0,148981392.46
2026-06-08 20:30:00,29431.12,29448.48,29417.33,29435.12,2443.0,71909998.16
2026-06-08 22:00:00,29438.65,29470.5,29324.78,29331.78,6501.0,190685901.78
2026-06-08 22:30:00,29331.42,29431.25,29330.94,29427.99,3402.0,100114021.98
2026-06-08 23:00:00,29428.59,29465.35,29407.37,29435.76,3284.0,96667035.83999999
2026-06-08 23:30:00,29435.56,29483.93,29388.25,29428.05,5231.0,153938129.54999998
2026-06-09 00:00:00,29427.54,29444.38,29332.69,29371.58,12612.0,370434366.96000004
2026-06-09 00:30:00,29371.22,29380.12,29307.31,29340.26,8151.0,239152459.26
2026-06-09 01:00:00,29340.78,29479.04,29332.79,29458.78,9549.0,281301890.21999997
2026-06-09 01:30:00,29459.43,29549.54,29450.66,29494.7,8011.0,236282041.70000002
2026-06-09 02:00:00,29495.17,29518.47,29463.5,29493.67,6172.0,182034931.23999998
2026-06-09 02:30:00,29494.08,29526.34,29476.31,29516.94,5433.0,160365535.01999998
2026-06-09 03:00:00,29517.18,29555.38,29504.2,29541.86,4435.0,131018149.10000001
2026-06-09 03:30:00,29541.94,29595.11,29536.65,29584.01,4016.0,118809384.16
2026-06-09 04:00:00,29583.79,29625.97,29571.78,29614.21,3372.0,99859116.11999999
2026-06-09 04:30:00,29614.09,29632.93,29601.87,29606.48,3062.0,90655041.76
2026-06-09 05:00:00,29607.04,29628.49,29593.26,29594.42,3376.0,99910761.91999999
2026-06-09 05:30:00,29594.91,29653.85,29594.79,29636.5,4088.0,121154012.0
2026-06-09 06:00:00,29636.81,29677.29,29628.92,29638.58,4345.0,128779630.10000001
2026-06-09 06:30:00,29638.25,29655.09,29604.46,29625.49,3650.0,108133038.5
2026-06-09 07:00:00,29626.1,29691.96,29603.74,29615.37,5629.0,166704917.73
2026-06-09 07:30:00,29615.02,29640.5,29586.63,29595.81,4915.0,145463406.15
2026-06-09 08:00:00,29596.28,29676.37,29569.55,29664.58,6614.0,196201532.12
2026-06-09 08:30:00,29664.98,29689.54,29640.46,29644.44,3707.0,109891939.08
2026-06-09 09:00:00,29644.86,29693.83,29639.22,29688.85,2941.0,87314907.85
2026-06-09 09:30:00,29689.07,29699.02,29660.06,29682.49,2737.0,81240975.13000001
2026-06-09 10:00:00,29682.71,29700.0,29619.41,29675.59,4387.0,130186813.33
2026-06-09 10:30:00,29675.64,29700.97,29650.4,29687.63,3051.0,90576959.13000001
2026-06-09 11:00:00,29688.06,29706.93,29674.33,29691.99,3316.0,98458638.84
2026-06-09 11:30:00,29692.19,29729.77,29682.27,29684.11,3057.0,90744324.27
2026-06-09 12:00:00,29684.27,29703.29,29655.48,29672.1,3835.0,113792503.5
2026-06-09 12:30:00,29672.63,29740.34,29672.15,29738.27,4279.0,127250057.33
2026-06-09 13:00:00,29739.07,29749.7,29695.58,29740.6,5208.0,154889044.79999998
2026-06-09 13:30:00,29740.04,29849.94,29635.37,29674.97,31951.0,948144966.47
2026-06-09 14:00:00,29675.27,29714.44,29368.82,29446.32,47965.0,1412392738.8
2026-06-09 14:30:00,29446.86,29490.35,29087.35,29243.33,52023.0,1521325756.5900002
2026-06-09 15:00:00,29243.76,29305.48,28851.53,28862.49,39320.0,1134873106.8
2026-06-09 15:30:00,28862.05,28974.34,28686.03,28699.29,46768.0,1342208394.72
2026-06-09 16:00:00,28699.71,28790.63,28408.25,28529.64,51748.0,1476351810.72
2026-06-09 16:30:00,28529.3,28575.03,28233.07,28482.48,55332.0,1575992583.36
2026-06-09 17:00:00,28481.99,28789.23,28470.7,28748.71,39798.0,1144141160.58
2026-06-09 17:30:00,28748.12,28928.37,28711.95,28834.54,32445.0,935536650.3000001
2026-06-09 18:00:00,28835.02,28984.72,28790.0,28974.63,27644.0,800974671.72
2026-06-09 18:30:00,28975.01,29094.52,28917.68,29070.47,23289.0,677022175.83
2026-06-09 19:00:00,29069.98,29149.33,28842.17,28957.9,32907.0,952917615.3000001
2026-06-09 19:30:00,28957.38,29138.18,28855.63,29119.53,38105.0,1109599690.6499999
2026-06-09 20:00:00,29120.03,29199.08,29086.87,29125.22,14018.0,408277333.96000004
2026-06-09 20:30:00,29124.71,29163.06,29105.65,29143.1,4847.0,141256605.7
2026-06-09 22:00:00,29066.68,29122.23,29035.52,29076.17,7979.0,231998760.42999998
2026-06-09 22:30:00,29076.76,29079.95,28994.08,29033.66,6646.0,192957704.35999998
2026-06-09 23:00:00,29034.09,29106.95,29006.28,29011.79,5789.0,167949252.31
2026-06-09 23:30:00,29011.98,29078.6,28988.14,29071.56,6351.0,184633477.56
2026-06-10 00:00:00,29072.12,29175.04,29072.12,29124.58,12872.0,374891593.76000005
2026-06-10 00:30:00,29124.99,29129.98,28977.18,29082.13,12438.0,361723532.94
2026-06-10 01:00:00,29082.73,29120.01,29050.06,29078.89,10426.0,303176507.14
2026-06-10 01:30:00,29079.21,29105.59,29018.18,29040.81,9933.0,288462365.73
2026-06-10 02:00:00,29040.48,29048.11,28981.5,29022.68,7659.0,222284706.12
2026-06-10 02:30:00,29022.72,29041.65,28967.72,28977.62,6428.0,186268141.35999998
2026-06-10 03:00:00,28978.18,29051.92,28973.21,29016.59,6100.0,177001199.0
2026-06-10 03:30:00,29015.99,29031.01,28980.4,28998.97,5398.0,156536440.06
2026-06-10 04:00:00,28998.94,29008.94,28937.59,28947.76,5871.0,169952298.95999998
2026-06-10 04:30:00,28947.84,28951.82,28876.63,28904.95,5972.0,172620361.4
2026-06-10 05:00:00,28904.53,28956.9,28861.99,28945.23,7775.0,225049163.25
2026-06-10 05:30:00,28944.96,28974.02,28887.24,28950.55,8868.0,256733477.4
2026-06-10 06:00:00,28951.22,29007.93,28942.52,28989.74,6345.0,183939900.3
2026-06-10 06:30:00,28989.27,29019.78,28965.58,28975.61,4827.0,139865269.47
2026-06-10 07:00:00,28975.11,29007.49,28937.25,28950.12,7056.0,204272046.72
2026-06-10 07:30:00,28950.7,28990.7,28933.83,28970.14,6361.0,184279060.54
2026-06-10 08:00:00,28970.19,28971.0,28848.92,28867.4,9375.0,270631875.0
2026-06-10 08:30:00,28866.94,28895.5,28749.79,28769.79,9402.0,270493565.58
2026-06-10 09:00:00,28769.47,28804.13,28691.7,28784.79,9881.0,284422509.99
2026-06-10 09:30:00,28784.07,28825.4,28743.64,28785.38,8068.0,232240445.84
2026-06-10 10:00:00,28786.06,28793.47,28706.83,28773.76,7496.0,215688104.95999998
2026-06-10 10:30:00,28774.15,28850.13,28767.4,28834.97,7407.0,213580622.79000002
2026-06-10 11:00:00,28836.5,28851.95,28631.57,28678.92,20221.0,579916441.3199999
2026-06-10 11:30:00,28679.36,28708.69,28616.94,28684.21,12070.0,346218414.7
2026-06-10 12:00:00,28683.45,28760.16,28666.13,28759.76,11664.0,335453840.64
2026-06-10 12:30:00,28760.0,28999.11,28736.06,28839.6,30798.0,888202000.8
2026-06-10 13:00:00,28839.04,28896.69,28829.45,28860.93,13901.0,401195787.93
2026-06-10 13:30:00,28860.59,29168.77,28779.65,29028.49,58786.0,1706468813.14
2026-06-10 14:00:00,29028.09,29237.1,28976.92,29178.36,45172.0,1318044877.92
2026-06-10 14:30:00,29178.83,29255.89,28862.77,28908.37,44241.0,1278935197.1699998
2026-06-10 15:00:00,28908.77,28992.02,28672.81,28797.05,48658.0,1401206858.8999999
2026-06-10 15:30:00,28797.4,28880.95,28634.26,28862.05,41279.0,1191396561.95
2026-06-10 16:00:00,28862.37,28902.72,28710.29,28748.6,29320.0,842908952.0
2026-06-10 16:30:00,28748.73,28858.36,28671.46,28724.45,27559.0,791617117.5500001
2026-06-10 17:00:00,28724.07,28786.6,28634.91,28695.14,24482.0,702514417.48
2026-06-10 17:30:00,28694.58,28802.67,28623.49,28786.92,26296.0,756980848.3199999
2026-06-10 18:00:00,28786.39,28840.33,28706.19,28721.64,21085.0,605595779.4
2026-06-10 18:30:00,28721.17,28724.33,28583.1,28614.96,18864.0,539792605.4399999
2026-06-10 19:00:00,28615.4,28675.56,28501.94,28555.49,22061.0,629962664.89
2026-06-10 19:30:00,28555.0,28671.45,28533.51,28536.12,29316.0,836564893.92
2026-06-10 20:00:00,28536.6,28544.43,28441.01,28494.82,12115.0,345214744.3
2026-06-10 20:30:00,28494.3,28506.43,28417.07,28478.33,5702.0,162383437.66
2026-06-10 22:00:00,28474.56,28476.56,28369.07,28423.58,9513.0,270393516.54
2026-06-10 22:30:00,28423.36,28479.79,28338.99,28352.39,7701.0,218341755.39
2026-06-10 23:00:00,28352.73,28415.97,28276.92,28408.89,11791.0,334969221.99
2026-06-10 23:30:00,28409.24,28455.94,28361.79,28373.92,7708.0,218706175.35999998
2026-06-11 00:00:00,28374.38,28581.41,28345.67,28493.7,19066.0,543260884.2
2026-06-11 00:30:00,28494.2,28576.29,28439.67,28560.78,13514.0,385970380.91999996
2026-06-11 01:00:00,28561.14,28773.42,28560.58,28763.3,11033.0,317345488.9
2026-06-11 01:30:00,28763.0,28768.39,28644.24,28653.81,7934.0,227339328.54000002
2026-06-11 02:00:00,28654.23,28706.85,28561.08,28568.33,8426.0,240716748.58
2026-06-11 02:30:00,28567.89,28657.85,28543.87,28645.68,8790.0,251795527.2
2026-06-11 03:00:00,28646.21,28682.13,28591.22,28631.5,7404.0,211987626.0
2026-06-11 03:30:00,28631.0,28754.97,28628.39,28748.96,6805.0,195636672.79999998
2026-06-11 04:00:00,28748.79,28766.85,28714.74,28752.82,5663.0,162827219.66
2026-06-11 04:30:00,28753.15,28811.73,28742.14,28785.41,4715.0,135723208.15
2026-06-11 05:00:00,28785.82,28791.08,28724.92,28744.22,5304.0,152459342.88
2026-06-11 05:30:00,28744.7,28764.79,28721.8,28756.9,5465.0,157156458.5
2026-06-11 06:00:00,28756.56,28783.22,28698.97,28759.34,7376.0,212128891.84
2026-06-11 06:30:00,28759.84,28806.51,28738.09,28801.65,4725.0,136087796.25
2026-06-11 07:00:00,28801.42,28877.56,28773.37,28858.86,5938.0,171363910.68
2026-06-11 07:30:00,28858.67,28876.63,28841.97,28854.77,4510.0,130135012.7
2026-06-11 08:00:00,28854.52,28942.59,28850.04,28915.04,5529.0,159871256.16
2026-06-11 08:30:00,28915.62,28944.18,28899.69,28920.39,4206.0,121639160.34
2026-06-11 09:00:00,28920.38,28931.39,28869.56,28883.24,4050.0,116977122.0
2026-06-11 09:30:00,28883.21,28916.8,28867.95,28888.12,3490.0,100819538.8
2026-06-11 10:00:00,28887.89,28925.75,28885.72,28886.66,4139.0,119561885.74
2026-06-11 10:30:00,28887.07,28923.36,28885.99,28888.4,3195.0,92298438.0
2026-06-11 11:00:00,28888.37,28888.95,28822.74,28863.63,5413.0,156238829.19
2026-06-11 11:30:00,28863.41,28918.35,28858.45,28910.73,4957.0,143310488.60999998
2026-06-11 12:00:00,28910.4,28925.48,28724.93,28760.5,10708.0,307967434.0
2026-06-11 12:30:00,28760.47,28837.62,28649.41,28822.87,16606.0,478632579.21999997
2026-06-11 13:00:00,28822.28,28823.94,28752.05,28763.44,9235.0,265630368.39999998
2026-06-11 13:30:00,28763.1,29023.03,28661.25,28909.51,55456.0,1603205786.56
2026-06-11 14:00:00,28909.82,29058.56,28763.01,28879.08,48480.0,1400057798.4
2026-06-11 14:30:00,28879.61,28948.94,28617.2,28659.81,38913.0,1115239186.53
2026-06-11 15:00:00,28659.22,28868.47,28588.94,28768.48,35627.0,1024934636.96
2026-06-11 15:30:00,28767.8,28916.66,28751.65,28867.67,29123.0,840713153.41
2026-06-11 16:00:00,28868.83,28984.47,28836.51,28856.25,23356.0,673966575.0
2026-06-11 16:30:00,28855.78,28976.85,28775.8,28778.92,22039.0,634258617.88
2026-06-11 17:00:00,28779.42,29102.21,28690.26,29100.1,25266.0,735243126.5999999
2026-06-11 17:30:00,29099.7,29311.33,29095.31,29224.77,41899.0,1224488638.23
2026-06-11 18:00:00,29224.38,29276.14,29080.23,29198.16,27936.0,815679797.76
2026-06-11 18:30:00,29198.61,29320.64,29183.69,29279.43,16959.0,496549853.37
2026-06-11 19:00:00,29279.82,29455.58,29240.95,29434.76,17529.0,515961908.03999996
2026-06-11 19:30:00,29435.19,29552.44,29414.54,29468.38,21741.0,640672049.58
2026-06-11 20:00:00,29468.89,29533.03,29427.58,29485.8,8900.0,262423620.0
2026-06-11 20:30:00,29485.52,29495.93,29422.1,29445.33,3947.0,116220717.51
2026-06-11 22:00:00,29460.35,29559.52,29457.56,29542.6,6279.0,185497985.39999998
2026-06-11 22:30:00,29542.98,29598.33,29530.59,29571.67,3388.0,100188817.96
2026-06-11 23:00:00,29571.85,29578.62,29508.5,29533.46,3746.0,110632341.16
2026-06-11 23:30:00,29533.16,29606.0,29533.16,29589.82,3676.0,108772178.32
2026-06-12 00:00:00,29590.31,29634.37,29549.7,29623.54,7130.0,211215840.20000002
2026-06-12 00:30:00,29623.09,29657.46,29578.81,29601.68,5094.0,150790957.92
2026-06-12 01:00:00,29602.09,29602.89,29488.38,29500.52,6404.0,188921330.08
2026-06-12 01:30:00,29499.92,29570.65,29483.24,29566.01,5138.0,151910159.38
2026-06-12 02:00:00,29566.26,29597.27,29525.43,29526.4,4579.0,135201385.6
2026-06-12 02:30:00,29527.05,29586.5,29518.59,29576.32,3974.0,117536295.67999999
2026-06-12 03:00:00,29576.22,29577.56,29505.24,29533.82,4132.0,122033744.24
2026-06-12 03:30:00,29534.26,29566.74,29512.38,29542.3,4458.0,131699573.39999999
2026-06-12 04:00:00,29542.77,29551.7,29501.82,29549.07,3472.0,102594371.03999999
2026-06-12 04:30:00,29548.73,29561.53,29534.22,29556.74,2926.0,86483021.24000001
2026-06-12 05:00:00,29556.51,29566.97,29517.16,29547.02,3723.0,110003555.46000001
2026-06-12 05:30:00,29546.64,29546.64,29387.83,29414.3,7289.0,214400832.7
2026-06-12 06:00:00,29414.75,29490.91,29404.28,29440.5,7558.0,222511299.0
2026-06-12 06:30:00,29440.2,29440.6,29349.27,29374.91,6212.0,182476940.92
2026-06-12 07:00:00,29374.71,29384.85,29274.63,29312.48,8922.0,261525946.56
2026-06-12 07:30:00,29311.9,29476.5,29299.37,29443.74,9256.0,272531257.44
2026-06-12 08:00:00,29446.16,29582.83,29431.41,29544.87,16031.0,473633810.96999997
2026-06-12 08:30:00,29545.04,29553.18,29463.96,29496.47,8167.0,240897670.49
2026-06-12 09:00:00,29496.45,29634.84,29494.58,29628.98,7256.0,214987878.88
2026-06-12 09:30:00,29628.41,29686.21,29608.17,29640.76,7353.0,217948508.28
2026-06-12 10:00:00,29640.68,29676.88,29537.48,29550.53,8051.0,237911317.03
2026-06-12 10:30:00,29550.13,29592.18,29546.53,29569.97,7047.0,208379578.59
2026-06-12 11:00:00,29570.38,29665.31,29570.38,29650.21,7194.0,213303610.73999998
2026-06-12 11:30:00,29650.31,29680.43,29615.64,29657.91,5939.0,176138327.49
2026-06-12 12:00:00,29657.41,29664.81,29547.88,29551.99,7262.0,214606551.38000003
2026-06-12 12:30:00,29551.99,29564.27,29404.13,29427.64,10569.0,311020727.15999997
2026-06-12 13:00:00,29427.25,29516.97,29371.76,29516.45,9354.0,276096873.3
2026-06-12 13:30:00,29516.0,29517.61,29247.42,29368.96,47932.0,1407712990.72
2026-06-12 14:00:00,29372.57,29649.92,29360.71,29535.62,32070.0,947207333.4
2026-06-12 14:30:00,29534.85,29667.48,29375.1,29655.44,33883.0,1004815273.52
2026-06-12 15:00:00,29655.0,29783.35,29618.54,29768.46,20995.0,624988817.6999999
2026-06-12 15:30:00,29769.08,29772.65,29432.2,29460.62,26340.0,775992730.8
2026-06-12 16:00:00,29461.12,29689.66,29431.27,29615.28,24439.0,723767827.92
2026-06-12 16:30:00,29615.71,29701.25,29597.11,29694.42,15670.0,465311561.4
2026-06-12 17:00:00,29694.02,29776.15,29680.96,29744.81,12389.0,368508451.09000003
2026-06-12 17:30:00,29745.12,29751.9,29670.63,29704.68,11736.0,348614124.48
2026-06-12 18:00:00,29705.25,29728.64,29629.69,29687.25,12029.0,357107930.25
2026-06-12 18:30:00,29687.2,29741.2,29661.93,29667.41,9734.0,288782568.94
2026-06-12 19:00:00,29666.9,29732.53,29660.87,29680.33,10320.0,306301005.6
2026-06-12 19:30:00,29680.9,29705.24,29600.82,29672.32,14653.0,434788504.96
2026-06-12 20:00:00,29671.77,29751.59,29670.21,29707.97,4801.0,142627963.97
2026-06-12 20:30:00,29707.88,29725.13,29688.98,29691.2,2062.0,61223254.4
2026-06-14 22:00:00,29958.21,30124.42,29937.64,30082.11,14830.0,446117691.3
2026-06-14 22:30:00,30082.49,30102.19,30040.17,30078.2,6266.0,188470001.20000002
2026-06-14 23:00:00,30077.81,30099.08,30013.41,30059.97,4980.0,149698650.6
2026-06-14 23:30:00,30059.95,30086.25,30043.38,30081.13,5008.0,150646299.04
2026-06-15 00:00:00,30080.73,30198.52,30068.63,30184.6,8191.0,247242058.6
2026-06-15 00:30:00,30185.08,30188.83,30155.69,30166.38,4141.0,124918979.58
2026-06-15 01:00:00,30166.64,30198.87,30151.61,30184.87,4863.0,146789022.81
2026-06-15 01:30:00,30185.34,30213.99,30170.96,30197.03,3528.0,106535121.83999999
2026-06-15 02:00:00,30196.76,30236.89,30191.79,30235.26,2878.0,87017078.28
2026-06-15 02:30:00,30234.82,30240.52,30217.01,30230.69,2324.0,70256123.56
2026-06-15 03:00:00,30230.94,30246.63,30213.21,30234.24,2363.0,71443509.12
2026-06-15 03:30:00,30233.66,30248.81,30212.15,30218.19,2686.0,81166058.34
2026-06-15 04:00:00,30218.57,30245.35,30201.32,30242.58,2375.0,71826127.5
2026-06-15 04:30:00,30242.55,30262.37,30236.46,30259.53,2367.0,71624307.50999999
2026-06-15 05:00:00,30259.52,30275.94,30253.01,30265.55,2345.0,70972714.75
2026-06-15 05:30:00,30265.49,30270.14,30235.73,30265.65,3139.0,95003875.35000001
2026-06-15 06:00:00,30266.09,30289.19,30250.71,30272.97,3484.0,105471027.48
2026-06-15 06:30:00,30272.69,30289.64,30253.05,30282.19,3313.0,100324895.47
2026-06-15 07:00:00,30282.87,30297.08,30252.39,30285.07,4615.0,139765598.05
2026-06-15 07:30:00,30285.48,30301.72,30269.42,30276.57,3824.0,115777603.67999999
2026-06-15 08:00:00,30275.96,30338.1,30270.41,30332.92,5027.0,152483588.84
2026-06-15 08:30:00,30333.59,30358.73,30316.15,30322.03,3368.0,102124597.03999999
2026-06-15 09:00:00,30322.24,30334.22,30265.65,30270.14,3774.0,114239508.36
2026-06-15 09:30:00,30269.73,30290.23,30240.71,30283.1,3453.0,104567544.3
2026-06-15 10:00:00,30282.74,30304.74,30275.15,30301.53,2745.0,83177699.85
2026-06-15 10:30:00,30302.02,30303.21,30263.55,30295.95,2896.0,87737071.2
2026-06-15 11:00:00,30295.65,30349.8,30289.02,30347.35,3653.0,110858869.55
2026-06-15 11:30:00,30347.58,30356.2,30303.39,30332.69,4366.0,132432524.53999999
2026-06-15 12:00:00,30333.04,30350.55,30294.97,30304.37,4981.0,150946066.97
2026-06-15 12:30:00,30304.84,30319.88,30272.53,30314.81,4729.0,143358736.49
2026-06-15 13:00:00,30314.67,30375.44,30297.12,30367.77,4676.0,141999692.52
2026-06-15 13:30:00,30367.31,30532.74,30340.47,30435.78,28907.0,879807092.4599999
2026-06-15 14:00:00,30436.19,30497.9,30404.95,30492.21,24722.0,753828415.62
2026-06-15 14:30:00,30492.59,30524.42,30432.47,30508.71,15713.0,479383360.22999996
2026-06-15 15:00:00,30509.33,30585.8,30506.07,30580.55,7322.0,223910787.1
2026-06-15 15:30:00,30580.88,30619.77,30535.4,30612.55,7056.0,216002152.79999998
2026-06-15 16:00:00,30612.99,30645.38,30601.65,30634.57,5368.0,164446371.76
2026-06-15 16:30:00,30634.55,30646.72,30584.7,30601.37,5807.0,177702155.59
2026-06-15 17:00:00,30600.91,30624.92,30567.75,30615.31,6875.0,210480256.25
2026-06-15 17:30:00,30615.23,30625.03,30587.1,30591.78,4757.0,145525097.46
2026-06-15 18:00:00,30591.33,30611.79,30565.51,30572.92,5852.0,178912727.84
2026-06-15 18:30:00,30573.27,30623.32,30557.9,30593.95,5289.0,161811401.55
2026-06-15 19:00:00,30594.49,30604.97,30564.44,30564.71,5381.0,164468704.51
2026-06-15 19:30:00,30564.23,30610.8,30548.39,30608.68,8471.0,259286128.28
2026-06-15 20:00:00,30608.23,30626.22,30577.46,30581.47,3952.0,120857969.44
2026-06-15 20:30:00,30581.37,30591.11,30559.09,30563.94,2186.0,66812772.839999996
2026-06-15 22:00:00,30580.82,30603.24,30491.68,30521.2,4556.0,139054587.20000002
2026-06-15 22:30:00,30521.67,30552.34,30508.32,30543.16,2569.0,78465378.04
2026-06-15 23:00:00,30543.17,30566.97,30530.98,30563.47,2210.0,67545268.7
2026-06-15 23:30:00,30563.49,30578.65,30542.78,30570.64,2143.0,65512881.519999996
2026-06-16 00:00:00,30570.09,30581.59,30532.71,30568.44,4959.0,151588893.96
2026-06-16 00:30:00,30568.75,30588.88,30504.5,30512.09,5215.0,159120549.35
2026-06-16 01:00:00,30511.63,30532.86,30492.06,30523.86,5353.0,163394222.58
2026-06-16 01:30:00,30524.37,30539.23,30505.27,30519.72,3608.0,110115149.76
2026-06-16 02:00:00,30520.23,30535.41,30506.37,30516.61,3121.0,95242339.81
2026-06-16 02:30:00,30516.67,30541.79,30509.13,30519.09,2274.0,69400410.66
2026-06-16 03:00:00,30519.25,30558.71,30515.24,30549.51,2632.0,80406310.32
2026-06-16 03:30:00,30549.14,30593.43,30548.8,30568.39,2989.0,91368917.71
2026-06-16 04:00:00,30568.48,30572.96,30547.3,30560.25,2430.0,74261407.5
2026-06-16 04:30:00,30560.27,30567.3,30531.23,30551.28,2384.0,72834251.52
2026-06-16 05:00:00,30551.07,30582.51,30551.07,30570.31,2421.0,74010720.51
2026-06-16 05:30:00,30570.37,30574.96,30532.91,30542.36,3426.0,104638125.36
2026-06-16 06:00:00,30542.8,30573.54,30534.88,30567.96,3110.0,95066355.6
2026-06-16 06:30:00,30568.32,30572.89,30547.6,30564.0,2627.0,80291628.0
2026-06-16 07:00:00,30564.46,30584.0,30551.16,30576.22,3653.0,111694931.66000001
2026-06-16 07:30:00,30575.81,30580.38,30544.06,30576.35,3167.0,96835300.44999999
2026-06-16 08:00:00,30576.8,30638.52,30564.52,30638.52,3685.0,112902946.2
2026-06-16 08:30:00,30638.27,30680.08,30600.37,30662.46,3835.0,117590534.1
2026-06-16 09:00:00,30662.67,30667.4,30617.34,30622.33,3324.0,101788624.92
2026-06-16 09:30:00,30622.14,30644.55,30599.04,30607.01,2849.0,87199371.49
2026-06-16 10:00:00,30607.21,30651.78,30606.5,30643.76,2482.0,76057812.32
2026-06-16 10:30:00,30644.27,30672.64,30631.95,30670.01,2601.0,79772696.00999999
2026-06-16 11:00:00,30669.69,30710.7,30659.46,30686.22,3427.0,105161675.94
2026-06-16 11:30:00,30686.69,30695.79,30664.22,30675.6,2958.0,90738424.8
2026-06-16 12:00:00,30675.39,30687.68,30575.08,30598.35,4907.0,150146103.45
2026-06-16 12:30:00,30598.43,30608.08,30551.26,30562.76,6109.0,186707900.84
2026-06-16 13:00:00,30562.27,30581.65,30521.44,30547.22,5383.0,164435685.26000002
2026-06-16 13:30:00,30547.79,30624.57,30487.2,30544.61,31397.0,959009120.1700001
2026-06-16 14:00:00,30545.23,30594.75,30410.73,30421.04,28108.0,855074592.32
2026-06-16 14:30:00,30420.45,30452.3,30301.49,30339.9,29085.0,882435991.5
2026-06-16 15:00:00,30339.37,30402.14,30238.96,30275.0,21679.0,656331725.0
2026-06-16 15:30:00,30275.38,30313.8,30146.12,30205.24,21019.0,634883939.5600001
2026-06-16 16:00:00,30205.82,30310.62,30202.1,30274.56,14165.0,428839142.40000004
2026-06-16 16:30:00,30274.13,30278.33,30183.11,30234.19,14673.0,443626269.87
2026-06-16 17:00:00,30234.5,30234.99,30165.99,30196.39,10258.0,309754568.62
2026-06-16 17:30:00,30195.98,30258.65,30141.59,30215.08,9326.0,281785836.08000004
2026-06-16 18:00:00,30214.69,30233.91,30183.7,30209.22,7283.0,220013749.26000002
2026-06-16 18:30:00,30209.56,30214.78,30162.77,30180.4,7160.0,216091664.0
2026-06-16 19:00:00,30180.98,30217.83,30077.99,30183.09,12719.0,383898721.71
2026-06-16 19:30:00,30182.67,30199.22,30041.06,30048.48,16975.0,510072948.0
2026-06-16 20:00:00,30047.78,30068.38,30012.07,30039.51,6026.0,181018087.26
2026-06-16 20:30:00,30039.7,30054.89,30029.86,30039.48,2386.0,71674199.28
2026-06-16 22:00:00,30073.68,30116.9,30070.17,30108.1,2564.0,77197168.39999999
2026-06-16 22:30:00,30108.37,30129.16,30080.63,30120.12,2004.0,60360720.48
2026-06-16 23:00:00,30119.9,30121.0,30067.06,30073.73,2414.0,72597984.22
2026-06-16 23:30:00,30073.22,30096.66,30049.94,30070.11,3168.0,95262108.48
2026-06-17 00:00:00,30070.55,30125.1,30070.55,30119.88,5397.0,162556992.36
2026-06-17 00:30:00,30119.97,30143.04,30108.14,30123.88,3303.0,99499175.64
2026-06-17 01:00:00,30124.03,30163.34,30108.49,30157.81,3299.0,99490615.19
2026-06-17 01:30:00,30157.98,30189.79,30152.01,30187.33,2370.0,71543972.10000001
2026-06-17 02:00:00,30187.74,30203.07,30178.52,30192.4,2085.0,62951154.0
2026-06-17 02:30:00,30192.28,30194.07,30173.41,30181.15,2158.0,65130921.7
2026-06-17 03:00:00,30181.41,30195.88,30157.99,30173.2,2265.0,68342298.0
2026-06-17 03:30:00,30173.68,30209.71,30169.02,30206.78,2364.0,71408827.92
2026-06-17 04:00:00,30206.38,30222.12,30200.18,30214.97,1918.0,57952312.46
2026-06-17 04:30:00,30214.79,30226.89,30188.1,30226.89,2255.0,68161636.95
2026-06-17 05:00:00,30226.95,30245.16,30221.05,30232.32,2152.0,65059952.64
2026-06-17 05:30:00,30231.77,30267.13,30228.95,30240.8,2259.0,68313967.2
2026-06-17 06:00:00,30241.66,30263.49,30229.69,30231.47,2866.0,86643393.02000001
2026-06-17 06:30:00,30230.87,30284.95,30224.76,30283.42,2395.0,72528790.89999999
2026-06-17 07:00:00,30283.86,30318.56,30278.71,30291.9,2876.0,87119504.4
2026-06-17 07:30:00,30291.36,30312.73,30283.58,30299.01,2654.0,80413572.53999999
2026-06-17 08:00:00,30299.0,30323.76,30253.47,30259.38,4248.0,128541846.24000001
2026-06-17 08:30:00,30259.2,30264.4,30204.77,30248.73,4422.0,133759884.06
2026-06-17 09:00:00,30249.25,30264.7,30231.37,30256.05,3341.0,101085463.05
2026-06-17 09:30:00,30256.46,30265.88,30188.45,30201.96,3697.0,111656646.11999999
2026-06-17 10:00:00,30202.37,30218.69,30160.48,30202.23,3835.0,115825552.05
2026-06-17 10:30:00,30202.03,30238.1,30191.33,30198.64,3173.0,95820284.72
2026-06-17 11:00:00,30199.28,30232.25,30182.23,30209.6,6032.0,182224307.2
2026-06-17 11:30:00,30209.8,30212.02,30128.41,30155.68,8996.0,271280497.28000003
2026-06-17 12:00:00,30155.97,30219.77,30155.1,30203.63,8721.0,263405857.23000002
2026-06-17 12:30:00,30203.26,30260.43,30203.26,30230.93,10737.0,324589495.41
2026-06-17 13:00:00,30231.26,30273.22,30205.24,30268.49,11848.0,358621069.52000004
2026-06-17 13:30:00,30268.03,30280.93,30087.12,30087.41,95761.0,2881200469.0099998
2026-06-17 14:00:00,30087.19,30284.5,30060.83,30250.76,80304.0,2429257031.04
2026-06-17 14:30:00,30250.54,30255.63,30034.03,30099.85,33825.0,1018127426.25
2026-06-17 15:00:00,30099.55,30198.6,30087.38,30158.49,18391.0,554644789.59
2026-06-17 15:30:00,30158.84,30198.61,30141.23,30189.59,10601.0,320039843.59
2026-06-17 16:00:00,30190.07,30211.91,30162.96,30198.78,6493.0,196080678.54
2026-06-17 16:30:00,30198.32,30211.28,30136.7,30150.18,6833.0,206016179.94
2026-06-17 17:00:00,30149.75,30165.77,30067.17,30158.72,7895.0,238103094.4
2026-06-17 17:30:00,30158.7,30212.87,30122.33,30208.01,6419.0,193905216.19
2026-06-17 18:00:00,30207.45,30207.45,29812.63,29981.13,43718.0,1310715041.3400002
2026-06-17 18:30:00,29981.55,30259.33,29950.96,30016.19,39349.0,1181107060.31
2026-06-17 19:00:00,30016.64,30109.73,29842.45,29870.12,43153.0,1288985288.36
2026-06-17 19:30:00,29869.63,29903.05,29664.01,29734.87,45907.0,1365038677.09
2026-06-17 20:00:00,29734.56,29873.8,29732.27,29864.15,11903.0,355472977.45
2026-06-17 20:30:00,29863.97,29899.43,29850.8,29881.9,4467.0,133482447.30000001
2026-06-17 22:00:00,29899.81,29997.7,29839.61,29971.08,6280.0,188218382.4
2026-06-17 22:30:00,29970.56,30001.9,29963.21,29978.85,2863.0,85829447.55
2026-06-17 23:00:00,29978.68,30042.97,29969.54,30033.85,3003.0,90191651.55
2026-06-17 23:30:00,30034.0,30054.56,30012.52,30054.56,3140.0,94371318.4
2026-06-18 00:00:00,30054.92,30175.19,30050.08,30127.39,8311.0,250388738.29
2026-06-18 00:30:00,30126.99,30159.08,30098.37,30110.22,5808.0,174880157.76000002
2026-06-18 01:00:00,30110.54,30182.03,30107.06,30150.48,5869.0,176953167.12
2026-06-18 01:30:00,30150.87,30168.84,30111.7,30124.43,4878.0,146946969.54
2026-06-18 02:00:00,30124.73,30174.05,30117.49,30145.2,3836.0,115636987.2
2026-06-18 02:30:00,30144.97,30157.32,30128.06,30144.73,2858.0,86153638.34
2026-06-18 03:00:00,30144.27,30155.51,30120.22,30147.45,2794.0,84231975.3
2026-06-18 03:30:00,30147.85,30162.48,30114.02,30143.81,3134.0,94470700.54
2026-06-18 04:00:00,30143.84,30148.61,30066.65,30075.16,3673.0,110466062.67999999
2026-06-18 04:30:00,30074.59,30091.16,30026.83,30085.06,3987.0,119949134.22
2026-06-18 05:00:00,30084.73,30115.49,30068.08,30106.09,3727.0,112205397.43
2026-06-18 05:30:00,30105.49,30121.17,30080.39,30098.08,4018.0,120934085.44000001
2026-06-18 06:00:00,30097.65,30127.29,30066.11,30124.34,5600.0,168696304.0
2026-06-18 06:30:00,30123.73,30168.44,30078.1,30163.57,3666.0,110579647.62
2026-06-18 07:00:00,30163.52,30181.65,30126.65,30172.59,4267.0,128746441.53
2026-06-18 07:30:00,30172.14,30187.88,30144.08,30187.88,3739.0,112872483.32000001
2026-06-18 08:00:00,30188.38,30242.26,30165.56,30173.71,4812.0,145195892.51999998
2026-06-18 08:30:00,30173.26,30210.79,30131.17,30139.43,4706.0,141836157.58
2026-06-18 09:00:00,30140.2,30192.6,30131.22,30178.64,4057.0,122434742.48
2026-06-18 09:30:00,30178.28,30238.65,30168.84,30232.28,3275.0,99010717.0
2026-06-18 10:00:00,30231.9,30237.24,30205.35,30217.58,3131.0,94611242.98
2026-06-18 10:30:00,30218.17,30229.72,30165.99,30179.09,3293.0,99379743.37
2026-06-18 11:00:00,30179.9,30201.56,30112.36,30147.56,6661.0,200812897.16
2026-06-18 11:30:00,30147.32,30167.83,30104.08,30167.83,5287.0,159497317.21
2026-06-18 12:00:00,30167.93,30216.63,30141.38,30214.16,5170.0,156207207.2
2026-06-18 12:30:00,30213.6,30278.0,30201.6,30256.49,5229.0,158211186.21
2026-06-18 13:00:00,30256.53,30353.4,30210.14,30341.14,7374.0,223735566.35999998
2026-06-18 13:30:00,30341.44,30355.91,30135.5,30211.88,49919.0,1508146837.72
2026-06-18 14:00:00,30212.38,30387.47,30193.18,30264.17,32111.0,971812762.8699999
2026-06-18 14:30:00,30263.82,30403.9,30207.65,30366.57,24796.0,752969469.72
2026-06-18 15:00:00,30366.16,30419.44,30313.61,30327.07,20302.0,615700175.14
2026-06-18 15:30:00,30326.56,30394.12,30239.7,30384.06,18996.0,577175603.76
2026-06-18 16:00:00,30384.6,30433.37,30372.12,30425.32,10207.0,310551241.24
2026-06-18 16:30:00,30425.85,30450.65,30394.93,30428.47,6922.0,210625869.34
2026-06-18 17:00:00,30428.09,30477.35,30400.86,30452.27,5437.0,165568991.99
2026-06-18 17:30:00,30452.89,30479.34,30446.06,30451.15,3897.0,118668131.55000001
2026-06-18 18:00:00,30451.8,30461.45,30424.16,30436.38,4703.0,143142295.14000002
2026-06-18 18:30:00,30436.95,30460.91,30409.5,30433.59,4692.0,142794404.28
2026-06-18 19:00:00,30434.04,30445.21,30388.62,30431.08,6429.0,195641413.32000002
2026-06-18 19:30:00,30431.69,30525.82,30402.72,30439.95,10438.0,317732198.1
2026-06-18 20:00:00,30439.27,30486.66,30426.27,30473.64,4850.0,147797154.0
2026-06-18 20:30:00,30473.8,30490.55,30450.03,30469.26,1867.0,56886108.419999994
2026-06-18 22:00:00,30498.87,30516.76,30421.42,30433.24,3382.0,102925217.68
2026-06-18 22:30:00,30433.28,30434.17,30397.17,30408.2,1949.0,59265581.800000004
2026-06-18 23:00:00,30408.52,30444.37,30403.66,30429.44,1978.0,60189432.32
2026-06-18 23:30:00,30429.42,30449.08,30417.2,30437.91,2241.0,68211356.31
2026-06-19 00:00:00,30437.43,30440.9,30374.73,30392.15,4993.0,151748004.95000002
2026-06-19 00:30:00,30392.38,30408.57,30382.91,30388.68,2646.0,80408447.28
2026-06-19 01:00:00,30389.9,30409.37,30357.76,30375.78,2534.0,76972226.52
2026-06-19 01:30:00,30375.73,30375.77,30338.62,30340.99,2028.0,61531527.720000006
2026-06-19 02:00:00,30341.3,30354.76,30321.71,30351.1,2080.0,63130288.0
2026-06-19 02:30:00,30351.37,30365.28,30331.76,30339.45,1637.0,49665679.65
2026-06-19 03:00:00,30339.84,30351.19,30282.29,30285.73,2247.0,68052035.31
2026-06-19 03:30:00,30286.23,30291.4,30251.97,30264.23,3468.0,104956349.64
2026-06-19 04:00:00,30264.9,30272.27,30211.65,30248.47,3752.0,113492259.44
2026-06-19 04:30:00,30248.95,30251.07,30155.59,30179.82,3779.0,114049539.78
2026-06-19 05:00:00,30180.75,30198.2,30152.58,30177.91,3643.0,109938126.13
2026-06-19 05:30:00,30178.17,30228.92,30135.6,30227.94,3386.0,102351804.83999999
2026-06-19 06:00:00,30227.47,30280.82,30224.85,30269.59,2837.0,85874826.83
2026-06-19 06:30:00,30270.04,30307.55,30248.59,30300.62,2198.0,66600762.76
2026-06-19 07:00:00,30300.26,30350.17,30298.33,30350.06,2170.0,65859630.2
2026-06-19 07:30:00,30350.56,30378.46,30339.89,30375.81,2275.0,69104967.75
2026-06-19 08:00:00,30376.24,30394.68,30353.77,30388.2,2272.0,69041990.4
2026-06-19 08:30:00,30388.72,30405.55,30369.94,30394.84,1929.0,58631646.36
2026-06-19 09:00:00,30395.25,30412.21,30357.27,30361.09,2268.0,68858952.12
2026-06-19 09:30:00,30360.87,30393.31,30360.34,30372.34,2384.0,72407658.56
2026-06-19 10:00:00,30372.81,30378.79,30315.48,30323.48,2417.0,73291851.16
2026-06-19 10:30:00,30323.49,30336.47,30285.6,30319.87,2991.0,90686731.17
2026-06-19 11:00:00,30319.46,30325.71,30282.34,30305.41,2702.0,81885217.82
2026-06-19 11:30:00,30304.91,30346.96,30303.67,30337.57,2127.0,64528011.39
2026-06-19 12:00:00,30337.59,30340.55,30307.96,30308.15,2153.0,65253446.95
2026-06-19 12:30:00,30308.63,30415.02,30272.56,30398.58,5860.0,178135678.8
2026-06-19 13:00:00,30399.75,30409.8,30372.81,30392.24,3297.0,100203215.28
2026-06-19 13:30:00,30391.63,30439.98,30379.12,30427.82,4510.0,137229468.2
2026-06-19 14:00:00,30427.38,30430.05,30394.8,30415.12,3173.0,96507175.75999999
2026-06-19 14:30:00,30414.72,30443.56,30403.91,30436.5,2064.0,62820936.0
2026-06-19 15:00:00,30435.85,30450.41,30426.45,30443.85,1892.0,57599764.199999996
2026-06-19 15:30:00,30443.26,30446.34,30399.83,30429.67,2431.0,73974527.77
2026-06-19 16:00:00,30430.05,30431.36,30405.01,30429.28,1485.0,45187480.8
2026-06-19 16:30:00,30429.16,30447.54,30386.75,30392.47,2104.0,63945756.88
